/*!
 *  Copyright (c) 2026 by Contributors
 * \file xgrammar/support/unicode_regex_property.cc
 * \brief Generated Unicode 16.0.0 property tables compatible with regex-syntax 0.8.5.
 *
 * Generated from the Unicode data embedded in regex-syntax 0.8.5. Unicode data is used under
 * the Unicode License v3: https://www.unicode.org/license.txt.
 */

#include "unicode_regex_property.h"

#include <algorithm>
#include <string>

namespace xgrammar {
namespace {

struct PropertyClass {
  uint32_t offset;
  uint32_t count;
};

struct BareAlias {
  const char* name;
  uint16_t class_id;
};

struct PropertyAlias {
  const char* name;
  uint8_t property_id;
};

struct ValueAlias {
  const char* name;
  uint16_t class_id;
  uint8_t property_id;
};

// clang-format off
constexpr UnicodeRegexPropertyRange kRanges[] = {
    {0x000030, 0x000039}, {0x000041, 0x000046}, {0x000061, 0x000066}, {0x000041, 0x00005A},
    {0x000061, 0x00007A}, {0x0000AA, 0x0000AA}, {0x0000B5, 0x0000B5}, {0x0000BA, 0x0000BA},
    {0x0000C0, 0x0000D6}, {0x0000D8, 0x0000F6}, {0x0000F8, 0x0002C1}, {0x0002C6, 0x0002D1},
    {0x0002E0, 0x0002E4}, {0x0002EC, 0x0002EC}, {0x0002EE, 0x0002EE}, {0x000345, 0x000345},
    {0x000363, 0x000374}, {0x000376, 0x000377}, {0x00037A, 0x00037D}, {0x00037F, 0x00037F},
    {0x000386, 0x000386}, {0x000388, 0x00038A}, {0x00038C, 0x00038C}, {0x00038E, 0x0003A1},
    {0x0003A3, 0x0003F5}, {0x0003F7, 0x000481}, {0x00048A, 0x00052F}, {0x000531, 0x000556},
    {0x000559, 0x000559}, {0x000560, 0x000588}, {0x0005B0, 0x0005BD}, {0x0005BF, 0x0005BF},
    {0x0005C1, 0x0005C2}, {0x0005C4, 0x0005C5}, {0x0005C7, 0x0005C7}, {0x0005D0, 0x0005EA},
    {0x0005EF, 0x0005F2}, {0x000610, 0x00061A}, {0x000620, 0x000657}, {0x000659, 0x00065F},
    {0x00066E, 0x0006D3}, {0x0006D5, 0x0006DC}, {0x0006E1, 0x0006E8}, {0x0006ED, 0x0006EF},
    {0x0006FA, 0x0006FC}, {0x0006FF, 0x0006FF}, {0x000710, 0x00073F}, {0x00074D, 0x0007B1},
    {0x0007CA, 0x0007EA}, {0x0007F4, 0x0007F5}, {0x0007FA, 0x0007FA}, {0x000800, 0x000817},
    {0x00081A, 0x00082C}, {0x000840, 0x000858}, {0x000860, 0x00086A}, {0x000870, 0x000887},
    {0x000889, 0x00088E}, {0x000897, 0x000897}, {0x0008A0, 0x0008C9}, {0x0008D4, 0x0008DF},
    {0x0008E3, 0x0008E9}, {0x0008F0, 0x00093B}, {0x00093D, 0x00094C}, {0x00094E, 0x000950},
    {0x000955, 0x000963}, {0x000971, 0x000983}, {0x000985, 0x00098C}, {0x00098F, 0x000990},
    {0x000993, 0x0009A8}, {0x0009AA, 0x0009B0}, {0x0009B2, 0x0009B2}, {0x0009B6, 0x0009B9},
    {0x0009BD, 0x0009C4}, {0x0009C7, 0x0009C8}, {0x0009CB, 0x0009CC}, {0x0009CE, 0x0009CE},
    {0x0009D7, 0x0009D7}, {0x0009DC, 0x0009DD}, {0x0009DF, 0x0009E3}, {0x0009F0, 0x0009F1},
    {0x0009FC, 0x0009FC}, {0x000A01, 0x000A03}, {0x000A05, 0x000A0A}, {0x000A0F, 0x000A10},
    {0x000A13, 0x000A28}, {0x000A2A, 0x000A30}, {0x000A32, 0x000A33}, {0x000A35, 0x000A36},
    {0x000A38, 0x000A39}, {0x000A3E, 0x000A42}, {0x000A47, 0x000A48}, {0x000A4B, 0x000A4C},
    {0x000A51, 0x000A51}, {0x000A59, 0x000A5C}, {0x000A5E, 0x000A5E}, {0x000A70, 0x000A75},
    {0x000A81, 0x000A83}, {0x000A85, 0x000A8D}, {0x000A8F, 0x000A91}, {0x000A93, 0x000AA8},
    {0x000AAA, 0x000AB0}, {0x000AB2, 0x000AB3}, {0x000AB5, 0x000AB9}, {0x000ABD, 0x000AC5},
    {0x000AC7, 0x000AC9}, {0x000ACB, 0x000ACC}, {0x000AD0, 0x000AD0}, {0x000AE0, 0x000AE3},
    {0x000AF9, 0x000AFC}, {0x000B01, 0x000B03}, {0x000B05, 0x000B0C}, {0x000B0F, 0x000B10},
    {0x000B13, 0x000B28}, {0x000B2A, 0x000B30}, {0x000B32, 0x000B33}, {0x000B35, 0x000B39},
    {0x000B3D, 0x000B44}, {0x000B47, 0x000B48}, {0x000B4B, 0x000B4C}, {0x000B56, 0x000B57},
    {0x000B5C, 0x000B5D}, {0x000B5F, 0x000B63}, {0x000B71, 0x000B71}, {0x000B82, 0x000B83},
    {0x000B85, 0x000B8A}, {0x000B8E, 0x000B90}, {0x000B92, 0x000B95}, {0x000B99, 0x000B9A},
    {0x000B9C, 0x000B9C}, {0x000B9E, 0x000B9F}, {0x000BA3, 0x000BA4}, {0x000BA8, 0x000BAA},
    {0x000BAE, 0x000BB9}, {0x000BBE, 0x000BC2}, {0x000BC6, 0x000BC8}, {0x000BCA, 0x000BCC},
    {0x000BD0, 0x000BD0}, {0x000BD7, 0x000BD7}, {0x000C00, 0x000C0C}, {0x000C0E, 0x000C10},
    {0x000C12, 0x000C28}, {0x000C2A, 0x000C39}, {0x000C3D, 0x000C44}, {0x000C46, 0x000C48},
    {0x000C4A, 0x000C4C}, {0x000C55, 0x000C56}, {0x000C58, 0x000C5A}, {0x000C5D, 0x000C5D},
    {0x000C60, 0x000C63}, {0x000C80, 0x000C83}, {0x000C85, 0x000C8C}, {0x000C8E, 0x000C90},
    {0x000C92, 0x000CA8}, {0x000CAA, 0x000CB3}, {0x000CB5, 0x000CB9}, {0x000CBD, 0x000CC4},
    {0x000CC6, 0x000CC8}, {0x000CCA, 0x000CCC}, {0x000CD5, 0x000CD6}, {0x000CDD, 0x000CDE},
    {0x000CE0, 0x000CE3}, {0x000CF1, 0x000CF3}, {0x000D00, 0x000D0C}, {0x000D0E, 0x000D10},
    {0x000D12, 0x000D3A}, {0x000D3D, 0x000D44}, {0x000D46, 0x000D48}, {0x000D4A, 0x000D4C},
    {0x000D4E, 0x000D4E}, {0x000D54, 0x000D57}, {0x000D5F, 0x000D63}, {0x000D7A, 0x000D7F},
    {0x000D81, 0x000D83}, {0x000D85, 0x000D96}, {0x000D9A, 0x000DB1}, {0x000DB3, 0x000DBB},
    {0x000DBD, 0x000DBD}, {0x000DC0, 0x000DC6}, {0x000DCF, 0x000DD4}, {0x000DD6, 0x000DD6},
    {0x000DD8, 0x000DDF}, {0x000DF2, 0x000DF3}, {0x000E01, 0x000E3A}, {0x000E40, 0x000E46},
    {0x000E4D, 0x000E4D}, {0x000E81, 0x000E82}, {0x000E84, 0x000E84}, {0x000E86, 0x000E8A},
    {0x000E8C, 0x000EA3}, {0x000EA5, 0x000EA5}, {0x000EA7, 0x000EB9}, {0x000EBB, 0x000EBD},
    {0x000EC0, 0x000EC4}, {0x000EC6, 0x000EC6}, {0x000ECD, 0x000ECD}, {0x000EDC, 0x000EDF},
    {0x000F00, 0x000F00}, {0x000F40, 0x000F47}, {0x000F49, 0x000F6C}, {0x000F71, 0x000F83},
    {0x000F88, 0x000F97}, {0x000F99, 0x000FBC}, {0x001000, 0x001036}, {0x001038, 0x001038},
    {0x00103B, 0x00103F}, {0x001050, 0x00108F}, {0x00109A, 0x00109D}, {0x0010A0, 0x0010C5},
    {0x0010C7, 0x0010C7}, {0x0010CD, 0x0010CD}, {0x0010D0, 0x0010FA}, {0x0010FC, 0x001248},
    {0x00124A, 0x00124D}, {0x001250, 0x001256}, {0x001258, 0x001258}, {0x00125A, 0x00125D},
    {0x001260, 0x001288}, {0x00128A, 0x00128D}, {0x001290, 0x0012B0}, {0x0012B2, 0x0012B5},
    {0x0012B8, 0x0012BE}, {0x0012C0, 0x0012C0}, {0x0012C2, 0x0012C5}, {0x0012C8, 0x0012D6},
    {0x0012D8, 0x001310}, {0x001312, 0x001315}, {0x001318, 0x00135A}, {0x001380, 0x00138F},
    {0x0013A0, 0x0013F5}, {0x0013F8, 0x0013FD}, {0x001401, 0x00166C}, {0x00166F, 0x00167F},
    {0x001681, 0x00169A}, {0x0016A0, 0x0016EA}, {0x0016EE, 0x0016F8}, {0x001700, 0x001713},
    {0x00171F, 0x001733}, {0x001740, 0x001753}, {0x001760, 0x00176C}, {0x00176E, 0x001770},
    {0x001772, 0x001773}, {0x001780, 0x0017B3}, {0x0017B6, 0x0017C8}, {0x0017D7, 0x0017D7},
    {0x0017DC, 0x0017DC}, {0x001820, 0x001878}, {0x001880, 0x0018AA}, {0x0018B0, 0x0018F5},
    {0x001900, 0x00191E}, {0x001920, 0x00192B}, {0x001930, 0x001938}, {0x001950, 0x00196D},
    {0x001970, 0x001974}, {0x001980, 0x0019AB}, {0x0019B0, 0x0019C9}, {0x001A00, 0x001A1B},
    {0x001A20, 0x001A5E}, {0x001A61, 0x001A74}, {0x001AA7, 0x001AA7}, {0x001ABF, 0x001AC0},
    {0x001ACC, 0x001ACE}, {0x001B00, 0x001B33}, {0x001B35, 0x001B43}, {0x001B45, 0x001B4C},
    {0x001B80, 0x001BA9}, {0x001BAC, 0x001BAF}, {0x001BBA, 0x001BE5}, {0x001BE7, 0x001BF1},
    {0x001C00, 0x001C36}, {0x001C4D, 0x001C4F}, {0x001C5A, 0x001C7D}, {0x001C80, 0x001C8A},
    {0x001C90, 0x001CBA}, {0x001CBD, 0x001CBF}, {0x001CE9, 0x001CEC}, {0x001CEE, 0x001CF3},
    {0x001CF5, 0x001CF6}, {0x001CFA, 0x001CFA}, {0x001D00, 0x001DBF}, {0x001DD3, 0x001DF4},
    {0x001E00, 0x001F15}, {0x001F18, 0x001F1D}, {0x001F20, 0x001F45}, {0x001F48, 0x001F4D},
    {0x001F50, 0x001F57}, {0x001F59, 0x001F59}, {0x001F5B, 0x001F5B}, {0x001F5D, 0x001F5D},
    {0x001F5F, 0x001F7D}, {0x001F80, 0x001FB4}, {0x001FB6, 0x001FBC}, {0x001FBE, 0x001FBE},
    {0x001FC2, 0x001FC4}, {0x001FC6, 0x001FCC}, {0x001FD0, 0x001FD3}, {0x001FD6, 0x001FDB},
    {0x001FE0, 0x001FEC}, {0x001FF2, 0x001FF4}, {0x001FF6, 0x001FFC}, {0x002071, 0x002071},
    {0x00207F, 0x00207F}, {0x002090, 0x00209C}, {0x002102, 0x002102}, {0x002107, 0x002107},
    {0x00210A, 0x002113}, {0x002115, 0x002115}, {0x002119, 0x00211D}, {0x002124, 0x002124},
    {0x002126, 0x002126}, {0x002128, 0x002128}, {0x00212A, 0x00212D}, {0x00212F, 0x002139},
    {0x00213C, 0x00213F}, {0x002145, 0x002149}, {0x00214E, 0x00214E}, {0x002160, 0x002188},
    {0x0024B6, 0x0024E9}, {0x002C00, 0x002CE4}, {0x002CEB, 0x002CEE}, {0x002CF2, 0x002CF3},
    {0x002D00, 0x002D25}, {0x002D27, 0x002D27}, {0x002D2D, 0x002D2D}, {0x002D30, 0x002D67},
    {0x002D6F, 0x002D6F}, {0x002D80, 0x002D96}, {0x002DA0, 0x002DA6}, {0x002DA8, 0x002DAE},
    {0x002DB0, 0x002DB6}, {0x002DB8, 0x002DBE}, {0x002DC0, 0x002DC6}, {0x002DC8, 0x002DCE},
    {0x002DD0, 0x002DD6}, {0x002DD8, 0x002DDE}, {0x002DE0, 0x002DFF}, {0x002E2F, 0x002E2F},
    {0x003005, 0x003007}, {0x003021, 0x003029}, {0x003031, 0x003035}, {0x003038, 0x00303C},
    {0x003041, 0x003096}, {0x00309D, 0x00309F}, {0x0030A1, 0x0030FA}, {0x0030FC, 0x0030FF},
    {0x003105, 0x00312F}, {0x003131, 0x00318E}, {0x0031A0, 0x0031BF}, {0x0031F0, 0x0031FF},
    {0x003400, 0x004DBF}, {0x004E00, 0x00A48C}, {0x00A4D0, 0x00A4FD}, {0x00A500, 0x00A60C},
    {0x00A610, 0x00A61F}, {0x00A62A, 0x00A62B}, {0x00A640, 0x00A66E}, {0x00A674, 0x00A67B},
    {0x00A67F, 0x00A6EF}, {0x00A717, 0x00A71F}, {0x00A722, 0x00A788}, {0x00A78B, 0x00A7CD},
    {0x00A7D0, 0x00A7D1}, {0x00A7D3, 0x00A7D3}, {0x00A7D5, 0x00A7DC}, {0x00A7F2, 0x00A805},
    {0x00A807, 0x00A827}, {0x00A840, 0x00A873}, {0x00A880, 0x00A8C3}, {0x00A8C5, 0x00A8C5},
    {0x00A8F2, 0x00A8F7}, {0x00A8FB, 0x00A8FB}, {0x00A8FD, 0x00A8FF}, {0x00A90A, 0x00A92A},
    {0x00A930, 0x00A952}, {0x00A960, 0x00A97C}, {0x00A980, 0x00A9B2}, {0x00A9B4, 0x00A9BF},
    {0x00A9CF, 0x00A9CF}, {0x00A9E0, 0x00A9EF}, {0x00A9FA, 0x00A9FE}, {0x00AA00, 0x00AA36},
    {0x00AA40, 0x00AA4D}, {0x00AA60, 0x00AA76}, {0x00AA7A, 0x00AABE}, {0x00AAC0, 0x00AAC0},
    {0x00AAC2, 0x00AAC2}, {0x00AADB, 0x00AADD}, {0x00AAE0, 0x00AAEF}, {0x00AAF2, 0x00AAF5},
    {0x00AB01, 0x00AB06}, {0x00AB09, 0x00AB0E}, {0x00AB11, 0x00AB16}, {0x00AB20, 0x00AB26},
    {0x00AB28, 0x00AB2E}, {0x00AB30, 0x00AB5A}, {0x00AB5C, 0x00AB69}, {0x00AB70, 0x00ABEA},
    {0x00AC00, 0x00D7A3}, {0x00D7B0, 0x00D7C6}, {0x00D7CB, 0x00D7FB}, {0x00F900, 0x00FA6D},
    {0x00FA70, 0x00FAD9}, {0x00FB00, 0x00FB06}, {0x00FB13, 0x00FB17}, {0x00FB1D, 0x00FB28},
    {0x00FB2A, 0x00FB36}, {0x00FB38, 0x00FB3C}, {0x00FB3E, 0x00FB3E}, {0x00FB40, 0x00FB41},
    {0x00FB43, 0x00FB44}, {0x00FB46, 0x00FBB1}, {0x00FBD3, 0x00FD3D}, {0x00FD50, 0x00FD8F},
    {0x00FD92, 0x00FDC7}, {0x00FDF0, 0x00FDFB}, {0x00FE70, 0x00FE74}, {0x00FE76, 0x00FEFC},
    {0x00FF21, 0x00FF3A}, {0x00FF41, 0x00FF5A}, {0x00FF66, 0x00FFBE}, {0x00FFC2, 0x00FFC7},
    {0x00FFCA, 0x00FFCF}, {0x00FFD2, 0x00FFD7}, {0x00FFDA, 0x00FFDC}, {0x010000, 0x01000B},
    {0x01000D, 0x010026}, {0x010028, 0x01003A}, {0x01003C, 0x01003D}, {0x01003F, 0x01004D},
    {0x010050, 0x01005D}, {0x010080, 0x0100FA}, {0x010140, 0x010174}, {0x010280, 0x01029C},
    {0x0102A0, 0x0102D0}, {0x010300, 0x01031F}, {0x01032D, 0x01034A}, {0x010350, 0x01037A},
    {0x010380, 0x01039D}, {0x0103A0, 0x0103C3}, {0x0103C8, 0x0103CF}, {0x0103D1, 0x0103D5},
    {0x010400, 0x01049D}, {0x0104B0, 0x0104D3}, {0x0104D8, 0x0104FB}, {0x010500, 0x010527},
    {0x010530, 0x010563}, {0x010570, 0x01057A}, {0x01057C, 0x01058A}, {0x01058C, 0x010592},
    {0x010594, 0x010595}, {0x010597, 0x0105A1}, {0x0105A3, 0x0105B1}, {0x0105B3, 0x0105B9},
    {0x0105BB, 0x0105BC}, {0x0105C0, 0x0105F3}, {0x010600, 0x010736}, {0x010740, 0x010755},
    {0x010760, 0x010767}, {0x010780, 0x010785}, {0x010787, 0x0107B0}, {0x0107B2, 0x0107BA},
    {0x010800, 0x010805}, {0x010808, 0x010808}, {0x01080A, 0x010835}, {0x010837, 0x010838},
    {0x01083C, 0x01083C}, {0x01083F, 0x010855}, {0x010860, 0x010876}, {0x010880, 0x01089E},
    {0x0108E0, 0x0108F2}, {0x0108F4, 0x0108F5}, {0x010900, 0x010915}, {0x010920, 0x010939},
    {0x010980, 0x0109B7}, {0x0109BE, 0x0109BF}, {0x010A00, 0x010A03}, {0x010A05, 0x010A06},
    {0x010A0C, 0x010A13}, {0x010A15, 0x010A17}, {0x010A19, 0x010A35}, {0x010A60, 0x010A7C},
    {0x010A80, 0x010A9C}, {0x010AC0, 0x010AC7}, {0x010AC9, 0x010AE4}, {0x010B00, 0x010B35},
    {0x010B40, 0x010B55}, {0x010B60, 0x010B72}, {0x010B80, 0x010B91}, {0x010C00, 0x010C48},
    {0x010C80, 0x010CB2}, {0x010CC0, 0x010CF2}, {0x010D00, 0x010D27}, {0x010D4A, 0x010D65},
    {0x010D69, 0x010D69}, {0x010D6F, 0x010D85}, {0x010E80, 0x010EA9}, {0x010EAB, 0x010EAC},
    {0x010EB0, 0x010EB1}, {0x010EC2, 0x010EC4}, {0x010EFC, 0x010EFC}, {0x010F00, 0x010F1C},
    {0x010F27, 0x010F27}, {0x010F30, 0x010F45}, {0x010F70, 0x010F81}, {0x010FB0, 0x010FC4},
    {0x010FE0, 0x010FF6}, {0x011000, 0x011045}, {0x011071, 0x011075}, {0x011080, 0x0110B8},
    {0x0110C2, 0x0110C2}, {0x0110D0, 0x0110E8}, {0x011100, 0x011132}, {0x011144, 0x011147},
    {0x011150, 0x011172}, {0x011176, 0x011176}, {0x011180, 0x0111BF}, {0x0111C1, 0x0111C4},
    {0x0111CE, 0x0111CF}, {0x0111DA, 0x0111DA}, {0x0111DC, 0x0111DC}, {0x011200, 0x011211},
    {0x011213, 0x011234}, {0x011237, 0x011237}, {0x01123E, 0x011241}, {0x011280, 0x011286},
    {0x011288, 0x011288}, {0x01128A, 0x01128D}, {0x01128F, 0x01129D}, {0x01129F, 0x0112A8},
    {0x0112B0, 0x0112E8}, {0x011300, 0x011303}, {0x011305, 0x01130C}, {0x01130F, 0x011310},
    {0x011313, 0x011328}, {0x01132A, 0x011330}, {0x011332, 0x011333}, {0x011335, 0x011339},
    {0x01133D, 0x011344}, {0x011347, 0x011348}, {0x01134B, 0x01134C}, {0x011350, 0x011350},
    {0x011357, 0x011357}, {0x01135D, 0x011363}, {0x011380, 0x011389}, {0x01138B, 0x01138B},
    {0x01138E, 0x01138E}, {0x011390, 0x0113B5}, {0x0113B7, 0x0113C0}, {0x0113C2, 0x0113C2},
    {0x0113C5, 0x0113C5}, {0x0113C7, 0x0113CA}, {0x0113CC, 0x0113CD}, {0x0113D1, 0x0113D1},
    {0x0113D3, 0x0113D3}, {0x011400, 0x011441}, {0x011443, 0x011445}, {0x011447, 0x01144A},
    {0x01145F, 0x011461}, {0x011480, 0x0114C1}, {0x0114C4, 0x0114C5}, {0x0114C7, 0x0114C7},
    {0x011580, 0x0115B5}, {0x0115B8, 0x0115BE}, {0x0115D8, 0x0115DD}, {0x011600, 0x01163E},
    {0x011640, 0x011640}, {0x011644, 0x011644}, {0x011680, 0x0116B5}, {0x0116B8, 0x0116B8},
    {0x011700, 0x01171A}, {0x01171D, 0x01172A}, {0x011740, 0x011746}, {0x011800, 0x011838},
    {0x0118A0, 0x0118DF}, {0x0118FF, 0x011906}, {0x011909, 0x011909}, {0x01190C, 0x011913},
    {0x011915, 0x011916}, {0x011918, 0x011935}, {0x011937, 0x011938}, {0x01193B, 0x01193C},
    {0x01193F, 0x011942}, {0x0119A0, 0x0119A7}, {0x0119AA, 0x0119D7}, {0x0119DA, 0x0119DF},
    {0x0119E1, 0x0119E1}, {0x0119E3, 0x0119E4}, {0x011A00, 0x011A32}, {0x011A35, 0x011A3E},
    {0x011A50, 0x011A97}, {0x011A9D, 0x011A9D}, {0x011AB0, 0x011AF8}, {0x011BC0, 0x011BE0},
    {0x011C00, 0x011C08}, {0x011C0A, 0x011C36}, {0x011C38, 0x011C3E}, {0x011C40, 0x011C40},
    {0x011C72, 0x011C8F}, {0x011C92, 0x011CA7}, {0x011CA9, 0x011CB6}, {0x011D00, 0x011D06},
    {0x011D08, 0x011D09}, {0x011D0B, 0x011D36}, {0x011D3A, 0x011D3A}, {0x011D3C, 0x011D3D},
    {0x011D3F, 0x011D41}, {0x011D43, 0x011D43}, {0x011D46, 0x011D47}, {0x011D60, 0x011D65},
    {0x011D67, 0x011D68}, {0x011D6A, 0x011D8E}, {0x011D90, 0x011D91}, {0x011D93, 0x011D96},
    {0x011D98, 0x011D98}, {0x011EE0, 0x011EF6}, {0x011F00, 0x011F10}, {0x011F12, 0x011F3A},
    {0x011F3E, 0x011F40}, {0x011FB0, 0x011FB0}, {0x012000, 0x012399}, {0x012400, 0x01246E},
    {0x012480, 0x012543}, {0x012F90, 0x012FF0}, {0x013000, 0x01342F}, {0x013441, 0x013446},
    {0x013460, 0x0143FA}, {0x014400, 0x014646}, {0x016100, 0x01612E}, {0x016800, 0x016A38},
    {0x016A40, 0x016A5E}, {0x016A70, 0x016ABE}, {0x016AD0, 0x016AED}, {0x016B00, 0x016B2F},
    {0x016B40, 0x016B43}, {0x016B63, 0x016B77}, {0x016B7D, 0x016B8F}, {0x016D40, 0x016D6C},
    {0x016E40, 0x016E7F}, {0x016F00, 0x016F4A}, {0x016F4F, 0x016F87}, {0x016F8F, 0x016F9F},
    {0x016FE0, 0x016FE1}, {0x016FE3, 0x016FE3}, {0x016FF0, 0x016FF1}, {0x017000, 0x0187F7},
    {0x018800, 0x018CD5}, {0x018CFF, 0x018D08}, {0x01AFF0, 0x01AFF3}, {0x01AFF5, 0x01AFFB},
    {0x01AFFD, 0x01AFFE}, {0x01B000, 0x01B122}, {0x01B132, 0x01B132}, {0x01B150, 0x01B152},
    {0x01B155, 0x01B155}, {0x01B164, 0x01B167}, {0x01B170, 0x01B2FB}, {0x01BC00, 0x01BC6A},
    {0x01BC70, 0x01BC7C}, {0x01BC80, 0x01BC88}, {0x01BC90, 0x01BC99}, {0x01BC9E, 0x01BC9E},
    {0x01D400, 0x01D454}, {0x01D456, 0x01D49C}, {0x01D49E, 0x01D49F}, {0x01D4A2, 0x01D4A2},
    {0x01D4A5, 0x01D4A6}, {0x01D4A9, 0x01D4AC}, {0x01D4AE, 0x01D4B9}, {0x01D4BB, 0x01D4BB},
    {0x01D4BD, 0x01D4C3}, {0x01D4C5, 0x01D505}, {0x01D507, 0x01D50A}, {0x01D50D, 0x01D514},
    {0x01D516, 0x01D51C}, {0x01D51E, 0x01D539}, {0x01D53B, 0x01D53E}, {0x01D540, 0x01D544},
    {0x01D546, 0x01D546}, {0x01D54A, 0x01D550}, {0x01D552, 0x01D6A5}, {0x01D6A8, 0x01D6C0},
    {0x01D6C2, 0x01D6DA}, {0x01D6DC, 0x01D6FA}, {0x01D6FC, 0x01D714}, {0x01D716, 0x01D734},
    {0x01D736, 0x01D74E}, {0x01D750, 0x01D76E}, {0x01D770, 0x01D788}, {0x01D78A, 0x01D7A8},
    {0x01D7AA, 0x01D7C2}, {0x01D7C4, 0x01D7CB}, {0x01DF00, 0x01DF1E}, {0x01DF25, 0x01DF2A},
    {0x01E000, 0x01E006}, {0x01E008, 0x01E018}, {0x01E01B, 0x01E021}, {0x01E023, 0x01E024},
    {0x01E026, 0x01E02A}, {0x01E030, 0x01E06D}, {0x01E08F, 0x01E08F}, {0x01E100, 0x01E12C},
    {0x01E137, 0x01E13D}, {0x01E14E, 0x01E14E}, {0x01E290, 0x01E2AD}, {0x01E2C0, 0x01E2EB},
    {0x01E4D0, 0x01E4EB}, {0x01E5D0, 0x01E5ED}, {0x01E5F0, 0x01E5F0}, {0x01E7E0, 0x01E7E6},
    {0x01E7E8, 0x01E7EB}, {0x01E7ED, 0x01E7EE}, {0x01E7F0, 0x01E7FE}, {0x01E800, 0x01E8C4},
    {0x01E900, 0x01E943}, {0x01E947, 0x01E947}, {0x01E94B, 0x01E94B}, {0x01EE00, 0x01EE03},
    {0x01EE05, 0x01EE1F}, {0x01EE21, 0x01EE22}, {0x01EE24, 0x01EE24}, {0x01EE27, 0x01EE27},
    {0x01EE29, 0x01EE32}, {0x01EE34, 0x01EE37}, {0x01EE39, 0x01EE39}, {0x01EE3B, 0x01EE3B},
    {0x01EE42, 0x01EE42}, {0x01EE47, 0x01EE47}, {0x01EE49, 0x01EE49}, {0x01EE4B, 0x01EE4B},
    {0x01EE4D, 0x01EE4F}, {0x01EE51, 0x01EE52}, {0x01EE54, 0x01EE54}, {0x01EE57, 0x01EE57},
    {0x01EE59, 0x01EE59}, {0x01EE5B, 0x01EE5B}, {0x01EE5D, 0x01EE5D}, {0x01EE5F, 0x01EE5F},
    {0x01EE61, 0x01EE62}, {0x01EE64, 0x01EE64}, {0x01EE67, 0x01EE6A}, {0x01EE6C, 0x01EE72},
    {0x01EE74, 0x01EE77}, {0x01EE79, 0x01EE7C}, {0x01EE7E, 0x01EE7E}, {0x01EE80, 0x01EE89},
    {0x01EE8B, 0x01EE9B}, {0x01EEA1, 0x01EEA3}, {0x01EEA5, 0x01EEA9}, {0x01EEAB, 0x01EEBB},
    {0x01F130, 0x01F149}, {0x01F150, 0x01F169}, {0x01F170, 0x01F189}, {0x020000, 0x02A6DF},
    {0x02A700, 0x02B739}, {0x02B740, 0x02B81D}, {0x02B820, 0x02CEA1}, {0x02CEB0, 0x02EBE0},
    {0x02EBF0, 0x02EE5D}, {0x02F800, 0x02FA1D}, {0x030000, 0x03134A}, {0x031350, 0x0323AF},
    {0x00061C, 0x00061C}, {0x00200E, 0x00200F}, {0x00202A, 0x00202E}, {0x002066, 0x002069},
    {0x000028, 0x000029}, {0x00003C, 0x00003C}, {0x00003E, 0x00003E}, {0x00005B, 0x00005B},
    {0x00005D, 0x00005D}, {0x00007B, 0x00007B}, {0x00007D, 0x00007D}, {0x0000AB, 0x0000AB},
    {0x0000BB, 0x0000BB}, {0x000F3A, 0x000F3D}, {0x00169B, 0x00169C}, {0x002039, 0x00203A},
    {0x002045, 0x002046}, {0x00207D, 0x00207E}, {0x00208D, 0x00208E}, {0x002140, 0x002140},
    {0x002201, 0x002204}, {0x002208, 0x00220D}, {0x002211, 0x002211}, {0x002215, 0x002216},
    {0x00221A, 0x00221D}, {0x00221F, 0x002222}, {0x002224, 0x002224}, {0x002226, 0x002226},
    {0x00222B, 0x002233}, {0x002239, 0x002239}, {0x00223B, 0x00224C}, {0x002252, 0x002255},
    {0x00225F, 0x002260}, {0x002262, 0x002262}, {0x002264, 0x00226B}, {0x00226D, 0x00228C},
    {0x00228F, 0x002292}, {0x002298, 0x002298}, {0x0022A2, 0x0022A3}, {0x0022A6, 0x0022B8},
    {0x0022BE, 0x0022BF}, {0x0022C9, 0x0022CD}, {0x0022D0, 0x0022D1}, {0x0022D6, 0x0022ED},
    {0x0022F0, 0x0022FF}, {0x002308, 0x00230B}, {0x002320, 0x002321}, {0x002329, 0x00232A},
    {0x002768, 0x002775}, {0x0027C0, 0x0027C0}, {0x0027C3, 0x0027C6}, {0x0027C8, 0x0027C9},
    {0x0027CB, 0x0027CD}, {0x0027D3, 0x0027D6}, {0x0027DC, 0x0027DE}, {0x0027E2, 0x0027EF},
    {0x002983, 0x002998}, {0x00299B, 0x0029A0}, {0x0029A2, 0x0029AF}, {0x0029B8, 0x0029B8},
    {0x0029C0, 0x0029C5}, {0x0029C9, 0x0029C9}, {0x0029CE, 0x0029D2}, {0x0029D4, 0x0029D5},
    {0x0029D8, 0x0029DC}, {0x0029E1, 0x0029E1}, {0x0029E3, 0x0029E5}, {0x0029E8, 0x0029E9},
    {0x0029F4, 0x0029F9}, {0x0029FC, 0x0029FD}, {0x002A0A, 0x002A1C}, {0x002A1E, 0x002A21},
    {0x002A24, 0x002A24}, {0x002A26, 0x002A26}, {0x002A29, 0x002A29}, {0x002A2B, 0x002A2E},
    {0x002A34, 0x002A35}, {0x002A3C, 0x002A3E}, {0x002A57, 0x002A58}, {0x002A64, 0x002A65},
    {0x002A6A, 0x002A6D}, {0x002A6F, 0x002A70}, {0x002A73, 0x002A74}, {0x002A79, 0x002AA3},
    {0x002AA6, 0x002AAD}, {0x002AAF, 0x002AD6}, {0x002ADC, 0x002ADC}, {0x002ADE, 0x002ADE},
    {0x002AE2, 0x002AE6}, {0x002AEC, 0x002AEE}, {0x002AF3, 0x002AF3}, {0x002AF7, 0x002AFB},
    {0x002AFD, 0x002AFD}, {0x002BFE, 0x002BFE}, {0x002E02, 0x002E05}, {0x002E09, 0x002E0A},
    {0x002E0C, 0x002E0D}, {0x002E1C, 0x002E1D}, {0x002E20, 0x002E29}, {0x002E55, 0x002E5C},
    {0x003008, 0x003011}, {0x003014, 0x00301B}, {0x00FE59, 0x00FE5E}, {0x00FE64, 0x00FE65},
    {0x00FF08, 0x00FF09}, {0x00FF1C, 0x00FF1C}, {0x00FF1E, 0x00FF1E}, {0x00FF3B, 0x00FF3B},
    {0x00FF3D, 0x00FF3D}, {0x00FF5B, 0x00FF5B}, {0x00FF5D, 0x00FF5D}, {0x00FF5F, 0x00FF60},
    {0x00FF62, 0x00FF63}, {0x01D6DB, 0x01D6DB}, {0x01D715, 0x01D715}, {0x01D74F, 0x01D74F},
    {0x01D789, 0x01D789}, {0x01D7C3, 0x01D7C3}, {0x000041, 0x00005A}, {0x000061, 0x00007A},
    {0x0000AA, 0x0000AA}, {0x0000B5, 0x0000B5}, {0x0000BA, 0x0000BA}, {0x0000C0, 0x0000D6},
    {0x0000D8, 0x0000F6}, {0x0000F8, 0x0001BA}, {0x0001BC, 0x0001BF}, {0x0001C4, 0x000293},
    {0x000295, 0x0002B8}, {0x0002C0, 0x0002C1}, {0x0002E0, 0x0002E4}, {0x000345, 0x000345},
    {0x000370, 0x000373}, {0x000376, 0x000377}, {0x00037A, 0x00037D}, {0x00037F, 0x00037F},
    {0x000386, 0x000386}, {0x000388, 0x00038A}, {0x00038C, 0x00038C}, {0x00038E, 0x0003A1},
    {0x0003A3, 0x0003F5}, {0x0003F7, 0x000481}, {0x00048A, 0x00052F}, {0x000531, 0x000556},
    {0x000560, 0x000588}, {0x0010A0, 0x0010C5}, {0x0010C7, 0x0010C7}, {0x0010CD, 0x0010CD},
    {0x0010D0, 0x0010FA}, {0x0010FC, 0x0010FF}, {0x0013A0, 0x0013F5}, {0x0013F8, 0x0013FD},
    {0x001C80, 0x001C8A}, {0x001C90, 0x001CBA}, {0x001CBD, 0x001CBF}, {0x001D00, 0x001DBF},
    {0x001E00, 0x001F15}, {0x001F18, 0x001F1D}, {0x001F20, 0x001F45}, {0x001F48, 0x001F4D},
    {0x001F50, 0x001F57}, {0x001F59, 0x001F59}, {0x001F5B, 0x001F5B}, {0x001F5D, 0x001F5D},
    {0x001F5F, 0x001F7D}, {0x001F80, 0x001FB4}, {0x001FB6, 0x001FBC}, {0x001FBE, 0x001FBE},
    {0x001FC2, 0x001FC4}, {0x001FC6, 0x001FCC}, {0x001FD0, 0x001FD3}, {0x001FD6, 0x001FDB},
    {0x001FE0, 0x001FEC}, {0x001FF2, 0x001FF4}, {0x001FF6, 0x001FFC}, {0x002071, 0x002071},
    {0x00207F, 0x00207F}, {0x002090, 0x00209C}, {0x002102, 0x002102}, {0x002107, 0x002107},
    {0x00210A, 0x002113}, {0x002115, 0x002115}, {0x002119, 0x00211D}, {0x002124, 0x002124},
    {0x002126, 0x002126}, {0x002128, 0x002128}, {0x00212A, 0x00212D}, {0x00212F, 0x002134},
    {0x002139, 0x002139}, {0x00213C, 0x00213F}, {0x002145, 0x002149}, {0x00214E, 0x00214E},
    {0x002160, 0x00217F}, {0x002183, 0x002184}, {0x0024B6, 0x0024E9}, {0x002C00, 0x002CE4},
    {0x002CEB, 0x002CEE}, {0x002CF2, 0x002CF3}, {0x002D00, 0x002D25}, {0x002D27, 0x002D27},
    {0x002D2D, 0x002D2D}, {0x00A640, 0x00A66D}, {0x00A680, 0x00A69D}, {0x00A722, 0x00A787},
    {0x00A78B, 0x00A78E}, {0x00A790, 0x00A7CD}, {0x00A7D0, 0x00A7D1}, {0x00A7D3, 0x00A7D3},
    {0x00A7D5, 0x00A7DC}, {0x00A7F2, 0x00A7F6}, {0x00A7F8, 0x00A7FA}, {0x00AB30, 0x00AB5A},
    {0x00AB5C, 0x00AB69}, {0x00AB70, 0x00ABBF}, {0x00FB00, 0x00FB06}, {0x00FB13, 0x00FB17},
    {0x00FF21, 0x00FF3A}, {0x00FF41, 0x00FF5A}, {0x010400, 0x01044F}, {0x0104B0, 0x0104D3},
    {0x0104D8, 0x0104FB}, {0x010570, 0x01057A}, {0x01057C, 0x01058A}, {0x01058C, 0x010592},
    {0x010594, 0x010595}, {0x010597, 0x0105A1}, {0x0105A3, 0x0105B1}, {0x0105B3, 0x0105B9},
    {0x0105BB, 0x0105BC}, {0x010780, 0x010780}, {0x010783, 0x010785}, {0x010787, 0x0107B0},
    {0x0107B2, 0x0107BA}, {0x010C80, 0x010CB2}, {0x010CC0, 0x010CF2}, {0x010D50, 0x010D65},
    {0x010D70, 0x010D85}, {0x0118A0, 0x0118DF}, {0x016E40, 0x016E7F}, {0x01D400, 0x01D454},
    {0x01D456, 0x01D49C}, {0x01D49E, 0x01D49F}, {0x01D4A2, 0x01D4A2}, {0x01D4A5, 0x01D4A6},
    {0x01D4A9, 0x01D4AC}, {0x01D4AE, 0x01D4B9}, {0x01D4BB, 0x01D4BB}, {0x01D4BD, 0x01D4C3},
    {0x01D4C5, 0x01D505}, {0x01D507, 0x01D50A}, {0x01D50D, 0x01D514}, {0x01D516, 0x01D51C},
    {0x01D51E, 0x01D539}, {0x01D53B, 0x01D53E}, {0x01D540, 0x01D544}, {0x01D546, 0x01D546},
    {0x01D54A, 0x01D550}, {0x01D552, 0x01D6A5}, {0x01D6A8, 0x01D6C0}, {0x01D6C2, 0x01D6DA},
    {0x01D6DC, 0x01D6FA}, {0x01D6FC, 0x01D714}, {0x01D716, 0x01D734}, {0x01D736, 0x01D74E},
    {0x01D750, 0x01D76E}, {0x01D770, 0x01D788}, {0x01D78A, 0x01D7A8}, {0x01D7AA, 0x01D7C2},
    {0x01D7C4, 0x01D7CB}, {0x01DF00, 0x01DF09}, {0x01DF0B, 0x01DF1E}, {0x01DF25, 0x01DF2A},
    {0x01E030, 0x01E06D}, {0x01E900, 0x01E943}, {0x01F130, 0x01F149}, {0x01F150, 0x01F169},
    {0x01F170, 0x01F189}, {0x000027, 0x000027}, {0x00002E, 0x00002E}, {0x00003A, 0x00003A},
    {0x00005E, 0x00005E}, {0x000060, 0x000060}, {0x0000A8, 0x0000A8}, {0x0000AD, 0x0000AD},
    {0x0000AF, 0x0000AF}, {0x0000B4, 0x0000B4}, {0x0000B7, 0x0000B8}, {0x0002B0, 0x00036F},
    {0x000374, 0x000375}, {0x00037A, 0x00037A}, {0x000384, 0x000385}, {0x000387, 0x000387},
    {0x000483, 0x000489}, {0x000559, 0x000559}, {0x00055F, 0x00055F}, {0x000591, 0x0005BD},
    {0x0005BF, 0x0005BF}, {0x0005C1, 0x0005C2}, {0x0005C4, 0x0005C5}, {0x0005C7, 0x0005C7},
    {0x0005F4, 0x0005F4}, {0x000600, 0x000605}, {0x000610, 0x00061A}, {0x00061C, 0x00061C},
    {0x000640, 0x000640}, {0x00064B, 0x00065F}, {0x000670, 0x000670}, {0x0006D6, 0x0006DD},
    {0x0006DF, 0x0006E8}, {0x0006EA, 0x0006ED}, {0x00070F, 0x00070F}, {0x000711, 0x000711},
    {0x000730, 0x00074A}, {0x0007A6, 0x0007B0}, {0x0007EB, 0x0007F5}, {0x0007FA, 0x0007FA},
    {0x0007FD, 0x0007FD}, {0x000816, 0x00082D}, {0x000859, 0x00085B}, {0x000888, 0x000888},
    {0x000890, 0x000891}, {0x000897, 0x00089F}, {0x0008C9, 0x000902}, {0x00093A, 0x00093A},
    {0x00093C, 0x00093C}, {0x000941, 0x000948}, {0x00094D, 0x00094D}, {0x000951, 0x000957},
    {0x000962, 0x000963}, {0x000971, 0x000971}, {0x000981, 0x000981}, {0x0009BC, 0x0009BC},
    {0x0009C1, 0x0009C4}, {0x0009CD, 0x0009CD}, {0x0009E2, 0x0009E3}, {0x0009FE, 0x0009FE},
    {0x000A01, 0x000A02}, {0x000A3C, 0x000A3C}, {0x000A41, 0x000A42}, {0x000A47, 0x000A48},
    {0x000A4B, 0x000A4D}, {0x000A51, 0x000A51}, {0x000A70, 0x000A71}, {0x000A75, 0x000A75},
    {0x000A81, 0x000A82}, {0x000ABC, 0x000ABC}, {0x000AC1, 0x000AC5}, {0x000AC7, 0x000AC8},
    {0x000ACD, 0x000ACD}, {0x000AE2, 0x000AE3}, {0x000AFA, 0x000AFF}, {0x000B01, 0x000B01},
    {0x000B3C, 0x000B3C}, {0x000B3F, 0x000B3F}, {0x000B41, 0x000B44}, {0x000B4D, 0x000B4D},
    {0x000B55, 0x000B56}, {0x000B62, 0x000B63}, {0x000B82, 0x000B82}, {0x000BC0, 0x000BC0},
    {0x000BCD, 0x000BCD}, {0x000C00, 0x000C00}, {0x000C04, 0x000C04}, {0x000C3C, 0x000C3C},
    {0x000C3E, 0x000C40}, {0x000C46, 0x000C48}, {0x000C4A, 0x000C4D}, {0x000C55, 0x000C56},
    {0x000C62, 0x000C63}, {0x000C81, 0x000C81}, {0x000CBC, 0x000CBC}, {0x000CBF, 0x000CBF},
    {0x000CC6, 0x000CC6}, {0x000CCC, 0x000CCD}, {0x000CE2, 0x000CE3}, {0x000D00, 0x000D01},
    {0x000D3B, 0x000D3C}, {0x000D41, 0x000D44}, {0x000D4D, 0x000D4D}, {0x000D62, 0x000D63},
    {0x000D81, 0x000D81}, {0x000DCA, 0x000DCA}, {0x000DD2, 0x000DD4}, {0x000DD6, 0x000DD6},
    {0x000E31, 0x000E31}, {0x000E34, 0x000E3A}, {0x000E46, 0x000E4E}, {0x000EB1, 0x000EB1},
    {0x000EB4, 0x000EBC}, {0x000EC6, 0x000EC6}, {0x000EC8, 0x000ECE}, {0x000F18, 0x000F19},
    {0x000F35, 0x000F35}, {0x000F37, 0x000F37}, {0x000F39, 0x000F39}, {0x000F71, 0x000F7E},
    {0x000F80, 0x000F84}, {0x000F86, 0x000F87}, {0x000F8D, 0x000F97}, {0x000F99, 0x000FBC},
    {0x000FC6, 0x000FC6}, {0x00102D, 0x001030}, {0x001032, 0x001037}, {0x001039, 0x00103A},
    {0x00103D, 0x00103E}, {0x001058, 0x001059}, {0x00105E, 0x001060}, {0x001071, 0x001074},
    {0x001082, 0x001082}, {0x001085, 0x001086}, {0x00108D, 0x00108D}, {0x00109D, 0x00109D},
    {0x0010FC, 0x0010FC}, {0x00135D, 0x00135F}, {0x001712, 0x001714}, {0x001732, 0x001733},
    {0x001752, 0x001753}, {0x001772, 0x001773}, {0x0017B4, 0x0017B5}, {0x0017B7, 0x0017BD},
    {0x0017C6, 0x0017C6}, {0x0017C9, 0x0017D3}, {0x0017D7, 0x0017D7}, {0x0017DD, 0x0017DD},
    {0x00180B, 0x00180F}, {0x001843, 0x001843}, {0x001885, 0x001886}, {0x0018A9, 0x0018A9},
    {0x001920, 0x001922}, {0x001927, 0x001928}, {0x001932, 0x001932}, {0x001939, 0x00193B},
    {0x001A17, 0x001A18}, {0x001A1B, 0x001A1B}, {0x001A56, 0x001A56}, {0x001A58, 0x001A5E},
    {0x001A60, 0x001A60}, {0x001A62, 0x001A62}, {0x001A65, 0x001A6C}, {0x001A73, 0x001A7C},
    {0x001A7F, 0x001A7F}, {0x001AA7, 0x001AA7}, {0x001AB0, 0x001ACE}, {0x001B00, 0x001B03},
    {0x001B34, 0x001B34}, {0x001B36, 0x001B3A}, {0x001B3C, 0x001B3C}, {0x001B42, 0x001B42},
    {0x001B6B, 0x001B73}, {0x001B80, 0x001B81}, {0x001BA2, 0x001BA5}, {0x001BA8, 0x001BA9},
    {0x001BAB, 0x001BAD}, {0x001BE6, 0x001BE6}, {0x001BE8, 0x001BE9}, {0x001BED, 0x001BED},
    {0x001BEF, 0x001BF1}, {0x001C2C, 0x001C33}, {0x001C36, 0x001C37}, {0x001C78, 0x001C7D},
    {0x001CD0, 0x001CD2}, {0x001CD4, 0x001CE0}, {0x001CE2, 0x001CE8}, {0x001CED, 0x001CED},
    {0x001CF4, 0x001CF4}, {0x001CF8, 0x001CF9}, {0x001D2C, 0x001D6A}, {0x001D78, 0x001D78},
    {0x001D9B, 0x001DFF}, {0x001FBD, 0x001FBD}, {0x001FBF, 0x001FC1}, {0x001FCD, 0x001FCF},
    {0x001FDD, 0x001FDF}, {0x001FED, 0x001FEF}, {0x001FFD, 0x001FFE}, {0x00200B, 0x00200F},
    {0x002018, 0x002019}, {0x002024, 0x002024}, {0x002027, 0x002027}, {0x00202A, 0x00202E},
    {0x002060, 0x002064}, {0x002066, 0x00206F}, {0x002071, 0x002071}, {0x00207F, 0x00207F},
    {0x002090, 0x00209C}, {0x0020D0, 0x0020F0}, {0x002C7C, 0x002C7D}, {0x002CEF, 0x002CF1},
    {0x002D6F, 0x002D6F}, {0x002D7F, 0x002D7F}, {0x002DE0, 0x002DFF}, {0x002E2F, 0x002E2F},
    {0x003005, 0x003005}, {0x00302A, 0x00302D}, {0x003031, 0x003035}, {0x00303B, 0x00303B},
    {0x003099, 0x00309E}, {0x0030FC, 0x0030FE}, {0x00A015, 0x00A015}, {0x00A4F8, 0x00A4FD},
    {0x00A60C, 0x00A60C}, {0x00A66F, 0x00A672}, {0x00A674, 0x00A67D}, {0x00A67F, 0x00A67F},
    {0x00A69C, 0x00A69F}, {0x00A6F0, 0x00A6F1}, {0x00A700, 0x00A721}, {0x00A770, 0x00A770},
    {0x00A788, 0x00A78A}, {0x00A7F2, 0x00A7F4}, {0x00A7F8, 0x00A7F9}, {0x00A802, 0x00A802},
    {0x00A806, 0x00A806}, {0x00A80B, 0x00A80B}, {0x00A825, 0x00A826}, {0x00A82C, 0x00A82C},
    {0x00A8C4, 0x00A8C5}, {0x00A8E0, 0x00A8F1}, {0x00A8FF, 0x00A8FF}, {0x00A926, 0x00A92D},
    {0x00A947, 0x00A951}, {0x00A980, 0x00A982}, {0x00A9B3, 0x00A9B3}, {0x00A9B6, 0x00A9B9},
    {0x00A9BC, 0x00A9BD}, {0x00A9CF, 0x00A9CF}, {0x00A9E5, 0x00A9E6}, {0x00AA29, 0x00AA2E},
    {0x00AA31, 0x00AA32}, {0x00AA35, 0x00AA36}, {0x00AA43, 0x00AA43}, {0x00AA4C, 0x00AA4C},
    {0x00AA70, 0x00AA70}, {0x00AA7C, 0x00AA7C}, {0x00AAB0, 0x00AAB0}, {0x00AAB2, 0x00AAB4},
    {0x00AAB7, 0x00AAB8}, {0x00AABE, 0x00AABF}, {0x00AAC1, 0x00AAC1}, {0x00AADD, 0x00AADD},
    {0x00AAEC, 0x00AAED}, {0x00AAF3, 0x00AAF4}, {0x00AAF6, 0x00AAF6}, {0x00AB5B, 0x00AB5F},
    {0x00AB69, 0x00AB6B}, {0x00ABE5, 0x00ABE5}, {0x00ABE8, 0x00ABE8}, {0x00ABED, 0x00ABED},
    {0x00FB1E, 0x00FB1E}, {0x00FBB2, 0x00FBC2}, {0x00FE00, 0x00FE0F}, {0x00FE13, 0x00FE13},
    {0x00FE20, 0x00FE2F}, {0x00FE52, 0x00FE52}, {0x00FE55, 0x00FE55}, {0x00FEFF, 0x00FEFF},
    {0x00FF07, 0x00FF07}, {0x00FF0E, 0x00FF0E}, {0x00FF1A, 0x00FF1A}, {0x00FF3E, 0x00FF3E},
    {0x00FF40, 0x00FF40}, {0x00FF70, 0x00FF70}, {0x00FF9E, 0x00FF9F}, {0x00FFE3, 0x00FFE3},
    {0x00FFF9, 0x00FFFB}, {0x0101FD, 0x0101FD}, {0x0102E0, 0x0102E0}, {0x010376, 0x01037A},
    {0x010780, 0x010785}, {0x010787, 0x0107B0}, {0x0107B2, 0x0107BA}, {0x010A01, 0x010A03},
    {0x010A05, 0x010A06}, {0x010A0C, 0x010A0F}, {0x010A38, 0x010A3A}, {0x010A3F, 0x010A3F},
    {0x010AE5, 0x010AE6}, {0x010D24, 0x010D27}, {0x010D4E, 0x010D4E}, {0x010D69, 0x010D6D},
    {0x010D6F, 0x010D6F}, {0x010EAB, 0x010EAC}, {0x010EFC, 0x010EFF}, {0x010F46, 0x010F50},
    {0x010F82, 0x010F85}, {0x011001, 0x011001}, {0x011038, 0x011046}, {0x011070, 0x011070},
    {0x011073, 0x011074}, {0x01107F, 0x011081}, {0x0110B3, 0x0110B6}, {0x0110B9, 0x0110BA},
    {0x0110BD, 0x0110BD}, {0x0110C2, 0x0110C2}, {0x0110CD, 0x0110CD}, {0x011100, 0x011102},
    {0x011127, 0x01112B}, {0x01112D, 0x011134}, {0x011173, 0x011173}, {0x011180, 0x011181},
    {0x0111B6, 0x0111BE}, {0x0111C9, 0x0111CC}, {0x0111CF, 0x0111CF}, {0x01122F, 0x011231},
    {0x011234, 0x011234}, {0x011236, 0x011237}, {0x01123E, 0x01123E}, {0x011241, 0x011241},
    {0x0112DF, 0x0112DF}, {0x0112E3, 0x0112EA}, {0x011300, 0x011301}, {0x01133B, 0x01133C},
    {0x011340, 0x011340}, {0x011366, 0x01136C}, {0x011370, 0x011374}, {0x0113BB, 0x0113C0},
    {0x0113CE, 0x0113CE}, {0x0113D0, 0x0113D0}, {0x0113D2, 0x0113D2}, {0x0113E1, 0x0113E2},
    {0x011438, 0x01143F}, {0x011442, 0x011444}, {0x011446, 0x011446}, {0x01145E, 0x01145E},
    {0x0114B3, 0x0114B8}, {0x0114BA, 0x0114BA}, {0x0114BF, 0x0114C0}, {0x0114C2, 0x0114C3},
    {0x0115B2, 0x0115B5}, {0x0115BC, 0x0115BD}, {0x0115BF, 0x0115C0}, {0x0115DC, 0x0115DD},
    {0x011633, 0x01163A}, {0x01163D, 0x01163D}, {0x01163F, 0x011640}, {0x0116AB, 0x0116AB},
    {0x0116AD, 0x0116AD}, {0x0116B0, 0x0116B5}, {0x0116B7, 0x0116B7}, {0x01171D, 0x01171D},
    {0x01171F, 0x01171F}, {0x011722, 0x011725}, {0x011727, 0x01172B}, {0x01182F, 0x011837},
    {0x011839, 0x01183A}, {0x01193B, 0x01193C}, {0x01193E, 0x01193E}, {0x011943, 0x011943},
    {0x0119D4, 0x0119D7}, {0x0119DA, 0x0119DB}, {0x0119E0, 0x0119E0}, {0x011A01, 0x011A0A},
    {0x011A33, 0x011A38}, {0x011A3B, 0x011A3E}, {0x011A47, 0x011A47}, {0x011A51, 0x011A56},
    {0x011A59, 0x011A5B}, {0x011A8A, 0x011A96}, {0x011A98, 0x011A99}, {0x011C30, 0x011C36},
    {0x011C38, 0x011C3D}, {0x011C3F, 0x011C3F}, {0x011C92, 0x011CA7}, {0x011CAA, 0x011CB0},
    {0x011CB2, 0x011CB3}, {0x011CB5, 0x011CB6}, {0x011D31, 0x011D36}, {0x011D3A, 0x011D3A},
    {0x011D3C, 0x011D3D}, {0x011D3F, 0x011D45}, {0x011D47, 0x011D47}, {0x011D90, 0x011D91},
    {0x011D95, 0x011D95}, {0x011D97, 0x011D97}, {0x011EF3, 0x011EF4}, {0x011F00, 0x011F01},
    {0x011F36, 0x011F3A}, {0x011F40, 0x011F40}, {0x011F42, 0x011F42}, {0x011F5A, 0x011F5A},
    {0x013430, 0x013440}, {0x013447, 0x013455}, {0x01611E, 0x016129}, {0x01612D, 0x01612F},
    {0x016AF0, 0x016AF4}, {0x016B30, 0x016B36}, {0x016B40, 0x016B43}, {0x016D40, 0x016D42},
    {0x016D6B, 0x016D6C}, {0x016F4F, 0x016F4F}, {0x016F8F, 0x016F9F}, {0x016FE0, 0x016FE1},
    {0x016FE3, 0x016FE4}, {0x01AFF0, 0x01AFF3}, {0x01AFF5, 0x01AFFB}, {0x01AFFD, 0x01AFFE},
    {0x01BC9D, 0x01BC9E}, {0x01BCA0, 0x01BCA3}, {0x01CF00, 0x01CF2D}, {0x01CF30, 0x01CF46},
    {0x01D167, 0x01D169}, {0x01D173, 0x01D182}, {0x01D185, 0x01D18B}, {0x01D1AA, 0x01D1AD},
    {0x01D242, 0x01D244}, {0x01DA00, 0x01DA36}, {0x01DA3B, 0x01DA6C}, {0x01DA75, 0x01DA75},
    {0x01DA84, 0x01DA84}, {0x01DA9B, 0x01DA9F}, {0x01DAA1, 0x01DAAF}, {0x01E000, 0x01E006},
    {0x01E008, 0x01E018}, {0x01E01B, 0x01E021}, {0x01E023, 0x01E024}, {0x01E026, 0x01E02A},
    {0x01E030, 0x01E06D}, {0x01E08F, 0x01E08F}, {0x01E130, 0x01E13D}, {0x01E2AE, 0x01E2AE},
    {0x01E2EC, 0x01E2EF}, {0x01E4EB, 0x01E4EF}, {0x01E5EE, 0x01E5EF}, {0x01E8D0, 0x01E8D6},
    {0x01E944, 0x01E94B}, {0x01F3FB, 0x01F3FF}, {0x0E0001, 0x0E0001}, {0x0E0020, 0x0E007F},
    {0x0E0100, 0x0E01EF}, {0x0000AD, 0x0000AD}, {0x000600, 0x000605}, {0x00061C, 0x00061C},
    {0x0006DD, 0x0006DD}, {0x00070F, 0x00070F}, {0x000890, 0x000891}, {0x0008E2, 0x0008E2},
    {0x00180E, 0x00180E}, {0x00200B, 0x00200F}, {0x00202A, 0x00202E}, {0x002060, 0x002064},
    {0x002066, 0x00206F}, {0x00FEFF, 0x00FEFF}, {0x00FFF9, 0x00FFFB}, {0x0110BD, 0x0110BD},
    {0x0110CD, 0x0110CD}, {0x013430, 0x01343F}, {0x01BCA0, 0x01BCA3}, {0x01D173, 0x01D17A},
    {0x0E0001, 0x0E0001}, {0x0E0020, 0x0E007F}, {0x000041, 0x00005A}, {0x0000B5, 0x0000B5},
    {0x0000C0, 0x0000D6}, {0x0000D8, 0x0000DF}, {0x000100, 0x000100}, {0x000102, 0x000102},
    {0x000104, 0x000104}, {0x000106, 0x000106}, {0x000108, 0x000108}, {0x00010A, 0x00010A},
    {0x00010C, 0x00010C}, {0x00010E, 0x00010E}, {0x000110, 0x000110}, {0x000112, 0x000112},
    {0x000114, 0x000114}, {0x000116, 0x000116}, {0x000118, 0x000118}, {0x00011A, 0x00011A},
    {0x00011C, 0x00011C}, {0x00011E, 0x00011E}, {0x000120, 0x000120}, {0x000122, 0x000122},
    {0x000124, 0x000124}, {0x000126, 0x000126}, {0x000128, 0x000128}, {0x00012A, 0x00012A},
    {0x00012C, 0x00012C}, {0x00012E, 0x00012E}, {0x000130, 0x000130}, {0x000132, 0x000132},
    {0x000134, 0x000134}, {0x000136, 0x000136}, {0x000139, 0x000139}, {0x00013B, 0x00013B},
    {0x00013D, 0x00013D}, {0x00013F, 0x00013F}, {0x000141, 0x000141}, {0x000143, 0x000143},
    {0x000145, 0x000145}, {0x000147, 0x000147}, {0x000149, 0x00014A}, {0x00014C, 0x00014C},
    {0x00014E, 0x00014E}, {0x000150, 0x000150}, {0x000152, 0x000152}, {0x000154, 0x000154},
    {0x000156, 0x000156}, {0x000158, 0x000158}, {0x00015A, 0x00015A}, {0x00015C, 0x00015C},
    {0x00015E, 0x00015E}, {0x000160, 0x000160}, {0x000162, 0x000162}, {0x000164, 0x000164},
    {0x000166, 0x000166}, {0x000168, 0x000168}, {0x00016A, 0x00016A}, {0x00016C, 0x00016C},
    {0x00016E, 0x00016E}, {0x000170, 0x000170}, {0x000172, 0x000172}, {0x000174, 0x000174},
    {0x000176, 0x000176}, {0x000178, 0x000179}, {0x00017B, 0x00017B}, {0x00017D, 0x00017D},
    {0x00017F, 0x00017F}, {0x000181, 0x000182}, {0x000184, 0x000184}, {0x000186, 0x000187},
    {0x000189, 0x00018B}, {0x00018E, 0x000191}, {0x000193, 0x000194}, {0x000196, 0x000198},
    {0x00019C, 0x00019D}, {0x00019F, 0x0001A0}, {0x0001A2, 0x0001A2}, {0x0001A4, 0x0001A4},
    {0x0001A6, 0x0001A7}, {0x0001A9, 0x0001A9}, {0x0001AC, 0x0001AC}, {0x0001AE, 0x0001AF},
    {0x0001B1, 0x0001B3}, {0x0001B5, 0x0001B5}, {0x0001B7, 0x0001B8}, {0x0001BC, 0x0001BC},
    {0x0001C4, 0x0001C5}, {0x0001C7, 0x0001C8}, {0x0001CA, 0x0001CB}, {0x0001CD, 0x0001CD},
    {0x0001CF, 0x0001CF}, {0x0001D1, 0x0001D1}, {0x0001D3, 0x0001D3}, {0x0001D5, 0x0001D5},
    {0x0001D7, 0x0001D7}, {0x0001D9, 0x0001D9}, {0x0001DB, 0x0001DB}, {0x0001DE, 0x0001DE},
    {0x0001E0, 0x0001E0}, {0x0001E2, 0x0001E2}, {0x0001E4, 0x0001E4}, {0x0001E6, 0x0001E6},
    {0x0001E8, 0x0001E8}, {0x0001EA, 0x0001EA}, {0x0001EC, 0x0001EC}, {0x0001EE, 0x0001EE},
    {0x0001F1, 0x0001F2}, {0x0001F4, 0x0001F4}, {0x0001F6, 0x0001F8}, {0x0001FA, 0x0001FA},
    {0x0001FC, 0x0001FC}, {0x0001FE, 0x0001FE}, {0x000200, 0x000200}, {0x000202, 0x000202},
    {0x000204, 0x000204}, {0x000206, 0x000206}, {0x000208, 0x000208}, {0x00020A, 0x00020A},
    {0x00020C, 0x00020C}, {0x00020E, 0x00020E}, {0x000210, 0x000210}, {0x000212, 0x000212},
    {0x000214, 0x000214}, {0x000216, 0x000216}, {0x000218, 0x000218}, {0x00021A, 0x00021A},
    {0x00021C, 0x00021C}, {0x00021E, 0x00021E}, {0x000220, 0x000220}, {0x000222, 0x000222},
    {0x000224, 0x000224}, {0x000226, 0x000226}, {0x000228, 0x000228}, {0x00022A, 0x00022A},
    {0x00022C, 0x00022C}, {0x00022E, 0x00022E}, {0x000230, 0x000230}, {0x000232, 0x000232},
    {0x00023A, 0x00023B}, {0x00023D, 0x00023E}, {0x000241, 0x000241}, {0x000243, 0x000246},
    {0x000248, 0x000248}, {0x00024A, 0x00024A}, {0x00024C, 0x00024C}, {0x00024E, 0x00024E},
    {0x000345, 0x000345}, {0x000370, 0x000370}, {0x000372, 0x000372}, {0x000376, 0x000376},
    {0x00037F, 0x00037F}, {0x000386, 0x000386}, {0x000388, 0x00038A}, {0x00038C, 0x00038C},
    {0x00038E, 0x00038F}, {0x000391, 0x0003A1}, {0x0003A3, 0x0003AB}, {0x0003C2, 0x0003C2},
    {0x0003CF, 0x0003D1}, {0x0003D5, 0x0003D6}, {0x0003D8, 0x0003D8}, {0x0003DA, 0x0003DA},
    {0x0003DC, 0x0003DC}, {0x0003DE, 0x0003DE}, {0x0003E0, 0x0003E0}, {0x0003E2, 0x0003E2},
    {0x0003E4, 0x0003E4}, {0x0003E6, 0x0003E6}, {0x0003E8, 0x0003E8}, {0x0003EA, 0x0003EA},
    {0x0003EC, 0x0003EC}, {0x0003EE, 0x0003EE}, {0x0003F0, 0x0003F1}, {0x0003F4, 0x0003F5},
    {0x0003F7, 0x0003F7}, {0x0003F9, 0x0003FA}, {0x0003FD, 0x00042F}, {0x000460, 0x000460},
    {0x000462, 0x000462}, {0x000464, 0x000464}, {0x000466, 0x000466}, {0x000468, 0x000468},
    {0x00046A, 0x00046A}, {0x00046C, 0x00046C}, {0x00046E, 0x00046E}, {0x000470, 0x000470},
    {0x000472, 0x000472}, {0x000474, 0x000474}, {0x000476, 0x000476}, {0x000478, 0x000478},
    {0x00047A, 0x00047A}, {0x00047C, 0x00047C}, {0x00047E, 0x00047E}, {0x000480, 0x000480},
    {0x00048A, 0x00048A}, {0x00048C, 0x00048C}, {0x00048E, 0x00048E}, {0x000490, 0x000490},
    {0x000492, 0x000492}, {0x000494, 0x000494}, {0x000496, 0x000496}, {0x000498, 0x000498},
    {0x00049A, 0x00049A}, {0x00049C, 0x00049C}, {0x00049E, 0x00049E}, {0x0004A0, 0x0004A0},
    {0x0004A2, 0x0004A2}, {0x0004A4, 0x0004A4}, {0x0004A6, 0x0004A6}, {0x0004A8, 0x0004A8},
    {0x0004AA, 0x0004AA}, {0x0004AC, 0x0004AC}, {0x0004AE, 0x0004AE}, {0x0004B0, 0x0004B0},
    {0x0004B2, 0x0004B2}, {0x0004B4, 0x0004B4}, {0x0004B6, 0x0004B6}, {0x0004B8, 0x0004B8},
    {0x0004BA, 0x0004BA}, {0x0004BC, 0x0004BC}, {0x0004BE, 0x0004BE}, {0x0004C0, 0x0004C1},
    {0x0004C3, 0x0004C3}, {0x0004C5, 0x0004C5}, {0x0004C7, 0x0004C7}, {0x0004C9, 0x0004C9},
    {0x0004CB, 0x0004CB}, {0x0004CD, 0x0004CD}, {0x0004D0, 0x0004D0}, {0x0004D2, 0x0004D2},
    {0x0004D4, 0x0004D4}, {0x0004D6, 0x0004D6}, {0x0004D8, 0x0004D8}, {0x0004DA, 0x0004DA},
    {0x0004DC, 0x0004DC}, {0x0004DE, 0x0004DE}, {0x0004E0, 0x0004E0}, {0x0004E2, 0x0004E2},
    {0x0004E4, 0x0004E4}, {0x0004E6, 0x0004E6}, {0x0004E8, 0x0004E8}, {0x0004EA, 0x0004EA},
    {0x0004EC, 0x0004EC}, {0x0004EE, 0x0004EE}, {0x0004F0, 0x0004F0}, {0x0004F2, 0x0004F2},
    {0x0004F4, 0x0004F4}, {0x0004F6, 0x0004F6}, {0x0004F8, 0x0004F8}, {0x0004FA, 0x0004FA},
    {0x0004FC, 0x0004FC}, {0x0004FE, 0x0004FE}, {0x000500, 0x000500}, {0x000502, 0x000502},
    {0x000504, 0x000504}, {0x000506, 0x000506}, {0x000508, 0x000508}, {0x00050A, 0x00050A},
    {0x00050C, 0x00050C}, {0x00050E, 0x00050E}, {0x000510, 0x000510}, {0x000512, 0x000512},
    {0x000514, 0x000514}, {0x000516, 0x000516}, {0x000518, 0x000518}, {0x00051A, 0x00051A},
    {0x00051C, 0x00051C}, {0x00051E, 0x00051E}, {0x000520, 0x000520}, {0x000522, 0x000522},
    {0x000524, 0x000524}, {0x000526, 0x000526}, {0x000528, 0x000528}, {0x00052A, 0x00052A},
    {0x00052C, 0x00052C}, {0x00052E, 0x00052E}, {0x000531, 0x000556}, {0x000587, 0x000587},
    {0x0010A0, 0x0010C5}, {0x0010C7, 0x0010C7}, {0x0010CD, 0x0010CD}, {0x0013F8, 0x0013FD},
    {0x001C80, 0x001C89}, {0x001C90, 0x001CBA}, {0x001CBD, 0x001CBF}, {0x001E00, 0x001E00},
    {0x001E02, 0x001E02}, {0x001E04, 0x001E04}, {0x001E06, 0x001E06}, {0x001E08, 0x001E08},
    {0x001E0A, 0x001E0A}, {0x001E0C, 0x001E0C}, {0x001E0E, 0x001E0E}, {0x001E10, 0x001E10},
    {0x001E12, 0x001E12}, {0x001E14, 0x001E14}, {0x001E16, 0x001E16}, {0x001E18, 0x001E18},
    {0x001E1A, 0x001E1A}, {0x001E1C, 0x001E1C}, {0x001E1E, 0x001E1E}, {0x001E20, 0x001E20},
    {0x001E22, 0x001E22}, {0x001E24, 0x001E24}, {0x001E26, 0x001E26}, {0x001E28, 0x001E28},
    {0x001E2A, 0x001E2A}, {0x001E2C, 0x001E2C}, {0x001E2E, 0x001E2E}, {0x001E30, 0x001E30},
    {0x001E32, 0x001E32}, {0x001E34, 0x001E34}, {0x001E36, 0x001E36}, {0x001E38, 0x001E38},
    {0x001E3A, 0x001E3A}, {0x001E3C, 0x001E3C}, {0x001E3E, 0x001E3E}, {0x001E40, 0x001E40},
    {0x001E42, 0x001E42}, {0x001E44, 0x001E44}, {0x001E46, 0x001E46}, {0x001E48, 0x001E48},
    {0x001E4A, 0x001E4A}, {0x001E4C, 0x001E4C}, {0x001E4E, 0x001E4E}, {0x001E50, 0x001E50},
    {0x001E52, 0x001E52}, {0x001E54, 0x001E54}, {0x001E56, 0x001E56}, {0x001E58, 0x001E58},
    {0x001E5A, 0x001E5A}, {0x001E5C, 0x001E5C}, {0x001E5E, 0x001E5E}, {0x001E60, 0x001E60},
    {0x001E62, 0x001E62}, {0x001E64, 0x001E64}, {0x001E66, 0x001E66}, {0x001E68, 0x001E68},
    {0x001E6A, 0x001E6A}, {0x001E6C, 0x001E6C}, {0x001E6E, 0x001E6E}, {0x001E70, 0x001E70},
    {0x001E72, 0x001E72}, {0x001E74, 0x001E74}, {0x001E76, 0x001E76}, {0x001E78, 0x001E78},
    {0x001E7A, 0x001E7A}, {0x001E7C, 0x001E7C}, {0x001E7E, 0x001E7E}, {0x001E80, 0x001E80},
    {0x001E82, 0x001E82}, {0x001E84, 0x001E84}, {0x001E86, 0x001E86}, {0x001E88, 0x001E88},
    {0x001E8A, 0x001E8A}, {0x001E8C, 0x001E8C}, {0x001E8E, 0x001E8E}, {0x001E90, 0x001E90},
    {0x001E92, 0x001E92}, {0x001E94, 0x001E94}, {0x001E9A, 0x001E9B}, {0x001E9E, 0x001E9E},
    {0x001EA0, 0x001EA0}, {0x001EA2, 0x001EA2}, {0x001EA4, 0x001EA4}, {0x001EA6, 0x001EA6},
    {0x001EA8, 0x001EA8}, {0x001EAA, 0x001EAA}, {0x001EAC, 0x001EAC}, {0x001EAE, 0x001EAE},
    {0x001EB0, 0x001EB0}, {0x001EB2, 0x001EB2}, {0x001EB4, 0x001EB4}, {0x001EB6, 0x001EB6},
    {0x001EB8, 0x001EB8}, {0x001EBA, 0x001EBA}, {0x001EBC, 0x001EBC}, {0x001EBE, 0x001EBE},
    {0x001EC0, 0x001EC0}, {0x001EC2, 0x001EC2}, {0x001EC4, 0x001EC4}, {0x001EC6, 0x001EC6},
    {0x001EC8, 0x001EC8}, {0x001ECA, 0x001ECA}, {0x001ECC, 0x001ECC}, {0x001ECE, 0x001ECE},
    {0x001ED0, 0x001ED0}, {0x001ED2, 0x001ED2}, {0x001ED4, 0x001ED4}, {0x001ED6, 0x001ED6},
    {0x001ED8, 0x001ED8}, {0x001EDA, 0x001EDA}, {0x001EDC, 0x001EDC}, {0x001EDE, 0x001EDE},
    {0x001EE0, 0x001EE0}, {0x001EE2, 0x001EE2}, {0x001EE4, 0x001EE4}, {0x001EE6, 0x001EE6},
    {0x001EE8, 0x001EE8}, {0x001EEA, 0x001EEA}, {0x001EEC, 0x001EEC}, {0x001EEE, 0x001EEE},
    {0x001EF0, 0x001EF0}, {0x001EF2, 0x001EF2}, {0x001EF4, 0x001EF4}, {0x001EF6, 0x001EF6},
    {0x001EF8, 0x001EF8}, {0x001EFA, 0x001EFA}, {0x001EFC, 0x001EFC}, {0x001EFE, 0x001EFE},
    {0x001F08, 0x001F0F}, {0x001F18, 0x001F1D}, {0x001F28, 0x001F2F}, {0x001F38, 0x001F3F},
    {0x001F48, 0x001F4D}, {0x001F59, 0x001F59}, {0x001F5B, 0x001F5B}, {0x001F5D, 0x001F5D},
    {0x001F5F, 0x001F5F}, {0x001F68, 0x001F6F}, {0x001F80, 0x001FAF}, {0x001FB2, 0x001FB4},
    {0x001FB7, 0x001FBC}, {0x001FC2, 0x001FC4}, {0x001FC7, 0x001FCC}, {0x001FD8, 0x001FDB},
    {0x001FE8, 0x001FEC}, {0x001FF2, 0x001FF4}, {0x001FF7, 0x001FFC}, {0x002126, 0x002126},
    {0x00212A, 0x00212B}, {0x002132, 0x002132}, {0x002160, 0x00216F}, {0x002183, 0x002183},
    {0x0024B6, 0x0024CF}, {0x002C00, 0x002C2F}, {0x002C60, 0x002C60}, {0x002C62, 0x002C64},
    {0x002C67, 0x002C67}, {0x002C69, 0x002C69}, {0x002C6B, 0x002C6B}, {0x002C6D, 0x002C70},
    {0x002C72, 0x002C72}, {0x002C75, 0x002C75}, {0x002C7E, 0x002C80}, {0x002C82, 0x002C82},
    {0x002C84, 0x002C84}, {0x002C86, 0x002C86}, {0x002C88, 0x002C88}, {0x002C8A, 0x002C8A},
    {0x002C8C, 0x002C8C}, {0x002C8E, 0x002C8E}, {0x002C90, 0x002C90}, {0x002C92, 0x002C92},
    {0x002C94, 0x002C94}, {0x002C96, 0x002C96}, {0x002C98, 0x002C98}, {0x002C9A, 0x002C9A},
    {0x002C9C, 0x002C9C}, {0x002C9E, 0x002C9E}, {0x002CA0, 0x002CA0}, {0x002CA2, 0x002CA2},
    {0x002CA4, 0x002CA4}, {0x002CA6, 0x002CA6}, {0x002CA8, 0x002CA8}, {0x002CAA, 0x002CAA},
    {0x002CAC, 0x002CAC}, {0x002CAE, 0x002CAE}, {0x002CB0, 0x002CB0}, {0x002CB2, 0x002CB2},
    {0x002CB4, 0x002CB4}, {0x002CB6, 0x002CB6}, {0x002CB8, 0x002CB8}, {0x002CBA, 0x002CBA},
    {0x002CBC, 0x002CBC}, {0x002CBE, 0x002CBE}, {0x002CC0, 0x002CC0}, {0x002CC2, 0x002CC2},
    {0x002CC4, 0x002CC4}, {0x002CC6, 0x002CC6}, {0x002CC8, 0x002CC8}, {0x002CCA, 0x002CCA},
    {0x002CCC, 0x002CCC}, {0x002CCE, 0x002CCE}, {0x002CD0, 0x002CD0}, {0x002CD2, 0x002CD2},
    {0x002CD4, 0x002CD4}, {0x002CD6, 0x002CD6}, {0x002CD8, 0x002CD8}, {0x002CDA, 0x002CDA},
    {0x002CDC, 0x002CDC}, {0x002CDE, 0x002CDE}, {0x002CE0, 0x002CE0}, {0x002CE2, 0x002CE2},
    {0x002CEB, 0x002CEB}, {0x002CED, 0x002CED}, {0x002CF2, 0x002CF2}, {0x00A640, 0x00A640},
    {0x00A642, 0x00A642}, {0x00A644, 0x00A644}, {0x00A646, 0x00A646}, {0x00A648, 0x00A648},
    {0x00A64A, 0x00A64A}, {0x00A64C, 0x00A64C}, {0x00A64E, 0x00A64E}, {0x00A650, 0x00A650},
    {0x00A652, 0x00A652}, {0x00A654, 0x00A654}, {0x00A656, 0x00A656}, {0x00A658, 0x00A658},
    {0x00A65A, 0x00A65A}, {0x00A65C, 0x00A65C}, {0x00A65E, 0x00A65E}, {0x00A660, 0x00A660},
    {0x00A662, 0x00A662}, {0x00A664, 0x00A664}, {0x00A666, 0x00A666}, {0x00A668, 0x00A668},
    {0x00A66A, 0x00A66A}, {0x00A66C, 0x00A66C}, {0x00A680, 0x00A680}, {0x00A682, 0x00A682},
    {0x00A684, 0x00A684}, {0x00A686, 0x00A686}, {0x00A688, 0x00A688}, {0x00A68A, 0x00A68A},
    {0x00A68C, 0x00A68C}, {0x00A68E, 0x00A68E}, {0x00A690, 0x00A690}, {0x00A692, 0x00A692},
    {0x00A694, 0x00A694}, {0x00A696, 0x00A696}, {0x00A698, 0x00A698}, {0x00A69A, 0x00A69A},
    {0x00A722, 0x00A722}, {0x00A724, 0x00A724}, {0x00A726, 0x00A726}, {0x00A728, 0x00A728},
    {0x00A72A, 0x00A72A}, {0x00A72C, 0x00A72C}, {0x00A72E, 0x00A72E}, {0x00A732, 0x00A732},
    {0x00A734, 0x00A734}, {0x00A736, 0x00A736}, {0x00A738, 0x00A738}, {0x00A73A, 0x00A73A},
    {0x00A73C, 0x00A73C}, {0x00A73E, 0x00A73E}, {0x00A740, 0x00A740}, {0x00A742, 0x00A742},
    {0x00A744, 0x00A744}, {0x00A746, 0x00A746}, {0x00A748, 0x00A748}, {0x00A74A, 0x00A74A},
    {0x00A74C, 0x00A74C}, {0x00A74E, 0x00A74E}, {0x00A750, 0x00A750}, {0x00A752, 0x00A752},
    {0x00A754, 0x00A754}, {0x00A756, 0x00A756}, {0x00A758, 0x00A758}, {0x00A75A, 0x00A75A},
    {0x00A75C, 0x00A75C}, {0x00A75E, 0x00A75E}, {0x00A760, 0x00A760}, {0x00A762, 0x00A762},
    {0x00A764, 0x00A764}, {0x00A766, 0x00A766}, {0x00A768, 0x00A768}, {0x00A76A, 0x00A76A},
    {0x00A76C, 0x00A76C}, {0x00A76E, 0x00A76E}, {0x00A779, 0x00A779}, {0x00A77B, 0x00A77B},
    {0x00A77D, 0x00A77E}, {0x00A780, 0x00A780}, {0x00A782, 0x00A782}, {0x00A784, 0x00A784},
    {0x00A786, 0x00A786}, {0x00A78B, 0x00A78B}, {0x00A78D, 0x00A78D}, {0x00A790, 0x00A790},
    {0x00A792, 0x00A792}, {0x00A796, 0x00A796}, {0x00A798, 0x00A798}, {0x00A79A, 0x00A79A},
    {0x00A79C, 0x00A79C}, {0x00A79E, 0x00A79E}, {0x00A7A0, 0x00A7A0}, {0x00A7A2, 0x00A7A2},
    {0x00A7A4, 0x00A7A4}, {0x00A7A6, 0x00A7A6}, {0x00A7A8, 0x00A7A8}, {0x00A7AA, 0x00A7AE},
    {0x00A7B0, 0x00A7B4}, {0x00A7B6, 0x00A7B6}, {0x00A7B8, 0x00A7B8}, {0x00A7BA, 0x00A7BA},
    {0x00A7BC, 0x00A7BC}, {0x00A7BE, 0x00A7BE}, {0x00A7C0, 0x00A7C0}, {0x00A7C2, 0x00A7C2},
    {0x00A7C4, 0x00A7C7}, {0x00A7C9, 0x00A7C9}, {0x00A7CB, 0x00A7CC}, {0x00A7D0, 0x00A7D0},
    {0x00A7D6, 0x00A7D6}, {0x00A7D8, 0x00A7D8}, {0x00A7DA, 0x00A7DA}, {0x00A7DC, 0x00A7DC},
    {0x00A7F5, 0x00A7F5}, {0x00AB70, 0x00ABBF}, {0x00FB00, 0x00FB06}, {0x00FB13, 0x00FB17},
    {0x00FF21, 0x00FF3A}, {0x010400, 0x010427}, {0x0104B0, 0x0104D3}, {0x010570, 0x01057A},
    {0x01057C, 0x01058A}, {0x01058C, 0x010592}, {0x010594, 0x010595}, {0x010C80, 0x010CB2},
    {0x010D50, 0x010D65}, {0x0118A0, 0x0118BF}, {0x016E40, 0x016E5F}, {0x01E900, 0x01E921},
    {0x000041, 0x00005A}, {0x000061, 0x00007A}, {0x0000B5, 0x0000B5}, {0x0000C0, 0x0000D6},
    {0x0000D8, 0x0000F6}, {0x0000F8, 0x000137}, {0x000139, 0x00018C}, {0x00018E, 0x0001A9},
    {0x0001AC, 0x0001B9}, {0x0001BC, 0x0001BD}, {0x0001BF, 0x0001BF}, {0x0001C4, 0x000220},
    {0x000222, 0x000233}, {0x00023A, 0x000254}, {0x000256, 0x000257}, {0x000259, 0x000259},
    {0x00025B, 0x00025C}, {0x000260, 0x000261}, {0x000263, 0x000266}, {0x000268, 0x00026C},
    {0x00026F, 0x00026F}, {0x000271, 0x000272}, {0x000275, 0x000275}, {0x00027D, 0x00027D},
    {0x000280, 0x000280}, {0x000282, 0x000283}, {0x000287, 0x00028C}, {0x000292, 0x000292},
    {0x00029D, 0x00029E}, {0x000345, 0x000345}, {0x000370, 0x000373}, {0x000376, 0x000377},
    {0x00037B, 0x00037D}, {0x00037F, 0x00037F}, {0x000386, 0x000386}, {0x000388, 0x00038A},
    {0x00038C, 0x00038C}, {0x00038E, 0x0003A1}, {0x0003A3, 0x0003D1}, {0x0003D5, 0x0003F5},
    {0x0003F7, 0x0003FB}, {0x0003FD, 0x000481}, {0x00048A, 0x00052F}, {0x000531, 0x000556},
    {0x000561, 0x000587}, {0x0010A0, 0x0010C5}, {0x0010C7, 0x0010C7}, {0x0010CD, 0x0010CD},
    {0x0010D0, 0x0010FA}, {0x0010FD, 0x0010FF}, {0x0013A0, 0x0013F5}, {0x0013F8, 0x0013FD},
    {0x001C80, 0x001C8A}, {0x001C90, 0x001CBA}, {0x001CBD, 0x001CBF}, {0x001D79, 0x001D79},
    {0x001D7D, 0x001D7D}, {0x001D8E, 0x001D8E}, {0x001E00, 0x001E9B}, {0x001E9E, 0x001E9E},
    {0x001EA0, 0x001F15}, {0x001F18, 0x001F1D}, {0x001F20, 0x001F45}, {0x001F48, 0x001F4D},
    {0x001F50, 0x001F57}, {0x001F59, 0x001F59}, {0x001F5B, 0x001F5B}, {0x001F5D, 0x001F5D},
    {0x001F5F, 0x001F7D}, {0x001F80, 0x001FB4}, {0x001FB6, 0x001FBC}, {0x001FBE, 0x001FBE},
    {0x001FC2, 0x001FC4}, {0x001FC6, 0x001FCC}, {0x001FD0, 0x001FD3}, {0x001FD6, 0x001FDB},
    {0x001FE0, 0x001FEC}, {0x001FF2, 0x001FF4}, {0x001FF6, 0x001FFC}, {0x002126, 0x002126},
    {0x00212A, 0x00212B}, {0x002132, 0x002132}, {0x00214E, 0x00214E}, {0x002160, 0x00217F},
    {0x002183, 0x002184}, {0x0024B6, 0x0024E9}, {0x002C00, 0x002C70}, {0x002C72, 0x002C73},
    {0x002C75, 0x002C76}, {0x002C7E, 0x002CE3}, {0x002CEB, 0x002CEE}, {0x002CF2, 0x002CF3},
    {0x002D00, 0x002D25}, {0x002D27, 0x002D27}, {0x002D2D, 0x002D2D}, {0x00A640, 0x00A66D},
    {0x00A680, 0x00A69B}, {0x00A722, 0x00A72F}, {0x00A732, 0x00A76F}, {0x00A779, 0x00A787},
    {0x00A78B, 0x00A78D}, {0x00A790, 0x00A794}, {0x00A796, 0x00A7AE}, {0x00A7B0, 0x00A7CD},
    {0x00A7D0, 0x00A7D1}, {0x00A7D6, 0x00A7DC}, {0x00A7F5, 0x00A7F6}, {0x00AB53, 0x00AB53},
    {0x00AB70, 0x00ABBF}, {0x00FB00, 0x00FB06}, {0x00FB13, 0x00FB17}, {0x00FF21, 0x00FF3A},
    {0x00FF41, 0x00FF5A}, {0x010400, 0x01044F}, {0x0104B0, 0x0104D3}, {0x0104D8, 0x0104FB},
    {0x010570, 0x01057A}, {0x01057C, 0x01058A}, {0x01058C, 0x010592}, {0x010594, 0x010595},
    {0x010597, 0x0105A1}, {0x0105A3, 0x0105B1}, {0x0105B3, 0x0105B9}, {0x0105BB, 0x0105BC},
    {0x010C80, 0x010CB2}, {0x010CC0, 0x010CF2}, {0x010D50, 0x010D65}, {0x010D70, 0x010D85},
    {0x0118A0, 0x0118DF}, {0x016E40, 0x016E7F}, {0x01E900, 0x01E943}, {0x000041, 0x00005A},
    {0x0000C0, 0x0000D6}, {0x0000D8, 0x0000DE}, {0x000100, 0x000100}, {0x000102, 0x000102},
    {0x000104, 0x000104}, {0x000106, 0x000106}, {0x000108, 0x000108}, {0x00010A, 0x00010A},
    {0x00010C, 0x00010C}, {0x00010E, 0x00010E}, {0x000110, 0x000110}, {0x000112, 0x000112},
    {0x000114, 0x000114}, {0x000116, 0x000116}, {0x000118, 0x000118}, {0x00011A, 0x00011A},
    {0x00011C, 0x00011C}, {0x00011E, 0x00011E}, {0x000120, 0x000120}, {0x000122, 0x000122},
    {0x000124, 0x000124}, {0x000126, 0x000126}, {0x000128, 0x000128}, {0x00012A, 0x00012A},
    {0x00012C, 0x00012C}, {0x00012E, 0x00012E}, {0x000130, 0x000130}, {0x000132, 0x000132},
    {0x000134, 0x000134}, {0x000136, 0x000136}, {0x000139, 0x000139}, {0x00013B, 0x00013B},
    {0x00013D, 0x00013D}, {0x00013F, 0x00013F}, {0x000141, 0x000141}, {0x000143, 0x000143},
    {0x000145, 0x000145}, {0x000147, 0x000147}, {0x00014A, 0x00014A}, {0x00014C, 0x00014C},
    {0x00014E, 0x00014E}, {0x000150, 0x000150}, {0x000152, 0x000152}, {0x000154, 0x000154},
    {0x000156, 0x000156}, {0x000158, 0x000158}, {0x00015A, 0x00015A}, {0x00015C, 0x00015C},
    {0x00015E, 0x00015E}, {0x000160, 0x000160}, {0x000162, 0x000162}, {0x000164, 0x000164},
    {0x000166, 0x000166}, {0x000168, 0x000168}, {0x00016A, 0x00016A}, {0x00016C, 0x00016C},
    {0x00016E, 0x00016E}, {0x000170, 0x000170}, {0x000172, 0x000172}, {0x000174, 0x000174},
    {0x000176, 0x000176}, {0x000178, 0x000179}, {0x00017B, 0x00017B}, {0x00017D, 0x00017D},
    {0x000181, 0x000182}, {0x000184, 0x000184}, {0x000186, 0x000187}, {0x000189, 0x00018B},
    {0x00018E, 0x000191}, {0x000193, 0x000194}, {0x000196, 0x000198}, {0x00019C, 0x00019D},
    {0x00019F, 0x0001A0}, {0x0001A2, 0x0001A2}, {0x0001A4, 0x0001A4}, {0x0001A6, 0x0001A7},
    {0x0001A9, 0x0001A9}, {0x0001AC, 0x0001AC}, {0x0001AE, 0x0001AF}, {0x0001B1, 0x0001B3},
    {0x0001B5, 0x0001B5}, {0x0001B7, 0x0001B8}, {0x0001BC, 0x0001BC}, {0x0001C4, 0x0001C5},
    {0x0001C7, 0x0001C8}, {0x0001CA, 0x0001CB}, {0x0001CD, 0x0001CD}, {0x0001CF, 0x0001CF},
    {0x0001D1, 0x0001D1}, {0x0001D3, 0x0001D3}, {0x0001D5, 0x0001D5}, {0x0001D7, 0x0001D7},
    {0x0001D9, 0x0001D9}, {0x0001DB, 0x0001DB}, {0x0001DE, 0x0001DE}, {0x0001E0, 0x0001E0},
    {0x0001E2, 0x0001E2}, {0x0001E4, 0x0001E4}, {0x0001E6, 0x0001E6}, {0x0001E8, 0x0001E8},
    {0x0001EA, 0x0001EA}, {0x0001EC, 0x0001EC}, {0x0001EE, 0x0001EE}, {0x0001F1, 0x0001F2},
    {0x0001F4, 0x0001F4}, {0x0001F6, 0x0001F8}, {0x0001FA, 0x0001FA}, {0x0001FC, 0x0001FC},
    {0x0001FE, 0x0001FE}, {0x000200, 0x000200}, {0x000202, 0x000202}, {0x000204, 0x000204},
    {0x000206, 0x000206}, {0x000208, 0x000208}, {0x00020A, 0x00020A}, {0x00020C, 0x00020C},
    {0x00020E, 0x00020E}, {0x000210, 0x000210}, {0x000212, 0x000212}, {0x000214, 0x000214},
    {0x000216, 0x000216}, {0x000218, 0x000218}, {0x00021A, 0x00021A}, {0x00021C, 0x00021C},
    {0x00021E, 0x00021E}, {0x000220, 0x000220}, {0x000222, 0x000222}, {0x000224, 0x000224},
    {0x000226, 0x000226}, {0x000228, 0x000228}, {0x00022A, 0x00022A}, {0x00022C, 0x00022C},
    {0x00022E, 0x00022E}, {0x000230, 0x000230}, {0x000232, 0x000232}, {0x00023A, 0x00023B},
    {0x00023D, 0x00023E}, {0x000241, 0x000241}, {0x000243, 0x000246}, {0x000248, 0x000248},
    {0x00024A, 0x00024A}, {0x00024C, 0x00024C}, {0x00024E, 0x00024E}, {0x000370, 0x000370},
    {0x000372, 0x000372}, {0x000376, 0x000376}, {0x00037F, 0x00037F}, {0x000386, 0x000386},
    {0x000388, 0x00038A}, {0x00038C, 0x00038C}, {0x00038E, 0x00038F}, {0x000391, 0x0003A1},
    {0x0003A3, 0x0003AB}, {0x0003CF, 0x0003CF}, {0x0003D8, 0x0003D8}, {0x0003DA, 0x0003DA},
    {0x0003DC, 0x0003DC}, {0x0003DE, 0x0003DE}, {0x0003E0, 0x0003E0}, {0x0003E2, 0x0003E2},
    {0x0003E4, 0x0003E4}, {0x0003E6, 0x0003E6}, {0x0003E8, 0x0003E8}, {0x0003EA, 0x0003EA},
    {0x0003EC, 0x0003EC}, {0x0003EE, 0x0003EE}, {0x0003F4, 0x0003F4}, {0x0003F7, 0x0003F7},
    {0x0003F9, 0x0003FA}, {0x0003FD, 0x00042F}, {0x000460, 0x000460}, {0x000462, 0x000462},
    {0x000464, 0x000464}, {0x000466, 0x000466}, {0x000468, 0x000468}, {0x00046A, 0x00046A},
    {0x00046C, 0x00046C}, {0x00046E, 0x00046E}, {0x000470, 0x000470}, {0x000472, 0x000472},
    {0x000474, 0x000474}, {0x000476, 0x000476}, {0x000478, 0x000478}, {0x00047A, 0x00047A},
    {0x00047C, 0x00047C}, {0x00047E, 0x00047E}, {0x000480, 0x000480}, {0x00048A, 0x00048A},
    {0x00048C, 0x00048C}, {0x00048E, 0x00048E}, {0x000490, 0x000490}, {0x000492, 0x000492},
    {0x000494, 0x000494}, {0x000496, 0x000496}, {0x000498, 0x000498}, {0x00049A, 0x00049A},
    {0x00049C, 0x00049C}, {0x00049E, 0x00049E}, {0x0004A0, 0x0004A0}, {0x0004A2, 0x0004A2},
    {0x0004A4, 0x0004A4}, {0x0004A6, 0x0004A6}, {0x0004A8, 0x0004A8}, {0x0004AA, 0x0004AA},
    {0x0004AC, 0x0004AC}, {0x0004AE, 0x0004AE}, {0x0004B0, 0x0004B0}, {0x0004B2, 0x0004B2},
    {0x0004B4, 0x0004B4}, {0x0004B6, 0x0004B6}, {0x0004B8, 0x0004B8}, {0x0004BA, 0x0004BA},
    {0x0004BC, 0x0004BC}, {0x0004BE, 0x0004BE}, {0x0004C0, 0x0004C1}, {0x0004C3, 0x0004C3},
    {0x0004C5, 0x0004C5}, {0x0004C7, 0x0004C7}, {0x0004C9, 0x0004C9}, {0x0004CB, 0x0004CB},
    {0x0004CD, 0x0004CD}, {0x0004D0, 0x0004D0}, {0x0004D2, 0x0004D2}, {0x0004D4, 0x0004D4},
    {0x0004D6, 0x0004D6}, {0x0004D8, 0x0004D8}, {0x0004DA, 0x0004DA}, {0x0004DC, 0x0004DC},
    {0x0004DE, 0x0004DE}, {0x0004E0, 0x0004E0}, {0x0004E2, 0x0004E2}, {0x0004E4, 0x0004E4},
    {0x0004E6, 0x0004E6}, {0x0004E8, 0x0004E8}, {0x0004EA, 0x0004EA}, {0x0004EC, 0x0004EC},
    {0x0004EE, 0x0004EE}, {0x0004F0, 0x0004F0}, {0x0004F2, 0x0004F2}, {0x0004F4, 0x0004F4},
    {0x0004F6, 0x0004F6}, {0x0004F8, 0x0004F8}, {0x0004FA, 0x0004FA}, {0x0004FC, 0x0004FC},
    {0x0004FE, 0x0004FE}, {0x000500, 0x000500}, {0x000502, 0x000502}, {0x000504, 0x000504},
    {0x000506, 0x000506}, {0x000508, 0x000508}, {0x00050A, 0x00050A}, {0x00050C, 0x00050C},
    {0x00050E, 0x00050E}, {0x000510, 0x000510}, {0x000512, 0x000512}, {0x000514, 0x000514},
    {0x000516, 0x000516}, {0x000518, 0x000518}, {0x00051A, 0x00051A}, {0x00051C, 0x00051C},
    {0x00051E, 0x00051E}, {0x000520, 0x000520}, {0x000522, 0x000522}, {0x000524, 0x000524},
    {0x000526, 0x000526}, {0x000528, 0x000528}, {0x00052A, 0x00052A}, {0x00052C, 0x00052C},
    {0x00052E, 0x00052E}, {0x000531, 0x000556}, {0x0010A0, 0x0010C5}, {0x0010C7, 0x0010C7},
    {0x0010CD, 0x0010CD}, {0x0013A0, 0x0013F5}, {0x001C89, 0x001C89}, {0x001C90, 0x001CBA},
    {0x001CBD, 0x001CBF}, {0x001E00, 0x001E00}, {0x001E02, 0x001E02}, {0x001E04, 0x001E04},
    {0x001E06, 0x001E06}, {0x001E08, 0x001E08}, {0x001E0A, 0x001E0A}, {0x001E0C, 0x001E0C},
    {0x001E0E, 0x001E0E}, {0x001E10, 0x001E10}, {0x001E12, 0x001E12}, {0x001E14, 0x001E14},
    {0x001E16, 0x001E16}, {0x001E18, 0x001E18}, {0x001E1A, 0x001E1A}, {0x001E1C, 0x001E1C},
    {0x001E1E, 0x001E1E}, {0x001E20, 0x001E20}, {0x001E22, 0x001E22}, {0x001E24, 0x001E24},
    {0x001E26, 0x001E26}, {0x001E28, 0x001E28}, {0x001E2A, 0x001E2A}, {0x001E2C, 0x001E2C},
    {0x001E2E, 0x001E2E}, {0x001E30, 0x001E30}, {0x001E32, 0x001E32}, {0x001E34, 0x001E34},
    {0x001E36, 0x001E36}, {0x001E38, 0x001E38}, {0x001E3A, 0x001E3A}, {0x001E3C, 0x001E3C},
    {0x001E3E, 0x001E3E}, {0x001E40, 0x001E40}, {0x001E42, 0x001E42}, {0x001E44, 0x001E44},
    {0x001E46, 0x001E46}, {0x001E48, 0x001E48}, {0x001E4A, 0x001E4A}, {0x001E4C, 0x001E4C},
    {0x001E4E, 0x001E4E}, {0x001E50, 0x001E50}, {0x001E52, 0x001E52}, {0x001E54, 0x001E54},
    {0x001E56, 0x001E56}, {0x001E58, 0x001E58}, {0x001E5A, 0x001E5A}, {0x001E5C, 0x001E5C},
    {0x001E5E, 0x001E5E}, {0x001E60, 0x001E60}, {0x001E62, 0x001E62}, {0x001E64, 0x001E64},
    {0x001E66, 0x001E66}, {0x001E68, 0x001E68}, {0x001E6A, 0x001E6A}, {0x001E6C, 0x001E6C},
    {0x001E6E, 0x001E6E}, {0x001E70, 0x001E70}, {0x001E72, 0x001E72}, {0x001E74, 0x001E74},
    {0x001E76, 0x001E76}, {0x001E78, 0x001E78}, {0x001E7A, 0x001E7A}, {0x001E7C, 0x001E7C},
    {0x001E7E, 0x001E7E}, {0x001E80, 0x001E80}, {0x001E82, 0x001E82}, {0x001E84, 0x001E84},
    {0x001E86, 0x001E86}, {0x001E88, 0x001E88}, {0x001E8A, 0x001E8A}, {0x001E8C, 0x001E8C},
    {0x001E8E, 0x001E8E}, {0x001E90, 0x001E90}, {0x001E92, 0x001E92}, {0x001E94, 0x001E94},
    {0x001E9E, 0x001E9E}, {0x001EA0, 0x001EA0}, {0x001EA2, 0x001EA2}, {0x001EA4, 0x001EA4},
    {0x001EA6, 0x001EA6}, {0x001EA8, 0x001EA8}, {0x001EAA, 0x001EAA}, {0x001EAC, 0x001EAC},
    {0x001EAE, 0x001EAE}, {0x001EB0, 0x001EB0}, {0x001EB2, 0x001EB2}, {0x001EB4, 0x001EB4},
    {0x001EB6, 0x001EB6}, {0x001EB8, 0x001EB8}, {0x001EBA, 0x001EBA}, {0x001EBC, 0x001EBC},
    {0x001EBE, 0x001EBE}, {0x001EC0, 0x001EC0}, {0x001EC2, 0x001EC2}, {0x001EC4, 0x001EC4},
    {0x001EC6, 0x001EC6}, {0x001EC8, 0x001EC8}, {0x001ECA, 0x001ECA}, {0x001ECC, 0x001ECC},
    {0x001ECE, 0x001ECE}, {0x001ED0, 0x001ED0}, {0x001ED2, 0x001ED2}, {0x001ED4, 0x001ED4},
    {0x001ED6, 0x001ED6}, {0x001ED8, 0x001ED8}, {0x001EDA, 0x001EDA}, {0x001EDC, 0x001EDC},
    {0x001EDE, 0x001EDE}, {0x001EE0, 0x001EE0}, {0x001EE2, 0x001EE2}, {0x001EE4, 0x001EE4},
    {0x001EE6, 0x001EE6}, {0x001EE8, 0x001EE8}, {0x001EEA, 0x001EEA}, {0x001EEC, 0x001EEC},
    {0x001EEE, 0x001EEE}, {0x001EF0, 0x001EF0}, {0x001EF2, 0x001EF2}, {0x001EF4, 0x001EF4},
    {0x001EF6, 0x001EF6}, {0x001EF8, 0x001EF8}, {0x001EFA, 0x001EFA}, {0x001EFC, 0x001EFC},
    {0x001EFE, 0x001EFE}, {0x001F08, 0x001F0F}, {0x001F18, 0x001F1D}, {0x001F28, 0x001F2F},
    {0x001F38, 0x001F3F}, {0x001F48, 0x001F4D}, {0x001F59, 0x001F59}, {0x001F5B, 0x001F5B},
    {0x001F5D, 0x001F5D}, {0x001F5F, 0x001F5F}, {0x001F68, 0x001F6F}, {0x001F88, 0x001F8F},
    {0x001F98, 0x001F9F}, {0x001FA8, 0x001FAF}, {0x001FB8, 0x001FBC}, {0x001FC8, 0x001FCC},
    {0x001FD8, 0x001FDB}, {0x001FE8, 0x001FEC}, {0x001FF8, 0x001FFC}, {0x002126, 0x002126},
    {0x00212A, 0x00212B}, {0x002132, 0x002132}, {0x002160, 0x00216F}, {0x002183, 0x002183},
    {0x0024B6, 0x0024CF}, {0x002C00, 0x002C2F}, {0x002C60, 0x002C60}, {0x002C62, 0x002C64},
    {0x002C67, 0x002C67}, {0x002C69, 0x002C69}, {0x002C6B, 0x002C6B}, {0x002C6D, 0x002C70},
    {0x002C72, 0x002C72}, {0x002C75, 0x002C75}, {0x002C7E, 0x002C80}, {0x002C82, 0x002C82},
    {0x002C84, 0x002C84}, {0x002C86, 0x002C86}, {0x002C88, 0x002C88}, {0x002C8A, 0x002C8A},
    {0x002C8C, 0x002C8C}, {0x002C8E, 0x002C8E}, {0x002C90, 0x002C90}, {0x002C92, 0x002C92},
    {0x002C94, 0x002C94}, {0x002C96, 0x002C96}, {0x002C98, 0x002C98}, {0x002C9A, 0x002C9A},
    {0x002C9C, 0x002C9C}, {0x002C9E, 0x002C9E}, {0x002CA0, 0x002CA0}, {0x002CA2, 0x002CA2},
    {0x002CA4, 0x002CA4}, {0x002CA6, 0x002CA6}, {0x002CA8, 0x002CA8}, {0x002CAA, 0x002CAA},
    {0x002CAC, 0x002CAC}, {0x002CAE, 0x002CAE}, {0x002CB0, 0x002CB0}, {0x002CB2, 0x002CB2},
    {0x002CB4, 0x002CB4}, {0x002CB6, 0x002CB6}, {0x002CB8, 0x002CB8}, {0x002CBA, 0x002CBA},
    {0x002CBC, 0x002CBC}, {0x002CBE, 0x002CBE}, {0x002CC0, 0x002CC0}, {0x002CC2, 0x002CC2},
    {0x002CC4, 0x002CC4}, {0x002CC6, 0x002CC6}, {0x002CC8, 0x002CC8}, {0x002CCA, 0x002CCA},
    {0x002CCC, 0x002CCC}, {0x002CCE, 0x002CCE}, {0x002CD0, 0x002CD0}, {0x002CD2, 0x002CD2},
    {0x002CD4, 0x002CD4}, {0x002CD6, 0x002CD6}, {0x002CD8, 0x002CD8}, {0x002CDA, 0x002CDA},
    {0x002CDC, 0x002CDC}, {0x002CDE, 0x002CDE}, {0x002CE0, 0x002CE0}, {0x002CE2, 0x002CE2},
    {0x002CEB, 0x002CEB}, {0x002CED, 0x002CED}, {0x002CF2, 0x002CF2}, {0x00A640, 0x00A640},
    {0x00A642, 0x00A642}, {0x00A644, 0x00A644}, {0x00A646, 0x00A646}, {0x00A648, 0x00A648},
    {0x00A64A, 0x00A64A}, {0x00A64C, 0x00A64C}, {0x00A64E, 0x00A64E}, {0x00A650, 0x00A650},
    {0x00A652, 0x00A652}, {0x00A654, 0x00A654}, {0x00A656, 0x00A656}, {0x00A658, 0x00A658},
    {0x00A65A, 0x00A65A}, {0x00A65C, 0x00A65C}, {0x00A65E, 0x00A65E}, {0x00A660, 0x00A660},
    {0x00A662, 0x00A662}, {0x00A664, 0x00A664}, {0x00A666, 0x00A666}, {0x00A668, 0x00A668},
    {0x00A66A, 0x00A66A}, {0x00A66C, 0x00A66C}, {0x00A680, 0x00A680}, {0x00A682, 0x00A682},
    {0x00A684, 0x00A684}, {0x00A686, 0x00A686}, {0x00A688, 0x00A688}, {0x00A68A, 0x00A68A},
    {0x00A68C, 0x00A68C}, {0x00A68E, 0x00A68E}, {0x00A690, 0x00A690}, {0x00A692, 0x00A692},
    {0x00A694, 0x00A694}, {0x00A696, 0x00A696}, {0x00A698, 0x00A698}, {0x00A69A, 0x00A69A},
    {0x00A722, 0x00A722}, {0x00A724, 0x00A724}, {0x00A726, 0x00A726}, {0x00A728, 0x00A728},
    {0x00A72A, 0x00A72A}, {0x00A72C, 0x00A72C}, {0x00A72E, 0x00A72E}, {0x00A732, 0x00A732},
    {0x00A734, 0x00A734}, {0x00A736, 0x00A736}, {0x00A738, 0x00A738}, {0x00A73A, 0x00A73A},
    {0x00A73C, 0x00A73C}, {0x00A73E, 0x00A73E}, {0x00A740, 0x00A740}, {0x00A742, 0x00A742},
    {0x00A744, 0x00A744}, {0x00A746, 0x00A746}, {0x00A748, 0x00A748}, {0x00A74A, 0x00A74A},
    {0x00A74C, 0x00A74C}, {0x00A74E, 0x00A74E}, {0x00A750, 0x00A750}, {0x00A752, 0x00A752},
    {0x00A754, 0x00A754}, {0x00A756, 0x00A756}, {0x00A758, 0x00A758}, {0x00A75A, 0x00A75A},
    {0x00A75C, 0x00A75C}, {0x00A75E, 0x00A75E}, {0x00A760, 0x00A760}, {0x00A762, 0x00A762},
    {0x00A764, 0x00A764}, {0x00A766, 0x00A766}, {0x00A768, 0x00A768}, {0x00A76A, 0x00A76A},
    {0x00A76C, 0x00A76C}, {0x00A76E, 0x00A76E}, {0x00A779, 0x00A779}, {0x00A77B, 0x00A77B},
    {0x00A77D, 0x00A77E}, {0x00A780, 0x00A780}, {0x00A782, 0x00A782}, {0x00A784, 0x00A784},
    {0x00A786, 0x00A786}, {0x00A78B, 0x00A78B}, {0x00A78D, 0x00A78D}, {0x00A790, 0x00A790},
    {0x00A792, 0x00A792}, {0x00A796, 0x00A796}, {0x00A798, 0x00A798}, {0x00A79A, 0x00A79A},
    {0x00A79C, 0x00A79C}, {0x00A79E, 0x00A79E}, {0x00A7A0, 0x00A7A0}, {0x00A7A2, 0x00A7A2},
    {0x00A7A4, 0x00A7A4}, {0x00A7A6, 0x00A7A6}, {0x00A7A8, 0x00A7A8}, {0x00A7AA, 0x00A7AE},
    {0x00A7B0, 0x00A7B4}, {0x00A7B6, 0x00A7B6}, {0x00A7B8, 0x00A7B8}, {0x00A7BA, 0x00A7BA},
    {0x00A7BC, 0x00A7BC}, {0x00A7BE, 0x00A7BE}, {0x00A7C0, 0x00A7C0}, {0x00A7C2, 0x00A7C2},
    {0x00A7C4, 0x00A7C7}, {0x00A7C9, 0x00A7C9}, {0x00A7CB, 0x00A7CC}, {0x00A7D0, 0x00A7D0},
    {0x00A7D6, 0x00A7D6}, {0x00A7D8, 0x00A7D8}, {0x00A7DA, 0x00A7DA}, {0x00A7DC, 0x00A7DC},
    {0x00A7F5, 0x00A7F5}, {0x00FF21, 0x00FF3A}, {0x010400, 0x010427}, {0x0104B0, 0x0104D3},
    {0x010570, 0x01057A}, {0x01057C, 0x01058A}, {0x01058C, 0x010592}, {0x010594, 0x010595},
    {0x010C80, 0x010CB2}, {0x010D50, 0x010D65}, {0x0118A0, 0x0118BF}, {0x016E40, 0x016E5F},
    {0x01E900, 0x01E921}, {0x000061, 0x00007A}, {0x0000B5, 0x0000B5}, {0x0000DF, 0x0000F6},
    {0x0000F8, 0x0000FF}, {0x000101, 0x000101}, {0x000103, 0x000103}, {0x000105, 0x000105},
    {0x000107, 0x000107}, {0x000109, 0x000109}, {0x00010B, 0x00010B}, {0x00010D, 0x00010D},
    {0x00010F, 0x00010F}, {0x000111, 0x000111}, {0x000113, 0x000113}, {0x000115, 0x000115},
    {0x000117, 0x000117}, {0x000119, 0x000119}, {0x00011B, 0x00011B}, {0x00011D, 0x00011D},
    {0x00011F, 0x00011F}, {0x000121, 0x000121}, {0x000123, 0x000123}, {0x000125, 0x000125},
    {0x000127, 0x000127}, {0x000129, 0x000129}, {0x00012B, 0x00012B}, {0x00012D, 0x00012D},
    {0x00012F, 0x00012F}, {0x000131, 0x000131}, {0x000133, 0x000133}, {0x000135, 0x000135},
    {0x000137, 0x000137}, {0x00013A, 0x00013A}, {0x00013C, 0x00013C}, {0x00013E, 0x00013E},
    {0x000140, 0x000140}, {0x000142, 0x000142}, {0x000144, 0x000144}, {0x000146, 0x000146},
    {0x000148, 0x000149}, {0x00014B, 0x00014B}, {0x00014D, 0x00014D}, {0x00014F, 0x00014F},
    {0x000151, 0x000151}, {0x000153, 0x000153}, {0x000155, 0x000155}, {0x000157, 0x000157},
    {0x000159, 0x000159}, {0x00015B, 0x00015B}, {0x00015D, 0x00015D}, {0x00015F, 0x00015F},
    {0x000161, 0x000161}, {0x000163, 0x000163}, {0x000165, 0x000165}, {0x000167, 0x000167},
    {0x000169, 0x000169}, {0x00016B, 0x00016B}, {0x00016D, 0x00016D}, {0x00016F, 0x00016F},
    {0x000171, 0x000171}, {0x000173, 0x000173}, {0x000175, 0x000175}, {0x000177, 0x000177},
    {0x00017A, 0x00017A}, {0x00017C, 0x00017C}, {0x00017E, 0x000180}, {0x000183, 0x000183},
    {0x000185, 0x000185}, {0x000188, 0x000188}, {0x00018C, 0x00018C}, {0x000192, 0x000192},
    {0x000195, 0x000195}, {0x000199, 0x00019B}, {0x00019E, 0x00019E}, {0x0001A1, 0x0001A1},
    {0x0001A3, 0x0001A3}, {0x0001A5, 0x0001A5}, {0x0001A8, 0x0001A8}, {0x0001AD, 0x0001AD},
    {0x0001B0, 0x0001B0}, {0x0001B4, 0x0001B4}, {0x0001B6, 0x0001B6}, {0x0001B9, 0x0001B9},
    {0x0001BD, 0x0001BD}, {0x0001BF, 0x0001BF}, {0x0001C4, 0x0001C4}, {0x0001C6, 0x0001C7},
    {0x0001C9, 0x0001CA}, {0x0001CC, 0x0001CC}, {0x0001CE, 0x0001CE}, {0x0001D0, 0x0001D0},
    {0x0001D2, 0x0001D2}, {0x0001D4, 0x0001D4}, {0x0001D6, 0x0001D6}, {0x0001D8, 0x0001D8},
    {0x0001DA, 0x0001DA}, {0x0001DC, 0x0001DD}, {0x0001DF, 0x0001DF}, {0x0001E1, 0x0001E1},
    {0x0001E3, 0x0001E3}, {0x0001E5, 0x0001E5}, {0x0001E7, 0x0001E7}, {0x0001E9, 0x0001E9},
    {0x0001EB, 0x0001EB}, {0x0001ED, 0x0001ED}, {0x0001EF, 0x0001F1}, {0x0001F3, 0x0001F3},
    {0x0001F5, 0x0001F5}, {0x0001F9, 0x0001F9}, {0x0001FB, 0x0001FB}, {0x0001FD, 0x0001FD},
    {0x0001FF, 0x0001FF}, {0x000201, 0x000201}, {0x000203, 0x000203}, {0x000205, 0x000205},
    {0x000207, 0x000207}, {0x000209, 0x000209}, {0x00020B, 0x00020B}, {0x00020D, 0x00020D},
    {0x00020F, 0x00020F}, {0x000211, 0x000211}, {0x000213, 0x000213}, {0x000215, 0x000215},
    {0x000217, 0x000217}, {0x000219, 0x000219}, {0x00021B, 0x00021B}, {0x00021D, 0x00021D},
    {0x00021F, 0x00021F}, {0x000223, 0x000223}, {0x000225, 0x000225}, {0x000227, 0x000227},
    {0x000229, 0x000229}, {0x00022B, 0x00022B}, {0x00022D, 0x00022D}, {0x00022F, 0x00022F},
    {0x000231, 0x000231}, {0x000233, 0x000233}, {0x00023C, 0x00023C}, {0x00023F, 0x000240},
    {0x000242, 0x000242}, {0x000247, 0x000247}, {0x000249, 0x000249}, {0x00024B, 0x00024B},
    {0x00024D, 0x00024D}, {0x00024F, 0x000254}, {0x000256, 0x000257}, {0x000259, 0x000259},
    {0x00025B, 0x00025C}, {0x000260, 0x000261}, {0x000263, 0x000266}, {0x000268, 0x00026C},
    {0x00026F, 0x00026F}, {0x000271, 0x000272}, {0x000275, 0x000275}, {0x00027D, 0x00027D},
    {0x000280, 0x000280}, {0x000282, 0x000283}, {0x000287, 0x00028C}, {0x000292, 0x000292},
    {0x00029D, 0x00029E}, {0x000345, 0x000345}, {0x000371, 0x000371}, {0x000373, 0x000373},
    {0x000377, 0x000377}, {0x00037B, 0x00037D}, {0x000390, 0x000390}, {0x0003AC, 0x0003CE},
    {0x0003D0, 0x0003D1}, {0x0003D5, 0x0003D7}, {0x0003D9, 0x0003D9}, {0x0003DB, 0x0003DB},
    {0x0003DD, 0x0003DD}, {0x0003DF, 0x0003DF}, {0x0003E1, 0x0003E1}, {0x0003E3, 0x0003E3},
    {0x0003E5, 0x0003E5}, {0x0003E7, 0x0003E7}, {0x0003E9, 0x0003E9}, {0x0003EB, 0x0003EB},
    {0x0003ED, 0x0003ED}, {0x0003EF, 0x0003F3}, {0x0003F5, 0x0003F5}, {0x0003F8, 0x0003F8},
    {0x0003FB, 0x0003FB}, {0x000430, 0x00045F}, {0x000461, 0x000461}, {0x000463, 0x000463},
    {0x000465, 0x000465}, {0x000467, 0x000467}, {0x000469, 0x000469}, {0x00046B, 0x00046B},
    {0x00046D, 0x00046D}, {0x00046F, 0x00046F}, {0x000471, 0x000471}, {0x000473, 0x000473},
    {0x000475, 0x000475}, {0x000477, 0x000477}, {0x000479, 0x000479}, {0x00047B, 0x00047B},
    {0x00047D, 0x00047D}, {0x00047F, 0x00047F}, {0x000481, 0x000481}, {0x00048B, 0x00048B},
    {0x00048D, 0x00048D}, {0x00048F, 0x00048F}, {0x000491, 0x000491}, {0x000493, 0x000493},
    {0x000495, 0x000495}, {0x000497, 0x000497}, {0x000499, 0x000499}, {0x00049B, 0x00049B},
    {0x00049D, 0x00049D}, {0x00049F, 0x00049F}, {0x0004A1, 0x0004A1}, {0x0004A3, 0x0004A3},
    {0x0004A5, 0x0004A5}, {0x0004A7, 0x0004A7}, {0x0004A9, 0x0004A9}, {0x0004AB, 0x0004AB},
    {0x0004AD, 0x0004AD}, {0x0004AF, 0x0004AF}, {0x0004B1, 0x0004B1}, {0x0004B3, 0x0004B3},
    {0x0004B5, 0x0004B5}, {0x0004B7, 0x0004B7}, {0x0004B9, 0x0004B9}, {0x0004BB, 0x0004BB},
    {0x0004BD, 0x0004BD}, {0x0004BF, 0x0004BF}, {0x0004C2, 0x0004C2}, {0x0004C4, 0x0004C4},
    {0x0004C6, 0x0004C6}, {0x0004C8, 0x0004C8}, {0x0004CA, 0x0004CA}, {0x0004CC, 0x0004CC},
    {0x0004CE, 0x0004CF}, {0x0004D1, 0x0004D1}, {0x0004D3, 0x0004D3}, {0x0004D5, 0x0004D5},
    {0x0004D7, 0x0004D7}, {0x0004D9, 0x0004D9}, {0x0004DB, 0x0004DB}, {0x0004DD, 0x0004DD},
    {0x0004DF, 0x0004DF}, {0x0004E1, 0x0004E1}, {0x0004E3, 0x0004E3}, {0x0004E5, 0x0004E5},
    {0x0004E7, 0x0004E7}, {0x0004E9, 0x0004E9}, {0x0004EB, 0x0004EB}, {0x0004ED, 0x0004ED},
    {0x0004EF, 0x0004EF}, {0x0004F1, 0x0004F1}, {0x0004F3, 0x0004F3}, {0x0004F5, 0x0004F5},
    {0x0004F7, 0x0004F7}, {0x0004F9, 0x0004F9}, {0x0004FB, 0x0004FB}, {0x0004FD, 0x0004FD},
    {0x0004FF, 0x0004FF}, {0x000501, 0x000501}, {0x000503, 0x000503}, {0x000505, 0x000505},
    {0x000507, 0x000507}, {0x000509, 0x000509}, {0x00050B, 0x00050B}, {0x00050D, 0x00050D},
    {0x00050F, 0x00050F}, {0x000511, 0x000511}, {0x000513, 0x000513}, {0x000515, 0x000515},
    {0x000517, 0x000517}, {0x000519, 0x000519}, {0x00051B, 0x00051B}, {0x00051D, 0x00051D},
    {0x00051F, 0x00051F}, {0x000521, 0x000521}, {0x000523, 0x000523}, {0x000525, 0x000525},
    {0x000527, 0x000527}, {0x000529, 0x000529}, {0x00052B, 0x00052B}, {0x00052D, 0x00052D},
    {0x00052F, 0x00052F}, {0x000561, 0x000587}, {0x0013F8, 0x0013FD}, {0x001C80, 0x001C88},
    {0x001C8A, 0x001C8A}, {0x001D79, 0x001D79}, {0x001D7D, 0x001D7D}, {0x001D8E, 0x001D8E},
    {0x001E01, 0x001E01}, {0x001E03, 0x001E03}, {0x001E05, 0x001E05}, {0x001E07, 0x001E07},
    {0x001E09, 0x001E09}, {0x001E0B, 0x001E0B}, {0x001E0D, 0x001E0D}, {0x001E0F, 0x001E0F},
    {0x001E11, 0x001E11}, {0x001E13, 0x001E13}, {0x001E15, 0x001E15}, {0x001E17, 0x001E17},
    {0x001E19, 0x001E19}, {0x001E1B, 0x001E1B}, {0x001E1D, 0x001E1D}, {0x001E1F, 0x001E1F},
    {0x001E21, 0x001E21}, {0x001E23, 0x001E23}, {0x001E25, 0x001E25}, {0x001E27, 0x001E27},
    {0x001E29, 0x001E29}, {0x001E2B, 0x001E2B}, {0x001E2D, 0x001E2D}, {0x001E2F, 0x001E2F},
    {0x001E31, 0x001E31}, {0x001E33, 0x001E33}, {0x001E35, 0x001E35}, {0x001E37, 0x001E37},
    {0x001E39, 0x001E39}, {0x001E3B, 0x001E3B}, {0x001E3D, 0x001E3D}, {0x001E3F, 0x001E3F},
    {0x001E41, 0x001E41}, {0x001E43, 0x001E43}, {0x001E45, 0x001E45}, {0x001E47, 0x001E47},
    {0x001E49, 0x001E49}, {0x001E4B, 0x001E4B}, {0x001E4D, 0x001E4D}, {0x001E4F, 0x001E4F},
    {0x001E51, 0x001E51}, {0x001E53, 0x001E53}, {0x001E55, 0x001E55}, {0x001E57, 0x001E57},
    {0x001E59, 0x001E59}, {0x001E5B, 0x001E5B}, {0x001E5D, 0x001E5D}, {0x001E5F, 0x001E5F},
    {0x001E61, 0x001E61}, {0x001E63, 0x001E63}, {0x001E65, 0x001E65}, {0x001E67, 0x001E67},
    {0x001E69, 0x001E69}, {0x001E6B, 0x001E6B}, {0x001E6D, 0x001E6D}, {0x001E6F, 0x001E6F},
    {0x001E71, 0x001E71}, {0x001E73, 0x001E73}, {0x001E75, 0x001E75}, {0x001E77, 0x001E77},
    {0x001E79, 0x001E79}, {0x001E7B, 0x001E7B}, {0x001E7D, 0x001E7D}, {0x001E7F, 0x001E7F},
    {0x001E81, 0x001E81}, {0x001E83, 0x001E83}, {0x001E85, 0x001E85}, {0x001E87, 0x001E87},
    {0x001E89, 0x001E89}, {0x001E8B, 0x001E8B}, {0x001E8D, 0x001E8D}, {0x001E8F, 0x001E8F},
    {0x001E91, 0x001E91}, {0x001E93, 0x001E93}, {0x001E95, 0x001E9B}, {0x001EA1, 0x001EA1},
    {0x001EA3, 0x001EA3}, {0x001EA5, 0x001EA5}, {0x001EA7, 0x001EA7}, {0x001EA9, 0x001EA9},
    {0x001EAB, 0x001EAB}, {0x001EAD, 0x001EAD}, {0x001EAF, 0x001EAF}, {0x001EB1, 0x001EB1},
    {0x001EB3, 0x001EB3}, {0x001EB5, 0x001EB5}, {0x001EB7, 0x001EB7}, {0x001EB9, 0x001EB9},
    {0x001EBB, 0x001EBB}, {0x001EBD, 0x001EBD}, {0x001EBF, 0x001EBF}, {0x001EC1, 0x001EC1},
    {0x001EC3, 0x001EC3}, {0x001EC5, 0x001EC5}, {0x001EC7, 0x001EC7}, {0x001EC9, 0x001EC9},
    {0x001ECB, 0x001ECB}, {0x001ECD, 0x001ECD}, {0x001ECF, 0x001ECF}, {0x001ED1, 0x001ED1},
    {0x001ED3, 0x001ED3}, {0x001ED5, 0x001ED5}, {0x001ED7, 0x001ED7}, {0x001ED9, 0x001ED9},
    {0x001EDB, 0x001EDB}, {0x001EDD, 0x001EDD}, {0x001EDF, 0x001EDF}, {0x001EE1, 0x001EE1},
    {0x001EE3, 0x001EE3}, {0x001EE5, 0x001EE5}, {0x001EE7, 0x001EE7}, {0x001EE9, 0x001EE9},
    {0x001EEB, 0x001EEB}, {0x001EED, 0x001EED}, {0x001EEF, 0x001EEF}, {0x001EF1, 0x001EF1},
    {0x001EF3, 0x001EF3}, {0x001EF5, 0x001EF5}, {0x001EF7, 0x001EF7}, {0x001EF9, 0x001EF9},
    {0x001EFB, 0x001EFB}, {0x001EFD, 0x001EFD}, {0x001EFF, 0x001F07}, {0x001F10, 0x001F15},
    {0x001F20, 0x001F27}, {0x001F30, 0x001F37}, {0x001F40, 0x001F45}, {0x001F50, 0x001F57},
    {0x001F60, 0x001F67}, {0x001F70, 0x001F7D}, {0x001F80, 0x001F87}, {0x001F90, 0x001F97},
    {0x001FA0, 0x001FA7}, {0x001FB0, 0x001FB4}, {0x001FB6, 0x001FB7}, {0x001FBE, 0x001FBE},
    {0x001FC2, 0x001FC4}, {0x001FC6, 0x001FC7}, {0x001FD0, 0x001FD3}, {0x001FD6, 0x001FD7},
    {0x001FE0, 0x001FE7}, {0x001FF2, 0x001FF4}, {0x001FF6, 0x001FF7}, {0x00214E, 0x00214E},
    {0x002170, 0x00217F}, {0x002184, 0x002184}, {0x0024D0, 0x0024E9}, {0x002C30, 0x002C5F},
    {0x002C61, 0x002C61}, {0x002C65, 0x002C66}, {0x002C68, 0x002C68}, {0x002C6A, 0x002C6A},
    {0x002C6C, 0x002C6C}, {0x002C73, 0x002C73}, {0x002C76, 0x002C76}, {0x002C81, 0x002C81},
    {0x002C83, 0x002C83}, {0x002C85, 0x002C85}, {0x002C87, 0x002C87}, {0x002C89, 0x002C89},
    {0x002C8B, 0x002C8B}, {0x002C8D, 0x002C8D}, {0x002C8F, 0x002C8F}, {0x002C91, 0x002C91},
    {0x002C93, 0x002C93}, {0x002C95, 0x002C95}, {0x002C97, 0x002C97}, {0x002C99, 0x002C99},
    {0x002C9B, 0x002C9B}, {0x002C9D, 0x002C9D}, {0x002C9F, 0x002C9F}, {0x002CA1, 0x002CA1},
    {0x002CA3, 0x002CA3}, {0x002CA5, 0x002CA5}, {0x002CA7, 0x002CA7}, {0x002CA9, 0x002CA9},
    {0x002CAB, 0x002CAB}, {0x002CAD, 0x002CAD}, {0x002CAF, 0x002CAF}, {0x002CB1, 0x002CB1},
    {0x002CB3, 0x002CB3}, {0x002CB5, 0x002CB5}, {0x002CB7, 0x002CB7}, {0x002CB9, 0x002CB9},
    {0x002CBB, 0x002CBB}, {0x002CBD, 0x002CBD}, {0x002CBF, 0x002CBF}, {0x002CC1, 0x002CC1},
    {0x002CC3, 0x002CC3}, {0x002CC5, 0x002CC5}, {0x002CC7, 0x002CC7}, {0x002CC9, 0x002CC9},
    {0x002CCB, 0x002CCB}, {0x002CCD, 0x002CCD}, {0x002CCF, 0x002CCF}, {0x002CD1, 0x002CD1},
    {0x002CD3, 0x002CD3}, {0x002CD5, 0x002CD5}, {0x002CD7, 0x002CD7}, {0x002CD9, 0x002CD9},
    {0x002CDB, 0x002CDB}, {0x002CDD, 0x002CDD}, {0x002CDF, 0x002CDF}, {0x002CE1, 0x002CE1},
    {0x002CE3, 0x002CE3}, {0x002CEC, 0x002CEC}, {0x002CEE, 0x002CEE}, {0x002CF3, 0x002CF3},
    {0x002D00, 0x002D25}, {0x002D27, 0x002D27}, {0x002D2D, 0x002D2D}, {0x00A641, 0x00A641},
    {0x00A643, 0x00A643}, {0x00A645, 0x00A645}, {0x00A647, 0x00A647}, {0x00A649, 0x00A649},
    {0x00A64B, 0x00A64B}, {0x00A64D, 0x00A64D}, {0x00A64F, 0x00A64F}, {0x00A651, 0x00A651},
    {0x00A653, 0x00A653}, {0x00A655, 0x00A655}, {0x00A657, 0x00A657}, {0x00A659, 0x00A659},
    {0x00A65B, 0x00A65B}, {0x00A65D, 0x00A65D}, {0x00A65F, 0x00A65F}, {0x00A661, 0x00A661},
    {0x00A663, 0x00A663}, {0x00A665, 0x00A665}, {0x00A667, 0x00A667}, {0x00A669, 0x00A669},
    {0x00A66B, 0x00A66B}, {0x00A66D, 0x00A66D}, {0x00A681, 0x00A681}, {0x00A683, 0x00A683},
    {0x00A685, 0x00A685}, {0x00A687, 0x00A687}, {0x00A689, 0x00A689}, {0x00A68B, 0x00A68B},
    {0x00A68D, 0x00A68D}, {0x00A68F, 0x00A68F}, {0x00A691, 0x00A691}, {0x00A693, 0x00A693},
    {0x00A695, 0x00A695}, {0x00A697, 0x00A697}, {0x00A699, 0x00A699}, {0x00A69B, 0x00A69B},
    {0x00A723, 0x00A723}, {0x00A725, 0x00A725}, {0x00A727, 0x00A727}, {0x00A729, 0x00A729},
    {0x00A72B, 0x00A72B}, {0x00A72D, 0x00A72D}, {0x00A72F, 0x00A72F}, {0x00A733, 0x00A733},
    {0x00A735, 0x00A735}, {0x00A737, 0x00A737}, {0x00A739, 0x00A739}, {0x00A73B, 0x00A73B},
    {0x00A73D, 0x00A73D}, {0x00A73F, 0x00A73F}, {0x00A741, 0x00A741}, {0x00A743, 0x00A743},
    {0x00A745, 0x00A745}, {0x00A747, 0x00A747}, {0x00A749, 0x00A749}, {0x00A74B, 0x00A74B},
    {0x00A74D, 0x00A74D}, {0x00A74F, 0x00A74F}, {0x00A751, 0x00A751}, {0x00A753, 0x00A753},
    {0x00A755, 0x00A755}, {0x00A757, 0x00A757}, {0x00A759, 0x00A759}, {0x00A75B, 0x00A75B},
    {0x00A75D, 0x00A75D}, {0x00A75F, 0x00A75F}, {0x00A761, 0x00A761}, {0x00A763, 0x00A763},
    {0x00A765, 0x00A765}, {0x00A767, 0x00A767}, {0x00A769, 0x00A769}, {0x00A76B, 0x00A76B},
    {0x00A76D, 0x00A76D}, {0x00A76F, 0x00A76F}, {0x00A77A, 0x00A77A}, {0x00A77C, 0x00A77C},
    {0x00A77F, 0x00A77F}, {0x00A781, 0x00A781}, {0x00A783, 0x00A783}, {0x00A785, 0x00A785},
    {0x00A787, 0x00A787}, {0x00A78C, 0x00A78C}, {0x00A791, 0x00A791}, {0x00A793, 0x00A794},
    {0x00A797, 0x00A797}, {0x00A799, 0x00A799}, {0x00A79B, 0x00A79B}, {0x00A79D, 0x00A79D},
    {0x00A79F, 0x00A79F}, {0x00A7A1, 0x00A7A1}, {0x00A7A3, 0x00A7A3}, {0x00A7A5, 0x00A7A5},
    {0x00A7A7, 0x00A7A7}, {0x00A7A9, 0x00A7A9}, {0x00A7B5, 0x00A7B5}, {0x00A7B7, 0x00A7B7},
    {0x00A7B9, 0x00A7B9}, {0x00A7BB, 0x00A7BB}, {0x00A7BD, 0x00A7BD}, {0x00A7BF, 0x00A7BF},
    {0x00A7C1, 0x00A7C1}, {0x00A7C3, 0x00A7C3}, {0x00A7C8, 0x00A7C8}, {0x00A7CA, 0x00A7CA},
    {0x00A7CD, 0x00A7CD}, {0x00A7D1, 0x00A7D1}, {0x00A7D7, 0x00A7D7}, {0x00A7D9, 0x00A7D9},
    {0x00A7DB, 0x00A7DB}, {0x00A7F6, 0x00A7F6}, {0x00AB53, 0x00AB53}, {0x00AB70, 0x00ABBF},
    {0x00FB00, 0x00FB06}, {0x00FB13, 0x00FB17}, {0x00FF41, 0x00FF5A}, {0x010428, 0x01044F},
    {0x0104D8, 0x0104FB}, {0x010597, 0x0105A1}, {0x0105A3, 0x0105B1}, {0x0105B3, 0x0105B9},
    {0x0105BB, 0x0105BC}, {0x010CC0, 0x010CF2}, {0x010D70, 0x010D85}, {0x0118C0, 0x0118DF},
    {0x016E60, 0x016E7F}, {0x01E922, 0x01E943}, {0x000061, 0x00007A}, {0x0000B5, 0x0000B5},
    {0x0000DF, 0x0000F6}, {0x0000F8, 0x0000FF}, {0x000101, 0x000101}, {0x000103, 0x000103},
    {0x000105, 0x000105}, {0x000107, 0x000107}, {0x000109, 0x000109}, {0x00010B, 0x00010B},
    {0x00010D, 0x00010D}, {0x00010F, 0x00010F}, {0x000111, 0x000111}, {0x000113, 0x000113},
    {0x000115, 0x000115}, {0x000117, 0x000117}, {0x000119, 0x000119}, {0x00011B, 0x00011B},
    {0x00011D, 0x00011D}, {0x00011F, 0x00011F}, {0x000121, 0x000121}, {0x000123, 0x000123},
    {0x000125, 0x000125}, {0x000127, 0x000127}, {0x000129, 0x000129}, {0x00012B, 0x00012B},
    {0x00012D, 0x00012D}, {0x00012F, 0x00012F}, {0x000131, 0x000131}, {0x000133, 0x000133},
    {0x000135, 0x000135}, {0x000137, 0x000137}, {0x00013A, 0x00013A}, {0x00013C, 0x00013C},
    {0x00013E, 0x00013E}, {0x000140, 0x000140}, {0x000142, 0x000142}, {0x000144, 0x000144},
    {0x000146, 0x000146}, {0x000148, 0x000149}, {0x00014B, 0x00014B}, {0x00014D, 0x00014D},
    {0x00014F, 0x00014F}, {0x000151, 0x000151}, {0x000153, 0x000153}, {0x000155, 0x000155},
    {0x000157, 0x000157}, {0x000159, 0x000159}, {0x00015B, 0x00015B}, {0x00015D, 0x00015D},
    {0x00015F, 0x00015F}, {0x000161, 0x000161}, {0x000163, 0x000163}, {0x000165, 0x000165},
    {0x000167, 0x000167}, {0x000169, 0x000169}, {0x00016B, 0x00016B}, {0x00016D, 0x00016D},
    {0x00016F, 0x00016F}, {0x000171, 0x000171}, {0x000173, 0x000173}, {0x000175, 0x000175},
    {0x000177, 0x000177}, {0x00017A, 0x00017A}, {0x00017C, 0x00017C}, {0x00017E, 0x000180},
    {0x000183, 0x000183}, {0x000185, 0x000185}, {0x000188, 0x000188}, {0x00018C, 0x00018C},
    {0x000192, 0x000192}, {0x000195, 0x000195}, {0x000199, 0x00019B}, {0x00019E, 0x00019E},
    {0x0001A1, 0x0001A1}, {0x0001A3, 0x0001A3}, {0x0001A5, 0x0001A5}, {0x0001A8, 0x0001A8},
    {0x0001AD, 0x0001AD}, {0x0001B0, 0x0001B0}, {0x0001B4, 0x0001B4}, {0x0001B6, 0x0001B6},
    {0x0001B9, 0x0001B9}, {0x0001BD, 0x0001BD}, {0x0001BF, 0x0001BF}, {0x0001C5, 0x0001C6},
    {0x0001C8, 0x0001C9}, {0x0001CB, 0x0001CC}, {0x0001CE, 0x0001CE}, {0x0001D0, 0x0001D0},
    {0x0001D2, 0x0001D2}, {0x0001D4, 0x0001D4}, {0x0001D6, 0x0001D6}, {0x0001D8, 0x0001D8},
    {0x0001DA, 0x0001DA}, {0x0001DC, 0x0001DD}, {0x0001DF, 0x0001DF}, {0x0001E1, 0x0001E1},
    {0x0001E3, 0x0001E3}, {0x0001E5, 0x0001E5}, {0x0001E7, 0x0001E7}, {0x0001E9, 0x0001E9},
    {0x0001EB, 0x0001EB}, {0x0001ED, 0x0001ED}, {0x0001EF, 0x0001F0}, {0x0001F2, 0x0001F3},
    {0x0001F5, 0x0001F5}, {0x0001F9, 0x0001F9}, {0x0001FB, 0x0001FB}, {0x0001FD, 0x0001FD},
    {0x0001FF, 0x0001FF}, {0x000201, 0x000201}, {0x000203, 0x000203}, {0x000205, 0x000205},
    {0x000207, 0x000207}, {0x000209, 0x000209}, {0x00020B, 0x00020B}, {0x00020D, 0x00020D},
    {0x00020F, 0x00020F}, {0x000211, 0x000211}, {0x000213, 0x000213}, {0x000215, 0x000215},
    {0x000217, 0x000217}, {0x000219, 0x000219}, {0x00021B, 0x00021B}, {0x00021D, 0x00021D},
    {0x00021F, 0x00021F}, {0x000223, 0x000223}, {0x000225, 0x000225}, {0x000227, 0x000227},
    {0x000229, 0x000229}, {0x00022B, 0x00022B}, {0x00022D, 0x00022D}, {0x00022F, 0x00022F},
    {0x000231, 0x000231}, {0x000233, 0x000233}, {0x00023C, 0x00023C}, {0x00023F, 0x000240},
    {0x000242, 0x000242}, {0x000247, 0x000247}, {0x000249, 0x000249}, {0x00024B, 0x00024B},
    {0x00024D, 0x00024D}, {0x00024F, 0x000254}, {0x000256, 0x000257}, {0x000259, 0x000259},
    {0x00025B, 0x00025C}, {0x000260, 0x000261}, {0x000263, 0x000266}, {0x000268, 0x00026C},
    {0x00026F, 0x00026F}, {0x000271, 0x000272}, {0x000275, 0x000275}, {0x00027D, 0x00027D},
    {0x000280, 0x000280}, {0x000282, 0x000283}, {0x000287, 0x00028C}, {0x000292, 0x000292},
    {0x00029D, 0x00029E}, {0x000345, 0x000345}, {0x000371, 0x000371}, {0x000373, 0x000373},
    {0x000377, 0x000377}, {0x00037B, 0x00037D}, {0x000390, 0x000390}, {0x0003AC, 0x0003CE},
    {0x0003D0, 0x0003D1}, {0x0003D5, 0x0003D7}, {0x0003D9, 0x0003D9}, {0x0003DB, 0x0003DB},
    {0x0003DD, 0x0003DD}, {0x0003DF, 0x0003DF}, {0x0003E1, 0x0003E1}, {0x0003E3, 0x0003E3},
    {0x0003E5, 0x0003E5}, {0x0003E7, 0x0003E7}, {0x0003E9, 0x0003E9}, {0x0003EB, 0x0003EB},
    {0x0003ED, 0x0003ED}, {0x0003EF, 0x0003F3}, {0x0003F5, 0x0003F5}, {0x0003F8, 0x0003F8},
    {0x0003FB, 0x0003FB}, {0x000430, 0x00045F}, {0x000461, 0x000461}, {0x000463, 0x000463},
    {0x000465, 0x000465}, {0x000467, 0x000467}, {0x000469, 0x000469}, {0x00046B, 0x00046B},
    {0x00046D, 0x00046D}, {0x00046F, 0x00046F}, {0x000471, 0x000471}, {0x000473, 0x000473},
    {0x000475, 0x000475}, {0x000477, 0x000477}, {0x000479, 0x000479}, {0x00047B, 0x00047B},
    {0x00047D, 0x00047D}, {0x00047F, 0x00047F}, {0x000481, 0x000481}, {0x00048B, 0x00048B},
    {0x00048D, 0x00048D}, {0x00048F, 0x00048F}, {0x000491, 0x000491}, {0x000493, 0x000493},
    {0x000495, 0x000495}, {0x000497, 0x000497}, {0x000499, 0x000499}, {0x00049B, 0x00049B},
    {0x00049D, 0x00049D}, {0x00049F, 0x00049F}, {0x0004A1, 0x0004A1}, {0x0004A3, 0x0004A3},
    {0x0004A5, 0x0004A5}, {0x0004A7, 0x0004A7}, {0x0004A9, 0x0004A9}, {0x0004AB, 0x0004AB},
    {0x0004AD, 0x0004AD}, {0x0004AF, 0x0004AF}, {0x0004B1, 0x0004B1}, {0x0004B3, 0x0004B3},
    {0x0004B5, 0x0004B5}, {0x0004B7, 0x0004B7}, {0x0004B9, 0x0004B9}, {0x0004BB, 0x0004BB},
    {0x0004BD, 0x0004BD}, {0x0004BF, 0x0004BF}, {0x0004C2, 0x0004C2}, {0x0004C4, 0x0004C4},
    {0x0004C6, 0x0004C6}, {0x0004C8, 0x0004C8}, {0x0004CA, 0x0004CA}, {0x0004CC, 0x0004CC},
    {0x0004CE, 0x0004CF}, {0x0004D1, 0x0004D1}, {0x0004D3, 0x0004D3}, {0x0004D5, 0x0004D5},
    {0x0004D7, 0x0004D7}, {0x0004D9, 0x0004D9}, {0x0004DB, 0x0004DB}, {0x0004DD, 0x0004DD},
    {0x0004DF, 0x0004DF}, {0x0004E1, 0x0004E1}, {0x0004E3, 0x0004E3}, {0x0004E5, 0x0004E5},
    {0x0004E7, 0x0004E7}, {0x0004E9, 0x0004E9}, {0x0004EB, 0x0004EB}, {0x0004ED, 0x0004ED},
    {0x0004EF, 0x0004EF}, {0x0004F1, 0x0004F1}, {0x0004F3, 0x0004F3}, {0x0004F5, 0x0004F5},
    {0x0004F7, 0x0004F7}, {0x0004F9, 0x0004F9}, {0x0004FB, 0x0004FB}, {0x0004FD, 0x0004FD},
    {0x0004FF, 0x0004FF}, {0x000501, 0x000501}, {0x000503, 0x000503}, {0x000505, 0x000505},
    {0x000507, 0x000507}, {0x000509, 0x000509}, {0x00050B, 0x00050B}, {0x00050D, 0x00050D},
    {0x00050F, 0x00050F}, {0x000511, 0x000511}, {0x000513, 0x000513}, {0x000515, 0x000515},
    {0x000517, 0x000517}, {0x000519, 0x000519}, {0x00051B, 0x00051B}, {0x00051D, 0x00051D},
    {0x00051F, 0x00051F}, {0x000521, 0x000521}, {0x000523, 0x000523}, {0x000525, 0x000525},
    {0x000527, 0x000527}, {0x000529, 0x000529}, {0x00052B, 0x00052B}, {0x00052D, 0x00052D},
    {0x00052F, 0x00052F}, {0x000561, 0x000587}, {0x0010D0, 0x0010FA}, {0x0010FD, 0x0010FF},
    {0x0013F8, 0x0013FD}, {0x001C80, 0x001C88}, {0x001C8A, 0x001C8A}, {0x001D79, 0x001D79},
    {0x001D7D, 0x001D7D}, {0x001D8E, 0x001D8E}, {0x001E01, 0x001E01}, {0x001E03, 0x001E03},
    {0x001E05, 0x001E05}, {0x001E07, 0x001E07}, {0x001E09, 0x001E09}, {0x001E0B, 0x001E0B},
    {0x001E0D, 0x001E0D}, {0x001E0F, 0x001E0F}, {0x001E11, 0x001E11}, {0x001E13, 0x001E13},
    {0x001E15, 0x001E15}, {0x001E17, 0x001E17}, {0x001E19, 0x001E19}, {0x001E1B, 0x001E1B},
    {0x001E1D, 0x001E1D}, {0x001E1F, 0x001E1F}, {0x001E21, 0x001E21}, {0x001E23, 0x001E23},
    {0x001E25, 0x001E25}, {0x001E27, 0x001E27}, {0x001E29, 0x001E29}, {0x001E2B, 0x001E2B},
    {0x001E2D, 0x001E2D}, {0x001E2F, 0x001E2F}, {0x001E31, 0x001E31}, {0x001E33, 0x001E33},
    {0x001E35, 0x001E35}, {0x001E37, 0x001E37}, {0x001E39, 0x001E39}, {0x001E3B, 0x001E3B},
    {0x001E3D, 0x001E3D}, {0x001E3F, 0x001E3F}, {0x001E41, 0x001E41}, {0x001E43, 0x001E43},
    {0x001E45, 0x001E45}, {0x001E47, 0x001E47}, {0x001E49, 0x001E49}, {0x001E4B, 0x001E4B},
    {0x001E4D, 0x001E4D}, {0x001E4F, 0x001E4F}, {0x001E51, 0x001E51}, {0x001E53, 0x001E53},
    {0x001E55, 0x001E55}, {0x001E57, 0x001E57}, {0x001E59, 0x001E59}, {0x001E5B, 0x001E5B},
    {0x001E5D, 0x001E5D}, {0x001E5F, 0x001E5F}, {0x001E61, 0x001E61}, {0x001E63, 0x001E63},
    {0x001E65, 0x001E65}, {0x001E67, 0x001E67}, {0x001E69, 0x001E69}, {0x001E6B, 0x001E6B},
    {0x001E6D, 0x001E6D}, {0x001E6F, 0x001E6F}, {0x001E71, 0x001E71}, {0x001E73, 0x001E73},
    {0x001E75, 0x001E75}, {0x001E77, 0x001E77}, {0x001E79, 0x001E79}, {0x001E7B, 0x001E7B},
    {0x001E7D, 0x001E7D}, {0x001E7F, 0x001E7F}, {0x001E81, 0x001E81}, {0x001E83, 0x001E83},
    {0x001E85, 0x001E85}, {0x001E87, 0x001E87}, {0x001E89, 0x001E89}, {0x001E8B, 0x001E8B},
    {0x001E8D, 0x001E8D}, {0x001E8F, 0x001E8F}, {0x001E91, 0x001E91}, {0x001E93, 0x001E93},
    {0x001E95, 0x001E9B}, {0x001EA1, 0x001EA1}, {0x001EA3, 0x001EA3}, {0x001EA5, 0x001EA5},
    {0x001EA7, 0x001EA7}, {0x001EA9, 0x001EA9}, {0x001EAB, 0x001EAB}, {0x001EAD, 0x001EAD},
    {0x001EAF, 0x001EAF}, {0x001EB1, 0x001EB1}, {0x001EB3, 0x001EB3}, {0x001EB5, 0x001EB5},
    {0x001EB7, 0x001EB7}, {0x001EB9, 0x001EB9}, {0x001EBB, 0x001EBB}, {0x001EBD, 0x001EBD},
    {0x001EBF, 0x001EBF}, {0x001EC1, 0x001EC1}, {0x001EC3, 0x001EC3}, {0x001EC5, 0x001EC5},
    {0x001EC7, 0x001EC7}, {0x001EC9, 0x001EC9}, {0x001ECB, 0x001ECB}, {0x001ECD, 0x001ECD},
    {0x001ECF, 0x001ECF}, {0x001ED1, 0x001ED1}, {0x001ED3, 0x001ED3}, {0x001ED5, 0x001ED5},
    {0x001ED7, 0x001ED7}, {0x001ED9, 0x001ED9}, {0x001EDB, 0x001EDB}, {0x001EDD, 0x001EDD},
    {0x001EDF, 0x001EDF}, {0x001EE1, 0x001EE1}, {0x001EE3, 0x001EE3}, {0x001EE5, 0x001EE5},
    {0x001EE7, 0x001EE7}, {0x001EE9, 0x001EE9}, {0x001EEB, 0x001EEB}, {0x001EED, 0x001EED},
    {0x001EEF, 0x001EEF}, {0x001EF1, 0x001EF1}, {0x001EF3, 0x001EF3}, {0x001EF5, 0x001EF5},
    {0x001EF7, 0x001EF7}, {0x001EF9, 0x001EF9}, {0x001EFB, 0x001EFB}, {0x001EFD, 0x001EFD},
    {0x001EFF, 0x001F07}, {0x001F10, 0x001F15}, {0x001F20, 0x001F27}, {0x001F30, 0x001F37},
    {0x001F40, 0x001F45}, {0x001F50, 0x001F57}, {0x001F60, 0x001F67}, {0x001F70, 0x001F7D},
    {0x001F80, 0x001FB4}, {0x001FB6, 0x001FB7}, {0x001FBC, 0x001FBC}, {0x001FBE, 0x001FBE},
    {0x001FC2, 0x001FC4}, {0x001FC6, 0x001FC7}, {0x001FCC, 0x001FCC}, {0x001FD0, 0x001FD3},
    {0x001FD6, 0x001FD7}, {0x001FE0, 0x001FE7}, {0x001FF2, 0x001FF4}, {0x001FF6, 0x001FF7},
    {0x001FFC, 0x001FFC}, {0x00214E, 0x00214E}, {0x002170, 0x00217F}, {0x002184, 0x002184},
    {0x0024D0, 0x0024E9}, {0x002C30, 0x002C5F}, {0x002C61, 0x002C61}, {0x002C65, 0x002C66},
    {0x002C68, 0x002C68}, {0x002C6A, 0x002C6A}, {0x002C6C, 0x002C6C}, {0x002C73, 0x002C73},
    {0x002C76, 0x002C76}, {0x002C81, 0x002C81}, {0x002C83, 0x002C83}, {0x002C85, 0x002C85},
    {0x002C87, 0x002C87}, {0x002C89, 0x002C89}, {0x002C8B, 0x002C8B}, {0x002C8D, 0x002C8D},
    {0x002C8F, 0x002C8F}, {0x002C91, 0x002C91}, {0x002C93, 0x002C93}, {0x002C95, 0x002C95},
    {0x002C97, 0x002C97}, {0x002C99, 0x002C99}, {0x002C9B, 0x002C9B}, {0x002C9D, 0x002C9D},
    {0x002C9F, 0x002C9F}, {0x002CA1, 0x002CA1}, {0x002CA3, 0x002CA3}, {0x002CA5, 0x002CA5},
    {0x002CA7, 0x002CA7}, {0x002CA9, 0x002CA9}, {0x002CAB, 0x002CAB}, {0x002CAD, 0x002CAD},
    {0x002CAF, 0x002CAF}, {0x002CB1, 0x002CB1}, {0x002CB3, 0x002CB3}, {0x002CB5, 0x002CB5},
    {0x002CB7, 0x002CB7}, {0x002CB9, 0x002CB9}, {0x002CBB, 0x002CBB}, {0x002CBD, 0x002CBD},
    {0x002CBF, 0x002CBF}, {0x002CC1, 0x002CC1}, {0x002CC3, 0x002CC3}, {0x002CC5, 0x002CC5},
    {0x002CC7, 0x002CC7}, {0x002CC9, 0x002CC9}, {0x002CCB, 0x002CCB}, {0x002CCD, 0x002CCD},
    {0x002CCF, 0x002CCF}, {0x002CD1, 0x002CD1}, {0x002CD3, 0x002CD3}, {0x002CD5, 0x002CD5},
    {0x002CD7, 0x002CD7}, {0x002CD9, 0x002CD9}, {0x002CDB, 0x002CDB}, {0x002CDD, 0x002CDD},
    {0x002CDF, 0x002CDF}, {0x002CE1, 0x002CE1}, {0x002CE3, 0x002CE3}, {0x002CEC, 0x002CEC},
    {0x002CEE, 0x002CEE}, {0x002CF3, 0x002CF3}, {0x002D00, 0x002D25}, {0x002D27, 0x002D27},
    {0x002D2D, 0x002D2D}, {0x00A641, 0x00A641}, {0x00A643, 0x00A643}, {0x00A645, 0x00A645},
    {0x00A647, 0x00A647}, {0x00A649, 0x00A649}, {0x00A64B, 0x00A64B}, {0x00A64D, 0x00A64D},
    {0x00A64F, 0x00A64F}, {0x00A651, 0x00A651}, {0x00A653, 0x00A653}, {0x00A655, 0x00A655},
    {0x00A657, 0x00A657}, {0x00A659, 0x00A659}, {0x00A65B, 0x00A65B}, {0x00A65D, 0x00A65D},
    {0x00A65F, 0x00A65F}, {0x00A661, 0x00A661}, {0x00A663, 0x00A663}, {0x00A665, 0x00A665},
    {0x00A667, 0x00A667}, {0x00A669, 0x00A669}, {0x00A66B, 0x00A66B}, {0x00A66D, 0x00A66D},
    {0x00A681, 0x00A681}, {0x00A683, 0x00A683}, {0x00A685, 0x00A685}, {0x00A687, 0x00A687},
    {0x00A689, 0x00A689}, {0x00A68B, 0x00A68B}, {0x00A68D, 0x00A68D}, {0x00A68F, 0x00A68F},
    {0x00A691, 0x00A691}, {0x00A693, 0x00A693}, {0x00A695, 0x00A695}, {0x00A697, 0x00A697},
    {0x00A699, 0x00A699}, {0x00A69B, 0x00A69B}, {0x00A723, 0x00A723}, {0x00A725, 0x00A725},
    {0x00A727, 0x00A727}, {0x00A729, 0x00A729}, {0x00A72B, 0x00A72B}, {0x00A72D, 0x00A72D},
    {0x00A72F, 0x00A72F}, {0x00A733, 0x00A733}, {0x00A735, 0x00A735}, {0x00A737, 0x00A737},
    {0x00A739, 0x00A739}, {0x00A73B, 0x00A73B}, {0x00A73D, 0x00A73D}, {0x00A73F, 0x00A73F},
    {0x00A741, 0x00A741}, {0x00A743, 0x00A743}, {0x00A745, 0x00A745}, {0x00A747, 0x00A747},
    {0x00A749, 0x00A749}, {0x00A74B, 0x00A74B}, {0x00A74D, 0x00A74D}, {0x00A74F, 0x00A74F},
    {0x00A751, 0x00A751}, {0x00A753, 0x00A753}, {0x00A755, 0x00A755}, {0x00A757, 0x00A757},
    {0x00A759, 0x00A759}, {0x00A75B, 0x00A75B}, {0x00A75D, 0x00A75D}, {0x00A75F, 0x00A75F},
    {0x00A761, 0x00A761}, {0x00A763, 0x00A763}, {0x00A765, 0x00A765}, {0x00A767, 0x00A767},
    {0x00A769, 0x00A769}, {0x00A76B, 0x00A76B}, {0x00A76D, 0x00A76D}, {0x00A76F, 0x00A76F},
    {0x00A77A, 0x00A77A}, {0x00A77C, 0x00A77C}, {0x00A77F, 0x00A77F}, {0x00A781, 0x00A781},
    {0x00A783, 0x00A783}, {0x00A785, 0x00A785}, {0x00A787, 0x00A787}, {0x00A78C, 0x00A78C},
    {0x00A791, 0x00A791}, {0x00A793, 0x00A794}, {0x00A797, 0x00A797}, {0x00A799, 0x00A799},
    {0x00A79B, 0x00A79B}, {0x00A79D, 0x00A79D}, {0x00A79F, 0x00A79F}, {0x00A7A1, 0x00A7A1},
    {0x00A7A3, 0x00A7A3}, {0x00A7A5, 0x00A7A5}, {0x00A7A7, 0x00A7A7}, {0x00A7A9, 0x00A7A9},
    {0x00A7B5, 0x00A7B5}, {0x00A7B7, 0x00A7B7}, {0x00A7B9, 0x00A7B9}, {0x00A7BB, 0x00A7BB},
    {0x00A7BD, 0x00A7BD}, {0x00A7BF, 0x00A7BF}, {0x00A7C1, 0x00A7C1}, {0x00A7C3, 0x00A7C3},
    {0x00A7C8, 0x00A7C8}, {0x00A7CA, 0x00A7CA}, {0x00A7CD, 0x00A7CD}, {0x00A7D1, 0x00A7D1},
    {0x00A7D7, 0x00A7D7}, {0x00A7D9, 0x00A7D9}, {0x00A7DB, 0x00A7DB}, {0x00A7F6, 0x00A7F6},
    {0x00AB53, 0x00AB53}, {0x00AB70, 0x00ABBF}, {0x00FB00, 0x00FB06}, {0x00FB13, 0x00FB17},
    {0x00FF41, 0x00FF5A}, {0x010428, 0x01044F}, {0x0104D8, 0x0104FB}, {0x010597, 0x0105A1},
    {0x0105A3, 0x0105B1}, {0x0105B3, 0x0105B9}, {0x0105BB, 0x0105BC}, {0x010CC0, 0x010CF2},
    {0x010D70, 0x010D85}, {0x0118C0, 0x0118DF}, {0x016E60, 0x016E7F}, {0x01E922, 0x01E943},
    {0x00002D, 0x00002D}, {0x00058A, 0x00058A}, {0x0005BE, 0x0005BE}, {0x001400, 0x001400},
    {0x001806, 0x001806}, {0x002010, 0x002015}, {0x002053, 0x002053}, {0x00207B, 0x00207B},
    {0x00208B, 0x00208B}, {0x002212, 0x002212}, {0x002E17, 0x002E17}, {0x002E1A, 0x002E1A},
    {0x002E3A, 0x002E3B}, {0x002E40, 0x002E40}, {0x002E5D, 0x002E5D}, {0x00301C, 0x00301C},
    {0x003030, 0x003030}, {0x0030A0, 0x0030A0}, {0x00FE31, 0x00FE32}, {0x00FE58, 0x00FE58},
    {0x00FE63, 0x00FE63}, {0x00FF0D, 0x00FF0D}, {0x010D6E, 0x010D6E}, {0x010EAD, 0x010EAD},
    {0x0000AD, 0x0000AD}, {0x00034F, 0x00034F}, {0x00061C, 0x00061C}, {0x00115F, 0x001160},
    {0x0017B4, 0x0017B5}, {0x00180B, 0x00180F}, {0x00200B, 0x00200F}, {0x00202A, 0x00202E},
    {0x002060, 0x00206F}, {0x003164, 0x003164}, {0x00FE00, 0x00FE0F}, {0x00FEFF, 0x00FEFF},
    {0x00FFA0, 0x00FFA0}, {0x00FFF0, 0x00FFF8}, {0x01BCA0, 0x01BCA3}, {0x01D173, 0x01D17A},
    {0x0E0000, 0x0E0FFF}, {0x000149, 0x000149}, {0x000673, 0x000673}, {0x000F77, 0x000F77},
    {0x000F79, 0x000F79}, {0x0017A3, 0x0017A4}, {0x00206A, 0x00206F}, {0x002329, 0x00232A},
    {0x0E0001, 0x0E0001}, {0x00005E, 0x00005E}, {0x000060, 0x000060}, {0x0000A8, 0x0000A8},
    {0x0000AF, 0x0000AF}, {0x0000B4, 0x0000B4}, {0x0000B7, 0x0000B8}, {0x0002B0, 0x00034E},
    {0x000350, 0x000357}, {0x00035D, 0x000362}, {0x000374, 0x000375}, {0x00037A, 0x00037A},
    {0x000384, 0x000385}, {0x000483, 0x000487}, {0x000559, 0x000559}, {0x000591, 0x0005A1},
    {0x0005A3, 0x0005BD}, {0x0005BF, 0x0005BF}, {0x0005C1, 0x0005C2}, {0x0005C4, 0x0005C4},
    {0x00064B, 0x000652}, {0x000657, 0x000658}, {0x0006DF, 0x0006E0}, {0x0006E5, 0x0006E6},
    {0x0006EA, 0x0006EC}, {0x000730, 0x00074A}, {0x0007A6, 0x0007B0}, {0x0007EB, 0x0007F5},
    {0x000818, 0x000819}, {0x000898, 0x00089F}, {0x0008C9, 0x0008D2}, {0x0008E3, 0x0008FE},
    {0x00093C, 0x00093C}, {0x00094D, 0x00094D}, {0x000951, 0x000954}, {0x000971, 0x000971},
    {0x0009BC, 0x0009BC}, {0x0009CD, 0x0009CD}, {0x000A3C, 0x000A3C}, {0x000A4D, 0x000A4D},
    {0x000ABC, 0x000ABC}, {0x000ACD, 0x000ACD}, {0x000AFD, 0x000AFF}, {0x000B3C, 0x000B3C},
    {0x000B4D, 0x000B4D}, {0x000B55, 0x000B55}, {0x000BCD, 0x000BCD}, {0x000C3C, 0x000C3C},
    {0x000C4D, 0x000C4D}, {0x000CBC, 0x000CBC}, {0x000CCD, 0x000CCD}, {0x000D3B, 0x000D3C},
    {0x000D4D, 0x000D4D}, {0x000DCA, 0x000DCA}, {0x000E3A, 0x000E3A}, {0x000E47, 0x000E4C},
    {0x000E4E, 0x000E4E}, {0x000EBA, 0x000EBA}, {0x000EC8, 0x000ECC}, {0x000F18, 0x000F19},
    {0x000F35, 0x000F35}, {0x000F37, 0x000F37}, {0x000F39, 0x000F39}, {0x000F3E, 0x000F3F},
    {0x000F82, 0x000F84}, {0x000F86, 0x000F87}, {0x000FC6, 0x000FC6}, {0x001037, 0x001037},
    {0x001039, 0x00103A}, {0x001063, 0x001064}, {0x001069, 0x00106D}, {0x001087, 0x00108D},
    {0x00108F, 0x00108F}, {0x00109A, 0x00109B}, {0x00135D, 0x00135F}, {0x001714, 0x001715},
    {0x001734, 0x001734}, {0x0017C9, 0x0017D3}, {0x0017DD, 0x0017DD}, {0x001939, 0x00193B},
    {0x001A60, 0x001A60}, {0x001A75, 0x001A7C}, {0x001A7F, 0x001A7F}, {0x001AB0, 0x001ABE},
    {0x001AC1, 0x001ACB}, {0x001B34, 0x001B34}, {0x001B44, 0x001B44}, {0x001B6B, 0x001B73},
    {0x001BAA, 0x001BAB}, {0x001BE6, 0x001BE6}, {0x001BF2, 0x001BF3}, {0x001C36, 0x001C37},
    {0x001C78, 0x001C7D}, {0x001CD0, 0x001CE8}, {0x001CED, 0x001CED}, {0x001CF4, 0x001CF4},
    {0x001CF7, 0x001CF9}, {0x001D2C, 0x001D6A}, {0x001DC4, 0x001DCF}, {0x001DF5, 0x001DFF},
    {0x001FBD, 0x001FBD}, {0x001FBF, 0x001FC1}, {0x001FCD, 0x001FCF}, {0x001FDD, 0x001FDF},
    {0x001FED, 0x001FEF}, {0x001FFD, 0x001FFE}, {0x002CEF, 0x002CF1}, {0x002E2F, 0x002E2F},
    {0x00302A, 0x00302F}, {0x003099, 0x00309C}, {0x0030FC, 0x0030FC}, {0x00A66F, 0x00A66F},
    {0x00A67C, 0x00A67D}, {0x00A67F, 0x00A67F}, {0x00A69C, 0x00A69D}, {0x00A6F0, 0x00A6F1},
    {0x00A700, 0x00A721}, {0x00A788, 0x00A78A}, {0x00A7F8, 0x00A7F9}, {0x00A806, 0x00A806},
    {0x00A82C, 0x00A82C}, {0x00A8C4, 0x00A8C4}, {0x00A8E0, 0x00A8F1}, {0x00A92B, 0x00A92E},
    {0x00A953, 0x00A953}, {0x00A9B3, 0x00A9B3}, {0x00A9C0, 0x00A9C0}, {0x00A9E5, 0x00A9E5},
    {0x00AA7B, 0x00AA7D}, {0x00AABF, 0x00AAC2}, {0x00AAF6, 0x00AAF6}, {0x00AB5B, 0x00AB5F},
    {0x00AB69, 0x00AB6B}, {0x00ABEC, 0x00ABED}, {0x00FB1E, 0x00FB1E}, {0x00FE20, 0x00FE2F},
    {0x00FF3E, 0x00FF3E}, {0x00FF40, 0x00FF40}, {0x00FF70, 0x00FF70}, {0x00FF9E, 0x00FF9F},
    {0x00FFE3, 0x00FFE3}, {0x0102E0, 0x0102E0}, {0x010780, 0x010785}, {0x010787, 0x0107B0},
    {0x0107B2, 0x0107BA}, {0x010A38, 0x010A3A}, {0x010A3F, 0x010A3F}, {0x010AE5, 0x010AE6},
    {0x010D22, 0x010D27}, {0x010D4E, 0x010D4E}, {0x010D69, 0x010D6D}, {0x010EFD, 0x010EFF},
    {0x010F46, 0x010F50}, {0x010F82, 0x010F85}, {0x011046, 0x011046}, {0x011070, 0x011070},
    {0x0110B9, 0x0110BA}, {0x011133, 0x011134}, {0x011173, 0x011173}, {0x0111C0, 0x0111C0},
    {0x0111CA, 0x0111CC}, {0x011235, 0x011236}, {0x0112E9, 0x0112EA}, {0x01133B, 0x01133C},
    {0x01134D, 0x01134D}, {0x011366, 0x01136C}, {0x011370, 0x011374}, {0x0113CE, 0x0113D0},
    {0x0113D2, 0x0113D3}, {0x0113E1, 0x0113E2}, {0x011442, 0x011442}, {0x011446, 0x011446},
    {0x0114C2, 0x0114C3}, {0x0115BF, 0x0115C0}, {0x01163F, 0x01163F}, {0x0116B6, 0x0116B7},
    {0x01172B, 0x01172B}, {0x011839, 0x01183A}, {0x01193D, 0x01193E}, {0x011943, 0x011943},
    {0x0119E0, 0x0119E0}, {0x011A34, 0x011A34}, {0x011A47, 0x011A47}, {0x011A99, 0x011A99},
    {0x011C3F, 0x011C3F}, {0x011D42, 0x011D42}, {0x011D44, 0x011D45}, {0x011D97, 0x011D97},
    {0x011F41, 0x011F42}, {0x011F5A, 0x011F5A}, {0x013447, 0x013455}, {0x01612F, 0x01612F},
    {0x016AF0, 0x016AF4}, {0x016B30, 0x016B36}, {0x016D6B, 0x016D6C}, {0x016F8F, 0x016F9F},
    {0x016FF0, 0x016FF1}, {0x01AFF0, 0x01AFF3}, {0x01AFF5, 0x01AFFB}, {0x01AFFD, 0x01AFFE},
    {0x01CF00, 0x01CF2D}, {0x01CF30, 0x01CF46}, {0x01D167, 0x01D169}, {0x01D16D, 0x01D172},
    {0x01D17B, 0x01D182}, {0x01D185, 0x01D18B}, {0x01D1AA, 0x01D1AD}, {0x01E030, 0x01E06D},
    {0x01E130, 0x01E136}, {0x01E2AE, 0x01E2AE}, {0x01E2EC, 0x01E2EF}, {0x01E5EE, 0x01E5EF},
    {0x01E8D0, 0x01E8D6}, {0x01E944, 0x01E946}, {0x01E948, 0x01E94A}, {0x00261D, 0x00261D},
    {0x0026F9, 0x0026F9}, {0x00270A, 0x00270D}, {0x01F385, 0x01F385}, {0x01F3C2, 0x01F3C4},
    {0x01F3C7, 0x01F3C7}, {0x01F3CA, 0x01F3CC}, {0x01F442, 0x01F443}, {0x01F446, 0x01F450},
    {0x01F466, 0x01F478}, {0x01F47C, 0x01F47C}, {0x01F481, 0x01F483}, {0x01F485, 0x01F487},
    {0x01F48F, 0x01F48F}, {0x01F491, 0x01F491}, {0x01F4AA, 0x01F4AA}, {0x01F574, 0x01F575},
    {0x01F57A, 0x01F57A}, {0x01F590, 0x01F590}, {0x01F595, 0x01F596}, {0x01F645, 0x01F647},
    {0x01F64B, 0x01F64F}, {0x01F6A3, 0x01F6A3}, {0x01F6B4, 0x01F6B6}, {0x01F6C0, 0x01F6C0},
    {0x01F6CC, 0x01F6CC}, {0x01F90C, 0x01F90C}, {0x01F90F, 0x01F90F}, {0x01F918, 0x01F91F},
    {0x01F926, 0x01F926}, {0x01F930, 0x01F939}, {0x01F93C, 0x01F93E}, {0x01F977, 0x01F977},
    {0x01F9B5, 0x01F9B6}, {0x01F9B8, 0x01F9B9}, {0x01F9BB, 0x01F9BB}, {0x01F9CD, 0x01F9CF},
    {0x01F9D1, 0x01F9DD}, {0x01FAC3, 0x01FAC5}, {0x01FAF0, 0x01FAF8}, {0x000023, 0x000023},
    {0x00002A, 0x00002A}, {0x000030, 0x000039}, {0x00200D, 0x00200D}, {0x0020E3, 0x0020E3},
    {0x00FE0F, 0x00FE0F}, {0x01F1E6, 0x01F1FF}, {0x01F3FB, 0x01F3FF}, {0x01F9B0, 0x01F9B3},
    {0x0E0020, 0x0E007F}, {0x01F3FB, 0x01F3FF}, {0x000023, 0x000023}, {0x00002A, 0x00002A},
    {0x000030, 0x000039}, {0x0000A9, 0x0000A9}, {0x0000AE, 0x0000AE}, {0x00203C, 0x00203C},
    {0x002049, 0x002049}, {0x002122, 0x002122}, {0x002139, 0x002139}, {0x002194, 0x002199},
    {0x0021A9, 0x0021AA}, {0x00231A, 0x00231B}, {0x002328, 0x002328}, {0x0023CF, 0x0023CF},
    {0x0023E9, 0x0023F3}, {0x0023F8, 0x0023FA}, {0x0024C2, 0x0024C2}, {0x0025AA, 0x0025AB},
    {0x0025B6, 0x0025B6}, {0x0025C0, 0x0025C0}, {0x0025FB, 0x0025FE}, {0x002600, 0x002604},
    {0x00260E, 0x00260E}, {0x002611, 0x002611}, {0x002614, 0x002615}, {0x002618, 0x002618},
    {0x00261D, 0x00261D}, {0x002620, 0x002620}, {0x002622, 0x002623}, {0x002626, 0x002626},
    {0x00262A, 0x00262A}, {0x00262E, 0x00262F}, {0x002638, 0x00263A}, {0x002640, 0x002640},
    {0x002642, 0x002642}, {0x002648, 0x002653}, {0x00265F, 0x002660}, {0x002663, 0x002663},
    {0x002665, 0x002666}, {0x002668, 0x002668}, {0x00267B, 0x00267B}, {0x00267E, 0x00267F},
    {0x002692, 0x002697}, {0x002699, 0x002699}, {0x00269B, 0x00269C}, {0x0026A0, 0x0026A1},
    {0x0026A7, 0x0026A7}, {0x0026AA, 0x0026AB}, {0x0026B0, 0x0026B1}, {0x0026BD, 0x0026BE},
    {0x0026C4, 0x0026C5}, {0x0026C8, 0x0026C8}, {0x0026CE, 0x0026CF}, {0x0026D1, 0x0026D1},
    {0x0026D3, 0x0026D4}, {0x0026E9, 0x0026EA}, {0x0026F0, 0x0026F5}, {0x0026F7, 0x0026FA},
    {0x0026FD, 0x0026FD}, {0x002702, 0x002702}, {0x002705, 0x002705}, {0x002708, 0x00270D},
    {0x00270F, 0x00270F}, {0x002712, 0x002712}, {0x002714, 0x002714}, {0x002716, 0x002716},
    {0x00271D, 0x00271D}, {0x002721, 0x002721}, {0x002728, 0x002728}, {0x002733, 0x002734},
    {0x002744, 0x002744}, {0x002747, 0x002747}, {0x00274C, 0x00274C}, {0x00274E, 0x00274E},
    {0x002753, 0x002755}, {0x002757, 0x002757}, {0x002763, 0x002764}, {0x002795, 0x002797},
    {0x0027A1, 0x0027A1}, {0x0027B0, 0x0027B0}, {0x0027BF, 0x0027BF}, {0x002934, 0x002935},
    {0x002B05, 0x002B07}, {0x002B1B, 0x002B1C}, {0x002B50, 0x002B50}, {0x002B55, 0x002B55},
    {0x003030, 0x003030}, {0x00303D, 0x00303D}, {0x003297, 0x003297}, {0x003299, 0x003299},
    {0x01F004, 0x01F004}, {0x01F0CF, 0x01F0CF}, {0x01F170, 0x01F171}, {0x01F17E, 0x01F17F},
    {0x01F18E, 0x01F18E}, {0x01F191, 0x01F19A}, {0x01F1E6, 0x01F1FF}, {0x01F201, 0x01F202},
    {0x01F21A, 0x01F21A}, {0x01F22F, 0x01F22F}, {0x01F232, 0x01F23A}, {0x01F250, 0x01F251},
    {0x01F300, 0x01F321}, {0x01F324, 0x01F393}, {0x01F396, 0x01F397}, {0x01F399, 0x01F39B},
    {0x01F39E, 0x01F3F0}, {0x01F3F3, 0x01F3F5}, {0x01F3F7, 0x01F4FD}, {0x01F4FF, 0x01F53D},
    {0x01F549, 0x01F54E}, {0x01F550, 0x01F567}, {0x01F56F, 0x01F570}, {0x01F573, 0x01F57A},
    {0x01F587, 0x01F587}, {0x01F58A, 0x01F58D}, {0x01F590, 0x01F590}, {0x01F595, 0x01F596},
    {0x01F5A4, 0x01F5A5}, {0x01F5A8, 0x01F5A8}, {0x01F5B1, 0x01F5B2}, {0x01F5BC, 0x01F5BC},
    {0x01F5C2, 0x01F5C4}, {0x01F5D1, 0x01F5D3}, {0x01F5DC, 0x01F5DE}, {0x01F5E1, 0x01F5E1},
    {0x01F5E3, 0x01F5E3}, {0x01F5E8, 0x01F5E8}, {0x01F5EF, 0x01F5EF}, {0x01F5F3, 0x01F5F3},
    {0x01F5FA, 0x01F64F}, {0x01F680, 0x01F6C5}, {0x01F6CB, 0x01F6D2}, {0x01F6D5, 0x01F6D7},
    {0x01F6DC, 0x01F6E5}, {0x01F6E9, 0x01F6E9}, {0x01F6EB, 0x01F6EC}, {0x01F6F0, 0x01F6F0},
    {0x01F6F3, 0x01F6FC}, {0x01F7E0, 0x01F7EB}, {0x01F7F0, 0x01F7F0}, {0x01F90C, 0x01F93A},
    {0x01F93C, 0x01F945}, {0x01F947, 0x01F9FF}, {0x01FA70, 0x01FA7C}, {0x01FA80, 0x01FA89},
    {0x01FA8F, 0x01FAC6}, {0x01FACE, 0x01FADC}, {0x01FADF, 0x01FAE9}, {0x01FAF0, 0x01FAF8},
    {0x00231A, 0x00231B}, {0x0023E9, 0x0023EC}, {0x0023F0, 0x0023F0}, {0x0023F3, 0x0023F3},
    {0x0025FD, 0x0025FE}, {0x002614, 0x002615}, {0x002648, 0x002653}, {0x00267F, 0x00267F},
    {0x002693, 0x002693}, {0x0026A1, 0x0026A1}, {0x0026AA, 0x0026AB}, {0x0026BD, 0x0026BE},
    {0x0026C4, 0x0026C5}, {0x0026CE, 0x0026CE}, {0x0026D4, 0x0026D4}, {0x0026EA, 0x0026EA},
    {0x0026F2, 0x0026F3}, {0x0026F5, 0x0026F5}, {0x0026FA, 0x0026FA}, {0x0026FD, 0x0026FD},
    {0x002705, 0x002705}, {0x00270A, 0x00270B}, {0x002728, 0x002728}, {0x00274C, 0x00274C},
    {0x00274E, 0x00274E}, {0x002753, 0x002755}, {0x002757, 0x002757}, {0x002795, 0x002797},
    {0x0027B0, 0x0027B0}, {0x0027BF, 0x0027BF}, {0x002B1B, 0x002B1C}, {0x002B50, 0x002B50},
    {0x002B55, 0x002B55}, {0x01F004, 0x01F004}, {0x01F0CF, 0x01F0CF}, {0x01F18E, 0x01F18E},
    {0x01F191, 0x01F19A}, {0x01F1E6, 0x01F1FF}, {0x01F201, 0x01F201}, {0x01F21A, 0x01F21A},
    {0x01F22F, 0x01F22F}, {0x01F232, 0x01F236}, {0x01F238, 0x01F23A}, {0x01F250, 0x01F251},
    {0x01F300, 0x01F320}, {0x01F32D, 0x01F335}, {0x01F337, 0x01F37C}, {0x01F37E, 0x01F393},
    {0x01F3A0, 0x01F3CA}, {0x01F3CF, 0x01F3D3}, {0x01F3E0, 0x01F3F0}, {0x01F3F4, 0x01F3F4},
    {0x01F3F8, 0x01F43E}, {0x01F440, 0x01F440}, {0x01F442, 0x01F4FC}, {0x01F4FF, 0x01F53D},
    {0x01F54B, 0x01F54E}, {0x01F550, 0x01F567}, {0x01F57A, 0x01F57A}, {0x01F595, 0x01F596},
    {0x01F5A4, 0x01F5A4}, {0x01F5FB, 0x01F64F}, {0x01F680, 0x01F6C5}, {0x01F6CC, 0x01F6CC},
    {0x01F6D0, 0x01F6D2}, {0x01F6D5, 0x01F6D7}, {0x01F6DC, 0x01F6DF}, {0x01F6EB, 0x01F6EC},
    {0x01F6F4, 0x01F6FC}, {0x01F7E0, 0x01F7EB}, {0x01F7F0, 0x01F7F0}, {0x01F90C, 0x01F93A},
    {0x01F93C, 0x01F945}, {0x01F947, 0x01F9FF}, {0x01FA70, 0x01FA7C}, {0x01FA80, 0x01FA89},
    {0x01FA8F, 0x01FAC6}, {0x01FACE, 0x01FADC}, {0x01FADF, 0x01FAE9}, {0x01FAF0, 0x01FAF8},
    {0x0000B7, 0x0000B7}, {0x0002D0, 0x0002D1}, {0x000640, 0x000640}, {0x0007FA, 0x0007FA},
    {0x000A71, 0x000A71}, {0x000AFB, 0x000AFB}, {0x000B55, 0x000B55}, {0x000E46, 0x000E46},
    {0x000EC6, 0x000EC6}, {0x00180A, 0x00180A}, {0x001843, 0x001843}, {0x001AA7, 0x001AA7},
    {0x001C36, 0x001C36}, {0x001C7B, 0x001C7B}, {0x003005, 0x003005}, {0x003031, 0x003035},
    {0x00309D, 0x00309E}, {0x0030FC, 0x0030FE}, {0x00A015, 0x00A015}, {0x00A60C, 0x00A60C},
    {0x00A9CF, 0x00A9CF}, {0x00A9E6, 0x00A9E6}, {0x00AA70, 0x00AA70}, {0x00AADD, 0x00AADD},
    {0x00AAF3, 0x00AAF4}, {0x00FF70, 0x00FF70}, {0x010781, 0x010782}, {0x010D4E, 0x010D4E},
    {0x010D6A, 0x010D6A}, {0x010D6F, 0x010D6F}, {0x011237, 0x011237}, {0x01135D, 0x01135D},
    {0x0113D2, 0x0113D3}, {0x0115C6, 0x0115C8}, {0x011A98, 0x011A98}, {0x016B42, 0x016B43},
    {0x016FE0, 0x016FE1}, {0x016FE3, 0x016FE3}, {0x01E13C, 0x01E13D}, {0x01E5EF, 0x01E5EF},
    {0x01E944, 0x01E946}, {0x0000A9, 0x0000A9}, {0x0000AE, 0x0000AE}, {0x00203C, 0x00203C},
    {0x002049, 0x002049}, {0x002122, 0x002122}, {0x002139, 0x002139}, {0x002194, 0x002199},
    {0x0021A9, 0x0021AA}, {0x00231A, 0x00231B}, {0x002328, 0x002328}, {0x002388, 0x002388},
    {0x0023CF, 0x0023CF}, {0x0023E9, 0x0023F3}, {0x0023F8, 0x0023FA}, {0x0024C2, 0x0024C2},
    {0x0025AA, 0x0025AB}, {0x0025B6, 0x0025B6}, {0x0025C0, 0x0025C0}, {0x0025FB, 0x0025FE},
    {0x002600, 0x002605}, {0x002607, 0x002612}, {0x002614, 0x002685}, {0x002690, 0x002705},
    {0x002708, 0x002712}, {0x002714, 0x002714}, {0x002716, 0x002716}, {0x00271D, 0x00271D},
    {0x002721, 0x002721}, {0x002728, 0x002728}, {0x002733, 0x002734}, {0x002744, 0x002744},
    {0x002747, 0x002747}, {0x00274C, 0x00274C}, {0x00274E, 0x00274E}, {0x002753, 0x002755},
    {0x002757, 0x002757}, {0x002763, 0x002767}, {0x002795, 0x002797}, {0x0027A1, 0x0027A1},
    {0x0027B0, 0x0027B0}, {0x0027BF, 0x0027BF}, {0x002934, 0x002935}, {0x002B05, 0x002B07},
    {0x002B1B, 0x002B1C}, {0x002B50, 0x002B50}, {0x002B55, 0x002B55}, {0x003030, 0x003030},
    {0x00303D, 0x00303D}, {0x003297, 0x003297}, {0x003299, 0x003299}, {0x01F000, 0x01F0FF},
    {0x01F10D, 0x01F10F}, {0x01F12F, 0x01F12F}, {0x01F16C, 0x01F171}, {0x01F17E, 0x01F17F},
    {0x01F18E, 0x01F18E}, {0x01F191, 0x01F19A}, {0x01F1AD, 0x01F1E5}, {0x01F201, 0x01F20F},
    {0x01F21A, 0x01F21A}, {0x01F22F, 0x01F22F}, {0x01F232, 0x01F23A}, {0x01F23C, 0x01F23F},
    {0x01F249, 0x01F3FA}, {0x01F400, 0x01F53D}, {0x01F546, 0x01F64F}, {0x01F680, 0x01F6FF},
    {0x01F774, 0x01F77F}, {0x01F7D5, 0x01F7FF}, {0x01F80C, 0x01F80F}, {0x01F848, 0x01F84F},
    {0x01F85A, 0x01F85F}, {0x01F888, 0x01F88F}, {0x01F8AE, 0x01F8FF}, {0x01F90C, 0x01F93A},
    {0x01F93C, 0x01F945}, {0x01F947, 0x01FAFF}, {0x01FC00, 0x01FFFD}, {0x000020, 0x00007E},
    {0x0000A0, 0x0000AC}, {0x0000AE, 0x0002FF}, {0x000370, 0x000377}, {0x00037A, 0x00037F},
    {0x000384, 0x00038A}, {0x00038C, 0x00038C}, {0x00038E, 0x0003A1}, {0x0003A3, 0x000482},
    {0x00048A, 0x00052F}, {0x000531, 0x000556}, {0x000559, 0x00058A}, {0x00058D, 0x00058F},
    {0x0005BE, 0x0005BE}, {0x0005C0, 0x0005C0}, {0x0005C3, 0x0005C3}, {0x0005C6, 0x0005C6},
    {0x0005D0, 0x0005EA}, {0x0005EF, 0x0005F4}, {0x000606, 0x00060F}, {0x00061B, 0x00061B},
    {0x00061D, 0x00064A}, {0x000660, 0x00066F}, {0x000671, 0x0006D5}, {0x0006DE, 0x0006DE},
    {0x0006E5, 0x0006E6}, {0x0006E9, 0x0006E9}, {0x0006EE, 0x00070D}, {0x000710, 0x000710},
    {0x000712, 0x00072F}, {0x00074D, 0x0007A5}, {0x0007B1, 0x0007B1}, {0x0007C0, 0x0007EA},
    {0x0007F4, 0x0007FA}, {0x0007FE, 0x000815}, {0x00081A, 0x00081A}, {0x000824, 0x000824},
    {0x000828, 0x000828}, {0x000830, 0x00083E}, {0x000840, 0x000858}, {0x00085E, 0x00085E},
    {0x000860, 0x00086A}, {0x000870, 0x00088E}, {0x0008A0, 0x0008C9}, {0x000903, 0x000939},
    {0x00093B, 0x00093B}, {0x00093D, 0x000940}, {0x000949, 0x00094C}, {0x00094E, 0x000950},
    {0x000958, 0x000961}, {0x000964, 0x000980}, {0x000982, 0x000983}, {0x000985, 0x00098C},
    {0x00098F, 0x000990}, {0x000993, 0x0009A8}, {0x0009AA, 0x0009B0}, {0x0009B2, 0x0009B2},
    {0x0009B6, 0x0009B9}, {0x0009BD, 0x0009BD}, {0x0009BF, 0x0009C0}, {0x0009C7, 0x0009C8},
    {0x0009CB, 0x0009CC}, {0x0009CE, 0x0009CE}, {0x0009DC, 0x0009DD}, {0x0009DF, 0x0009E1},
    {0x0009E6, 0x0009FD}, {0x000A03, 0x000A03}, {0x000A05, 0x000A0A}, {0x000A0F, 0x000A10},
    {0x000A13, 0x000A28}, {0x000A2A, 0x000A30}, {0x000A32, 0x000A33}, {0x000A35, 0x000A36},
    {0x000A38, 0x000A39}, {0x000A3E, 0x000A40}, {0x000A59, 0x000A5C}, {0x000A5E, 0x000A5E},
    {0x000A66, 0x000A6F}, {0x000A72, 0x000A74}, {0x000A76, 0x000A76}, {0x000A83, 0x000A83},
    {0x000A85, 0x000A8D}, {0x000A8F, 0x000A91}, {0x000A93, 0x000AA8}, {0x000AAA, 0x000AB0},
    {0x000AB2, 0x000AB3}, {0x000AB5, 0x000AB9}, {0x000ABD, 0x000AC0}, {0x000AC9, 0x000AC9},
    {0x000ACB, 0x000ACC}, {0x000AD0, 0x000AD0}, {0x000AE0, 0x000AE1}, {0x000AE6, 0x000AF1},
    {0x000AF9, 0x000AF9}, {0x000B02, 0x000B03}, {0x000B05, 0x000B0C}, {0x000B0F, 0x000B10},
    {0x000B13, 0x000B28}, {0x000B2A, 0x000B30}, {0x000B32, 0x000B33}, {0x000B35, 0x000B39},
    {0x000B3D, 0x000B3D}, {0x000B40, 0x000B40}, {0x000B47, 0x000B48}, {0x000B4B, 0x000B4C},
    {0x000B5C, 0x000B5D}, {0x000B5F, 0x000B61}, {0x000B66, 0x000B77}, {0x000B83, 0x000B83},
    {0x000B85, 0x000B8A}, {0x000B8E, 0x000B90}, {0x000B92, 0x000B95}, {0x000B99, 0x000B9A},
    {0x000B9C, 0x000B9C}, {0x000B9E, 0x000B9F}, {0x000BA3, 0x000BA4}, {0x000BA8, 0x000BAA},
    {0x000BAE, 0x000BB9}, {0x000BBF, 0x000BBF}, {0x000BC1, 0x000BC2}, {0x000BC6, 0x000BC8},
    {0x000BCA, 0x000BCC}, {0x000BD0, 0x000BD0}, {0x000BE6, 0x000BFA}, {0x000C01, 0x000C03},
    {0x000C05, 0x000C0C}, {0x000C0E, 0x000C10}, {0x000C12, 0x000C28}, {0x000C2A, 0x000C39},
    {0x000C3D, 0x000C3D}, {0x000C41, 0x000C44}, {0x000C58, 0x000C5A}, {0x000C5D, 0x000C5D},
    {0x000C60, 0x000C61}, {0x000C66, 0x000C6F}, {0x000C77, 0x000C80}, {0x000C82, 0x000C8C},
    {0x000C8E, 0x000C90}, {0x000C92, 0x000CA8}, {0x000CAA, 0x000CB3}, {0x000CB5, 0x000CB9},
    {0x000CBD, 0x000CBE}, {0x000CC1, 0x000CC1}, {0x000CC3, 0x000CC4}, {0x000CDD, 0x000CDE},
    {0x000CE0, 0x000CE1}, {0x000CE6, 0x000CEF}, {0x000CF1, 0x000CF3}, {0x000D02, 0x000D0C},
    {0x000D0E, 0x000D10}, {0x000D12, 0x000D3A}, {0x000D3D, 0x000D3D}, {0x000D3F, 0x000D40},
    {0x000D46, 0x000D48}, {0x000D4A, 0x000D4C}, {0x000D4E, 0x000D4F}, {0x000D54, 0x000D56},
    {0x000D58, 0x000D61}, {0x000D66, 0x000D7F}, {0x000D82, 0x000D83}, {0x000D85, 0x000D96},
    {0x000D9A, 0x000DB1}, {0x000DB3, 0x000DBB}, {0x000DBD, 0x000DBD}, {0x000DC0, 0x000DC6},
    {0x000DD0, 0x000DD1}, {0x000DD8, 0x000DDE}, {0x000DE6, 0x000DEF}, {0x000DF2, 0x000DF4},
    {0x000E01, 0x000E30}, {0x000E32, 0x000E33}, {0x000E3F, 0x000E46}, {0x000E4F, 0x000E5B},
    {0x000E81, 0x000E82}, {0x000E84, 0x000E84}, {0x000E86, 0x000E8A}, {0x000E8C, 0x000EA3},
    {0x000EA5, 0x000EA5}, {0x000EA7, 0x000EB0}, {0x000EB2, 0x000EB3}, {0x000EBD, 0x000EBD},
    {0x000EC0, 0x000EC4}, {0x000EC6, 0x000EC6}, {0x000ED0, 0x000ED9}, {0x000EDC, 0x000EDF},
    {0x000F00, 0x000F17}, {0x000F1A, 0x000F34}, {0x000F36, 0x000F36}, {0x000F38, 0x000F38},
    {0x000F3A, 0x000F47}, {0x000F49, 0x000F6C}, {0x000F7F, 0x000F7F}, {0x000F85, 0x000F85},
    {0x000F88, 0x000F8C}, {0x000FBE, 0x000FC5}, {0x000FC7, 0x000FCC}, {0x000FCE, 0x000FDA},
    {0x001000, 0x00102C}, {0x001031, 0x001031}, {0x001038, 0x001038}, {0x00103B, 0x00103C},
    {0x00103F, 0x001057}, {0x00105A, 0x00105D}, {0x001061, 0x001070}, {0x001075, 0x001081},
    {0x001083, 0x001084}, {0x001087, 0x00108C}, {0x00108E, 0x00109C}, {0x00109E, 0x0010C5},
    {0x0010C7, 0x0010C7}, {0x0010CD, 0x0010CD}, {0x0010D0, 0x001248}, {0x00124A, 0x00124D},
    {0x001250, 0x001256}, {0x001258, 0x001258}, {0x00125A, 0x00125D}, {0x001260, 0x001288},
    {0x00128A, 0x00128D}, {0x001290, 0x0012B0}, {0x0012B2, 0x0012B5}, {0x0012B8, 0x0012BE},
    {0x0012C0, 0x0012C0}, {0x0012C2, 0x0012C5}, {0x0012C8, 0x0012D6}, {0x0012D8, 0x001310},
    {0x001312, 0x001315}, {0x001318, 0x00135A}, {0x001360, 0x00137C}, {0x001380, 0x001399},
    {0x0013A0, 0x0013F5}, {0x0013F8, 0x0013FD}, {0x001400, 0x00169C}, {0x0016A0, 0x0016F8},
    {0x001700, 0x001711}, {0x00171F, 0x001731}, {0x001735, 0x001736}, {0x001740, 0x001751},
    {0x001760, 0x00176C}, {0x00176E, 0x001770}, {0x001780, 0x0017B3}, {0x0017B6, 0x0017B6},
    {0x0017BE, 0x0017C5}, {0x0017C7, 0x0017C8}, {0x0017D4, 0x0017DC}, {0x0017E0, 0x0017E9},
    {0x0017F0, 0x0017F9}, {0x001800, 0x00180A}, {0x001810, 0x001819}, {0x001820, 0x001878},
    {0x001880, 0x001884}, {0x001887, 0x0018A8}, {0x0018AA, 0x0018AA}, {0x0018B0, 0x0018F5},
    {0x001900, 0x00191E}, {0x001923, 0x001926}, {0x001929, 0x00192B}, {0x001930, 0x001931},
    {0x001933, 0x001938}, {0x001940, 0x001940}, {0x001944, 0x00196D}, {0x001970, 0x001974},
    {0x001980, 0x0019AB}, {0x0019B0, 0x0019C9}, {0x0019D0, 0x0019DA}, {0x0019DE, 0x001A16},
    {0x001A19, 0x001A1A}, {0x001A1E, 0x001A55}, {0x001A57, 0x001A57}, {0x001A61, 0x001A61},
    {0x001A63, 0x001A64}, {0x001A6D, 0x001A72}, {0x001A80, 0x001A89}, {0x001A90, 0x001A99},
    {0x001AA0, 0x001AAD}, {0x001B04, 0x001B33}, {0x001B3E, 0x001B41}, {0x001B45, 0x001B4C},
    {0x001B4E, 0x001B6A}, {0x001B74, 0x001B7F}, {0x001B82, 0x001BA1}, {0x001BA6, 0x001BA7},
    {0x001BAE, 0x001BE5}, {0x001BE7, 0x001BE7}, {0x001BEA, 0x001BEC}, {0x001BEE, 0x001BEE},
    {0x001BFC, 0x001C2B}, {0x001C34, 0x001C35}, {0x001C3B, 0x001C49}, {0x001C4D, 0x001C8A},
    {0x001C90, 0x001CBA}, {0x001CBD, 0x001CC7}, {0x001CD3, 0x001CD3}, {0x001CE1, 0x001CE1},
    {0x001CE9, 0x001CEC}, {0x001CEE, 0x001CF3}, {0x001CF5, 0x001CF7}, {0x001CFA, 0x001CFA},
    {0x001D00, 0x001DBF}, {0x001E00, 0x001F15}, {0x001F18, 0x001F1D}, {0x001F20, 0x001F45},
    {0x001F48, 0x001F4D}, {0x001F50, 0x001F57}, {0x001F59, 0x001F59}, {0x001F5B, 0x001F5B},
    {0x001F5D, 0x001F5D}, {0x001F5F, 0x001F7D}, {0x001F80, 0x001FB4}, {0x001FB6, 0x001FC4},
    {0x001FC6, 0x001FD3}, {0x001FD6, 0x001FDB}, {0x001FDD, 0x001FEF}, {0x001FF2, 0x001FF4},
    {0x001FF6, 0x001FFE}, {0x002000, 0x00200A}, {0x002010, 0x002027}, {0x00202F, 0x00205F},
    {0x002070, 0x002071}, {0x002074, 0x00208E}, {0x002090, 0x00209C}, {0x0020A0, 0x0020C0},
    {0x002100, 0x00218B}, {0x002190, 0x002429}, {0x002440, 0x00244A}, {0x002460, 0x002B73},
    {0x002B76, 0x002B95}, {0x002B97, 0x002CEE}, {0x002CF2, 0x002CF3}, {0x002CF9, 0x002D25},
    {0x002D27, 0x002D27}, {0x002D2D, 0x002D2D}, {0x002D30, 0x002D67}, {0x002D6F, 0x002D70},
    {0x002D80, 0x002D96}, {0x002DA0, 0x002DA6}, {0x002DA8, 0x002DAE}, {0x002DB0, 0x002DB6},
    {0x002DB8, 0x002DBE}, {0x002DC0, 0x002DC6}, {0x002DC8, 0x002DCE}, {0x002DD0, 0x002DD6},
    {0x002DD8, 0x002DDE}, {0x002E00, 0x002E5D}, {0x002E80, 0x002E99}, {0x002E9B, 0x002EF3},
    {0x002F00, 0x002FD5}, {0x002FF0, 0x003029}, {0x003030, 0x00303F}, {0x003041, 0x003096},
    {0x00309B, 0x0030FF}, {0x003105, 0x00312F}, {0x003131, 0x00318E}, {0x003190, 0x0031E5},
    {0x0031EF, 0x00321E}, {0x003220, 0x00A48C}, {0x00A490, 0x00A4C6}, {0x00A4D0, 0x00A62B},
    {0x00A640, 0x00A66E}, {0x00A673, 0x00A673}, {0x00A67E, 0x00A69D}, {0x00A6A0, 0x00A6EF},
    {0x00A6F2, 0x00A6F7}, {0x00A700, 0x00A7CD}, {0x00A7D0, 0x00A7D1}, {0x00A7D3, 0x00A7D3},
    {0x00A7D5, 0x00A7DC}, {0x00A7F2, 0x00A801}, {0x00A803, 0x00A805}, {0x00A807, 0x00A80A},
    {0x00A80C, 0x00A824}, {0x00A827, 0x00A82B}, {0x00A830, 0x00A839}, {0x00A840, 0x00A877},
    {0x00A880, 0x00A8C3}, {0x00A8CE, 0x00A8D9}, {0x00A8F2, 0x00A8FE}, {0x00A900, 0x00A925},
    {0x00A92E, 0x00A946}, {0x00A952, 0x00A952}, {0x00A95F, 0x00A97C}, {0x00A983, 0x00A9B2},
    {0x00A9B4, 0x00A9B5}, {0x00A9BA, 0x00A9BB}, {0x00A9BE, 0x00A9BF}, {0x00A9C1, 0x00A9CD},
    {0x00A9CF, 0x00A9D9}, {0x00A9DE, 0x00A9E4}, {0x00A9E6, 0x00A9FE}, {0x00AA00, 0x00AA28},
    {0x00AA2F, 0x00AA30}, {0x00AA33, 0x00AA34}, {0x00AA40, 0x00AA42}, {0x00AA44, 0x00AA4B},
    {0x00AA4D, 0x00AA4D}, {0x00AA50, 0x00AA59}, {0x00AA5C, 0x00AA7B}, {0x00AA7D, 0x00AAAF},
    {0x00AAB1, 0x00AAB1}, {0x00AAB5, 0x00AAB6}, {0x00AAB9, 0x00AABD}, {0x00AAC0, 0x00AAC0},
    {0x00AAC2, 0x00AAC2}, {0x00AADB, 0x00AAEB}, {0x00AAEE, 0x00AAF5}, {0x00AB01, 0x00AB06},
    {0x00AB09, 0x00AB0E}, {0x00AB11, 0x00AB16}, {0x00AB20, 0x00AB26}, {0x00AB28, 0x00AB2E},
    {0x00AB30, 0x00AB6B}, {0x00AB70, 0x00ABE4}, {0x00ABE6, 0x00ABE7}, {0x00ABE9, 0x00ABEC},
    {0x00ABF0, 0x00ABF9}, {0x00AC00, 0x00D7A3}, {0x00D7B0, 0x00D7C6}, {0x00D7CB, 0x00D7FB},
    {0x00F900, 0x00FA6D}, {0x00FA70, 0x00FAD9}, {0x00FB00, 0x00FB06}, {0x00FB13, 0x00FB17},
    {0x00FB1D, 0x00FB1D}, {0x00FB1F, 0x00FB36}, {0x00FB38, 0x00FB3C}, {0x00FB3E, 0x00FB3E},
    {0x00FB40, 0x00FB41}, {0x00FB43, 0x00FB44}, {0x00FB46, 0x00FBC2}, {0x00FBD3, 0x00FD8F},
    {0x00FD92, 0x00FDC7}, {0x00FDCF, 0x00FDCF}, {0x00FDF0, 0x00FDFF}, {0x00FE10, 0x00FE19},
    {0x00FE30, 0x00FE52}, {0x00FE54, 0x00FE66}, {0x00FE68, 0x00FE6B}, {0x00FE70, 0x00FE74},
    {0x00FE76, 0x00FEFC}, {0x00FF01, 0x00FF9D}, {0x00FFA0, 0x00FFBE}, {0x00FFC2, 0x00FFC7},
    {0x00FFCA, 0x00FFCF}, {0x00FFD2, 0x00FFD7}, {0x00FFDA, 0x00FFDC}, {0x00FFE0, 0x00FFE6},
    {0x00FFE8, 0x00FFEE}, {0x00FFFC, 0x00FFFD}, {0x010000, 0x01000B}, {0x01000D, 0x010026},
    {0x010028, 0x01003A}, {0x01003C, 0x01003D}, {0x01003F, 0x01004D}, {0x010050, 0x01005D},
    {0x010080, 0x0100FA}, {0x010100, 0x010102}, {0x010107, 0x010133}, {0x010137, 0x01018E},
    {0x010190, 0x01019C}, {0x0101A0, 0x0101A0}, {0x0101D0, 0x0101FC}, {0x010280, 0x01029C},
    {0x0102A0, 0x0102D0}, {0x0102E1, 0x0102FB}, {0x010300, 0x010323}, {0x01032D, 0x01034A},
    {0x010350, 0x010375}, {0x010380, 0x01039D}, {0x01039F, 0x0103C3}, {0x0103C8, 0x0103D5},
    {0x010400, 0x01049D}, {0x0104A0, 0x0104A9}, {0x0104B0, 0x0104D3}, {0x0104D8, 0x0104FB},
    {0x010500, 0x010527}, {0x010530, 0x010563}, {0x01056F, 0x01057A}, {0x01057C, 0x01058A},
    {0x01058C, 0x010592}, {0x010594, 0x010595}, {0x010597, 0x0105A1}, {0x0105A3, 0x0105B1},
    {0x0105B3, 0x0105B9}, {0x0105BB, 0x0105BC}, {0x0105C0, 0x0105F3}, {0x010600, 0x010736},
    {0x010740, 0x010755}, {0x010760, 0x010767}, {0x010780, 0x010785}, {0x010787, 0x0107B0},
    {0x0107B2, 0x0107BA}, {0x010800, 0x010805}, {0x010808, 0x010808}, {0x01080A, 0x010835},
    {0x010837, 0x010838}, {0x01083C, 0x01083C}, {0x01083F, 0x010855}, {0x010857, 0x01089E},
    {0x0108A7, 0x0108AF}, {0x0108E0, 0x0108F2}, {0x0108F4, 0x0108F5}, {0x0108FB, 0x01091B},
    {0x01091F, 0x010939}, {0x01093F, 0x01093F}, {0x010980, 0x0109B7}, {0x0109BC, 0x0109CF},
    {0x0109D2, 0x010A00}, {0x010A10, 0x010A13}, {0x010A15, 0x010A17}, {0x010A19, 0x010A35},
    {0x010A40, 0x010A48}, {0x010A50, 0x010A58}, {0x010A60, 0x010A9F}, {0x010AC0, 0x010AE4},
    {0x010AEB, 0x010AF6}, {0x010B00, 0x010B35}, {0x010B39, 0x010B55}, {0x010B58, 0x010B72},
    {0x010B78, 0x010B91}, {0x010B99, 0x010B9C}, {0x010BA9, 0x010BAF}, {0x010C00, 0x010C48},
    {0x010C80, 0x010CB2}, {0x010CC0, 0x010CF2}, {0x010CFA, 0x010D23}, {0x010D30, 0x010D39},
    {0x010D40, 0x010D65}, {0x010D6E, 0x010D85}, {0x010D8E, 0x010D8F}, {0x010E60, 0x010E7E},
    {0x010E80, 0x010EA9}, {0x010EAD, 0x010EAD}, {0x010EB0, 0x010EB1}, {0x010EC2, 0x010EC4},
    {0x010F00, 0x010F27}, {0x010F30, 0x010F45}, {0x010F51, 0x010F59}, {0x010F70, 0x010F81},
    {0x010F86, 0x010F89}, {0x010FB0, 0x010FCB}, {0x010FE0, 0x010FF6}, {0x011000, 0x011000},
    {0x011002, 0x011037}, {0x011047, 0x01104D}, {0x011052, 0x01106F}, {0x011071, 0x011072},
    {0x011075, 0x011075}, {0x011082, 0x0110B2}, {0x0110B7, 0x0110B8}, {0x0110BB, 0x0110BC},
    {0x0110BE, 0x0110C1}, {0x0110D0, 0x0110E8}, {0x0110F0, 0x0110F9}, {0x011103, 0x011126},
    {0x01112C, 0x01112C}, {0x011136, 0x011147}, {0x011150, 0x011172}, {0x011174, 0x011176},
    {0x011182, 0x0111B5}, {0x0111BF, 0x0111BF}, {0x0111C1, 0x0111C8}, {0x0111CD, 0x0111CE},
    {0x0111D0, 0x0111DF}, {0x0111E1, 0x0111F4}, {0x011200, 0x011211}, {0x011213, 0x01122E},
    {0x011232, 0x011233}, {0x011238, 0x01123D}, {0x01123F, 0x011240}, {0x011280, 0x011286},
    {0x011288, 0x011288}, {0x01128A, 0x01128D}, {0x01128F, 0x01129D}, {0x01129F, 0x0112A9},
    {0x0112B0, 0x0112DE}, {0x0112E0, 0x0112E2}, {0x0112F0, 0x0112F9}, {0x011302, 0x011303},
    {0x011305, 0x01130C}, {0x01130F, 0x011310}, {0x011313, 0x011328}, {0x01132A, 0x011330},
    {0x011332, 0x011333}, {0x011335, 0x011339}, {0x01133D, 0x01133D}, {0x01133F, 0x01133F},
    {0x011341, 0x011344}, {0x011347, 0x011348}, {0x01134B, 0x01134C}, {0x011350, 0x011350},
    {0x01135D, 0x011363}, {0x011380, 0x011389}, {0x01138B, 0x01138B}, {0x01138E, 0x01138E},
    {0x011390, 0x0113B5}, {0x0113B7, 0x0113B7}, {0x0113B9, 0x0113BA}, {0x0113CA, 0x0113CA},
    {0x0113CC, 0x0113CD}, {0x0113D1, 0x0113D1}, {0x0113D3, 0x0113D5}, {0x0113D7, 0x0113D8},
    {0x011400, 0x011437}, {0x011440, 0x011441}, {0x011445, 0x011445}, {0x011447, 0x01145B},
    {0x01145D, 0x01145D}, {0x01145F, 0x011461}, {0x011480, 0x0114AF}, {0x0114B1, 0x0114B2},
    {0x0114B9, 0x0114B9}, {0x0114BB, 0x0114BC}, {0x0114BE, 0x0114BE}, {0x0114C1, 0x0114C1},
    {0x0114C4, 0x0114C7}, {0x0114D0, 0x0114D9}, {0x011580, 0x0115AE}, {0x0115B0, 0x0115B1},
    {0x0115B8, 0x0115BB}, {0x0115BE, 0x0115BE}, {0x0115C1, 0x0115DB}, {0x011600, 0x011632},
    {0x01163B, 0x01163C}, {0x01163E, 0x01163E}, {0x011641, 0x011644}, {0x011650, 0x011659},
    {0x011660, 0x01166C}, {0x011680, 0x0116AA}, {0x0116AC, 0x0116AC}, {0x0116AE, 0x0116AF},
    {0x0116B8, 0x0116B9}, {0x0116C0, 0x0116C9}, {0x0116D0, 0x0116E3}, {0x011700, 0x01171A},
    {0x01171E, 0x01171E}, {0x011720, 0x011721}, {0x011726, 0x011726}, {0x011730, 0x011746},
    {0x011800, 0x01182E}, {0x011838, 0x011838}, {0x01183B, 0x01183B}, {0x0118A0, 0x0118F2},
    {0x0118FF, 0x011906}, {0x011909, 0x011909}, {0x01190C, 0x011913}, {0x011915, 0x011916},
    {0x011918, 0x01192F}, {0x011931, 0x011935}, {0x011937, 0x011938}, {0x01193F, 0x011942},
    {0x011944, 0x011946}, {0x011950, 0x011959}, {0x0119A0, 0x0119A7}, {0x0119AA, 0x0119D3},
    {0x0119DC, 0x0119DF}, {0x0119E1, 0x0119E4}, {0x011A00, 0x011A00}, {0x011A0B, 0x011A32},
    {0x011A39, 0x011A3A}, {0x011A3F, 0x011A46}, {0x011A50, 0x011A50}, {0x011A57, 0x011A58},
    {0x011A5C, 0x011A89}, {0x011A97, 0x011A97}, {0x011A9A, 0x011AA2}, {0x011AB0, 0x011AF8},
    {0x011B00, 0x011B09}, {0x011BC0, 0x011BE1}, {0x011BF0, 0x011BF9}, {0x011C00, 0x011C08},
    {0x011C0A, 0x011C2F}, {0x011C3E, 0x011C3E}, {0x011C40, 0x011C45}, {0x011C50, 0x011C6C},
    {0x011C70, 0x011C8F}, {0x011CA9, 0x011CA9}, {0x011CB1, 0x011CB1}, {0x011CB4, 0x011CB4},
    {0x011D00, 0x011D06}, {0x011D08, 0x011D09}, {0x011D0B, 0x011D30}, {0x011D46, 0x011D46},
    {0x011D50, 0x011D59}, {0x011D60, 0x011D65}, {0x011D67, 0x011D68}, {0x011D6A, 0x011D8E},
    {0x011D93, 0x011D94}, {0x011D96, 0x011D96}, {0x011D98, 0x011D98}, {0x011DA0, 0x011DA9},
    {0x011EE0, 0x011EF2}, {0x011EF5, 0x011EF8}, {0x011F02, 0x011F10}, {0x011F12, 0x011F35},
    {0x011F3E, 0x011F3F}, {0x011F43, 0x011F59}, {0x011FB0, 0x011FB0}, {0x011FC0, 0x011FF1},
    {0x011FFF, 0x012399}, {0x012400, 0x01246E}, {0x012470, 0x012474}, {0x012480, 0x012543},
    {0x012F90, 0x012FF2}, {0x013000, 0x01342F}, {0x013441, 0x013446}, {0x013460, 0x0143FA},
    {0x014400, 0x014646}, {0x016100, 0x01611D}, {0x01612A, 0x01612C}, {0x016130, 0x016139},
    {0x016800, 0x016A38}, {0x016A40, 0x016A5E}, {0x016A60, 0x016A69}, {0x016A6E, 0x016ABE},
    {0x016AC0, 0x016AC9}, {0x016AD0, 0x016AED}, {0x016AF5, 0x016AF5}, {0x016B00, 0x016B2F},
    {0x016B37, 0x016B45}, {0x016B50, 0x016B59}, {0x016B5B, 0x016B61}, {0x016B63, 0x016B77},
    {0x016B7D, 0x016B8F}, {0x016D40, 0x016D79}, {0x016E40, 0x016E9A}, {0x016F00, 0x016F4A},
    {0x016F50, 0x016F87}, {0x016F93, 0x016F9F}, {0x016FE0, 0x016FE3}, {0x017000, 0x0187F7},
    {0x018800, 0x018CD5}, {0x018CFF, 0x018D08}, {0x01AFF0, 0x01AFF3}, {0x01AFF5, 0x01AFFB},
    {0x01AFFD, 0x01AFFE}, {0x01B000, 0x01B122}, {0x01B132, 0x01B132}, {0x01B150, 0x01B152},
    {0x01B155, 0x01B155}, {0x01B164, 0x01B167}, {0x01B170, 0x01B2FB}, {0x01BC00, 0x01BC6A},
    {0x01BC70, 0x01BC7C}, {0x01BC80, 0x01BC88}, {0x01BC90, 0x01BC99}, {0x01BC9C, 0x01BC9C},
    {0x01BC9F, 0x01BC9F}, {0x01CC00, 0x01CCF9}, {0x01CD00, 0x01CEB3}, {0x01CF50, 0x01CFC3},
    {0x01D000, 0x01D0F5}, {0x01D100, 0x01D126}, {0x01D129, 0x01D164}, {0x01D16A, 0x01D16C},
    {0x01D183, 0x01D184}, {0x01D18C, 0x01D1A9}, {0x01D1AE, 0x01D1EA}, {0x01D200, 0x01D241},
    {0x01D245, 0x01D245}, {0x01D2C0, 0x01D2D3}, {0x01D2E0, 0x01D2F3}, {0x01D300, 0x01D356},
    {0x01D360, 0x01D378}, {0x01D400, 0x01D454}, {0x01D456, 0x01D49C}, {0x01D49E, 0x01D49F},
    {0x01D4A2, 0x01D4A2}, {0x01D4A5, 0x01D4A6}, {0x01D4A9, 0x01D4AC}, {0x01D4AE, 0x01D4B9},
    {0x01D4BB, 0x01D4BB}, {0x01D4BD, 0x01D4C3}, {0x01D4C5, 0x01D505}, {0x01D507, 0x01D50A},
    {0x01D50D, 0x01D514}, {0x01D516, 0x01D51C}, {0x01D51E, 0x01D539}, {0x01D53B, 0x01D53E},
    {0x01D540, 0x01D544}, {0x01D546, 0x01D546}, {0x01D54A, 0x01D550}, {0x01D552, 0x01D6A5},
    {0x01D6A8, 0x01D7CB}, {0x01D7CE, 0x01D9FF}, {0x01DA37, 0x01DA3A}, {0x01DA6D, 0x01DA74},
    {0x01DA76, 0x01DA83}, {0x01DA85, 0x01DA8B}, {0x01DF00, 0x01DF1E}, {0x01DF25, 0x01DF2A},
    {0x01E030, 0x01E06D}, {0x01E100, 0x01E12C}, {0x01E137, 0x01E13D}, {0x01E140, 0x01E149},
    {0x01E14E, 0x01E14F}, {0x01E290, 0x01E2AD}, {0x01E2C0, 0x01E2EB}, {0x01E2F0, 0x01E2F9},
    {0x01E2FF, 0x01E2FF}, {0x01E4D0, 0x01E4EB}, {0x01E4F0, 0x01E4F9}, {0x01E5D0, 0x01E5ED},
    {0x01E5F0, 0x01E5FA}, {0x01E5FF, 0x01E5FF}, {0x01E7E0, 0x01E7E6}, {0x01E7E8, 0x01E7EB},
    {0x01E7ED, 0x01E7EE}, {0x01E7F0, 0x01E7FE}, {0x01E800, 0x01E8C4}, {0x01E8C7, 0x01E8CF},
    {0x01E900, 0x01E943}, {0x01E94B, 0x01E94B}, {0x01E950, 0x01E959}, {0x01E95E, 0x01E95F},
    {0x01EC71, 0x01ECB4}, {0x01ED01, 0x01ED3D}, {0x01EE00, 0x01EE03}, {0x01EE05, 0x01EE1F},
    {0x01EE21, 0x01EE22}, {0x01EE24, 0x01EE24}, {0x01EE27, 0x01EE27}, {0x01EE29, 0x01EE32},
    {0x01EE34, 0x01EE37}, {0x01EE39, 0x01EE39}, {0x01EE3B, 0x01EE3B}, {0x01EE42, 0x01EE42},
    {0x01EE47, 0x01EE47}, {0x01EE49, 0x01EE49}, {0x01EE4B, 0x01EE4B}, {0x01EE4D, 0x01EE4F},
    {0x01EE51, 0x01EE52}, {0x01EE54, 0x01EE54}, {0x01EE57, 0x01EE57}, {0x01EE59, 0x01EE59},
    {0x01EE5B, 0x01EE5B}, {0x01EE5D, 0x01EE5D}, {0x01EE5F, 0x01EE5F}, {0x01EE61, 0x01EE62},
    {0x01EE64, 0x01EE64}, {0x01EE67, 0x01EE6A}, {0x01EE6C, 0x01EE72}, {0x01EE74, 0x01EE77},
    {0x01EE79, 0x01EE7C}, {0x01EE7E, 0x01EE7E}, {0x01EE80, 0x01EE89}, {0x01EE8B, 0x01EE9B},
    {0x01EEA1, 0x01EEA3}, {0x01EEA5, 0x01EEA9}, {0x01EEAB, 0x01EEBB}, {0x01EEF0, 0x01EEF1},
    {0x01F000, 0x01F02B}, {0x01F030, 0x01F093}, {0x01F0A0, 0x01F0AE}, {0x01F0B1, 0x01F0BF},
    {0x01F0C1, 0x01F0CF}, {0x01F0D1, 0x01F0F5}, {0x01F100, 0x01F1AD}, {0x01F1E6, 0x01F202},
    {0x01F210, 0x01F23B}, {0x01F240, 0x01F248}, {0x01F250, 0x01F251}, {0x01F260, 0x01F265},
    {0x01F300, 0x01F6D7}, {0x01F6DC, 0x01F6EC}, {0x01F6F0, 0x01F6FC}, {0x01F700, 0x01F776},
    {0x01F77B, 0x01F7D9}, {0x01F7E0, 0x01F7EB}, {0x01F7F0, 0x01F7F0}, {0x01F800, 0x01F80B},
    {0x01F810, 0x01F847}, {0x01F850, 0x01F859}, {0x01F860, 0x01F887}, {0x01F890, 0x01F8AD},
    {0x01F8B0, 0x01F8BB}, {0x01F8C0, 0x01F8C1}, {0x01F900, 0x01FA53}, {0x01FA60, 0x01FA6D},
    {0x01FA70, 0x01FA7C}, {0x01FA80, 0x01FA89}, {0x01FA8F, 0x01FAC6}, {0x01FACE, 0x01FADC},
    {0x01FADF, 0x01FAE9}, {0x01FAF0, 0x01FAF8}, {0x01FB00, 0x01FB92}, {0x01FB94, 0x01FBF9},
    {0x020000, 0x02A6DF}, {0x02A700, 0x02B739}, {0x02B740, 0x02B81D}, {0x02B820, 0x02CEA1},
    {0x02CEB0, 0x02EBE0}, {0x02EBF0, 0x02EE5D}, {0x02F800, 0x02FA1D}, {0x030000, 0x03134A},
    {0x031350, 0x0323AF}, {0x000300, 0x00036F}, {0x000483, 0x000489}, {0x000591, 0x0005BD},
    {0x0005BF, 0x0005BF}, {0x0005C1, 0x0005C2}, {0x0005C4, 0x0005C5}, {0x0005C7, 0x0005C7},
    {0x000610, 0x00061A}, {0x00064B, 0x00065F}, {0x000670, 0x000670}, {0x0006D6, 0x0006DC},
    {0x0006DF, 0x0006E4}, {0x0006E7, 0x0006E8}, {0x0006EA, 0x0006ED}, {0x000711, 0x000711},
    {0x000730, 0x00074A}, {0x0007A6, 0x0007B0}, {0x0007EB, 0x0007F3}, {0x0007FD, 0x0007FD},
    {0x000816, 0x000819}, {0x00081B, 0x000823}, {0x000825, 0x000827}, {0x000829, 0x00082D},
    {0x000859, 0x00085B}, {0x000897, 0x00089F}, {0x0008CA, 0x0008E1}, {0x0008E3, 0x000902},
    {0x00093A, 0x00093A}, {0x00093C, 0x00093C}, {0x000941, 0x000948}, {0x00094D, 0x00094D},
    {0x000951, 0x000957}, {0x000962, 0x000963}, {0x000981, 0x000981}, {0x0009BC, 0x0009BC},
    {0x0009BE, 0x0009BE}, {0x0009C1, 0x0009C4}, {0x0009CD, 0x0009CD}, {0x0009D7, 0x0009D7},
    {0x0009E2, 0x0009E3}, {0x0009FE, 0x0009FE}, {0x000A01, 0x000A02}, {0x000A3C, 0x000A3C},
    {0x000A41, 0x000A42}, {0x000A47, 0x000A48}, {0x000A4B, 0x000A4D}, {0x000A51, 0x000A51},
    {0x000A70, 0x000A71}, {0x000A75, 0x000A75}, {0x000A81, 0x000A82}, {0x000ABC, 0x000ABC},
    {0x000AC1, 0x000AC5}, {0x000AC7, 0x000AC8}, {0x000ACD, 0x000ACD}, {0x000AE2, 0x000AE3},
    {0x000AFA, 0x000AFF}, {0x000B01, 0x000B01}, {0x000B3C, 0x000B3C}, {0x000B3E, 0x000B3F},
    {0x000B41, 0x000B44}, {0x000B4D, 0x000B4D}, {0x000B55, 0x000B57}, {0x000B62, 0x000B63},
    {0x000B82, 0x000B82}, {0x000BBE, 0x000BBE}, {0x000BC0, 0x000BC0}, {0x000BCD, 0x000BCD},
    {0x000BD7, 0x000BD7}, {0x000C00, 0x000C00}, {0x000C04, 0x000C04}, {0x000C3C, 0x000C3C},
    {0x000C3E, 0x000C40}, {0x000C46, 0x000C48}, {0x000C4A, 0x000C4D}, {0x000C55, 0x000C56},
    {0x000C62, 0x000C63}, {0x000C81, 0x000C81}, {0x000CBC, 0x000CBC}, {0x000CBF, 0x000CC0},
    {0x000CC2, 0x000CC2}, {0x000CC6, 0x000CC8}, {0x000CCA, 0x000CCD}, {0x000CD5, 0x000CD6},
    {0x000CE2, 0x000CE3}, {0x000D00, 0x000D01}, {0x000D3B, 0x000D3C}, {0x000D3E, 0x000D3E},
    {0x000D41, 0x000D44}, {0x000D4D, 0x000D4D}, {0x000D57, 0x000D57}, {0x000D62, 0x000D63},
    {0x000D81, 0x000D81}, {0x000DCA, 0x000DCA}, {0x000DCF, 0x000DCF}, {0x000DD2, 0x000DD4},
    {0x000DD6, 0x000DD6}, {0x000DDF, 0x000DDF}, {0x000E31, 0x000E31}, {0x000E34, 0x000E3A},
    {0x000E47, 0x000E4E}, {0x000EB1, 0x000EB1}, {0x000EB4, 0x000EBC}, {0x000EC8, 0x000ECE},
    {0x000F18, 0x000F19}, {0x000F35, 0x000F35}, {0x000F37, 0x000F37}, {0x000F39, 0x000F39},
    {0x000F71, 0x000F7E}, {0x000F80, 0x000F84}, {0x000F86, 0x000F87}, {0x000F8D, 0x000F97},
    {0x000F99, 0x000FBC}, {0x000FC6, 0x000FC6}, {0x00102D, 0x001030}, {0x001032, 0x001037},
    {0x001039, 0x00103A}, {0x00103D, 0x00103E}, {0x001058, 0x001059}, {0x00105E, 0x001060},
    {0x001071, 0x001074}, {0x001082, 0x001082}, {0x001085, 0x001086}, {0x00108D, 0x00108D},
    {0x00109D, 0x00109D}, {0x00135D, 0x00135F}, {0x001712, 0x001715}, {0x001732, 0x001734},
    {0x001752, 0x001753}, {0x001772, 0x001773}, {0x0017B4, 0x0017B5}, {0x0017B7, 0x0017BD},
    {0x0017C6, 0x0017C6}, {0x0017C9, 0x0017D3}, {0x0017DD, 0x0017DD}, {0x00180B, 0x00180D},
    {0x00180F, 0x00180F}, {0x001885, 0x001886}, {0x0018A9, 0x0018A9}, {0x001920, 0x001922},
    {0x001927, 0x001928}, {0x001932, 0x001932}, {0x001939, 0x00193B}, {0x001A17, 0x001A18},
    {0x001A1B, 0x001A1B}, {0x001A56, 0x001A56}, {0x001A58, 0x001A5E}, {0x001A60, 0x001A60},
    {0x001A62, 0x001A62}, {0x001A65, 0x001A6C}, {0x001A73, 0x001A7C}, {0x001A7F, 0x001A7F},
    {0x001AB0, 0x001ACE}, {0x001B00, 0x001B03}, {0x001B34, 0x001B3D}, {0x001B42, 0x001B44},
    {0x001B6B, 0x001B73}, {0x001B80, 0x001B81}, {0x001BA2, 0x001BA5}, {0x001BA8, 0x001BAD},
    {0x001BE6, 0x001BE6}, {0x001BE8, 0x001BE9}, {0x001BED, 0x001BED}, {0x001BEF, 0x001BF3},
    {0x001C2C, 0x001C33}, {0x001C36, 0x001C37}, {0x001CD0, 0x001CD2}, {0x001CD4, 0x001CE0},
    {0x001CE2, 0x001CE8}, {0x001CED, 0x001CED}, {0x001CF4, 0x001CF4}, {0x001CF8, 0x001CF9},
    {0x001DC0, 0x001DFF}, {0x00200C, 0x00200C}, {0x0020D0, 0x0020F0}, {0x002CEF, 0x002CF1},
    {0x002D7F, 0x002D7F}, {0x002DE0, 0x002DFF}, {0x00302A, 0x00302F}, {0x003099, 0x00309A},
    {0x00A66F, 0x00A672}, {0x00A674, 0x00A67D}, {0x00A69E, 0x00A69F}, {0x00A6F0, 0x00A6F1},
    {0x00A802, 0x00A802}, {0x00A806, 0x00A806}, {0x00A80B, 0x00A80B}, {0x00A825, 0x00A826},
    {0x00A82C, 0x00A82C}, {0x00A8C4, 0x00A8C5}, {0x00A8E0, 0x00A8F1}, {0x00A8FF, 0x00A8FF},
    {0x00A926, 0x00A92D}, {0x00A947, 0x00A951}, {0x00A953, 0x00A953}, {0x00A980, 0x00A982},
    {0x00A9B3, 0x00A9B3}, {0x00A9B6, 0x00A9B9}, {0x00A9BC, 0x00A9BD}, {0x00A9C0, 0x00A9C0},
    {0x00A9E5, 0x00A9E5}, {0x00AA29, 0x00AA2E}, {0x00AA31, 0x00AA32}, {0x00AA35, 0x00AA36},
    {0x00AA43, 0x00AA43}, {0x00AA4C, 0x00AA4C}, {0x00AA7C, 0x00AA7C}, {0x00AAB0, 0x00AAB0},
    {0x00AAB2, 0x00AAB4}, {0x00AAB7, 0x00AAB8}, {0x00AABE, 0x00AABF}, {0x00AAC1, 0x00AAC1},
    {0x00AAEC, 0x00AAED}, {0x00AAF6, 0x00AAF6}, {0x00ABE5, 0x00ABE5}, {0x00ABE8, 0x00ABE8},
    {0x00ABED, 0x00ABED}, {0x00FB1E, 0x00FB1E}, {0x00FE00, 0x00FE0F}, {0x00FE20, 0x00FE2F},
    {0x00FF9E, 0x00FF9F}, {0x0101FD, 0x0101FD}, {0x0102E0, 0x0102E0}, {0x010376, 0x01037A},
    {0x010A01, 0x010A03}, {0x010A05, 0x010A06}, {0x010A0C, 0x010A0F}, {0x010A38, 0x010A3A},
    {0x010A3F, 0x010A3F}, {0x010AE5, 0x010AE6}, {0x010D24, 0x010D27}, {0x010D69, 0x010D6D},
    {0x010EAB, 0x010EAC}, {0x010EFC, 0x010EFF}, {0x010F46, 0x010F50}, {0x010F82, 0x010F85},
    {0x011001, 0x011001}, {0x011038, 0x011046}, {0x011070, 0x011070}, {0x011073, 0x011074},
    {0x01107F, 0x011081}, {0x0110B3, 0x0110B6}, {0x0110B9, 0x0110BA}, {0x0110C2, 0x0110C2},
    {0x011100, 0x011102}, {0x011127, 0x01112B}, {0x01112D, 0x011134}, {0x011173, 0x011173},
    {0x011180, 0x011181}, {0x0111B6, 0x0111BE}, {0x0111C0, 0x0111C0}, {0x0111C9, 0x0111CC},
    {0x0111CF, 0x0111CF}, {0x01122F, 0x011231}, {0x011234, 0x011237}, {0x01123E, 0x01123E},
    {0x011241, 0x011241}, {0x0112DF, 0x0112DF}, {0x0112E3, 0x0112EA}, {0x011300, 0x011301},
    {0x01133B, 0x01133C}, {0x01133E, 0x01133E}, {0x011340, 0x011340}, {0x01134D, 0x01134D},
    {0x011357, 0x011357}, {0x011366, 0x01136C}, {0x011370, 0x011374}, {0x0113B8, 0x0113B8},
    {0x0113BB, 0x0113C0}, {0x0113C2, 0x0113C2}, {0x0113C5, 0x0113C5}, {0x0113C7, 0x0113C9},
    {0x0113CE, 0x0113D0}, {0x0113D2, 0x0113D2}, {0x0113E1, 0x0113E2}, {0x011438, 0x01143F},
    {0x011442, 0x011444}, {0x011446, 0x011446}, {0x01145E, 0x01145E}, {0x0114B0, 0x0114B0},
    {0x0114B3, 0x0114B8}, {0x0114BA, 0x0114BA}, {0x0114BD, 0x0114BD}, {0x0114BF, 0x0114C0},
    {0x0114C2, 0x0114C3}, {0x0115AF, 0x0115AF}, {0x0115B2, 0x0115B5}, {0x0115BC, 0x0115BD},
    {0x0115BF, 0x0115C0}, {0x0115DC, 0x0115DD}, {0x011633, 0x01163A}, {0x01163D, 0x01163D},
    {0x01163F, 0x011640}, {0x0116AB, 0x0116AB}, {0x0116AD, 0x0116AD}, {0x0116B0, 0x0116B7},
    {0x01171D, 0x01171D}, {0x01171F, 0x01171F}, {0x011722, 0x011725}, {0x011727, 0x01172B},
    {0x01182F, 0x011837}, {0x011839, 0x01183A}, {0x011930, 0x011930}, {0x01193B, 0x01193E},
    {0x011943, 0x011943}, {0x0119D4, 0x0119D7}, {0x0119DA, 0x0119DB}, {0x0119E0, 0x0119E0},
    {0x011A01, 0x011A0A}, {0x011A33, 0x011A38}, {0x011A3B, 0x011A3E}, {0x011A47, 0x011A47},
    {0x011A51, 0x011A56}, {0x011A59, 0x011A5B}, {0x011A8A, 0x011A96}, {0x011A98, 0x011A99},
    {0x011C30, 0x011C36}, {0x011C38, 0x011C3D}, {0x011C3F, 0x011C3F}, {0x011C92, 0x011CA7},
    {0x011CAA, 0x011CB0}, {0x011CB2, 0x011CB3}, {0x011CB5, 0x011CB6}, {0x011D31, 0x011D36},
    {0x011D3A, 0x011D3A}, {0x011D3C, 0x011D3D}, {0x011D3F, 0x011D45}, {0x011D47, 0x011D47},
    {0x011D90, 0x011D91}, {0x011D95, 0x011D95}, {0x011D97, 0x011D97}, {0x011EF3, 0x011EF4},
    {0x011F00, 0x011F01}, {0x011F36, 0x011F3A}, {0x011F40, 0x011F42}, {0x011F5A, 0x011F5A},
    {0x013440, 0x013440}, {0x013447, 0x013455}, {0x01611E, 0x016129}, {0x01612D, 0x01612F},
    {0x016AF0, 0x016AF4}, {0x016B30, 0x016B36}, {0x016F4F, 0x016F4F}, {0x016F8F, 0x016F92},
    {0x016FE4, 0x016FE4}, {0x016FF0, 0x016FF1}, {0x01BC9D, 0x01BC9E}, {0x01CF00, 0x01CF2D},
    {0x01CF30, 0x01CF46}, {0x01D165, 0x01D169}, {0x01D16D, 0x01D172}, {0x01D17B, 0x01D182},
    {0x01D185, 0x01D18B}, {0x01D1AA, 0x01D1AD}, {0x01D242, 0x01D244}, {0x01DA00, 0x01DA36},
    {0x01DA3B, 0x01DA6C}, {0x01DA75, 0x01DA75}, {0x01DA84, 0x01DA84}, {0x01DA9B, 0x01DA9F},
    {0x01DAA1, 0x01DAAF}, {0x01E000, 0x01E006}, {0x01E008, 0x01E018}, {0x01E01B, 0x01E021},
    {0x01E023, 0x01E024}, {0x01E026, 0x01E02A}, {0x01E08F, 0x01E08F}, {0x01E130, 0x01E136},
    {0x01E2AE, 0x01E2AE}, {0x01E2EC, 0x01E2EF}, {0x01E4EC, 0x01E4EF}, {0x01E5EE, 0x01E5EF},
    {0x01E8D0, 0x01E8D6}, {0x01E944, 0x01E94A}, {0x0E0020, 0x0E007F}, {0x0E0100, 0x0E01EF},
    {0x00094D, 0x00094D}, {0x0009CD, 0x0009CD}, {0x000A4D, 0x000A4D}, {0x000ACD, 0x000ACD},
    {0x000B4D, 0x000B4D}, {0x000BCD, 0x000BCD}, {0x000C4D, 0x000C4D}, {0x000CCD, 0x000CCD},
    {0x000D3B, 0x000D3C}, {0x000D4D, 0x000D4D}, {0x000DCA, 0x000DCA}, {0x000E3A, 0x000E3A},
    {0x000EBA, 0x000EBA}, {0x000F84, 0x000F84}, {0x001039, 0x00103A}, {0x001714, 0x001715},
    {0x001734, 0x001734}, {0x0017D2, 0x0017D2}, {0x001A60, 0x001A60}, {0x001B44, 0x001B44},
    {0x001BAA, 0x001BAB}, {0x001BF2, 0x001BF3}, {0x002D7F, 0x002D7F}, {0x00A806, 0x00A806},
    {0x00A82C, 0x00A82C}, {0x00A8C4, 0x00A8C4}, {0x00A953, 0x00A953}, {0x00A9C0, 0x00A9C0},
    {0x00AAF6, 0x00AAF6}, {0x00ABED, 0x00ABED}, {0x010A3F, 0x010A3F}, {0x011046, 0x011046},
    {0x011070, 0x011070}, {0x01107F, 0x01107F}, {0x0110B9, 0x0110B9}, {0x011133, 0x011134},
    {0x0111C0, 0x0111C0}, {0x011235, 0x011235}, {0x0112EA, 0x0112EA}, {0x01134D, 0x01134D},
    {0x0113CE, 0x0113D0}, {0x011442, 0x011442}, {0x0114C2, 0x0114C2}, {0x0115BF, 0x0115BF},
    {0x01163F, 0x01163F}, {0x0116B6, 0x0116B6}, {0x01172B, 0x01172B}, {0x011839, 0x011839},
    {0x01193D, 0x01193E}, {0x0119E0, 0x0119E0}, {0x011A34, 0x011A34}, {0x011A47, 0x011A47},
    {0x011A99, 0x011A99}, {0x011C3F, 0x011C3F}, {0x011D44, 0x011D45}, {0x011D97, 0x011D97},
    {0x011F41, 0x011F42}, {0x01612F, 0x01612F}, {0x000030, 0x000039}, {0x000041, 0x000046},
    {0x000061, 0x000066}, {0x00FF10, 0x00FF19}, {0x00FF21, 0x00FF26}, {0x00FF41, 0x00FF46},
    {0x00002D, 0x00002D}, {0x0000AD, 0x0000AD}, {0x00058A, 0x00058A}, {0x001806, 0x001806},
    {0x002010, 0x002011}, {0x002E17, 0x002E17}, {0x0030FB, 0x0030FB}, {0x00FE63, 0x00FE63},
    {0x00FF0D, 0x00FF0D}, {0x00FF65, 0x00FF65}, {0x000030, 0x000039}, {0x000041, 0x00005A},
    {0x00005F, 0x00005F}, {0x000061, 0x00007A}, {0x0000AA, 0x0000AA}, {0x0000B5, 0x0000B5},
    {0x0000B7, 0x0000B7}, {0x0000BA, 0x0000BA}, {0x0000C0, 0x0000D6}, {0x0000D8, 0x0000F6},
    {0x0000F8, 0x0002C1}, {0x0002C6, 0x0002D1}, {0x0002E0, 0x0002E4}, {0x0002EC, 0x0002EC},
    {0x0002EE, 0x0002EE}, {0x000300, 0x000374}, {0x000376, 0x000377}, {0x00037A, 0x00037D},
    {0x00037F, 0x00037F}, {0x000386, 0x00038A}, {0x00038C, 0x00038C}, {0x00038E, 0x0003A1},
    {0x0003A3, 0x0003F5}, {0x0003F7, 0x000481}, {0x000483, 0x000487}, {0x00048A, 0x00052F},
    {0x000531, 0x000556}, {0x000559, 0x000559}, {0x000560, 0x000588}, {0x000591, 0x0005BD},
    {0x0005BF, 0x0005BF}, {0x0005C1, 0x0005C2}, {0x0005C4, 0x0005C5}, {0x0005C7, 0x0005C7},
    {0x0005D0, 0x0005EA}, {0x0005EF, 0x0005F2}, {0x000610, 0x00061A}, {0x000620, 0x000669},
    {0x00066E, 0x0006D3}, {0x0006D5, 0x0006DC}, {0x0006DF, 0x0006E8}, {0x0006EA, 0x0006FC},
    {0x0006FF, 0x0006FF}, {0x000710, 0x00074A}, {0x00074D, 0x0007B1}, {0x0007C0, 0x0007F5},
    {0x0007FA, 0x0007FA}, {0x0007FD, 0x0007FD}, {0x000800, 0x00082D}, {0x000840, 0x00085B},
    {0x000860, 0x00086A}, {0x000870, 0x000887}, {0x000889, 0x00088E}, {0x000897, 0x0008E1},
    {0x0008E3, 0x000963}, {0x000966, 0x00096F}, {0x000971, 0x000983}, {0x000985, 0x00098C},
    {0x00098F, 0x000990}, {0x000993, 0x0009A8}, {0x0009AA, 0x0009B0}, {0x0009B2, 0x0009B2},
    {0x0009B6, 0x0009B9}, {0x0009BC, 0x0009C4}, {0x0009C7, 0x0009C8}, {0x0009CB, 0x0009CE},
    {0x0009D7, 0x0009D7}, {0x0009DC, 0x0009DD}, {0x0009DF, 0x0009E3}, {0x0009E6, 0x0009F1},
    {0x0009FC, 0x0009FC}, {0x0009FE, 0x0009FE}, {0x000A01, 0x000A03}, {0x000A05, 0x000A0A},
    {0x000A0F, 0x000A10}, {0x000A13, 0x000A28}, {0x000A2A, 0x000A30}, {0x000A32, 0x000A33},
    {0x000A35, 0x000A36}, {0x000A38, 0x000A39}, {0x000A3C, 0x000A3C}, {0x000A3E, 0x000A42},
    {0x000A47, 0x000A48}, {0x000A4B, 0x000A4D}, {0x000A51, 0x000A51}, {0x000A59, 0x000A5C},
    {0x000A5E, 0x000A5E}, {0x000A66, 0x000A75}, {0x000A81, 0x000A83}, {0x000A85, 0x000A8D},
    {0x000A8F, 0x000A91}, {0x000A93, 0x000AA8}, {0x000AAA, 0x000AB0}, {0x000AB2, 0x000AB3},
    {0x000AB5, 0x000AB9}, {0x000ABC, 0x000AC5}, {0x000AC7, 0x000AC9}, {0x000ACB, 0x000ACD},
    {0x000AD0, 0x000AD0}, {0x000AE0, 0x000AE3}, {0x000AE6, 0x000AEF}, {0x000AF9, 0x000AFF},
    {0x000B01, 0x000B03}, {0x000B05, 0x000B0C}, {0x000B0F, 0x000B10}, {0x000B13, 0x000B28},
    {0x000B2A, 0x000B30}, {0x000B32, 0x000B33}, {0x000B35, 0x000B39}, {0x000B3C, 0x000B44},
    {0x000B47, 0x000B48}, {0x000B4B, 0x000B4D}, {0x000B55, 0x000B57}, {0x000B5C, 0x000B5D},
    {0x000B5F, 0x000B63}, {0x000B66, 0x000B6F}, {0x000B71, 0x000B71}, {0x000B82, 0x000B83},
    {0x000B85, 0x000B8A}, {0x000B8E, 0x000B90}, {0x000B92, 0x000B95}, {0x000B99, 0x000B9A},
    {0x000B9C, 0x000B9C}, {0x000B9E, 0x000B9F}, {0x000BA3, 0x000BA4}, {0x000BA8, 0x000BAA},
    {0x000BAE, 0x000BB9}, {0x000BBE, 0x000BC2}, {0x000BC6, 0x000BC8}, {0x000BCA, 0x000BCD},
    {0x000BD0, 0x000BD0}, {0x000BD7, 0x000BD7}, {0x000BE6, 0x000BEF}, {0x000C00, 0x000C0C},
    {0x000C0E, 0x000C10}, {0x000C12, 0x000C28}, {0x000C2A, 0x000C39}, {0x000C3C, 0x000C44},
    {0x000C46, 0x000C48}, {0x000C4A, 0x000C4D}, {0x000C55, 0x000C56}, {0x000C58, 0x000C5A},
    {0x000C5D, 0x000C5D}, {0x000C60, 0x000C63}, {0x000C66, 0x000C6F}, {0x000C80, 0x000C83},
    {0x000C85, 0x000C8C}, {0x000C8E, 0x000C90}, {0x000C92, 0x000CA8}, {0x000CAA, 0x000CB3},
    {0x000CB5, 0x000CB9}, {0x000CBC, 0x000CC4}, {0x000CC6, 0x000CC8}, {0x000CCA, 0x000CCD},
    {0x000CD5, 0x000CD6}, {0x000CDD, 0x000CDE}, {0x000CE0, 0x000CE3}, {0x000CE6, 0x000CEF},
    {0x000CF1, 0x000CF3}, {0x000D00, 0x000D0C}, {0x000D0E, 0x000D10}, {0x000D12, 0x000D44},
    {0x000D46, 0x000D48}, {0x000D4A, 0x000D4E}, {0x000D54, 0x000D57}, {0x000D5F, 0x000D63},
    {0x000D66, 0x000D6F}, {0x000D7A, 0x000D7F}, {0x000D81, 0x000D83}, {0x000D85, 0x000D96},
    {0x000D9A, 0x000DB1}, {0x000DB3, 0x000DBB}, {0x000DBD, 0x000DBD}, {0x000DC0, 0x000DC6},
    {0x000DCA, 0x000DCA}, {0x000DCF, 0x000DD4}, {0x000DD6, 0x000DD6}, {0x000DD8, 0x000DDF},
    {0x000DE6, 0x000DEF}, {0x000DF2, 0x000DF3}, {0x000E01, 0x000E3A}, {0x000E40, 0x000E4E},
    {0x000E50, 0x000E59}, {0x000E81, 0x000E82}, {0x000E84, 0x000E84}, {0x000E86, 0x000E8A},
    {0x000E8C, 0x000EA3}, {0x000EA5, 0x000EA5}, {0x000EA7, 0x000EBD}, {0x000EC0, 0x000EC4},
    {0x000EC6, 0x000EC6}, {0x000EC8, 0x000ECE}, {0x000ED0, 0x000ED9}, {0x000EDC, 0x000EDF},
    {0x000F00, 0x000F00}, {0x000F18, 0x000F19}, {0x000F20, 0x000F29}, {0x000F35, 0x000F35},
    {0x000F37, 0x000F37}, {0x000F39, 0x000F39}, {0x000F3E, 0x000F47}, {0x000F49, 0x000F6C},
    {0x000F71, 0x000F84}, {0x000F86, 0x000F97}, {0x000F99, 0x000FBC}, {0x000FC6, 0x000FC6},
    {0x001000, 0x001049}, {0x001050, 0x00109D}, {0x0010A0, 0x0010C5}, {0x0010C7, 0x0010C7},
    {0x0010CD, 0x0010CD}, {0x0010D0, 0x0010FA}, {0x0010FC, 0x001248}, {0x00124A, 0x00124D},
    {0x001250, 0x001256}, {0x001258, 0x001258}, {0x00125A, 0x00125D}, {0x001260, 0x001288},
    {0x00128A, 0x00128D}, {0x001290, 0x0012B0}, {0x0012B2, 0x0012B5}, {0x0012B8, 0x0012BE},
    {0x0012C0, 0x0012C0}, {0x0012C2, 0x0012C5}, {0x0012C8, 0x0012D6}, {0x0012D8, 0x001310},
    {0x001312, 0x001315}, {0x001318, 0x00135A}, {0x00135D, 0x00135F}, {0x001369, 0x001371},
    {0x001380, 0x00138F}, {0x0013A0, 0x0013F5}, {0x0013F8, 0x0013FD}, {0x001401, 0x00166C},
    {0x00166F, 0x00167F}, {0x001681, 0x00169A}, {0x0016A0, 0x0016EA}, {0x0016EE, 0x0016F8},
    {0x001700, 0x001715}, {0x00171F, 0x001734}, {0x001740, 0x001753}, {0x001760, 0x00176C},
    {0x00176E, 0x001770}, {0x001772, 0x001773}, {0x001780, 0x0017D3}, {0x0017D7, 0x0017D7},
    {0x0017DC, 0x0017DD}, {0x0017E0, 0x0017E9}, {0x00180B, 0x00180D}, {0x00180F, 0x001819},
    {0x001820, 0x001878}, {0x001880, 0x0018AA}, {0x0018B0, 0x0018F5}, {0x001900, 0x00191E},
    {0x001920, 0x00192B}, {0x001930, 0x00193B}, {0x001946, 0x00196D}, {0x001970, 0x001974},
    {0x001980, 0x0019AB}, {0x0019B0, 0x0019C9}, {0x0019D0, 0x0019DA}, {0x001A00, 0x001A1B},
    {0x001A20, 0x001A5E}, {0x001A60, 0x001A7C}, {0x001A7F, 0x001A89}, {0x001A90, 0x001A99},
    {0x001AA7, 0x001AA7}, {0x001AB0, 0x001ABD}, {0x001ABF, 0x001ACE}, {0x001B00, 0x001B4C},
    {0x001B50, 0x001B59}, {0x001B6B, 0x001B73}, {0x001B80, 0x001BF3}, {0x001C00, 0x001C37},
    {0x001C40, 0x001C49}, {0x001C4D, 0x001C7D}, {0x001C80, 0x001C8A}, {0x001C90, 0x001CBA},
    {0x001CBD, 0x001CBF}, {0x001CD0, 0x001CD2}, {0x001CD4, 0x001CFA}, {0x001D00, 0x001F15},
    {0x001F18, 0x001F1D}, {0x001F20, 0x001F45}, {0x001F48, 0x001F4D}, {0x001F50, 0x001F57},
    {0x001F59, 0x001F59}, {0x001F5B, 0x001F5B}, {0x001F5D, 0x001F5D}, {0x001F5F, 0x001F7D},
    {0x001F80, 0x001FB4}, {0x001FB6, 0x001FBC}, {0x001FBE, 0x001FBE}, {0x001FC2, 0x001FC4},
    {0x001FC6, 0x001FCC}, {0x001FD0, 0x001FD3}, {0x001FD6, 0x001FDB}, {0x001FE0, 0x001FEC},
    {0x001FF2, 0x001FF4}, {0x001FF6, 0x001FFC}, {0x00200C, 0x00200D}, {0x00203F, 0x002040},
    {0x002054, 0x002054}, {0x002071, 0x002071}, {0x00207F, 0x00207F}, {0x002090, 0x00209C},
    {0x0020D0, 0x0020DC}, {0x0020E1, 0x0020E1}, {0x0020E5, 0x0020F0}, {0x002102, 0x002102},
    {0x002107, 0x002107}, {0x00210A, 0x002113}, {0x002115, 0x002115}, {0x002118, 0x00211D},
    {0x002124, 0x002124}, {0x002126, 0x002126}, {0x002128, 0x002128}, {0x00212A, 0x002139},
    {0x00213C, 0x00213F}, {0x002145, 0x002149}, {0x00214E, 0x00214E}, {0x002160, 0x002188},
    {0x002C00, 0x002CE4}, {0x002CEB, 0x002CF3}, {0x002D00, 0x002D25}, {0x002D27, 0x002D27},
    {0x002D2D, 0x002D2D}, {0x002D30, 0x002D67}, {0x002D6F, 0x002D6F}, {0x002D7F, 0x002D96},
    {0x002DA0, 0x002DA6}, {0x002DA8, 0x002DAE}, {0x002DB0, 0x002DB6}, {0x002DB8, 0x002DBE},
    {0x002DC0, 0x002DC6}, {0x002DC8, 0x002DCE}, {0x002DD0, 0x002DD6}, {0x002DD8, 0x002DDE},
    {0x002DE0, 0x002DFF}, {0x003005, 0x003007}, {0x003021, 0x00302F}, {0x003031, 0x003035},
    {0x003038, 0x00303C}, {0x003041, 0x003096}, {0x003099, 0x00309F}, {0x0030A1, 0x0030FF},
    {0x003105, 0x00312F}, {0x003131, 0x00318E}, {0x0031A0, 0x0031BF}, {0x0031F0, 0x0031FF},
    {0x003400, 0x004DBF}, {0x004E00, 0x00A48C}, {0x00A4D0, 0x00A4FD}, {0x00A500, 0x00A60C},
    {0x00A610, 0x00A62B}, {0x00A640, 0x00A66F}, {0x00A674, 0x00A67D}, {0x00A67F, 0x00A6F1},
    {0x00A717, 0x00A71F}, {0x00A722, 0x00A788}, {0x00A78B, 0x00A7CD}, {0x00A7D0, 0x00A7D1},
    {0x00A7D3, 0x00A7D3}, {0x00A7D5, 0x00A7DC}, {0x00A7F2, 0x00A827}, {0x00A82C, 0x00A82C},
    {0x00A840, 0x00A873}, {0x00A880, 0x00A8C5}, {0x00A8D0, 0x00A8D9}, {0x00A8E0, 0x00A8F7},
    {0x00A8FB, 0x00A8FB}, {0x00A8FD, 0x00A92D}, {0x00A930, 0x00A953}, {0x00A960, 0x00A97C},
    {0x00A980, 0x00A9C0}, {0x00A9CF, 0x00A9D9}, {0x00A9E0, 0x00A9FE}, {0x00AA00, 0x00AA36},
    {0x00AA40, 0x00AA4D}, {0x00AA50, 0x00AA59}, {0x00AA60, 0x00AA76}, {0x00AA7A, 0x00AAC2},
    {0x00AADB, 0x00AADD}, {0x00AAE0, 0x00AAEF}, {0x00AAF2, 0x00AAF6}, {0x00AB01, 0x00AB06},
    {0x00AB09, 0x00AB0E}, {0x00AB11, 0x00AB16}, {0x00AB20, 0x00AB26}, {0x00AB28, 0x00AB2E},
    {0x00AB30, 0x00AB5A}, {0x00AB5C, 0x00AB69}, {0x00AB70, 0x00ABEA}, {0x00ABEC, 0x00ABED},
    {0x00ABF0, 0x00ABF9}, {0x00AC00, 0x00D7A3}, {0x00D7B0, 0x00D7C6}, {0x00D7CB, 0x00D7FB},
    {0x00F900, 0x00FA6D}, {0x00FA70, 0x00FAD9}, {0x00FB00, 0x00FB06}, {0x00FB13, 0x00FB17},
    {0x00FB1D, 0x00FB28}, {0x00FB2A, 0x00FB36}, {0x00FB38, 0x00FB3C}, {0x00FB3E, 0x00FB3E},
    {0x00FB40, 0x00FB41}, {0x00FB43, 0x00FB44}, {0x00FB46, 0x00FBB1}, {0x00FBD3, 0x00FD3D},
    {0x00FD50, 0x00FD8F}, {0x00FD92, 0x00FDC7}, {0x00FDF0, 0x00FDFB}, {0x00FE00, 0x00FE0F},
    {0x00FE20, 0x00FE2F}, {0x00FE33, 0x00FE34}, {0x00FE4D, 0x00FE4F}, {0x00FE70, 0x00FE74},
    {0x00FE76, 0x00FEFC}, {0x00FF10, 0x00FF19}, {0x00FF21, 0x00FF3A}, {0x00FF3F, 0x00FF3F},
    {0x00FF41, 0x00FF5A}, {0x00FF65, 0x00FFBE}, {0x00FFC2, 0x00FFC7}, {0x00FFCA, 0x00FFCF},
    {0x00FFD2, 0x00FFD7}, {0x00FFDA, 0x00FFDC}, {0x010000, 0x01000B}, {0x01000D, 0x010026},
    {0x010028, 0x01003A}, {0x01003C, 0x01003D}, {0x01003F, 0x01004D}, {0x010050, 0x01005D},
    {0x010080, 0x0100FA}, {0x010140, 0x010174}, {0x0101FD, 0x0101FD}, {0x010280, 0x01029C},
    {0x0102A0, 0x0102D0}, {0x0102E0, 0x0102E0}, {0x010300, 0x01031F}, {0x01032D, 0x01034A},
    {0x010350, 0x01037A}, {0x010380, 0x01039D}, {0x0103A0, 0x0103C3}, {0x0103C8, 0x0103CF},
    {0x0103D1, 0x0103D5}, {0x010400, 0x01049D}, {0x0104A0, 0x0104A9}, {0x0104B0, 0x0104D3},
    {0x0104D8, 0x0104FB}, {0x010500, 0x010527}, {0x010530, 0x010563}, {0x010570, 0x01057A},
    {0x01057C, 0x01058A}, {0x01058C, 0x010592}, {0x010594, 0x010595}, {0x010597, 0x0105A1},
    {0x0105A3, 0x0105B1}, {0x0105B3, 0x0105B9}, {0x0105BB, 0x0105BC}, {0x0105C0, 0x0105F3},
    {0x010600, 0x010736}, {0x010740, 0x010755}, {0x010760, 0x010767}, {0x010780, 0x010785},
    {0x010787, 0x0107B0}, {0x0107B2, 0x0107BA}, {0x010800, 0x010805}, {0x010808, 0x010808},
    {0x01080A, 0x010835}, {0x010837, 0x010838}, {0x01083C, 0x01083C}, {0x01083F, 0x010855},
    {0x010860, 0x010876}, {0x010880, 0x01089E}, {0x0108E0, 0x0108F2}, {0x0108F4, 0x0108F5},
    {0x010900, 0x010915}, {0x010920, 0x010939}, {0x010980, 0x0109B7}, {0x0109BE, 0x0109BF},
    {0x010A00, 0x010A03}, {0x010A05, 0x010A06}, {0x010A0C, 0x010A13}, {0x010A15, 0x010A17},
    {0x010A19, 0x010A35}, {0x010A38, 0x010A3A}, {0x010A3F, 0x010A3F}, {0x010A60, 0x010A7C},
    {0x010A80, 0x010A9C}, {0x010AC0, 0x010AC7}, {0x010AC9, 0x010AE6}, {0x010B00, 0x010B35},
    {0x010B40, 0x010B55}, {0x010B60, 0x010B72}, {0x010B80, 0x010B91}, {0x010C00, 0x010C48},
    {0x010C80, 0x010CB2}, {0x010CC0, 0x010CF2}, {0x010D00, 0x010D27}, {0x010D30, 0x010D39},
    {0x010D40, 0x010D65}, {0x010D69, 0x010D6D}, {0x010D6F, 0x010D85}, {0x010E80, 0x010EA9},
    {0x010EAB, 0x010EAC}, {0x010EB0, 0x010EB1}, {0x010EC2, 0x010EC4}, {0x010EFC, 0x010F1C},
    {0x010F27, 0x010F27}, {0x010F30, 0x010F50}, {0x010F70, 0x010F85}, {0x010FB0, 0x010FC4},
    {0x010FE0, 0x010FF6}, {0x011000, 0x011046}, {0x011066, 0x011075}, {0x01107F, 0x0110BA},
    {0x0110C2, 0x0110C2}, {0x0110D0, 0x0110E8}, {0x0110F0, 0x0110F9}, {0x011100, 0x011134},
    {0x011136, 0x01113F}, {0x011144, 0x011147}, {0x011150, 0x011173}, {0x011176, 0x011176},
    {0x011180, 0x0111C4}, {0x0111C9, 0x0111CC}, {0x0111CE, 0x0111DA}, {0x0111DC, 0x0111DC},
    {0x011200, 0x011211}, {0x011213, 0x011237}, {0x01123E, 0x011241}, {0x011280, 0x011286},
    {0x011288, 0x011288}, {0x01128A, 0x01128D}, {0x01128F, 0x01129D}, {0x01129F, 0x0112A8},
    {0x0112B0, 0x0112EA}, {0x0112F0, 0x0112F9}, {0x011300, 0x011303}, {0x011305, 0x01130C},
    {0x01130F, 0x011310}, {0x011313, 0x011328}, {0x01132A, 0x011330}, {0x011332, 0x011333},
    {0x011335, 0x011339}, {0x01133B, 0x011344}, {0x011347, 0x011348}, {0x01134B, 0x01134D},
    {0x011350, 0x011350}, {0x011357, 0x011357}, {0x01135D, 0x011363}, {0x011366, 0x01136C},
    {0x011370, 0x011374}, {0x011380, 0x011389}, {0x01138B, 0x01138B}, {0x01138E, 0x01138E},
    {0x011390, 0x0113B5}, {0x0113B7, 0x0113C0}, {0x0113C2, 0x0113C2}, {0x0113C5, 0x0113C5},
    {0x0113C7, 0x0113CA}, {0x0113CC, 0x0113D3}, {0x0113E1, 0x0113E2}, {0x011400, 0x01144A},
    {0x011450, 0x011459}, {0x01145E, 0x011461}, {0x011480, 0x0114C5}, {0x0114C7, 0x0114C7},
    {0x0114D0, 0x0114D9}, {0x011580, 0x0115B5}, {0x0115B8, 0x0115C0}, {0x0115D8, 0x0115DD},
    {0x011600, 0x011640}, {0x011644, 0x011644}, {0x011650, 0x011659}, {0x011680, 0x0116B8},
    {0x0116C0, 0x0116C9}, {0x0116D0, 0x0116E3}, {0x011700, 0x01171A}, {0x01171D, 0x01172B},
    {0x011730, 0x011739}, {0x011740, 0x011746}, {0x011800, 0x01183A}, {0x0118A0, 0x0118E9},
    {0x0118FF, 0x011906}, {0x011909, 0x011909}, {0x01190C, 0x011913}, {0x011915, 0x011916},
    {0x011918, 0x011935}, {0x011937, 0x011938}, {0x01193B, 0x011943}, {0x011950, 0x011959},
    {0x0119A0, 0x0119A7}, {0x0119AA, 0x0119D7}, {0x0119DA, 0x0119E1}, {0x0119E3, 0x0119E4},
    {0x011A00, 0x011A3E}, {0x011A47, 0x011A47}, {0x011A50, 0x011A99}, {0x011A9D, 0x011A9D},
    {0x011AB0, 0x011AF8}, {0x011BC0, 0x011BE0}, {0x011BF0, 0x011BF9}, {0x011C00, 0x011C08},
    {0x011C0A, 0x011C36}, {0x011C38, 0x011C40}, {0x011C50, 0x011C59}, {0x011C72, 0x011C8F},
    {0x011C92, 0x011CA7}, {0x011CA9, 0x011CB6}, {0x011D00, 0x011D06}, {0x011D08, 0x011D09},
    {0x011D0B, 0x011D36}, {0x011D3A, 0x011D3A}, {0x011D3C, 0x011D3D}, {0x011D3F, 0x011D47},
    {0x011D50, 0x011D59}, {0x011D60, 0x011D65}, {0x011D67, 0x011D68}, {0x011D6A, 0x011D8E},
    {0x011D90, 0x011D91}, {0x011D93, 0x011D98}, {0x011DA0, 0x011DA9}, {0x011EE0, 0x011EF6},
    {0x011F00, 0x011F10}, {0x011F12, 0x011F3A}, {0x011F3E, 0x011F42}, {0x011F50, 0x011F5A},
    {0x011FB0, 0x011FB0}, {0x012000, 0x012399}, {0x012400, 0x01246E}, {0x012480, 0x012543},
    {0x012F90, 0x012FF0}, {0x013000, 0x01342F}, {0x013440, 0x013455}, {0x013460, 0x0143FA},
    {0x014400, 0x014646}, {0x016100, 0x016139}, {0x016800, 0x016A38}, {0x016A40, 0x016A5E},
    {0x016A60, 0x016A69}, {0x016A70, 0x016ABE}, {0x016AC0, 0x016AC9}, {0x016AD0, 0x016AED},
    {0x016AF0, 0x016AF4}, {0x016B00, 0x016B36}, {0x016B40, 0x016B43}, {0x016B50, 0x016B59},
    {0x016B63, 0x016B77}, {0x016B7D, 0x016B8F}, {0x016D40, 0x016D6C}, {0x016D70, 0x016D79},
    {0x016E40, 0x016E7F}, {0x016F00, 0x016F4A}, {0x016F4F, 0x016F87}, {0x016F8F, 0x016F9F},
    {0x016FE0, 0x016FE1}, {0x016FE3, 0x016FE4}, {0x016FF0, 0x016FF1}, {0x017000, 0x0187F7},
    {0x018800, 0x018CD5}, {0x018CFF, 0x018D08}, {0x01AFF0, 0x01AFF3}, {0x01AFF5, 0x01AFFB},
    {0x01AFFD, 0x01AFFE}, {0x01B000, 0x01B122}, {0x01B132, 0x01B132}, {0x01B150, 0x01B152},
    {0x01B155, 0x01B155}, {0x01B164, 0x01B167}, {0x01B170, 0x01B2FB}, {0x01BC00, 0x01BC6A},
    {0x01BC70, 0x01BC7C}, {0x01BC80, 0x01BC88}, {0x01BC90, 0x01BC99}, {0x01BC9D, 0x01BC9E},
    {0x01CCF0, 0x01CCF9}, {0x01CF00, 0x01CF2D}, {0x01CF30, 0x01CF46}, {0x01D165, 0x01D169},
    {0x01D16D, 0x01D172}, {0x01D17B, 0x01D182}, {0x01D185, 0x01D18B}, {0x01D1AA, 0x01D1AD},
    {0x01D242, 0x01D244}, {0x01D400, 0x01D454}, {0x01D456, 0x01D49C}, {0x01D49E, 0x01D49F},
    {0x01D4A2, 0x01D4A2}, {0x01D4A5, 0x01D4A6}, {0x01D4A9, 0x01D4AC}, {0x01D4AE, 0x01D4B9},
    {0x01D4BB, 0x01D4BB}, {0x01D4BD, 0x01D4C3}, {0x01D4C5, 0x01D505}, {0x01D507, 0x01D50A},
    {0x01D50D, 0x01D514}, {0x01D516, 0x01D51C}, {0x01D51E, 0x01D539}, {0x01D53B, 0x01D53E},
    {0x01D540, 0x01D544}, {0x01D546, 0x01D546}, {0x01D54A, 0x01D550}, {0x01D552, 0x01D6A5},
    {0x01D6A8, 0x01D6C0}, {0x01D6C2, 0x01D6DA}, {0x01D6DC, 0x01D6FA}, {0x01D6FC, 0x01D714},
    {0x01D716, 0x01D734}, {0x01D736, 0x01D74E}, {0x01D750, 0x01D76E}, {0x01D770, 0x01D788},
    {0x01D78A, 0x01D7A8}, {0x01D7AA, 0x01D7C2}, {0x01D7C4, 0x01D7CB}, {0x01D7CE, 0x01D7FF},
    {0x01DA00, 0x01DA36}, {0x01DA3B, 0x01DA6C}, {0x01DA75, 0x01DA75}, {0x01DA84, 0x01DA84},
    {0x01DA9B, 0x01DA9F}, {0x01DAA1, 0x01DAAF}, {0x01DF00, 0x01DF1E}, {0x01DF25, 0x01DF2A},
    {0x01E000, 0x01E006}, {0x01E008, 0x01E018}, {0x01E01B, 0x01E021}, {0x01E023, 0x01E024},
    {0x01E026, 0x01E02A}, {0x01E030, 0x01E06D}, {0x01E08F, 0x01E08F}, {0x01E100, 0x01E12C},
    {0x01E130, 0x01E13D}, {0x01E140, 0x01E149}, {0x01E14E, 0x01E14E}, {0x01E290, 0x01E2AE},
    {0x01E2C0, 0x01E2F9}, {0x01E4D0, 0x01E4F9}, {0x01E5D0, 0x01E5FA}, {0x01E7E0, 0x01E7E6},
    {0x01E7E8, 0x01E7EB}, {0x01E7ED, 0x01E7EE}, {0x01E7F0, 0x01E7FE}, {0x01E800, 0x01E8C4},
    {0x01E8D0, 0x01E8D6}, {0x01E900, 0x01E94B}, {0x01E950, 0x01E959}, {0x01EE00, 0x01EE03},
    {0x01EE05, 0x01EE1F}, {0x01EE21, 0x01EE22}, {0x01EE24, 0x01EE24}, {0x01EE27, 0x01EE27},
    {0x01EE29, 0x01EE32}, {0x01EE34, 0x01EE37}, {0x01EE39, 0x01EE39}, {0x01EE3B, 0x01EE3B},
    {0x01EE42, 0x01EE42}, {0x01EE47, 0x01EE47}, {0x01EE49, 0x01EE49}, {0x01EE4B, 0x01EE4B},
    {0x01EE4D, 0x01EE4F}, {0x01EE51, 0x01EE52}, {0x01EE54, 0x01EE54}, {0x01EE57, 0x01EE57},
    {0x01EE59, 0x01EE59}, {0x01EE5B, 0x01EE5B}, {0x01EE5D, 0x01EE5D}, {0x01EE5F, 0x01EE5F},
    {0x01EE61, 0x01EE62}, {0x01EE64, 0x01EE64}, {0x01EE67, 0x01EE6A}, {0x01EE6C, 0x01EE72},
    {0x01EE74, 0x01EE77}, {0x01EE79, 0x01EE7C}, {0x01EE7E, 0x01EE7E}, {0x01EE80, 0x01EE89},
    {0x01EE8B, 0x01EE9B}, {0x01EEA1, 0x01EEA3}, {0x01EEA5, 0x01EEA9}, {0x01EEAB, 0x01EEBB},
    {0x01FBF0, 0x01FBF9}, {0x020000, 0x02A6DF}, {0x02A700, 0x02B739}, {0x02B740, 0x02B81D},
    {0x02B820, 0x02CEA1}, {0x02CEB0, 0x02EBE0}, {0x02EBF0, 0x02EE5D}, {0x02F800, 0x02FA1D},
    {0x030000, 0x03134A}, {0x031350, 0x0323AF}, {0x0E0100, 0x0E01EF}, {0x0000B2, 0x0000B3},
    {0x0000B9, 0x0000B9}, {0x002070, 0x002070}, {0x002074, 0x00207E}, {0x002080, 0x00208E},
    {0x002202, 0x002202}, {0x002207, 0x002207}, {0x00221E, 0x00221E}, {0x01D6C1, 0x01D6C1},
    {0x01D6DB, 0x01D6DB}, {0x01D6FB, 0x01D6FB}, {0x01D715, 0x01D715}, {0x01D735, 0x01D735},
    {0x01D74F, 0x01D74F}, {0x01D76F, 0x01D76F}, {0x01D789, 0x01D789}, {0x01D7A9, 0x01D7A9},
    {0x01D7C3, 0x01D7C3}, {0x002202, 0x002202}, {0x002207, 0x002207}, {0x00221E, 0x00221E},
    {0x01D6C1, 0x01D6C1}, {0x01D6DB, 0x01D6DB}, {0x01D6FB, 0x01D6FB}, {0x01D715, 0x01D715},
    {0x01D735, 0x01D735}, {0x01D74F, 0x01D74F}, {0x01D76F, 0x01D76F}, {0x01D789, 0x01D789},
    {0x01D7A9, 0x01D7A9}, {0x01D7C3, 0x01D7C3}, {0x003006, 0x003007}, {0x003021, 0x003029},
    {0x003038, 0x00303A}, {0x003400, 0x004DBF}, {0x004E00, 0x009FFF}, {0x00F900, 0x00FA6D},
    {0x00FA70, 0x00FAD9}, {0x016FE4, 0x016FE4}, {0x017000, 0x0187F7}, {0x018800, 0x018CD5},
    {0x018CFF, 0x018D08}, {0x01B170, 0x01B2FB}, {0x020000, 0x02A6DF}, {0x02A700, 0x02B739},
    {0x02B740, 0x02B81D}, {0x02B820, 0x02CEA1}, {0x02CEB0, 0x02EBE0}, {0x02EBF0, 0x02EE5D},
    {0x02F800, 0x02FA1D}, {0x030000, 0x03134A}, {0x031350, 0x0323AF}, {0x000041, 0x00005A},
    {0x000061, 0x00007A}, {0x0000AA, 0x0000AA}, {0x0000B5, 0x0000B5}, {0x0000BA, 0x0000BA},
    {0x0000C0, 0x0000D6}, {0x0000D8, 0x0000F6}, {0x0000F8, 0x0002C1}, {0x0002C6, 0x0002D1},
    {0x0002E0, 0x0002E4}, {0x0002EC, 0x0002EC}, {0x0002EE, 0x0002EE}, {0x000370, 0x000374},
    {0x000376, 0x000377}, {0x00037A, 0x00037D}, {0x00037F, 0x00037F}, {0x000386, 0x000386},
    {0x000388, 0x00038A}, {0x00038C, 0x00038C}, {0x00038E, 0x0003A1}, {0x0003A3, 0x0003F5},
    {0x0003F7, 0x000481}, {0x00048A, 0x00052F}, {0x000531, 0x000556}, {0x000559, 0x000559},
    {0x000560, 0x000588}, {0x0005D0, 0x0005EA}, {0x0005EF, 0x0005F2}, {0x000620, 0x00064A},
    {0x00066E, 0x00066F}, {0x000671, 0x0006D3}, {0x0006D5, 0x0006D5}, {0x0006E5, 0x0006E6},
    {0x0006EE, 0x0006EF}, {0x0006FA, 0x0006FC}, {0x0006FF, 0x0006FF}, {0x000710, 0x000710},
    {0x000712, 0x00072F}, {0x00074D, 0x0007A5}, {0x0007B1, 0x0007B1}, {0x0007CA, 0x0007EA},
    {0x0007F4, 0x0007F5}, {0x0007FA, 0x0007FA}, {0x000800, 0x000815}, {0x00081A, 0x00081A},
    {0x000824, 0x000824}, {0x000828, 0x000828}, {0x000840, 0x000858}, {0x000860, 0x00086A},
    {0x000870, 0x000887}, {0x000889, 0x00088E}, {0x0008A0, 0x0008C9}, {0x000904, 0x000939},
    {0x00093D, 0x00093D}, {0x000950, 0x000950}, {0x000958, 0x000961}, {0x000971, 0x000980},
    {0x000985, 0x00098C}, {0x00098F, 0x000990}, {0x000993, 0x0009A8}, {0x0009AA, 0x0009B0},
    {0x0009B2, 0x0009B2}, {0x0009B6, 0x0009B9}, {0x0009BD, 0x0009BD}, {0x0009CE, 0x0009CE},
    {0x0009DC, 0x0009DD}, {0x0009DF, 0x0009E1}, {0x0009F0, 0x0009F1}, {0x0009FC, 0x0009FC},
    {0x000A05, 0x000A0A}, {0x000A0F, 0x000A10}, {0x000A13, 0x000A28}, {0x000A2A, 0x000A30},
    {0x000A32, 0x000A33}, {0x000A35, 0x000A36}, {0x000A38, 0x000A39}, {0x000A59, 0x000A5C},
    {0x000A5E, 0x000A5E}, {0x000A72, 0x000A74}, {0x000A85, 0x000A8D}, {0x000A8F, 0x000A91},
    {0x000A93, 0x000AA8}, {0x000AAA, 0x000AB0}, {0x000AB2, 0x000AB3}, {0x000AB5, 0x000AB9},
    {0x000ABD, 0x000ABD}, {0x000AD0, 0x000AD0}, {0x000AE0, 0x000AE1}, {0x000AF9, 0x000AF9},
    {0x000B05, 0x000B0C}, {0x000B0F, 0x000B10}, {0x000B13, 0x000B28}, {0x000B2A, 0x000B30},
    {0x000B32, 0x000B33}, {0x000B35, 0x000B39}, {0x000B3D, 0x000B3D}, {0x000B5C, 0x000B5D},
    {0x000B5F, 0x000B61}, {0x000B71, 0x000B71}, {0x000B83, 0x000B83}, {0x000B85, 0x000B8A},
    {0x000B8E, 0x000B90}, {0x000B92, 0x000B95}, {0x000B99, 0x000B9A}, {0x000B9C, 0x000B9C},
    {0x000B9E, 0x000B9F}, {0x000BA3, 0x000BA4}, {0x000BA8, 0x000BAA}, {0x000BAE, 0x000BB9},
    {0x000BD0, 0x000BD0}, {0x000C05, 0x000C0C}, {0x000C0E, 0x000C10}, {0x000C12, 0x000C28},
    {0x000C2A, 0x000C39}, {0x000C3D, 0x000C3D}, {0x000C58, 0x000C5A}, {0x000C5D, 0x000C5D},
    {0x000C60, 0x000C61}, {0x000C80, 0x000C80}, {0x000C85, 0x000C8C}, {0x000C8E, 0x000C90},
    {0x000C92, 0x000CA8}, {0x000CAA, 0x000CB3}, {0x000CB5, 0x000CB9}, {0x000CBD, 0x000CBD},
    {0x000CDD, 0x000CDE}, {0x000CE0, 0x000CE1}, {0x000CF1, 0x000CF2}, {0x000D04, 0x000D0C},
    {0x000D0E, 0x000D10}, {0x000D12, 0x000D3A}, {0x000D3D, 0x000D3D}, {0x000D4E, 0x000D4E},
    {0x000D54, 0x000D56}, {0x000D5F, 0x000D61}, {0x000D7A, 0x000D7F}, {0x000D85, 0x000D96},
    {0x000D9A, 0x000DB1}, {0x000DB3, 0x000DBB}, {0x000DBD, 0x000DBD}, {0x000DC0, 0x000DC6},
    {0x000E01, 0x000E30}, {0x000E32, 0x000E33}, {0x000E40, 0x000E46}, {0x000E81, 0x000E82},
    {0x000E84, 0x000E84}, {0x000E86, 0x000E8A}, {0x000E8C, 0x000EA3}, {0x000EA5, 0x000EA5},
    {0x000EA7, 0x000EB0}, {0x000EB2, 0x000EB3}, {0x000EBD, 0x000EBD}, {0x000EC0, 0x000EC4},
    {0x000EC6, 0x000EC6}, {0x000EDC, 0x000EDF}, {0x000F00, 0x000F00}, {0x000F40, 0x000F47},
    {0x000F49, 0x000F6C}, {0x000F88, 0x000F8C}, {0x001000, 0x00102A}, {0x00103F, 0x00103F},
    {0x001050, 0x001055}, {0x00105A, 0x00105D}, {0x001061, 0x001061}, {0x001065, 0x001066},
    {0x00106E, 0x001070}, {0x001075, 0x001081}, {0x00108E, 0x00108E}, {0x0010A0, 0x0010C5},
    {0x0010C7, 0x0010C7}, {0x0010CD, 0x0010CD}, {0x0010D0, 0x0010FA}, {0x0010FC, 0x001248},
    {0x00124A, 0x00124D}, {0x001250, 0x001256}, {0x001258, 0x001258}, {0x00125A, 0x00125D},
    {0x001260, 0x001288}, {0x00128A, 0x00128D}, {0x001290, 0x0012B0}, {0x0012B2, 0x0012B5},
    {0x0012B8, 0x0012BE}, {0x0012C0, 0x0012C0}, {0x0012C2, 0x0012C5}, {0x0012C8, 0x0012D6},
    {0x0012D8, 0x001310}, {0x001312, 0x001315}, {0x001318, 0x00135A}, {0x001380, 0x00138F},
    {0x0013A0, 0x0013F5}, {0x0013F8, 0x0013FD}, {0x001401, 0x00166C}, {0x00166F, 0x00167F},
    {0x001681, 0x00169A}, {0x0016A0, 0x0016EA}, {0x0016EE, 0x0016F8}, {0x001700, 0x001711},
    {0x00171F, 0x001731}, {0x001740, 0x001751}, {0x001760, 0x00176C}, {0x00176E, 0x001770},
    {0x001780, 0x0017B3}, {0x0017D7, 0x0017D7}, {0x0017DC, 0x0017DC}, {0x001820, 0x001878},
    {0x001880, 0x0018A8}, {0x0018AA, 0x0018AA}, {0x0018B0, 0x0018F5}, {0x001900, 0x00191E},
    {0x001950, 0x00196D}, {0x001970, 0x001974}, {0x001980, 0x0019AB}, {0x0019B0, 0x0019C9},
    {0x001A00, 0x001A16}, {0x001A20, 0x001A54}, {0x001AA7, 0x001AA7}, {0x001B05, 0x001B33},
    {0x001B45, 0x001B4C}, {0x001B83, 0x001BA0}, {0x001BAE, 0x001BAF}, {0x001BBA, 0x001BE5},
    {0x001C00, 0x001C23}, {0x001C4D, 0x001C4F}, {0x001C5A, 0x001C7D}, {0x001C80, 0x001C8A},
    {0x001C90, 0x001CBA}, {0x001CBD, 0x001CBF}, {0x001CE9, 0x001CEC}, {0x001CEE, 0x001CF3},
    {0x001CF5, 0x001CF6}, {0x001CFA, 0x001CFA}, {0x001D00, 0x001DBF}, {0x001E00, 0x001F15},
    {0x001F18, 0x001F1D}, {0x001F20, 0x001F45}, {0x001F48, 0x001F4D}, {0x001F50, 0x001F57},
    {0x001F59, 0x001F59}, {0x001F5B, 0x001F5B}, {0x001F5D, 0x001F5D}, {0x001F5F, 0x001F7D},
    {0x001F80, 0x001FB4}, {0x001FB6, 0x001FBC}, {0x001FBE, 0x001FBE}, {0x001FC2, 0x001FC4},
    {0x001FC6, 0x001FCC}, {0x001FD0, 0x001FD3}, {0x001FD6, 0x001FDB}, {0x001FE0, 0x001FEC},
    {0x001FF2, 0x001FF4}, {0x001FF6, 0x001FFC}, {0x002071, 0x002071}, {0x00207F, 0x00207F},
    {0x002090, 0x00209C}, {0x002102, 0x002102}, {0x002107, 0x002107}, {0x00210A, 0x002113},
    {0x002115, 0x002115}, {0x002118, 0x00211D}, {0x002124, 0x002124}, {0x002126, 0x002126},
    {0x002128, 0x002128}, {0x00212A, 0x002139}, {0x00213C, 0x00213F}, {0x002145, 0x002149},
    {0x00214E, 0x00214E}, {0x002160, 0x002188}, {0x002C00, 0x002CE4}, {0x002CEB, 0x002CEE},
    {0x002CF2, 0x002CF3}, {0x002D00, 0x002D25}, {0x002D27, 0x002D27}, {0x002D2D, 0x002D2D},
    {0x002D30, 0x002D67}, {0x002D6F, 0x002D6F}, {0x002D80, 0x002D96}, {0x002DA0, 0x002DA6},
    {0x002DA8, 0x002DAE}, {0x002DB0, 0x002DB6}, {0x002DB8, 0x002DBE}, {0x002DC0, 0x002DC6},
    {0x002DC8, 0x002DCE}, {0x002DD0, 0x002DD6}, {0x002DD8, 0x002DDE}, {0x003005, 0x003007},
    {0x003021, 0x003029}, {0x003031, 0x003035}, {0x003038, 0x00303C}, {0x003041, 0x003096},
    {0x00309B, 0x00309F}, {0x0030A1, 0x0030FA}, {0x0030FC, 0x0030FF}, {0x003105, 0x00312F},
    {0x003131, 0x00318E}, {0x0031A0, 0x0031BF}, {0x0031F0, 0x0031FF}, {0x003400, 0x004DBF},
    {0x004E00, 0x00A48C}, {0x00A4D0, 0x00A4FD}, {0x00A500, 0x00A60C}, {0x00A610, 0x00A61F},
    {0x00A62A, 0x00A62B}, {0x00A640, 0x00A66E}, {0x00A67F, 0x00A69D}, {0x00A6A0, 0x00A6EF},
    {0x00A717, 0x00A71F}, {0x00A722, 0x00A788}, {0x00A78B, 0x00A7CD}, {0x00A7D0, 0x00A7D1},
    {0x00A7D3, 0x00A7D3}, {0x00A7D5, 0x00A7DC}, {0x00A7F2, 0x00A801}, {0x00A803, 0x00A805},
    {0x00A807, 0x00A80A}, {0x00A80C, 0x00A822}, {0x00A840, 0x00A873}, {0x00A882, 0x00A8B3},
    {0x00A8F2, 0x00A8F7}, {0x00A8FB, 0x00A8FB}, {0x00A8FD, 0x00A8FE}, {0x00A90A, 0x00A925},
    {0x00A930, 0x00A946}, {0x00A960, 0x00A97C}, {0x00A984, 0x00A9B2}, {0x00A9CF, 0x00A9CF},
    {0x00A9E0, 0x00A9E4}, {0x00A9E6, 0x00A9EF}, {0x00A9FA, 0x00A9FE}, {0x00AA00, 0x00AA28},
    {0x00AA40, 0x00AA42}, {0x00AA44, 0x00AA4B}, {0x00AA60, 0x00AA76}, {0x00AA7A, 0x00AA7A},
    {0x00AA7E, 0x00AAAF}, {0x00AAB1, 0x00AAB1}, {0x00AAB5, 0x00AAB6}, {0x00AAB9, 0x00AABD},
    {0x00AAC0, 0x00AAC0}, {0x00AAC2, 0x00AAC2}, {0x00AADB, 0x00AADD}, {0x00AAE0, 0x00AAEA},
    {0x00AAF2, 0x00AAF4}, {0x00AB01, 0x00AB06}, {0x00AB09, 0x00AB0E}, {0x00AB11, 0x00AB16},
    {0x00AB20, 0x00AB26}, {0x00AB28, 0x00AB2E}, {0x00AB30, 0x00AB5A}, {0x00AB5C, 0x00AB69},
    {0x00AB70, 0x00ABE2}, {0x00AC00, 0x00D7A3}, {0x00D7B0, 0x00D7C6}, {0x00D7CB, 0x00D7FB},
    {0x00F900, 0x00FA6D}, {0x00FA70, 0x00FAD9}, {0x00FB00, 0x00FB06}, {0x00FB13, 0x00FB17},
    {0x00FB1D, 0x00FB1D}, {0x00FB1F, 0x00FB28}, {0x00FB2A, 0x00FB36}, {0x00FB38, 0x00FB3C},
    {0x00FB3E, 0x00FB3E}, {0x00FB40, 0x00FB41}, {0x00FB43, 0x00FB44}, {0x00FB46, 0x00FBB1},
    {0x00FBD3, 0x00FD3D}, {0x00FD50, 0x00FD8F}, {0x00FD92, 0x00FDC7}, {0x00FDF0, 0x00FDFB},
    {0x00FE70, 0x00FE74}, {0x00FE76, 0x00FEFC}, {0x00FF21, 0x00FF3A}, {0x00FF41, 0x00FF5A},
    {0x00FF66, 0x00FFBE}, {0x00FFC2, 0x00FFC7}, {0x00FFCA, 0x00FFCF}, {0x00FFD2, 0x00FFD7},
    {0x00FFDA, 0x00FFDC}, {0x010000, 0x01000B}, {0x01000D, 0x010026}, {0x010028, 0x01003A},
    {0x01003C, 0x01003D}, {0x01003F, 0x01004D}, {0x010050, 0x01005D}, {0x010080, 0x0100FA},
    {0x010140, 0x010174}, {0x010280, 0x01029C}, {0x0102A0, 0x0102D0}, {0x010300, 0x01031F},
    {0x01032D, 0x01034A}, {0x010350, 0x010375}, {0x010380, 0x01039D}, {0x0103A0, 0x0103C3},
    {0x0103C8, 0x0103CF}, {0x0103D1, 0x0103D5}, {0x010400, 0x01049D}, {0x0104B0, 0x0104D3},
    {0x0104D8, 0x0104FB}, {0x010500, 0x010527}, {0x010530, 0x010563}, {0x010570, 0x01057A},
    {0x01057C, 0x01058A}, {0x01058C, 0x010592}, {0x010594, 0x010595}, {0x010597, 0x0105A1},
    {0x0105A3, 0x0105B1}, {0x0105B3, 0x0105B9}, {0x0105BB, 0x0105BC}, {0x0105C0, 0x0105F3},
    {0x010600, 0x010736}, {0x010740, 0x010755}, {0x010760, 0x010767}, {0x010780, 0x010785},
    {0x010787, 0x0107B0}, {0x0107B2, 0x0107BA}, {0x010800, 0x010805}, {0x010808, 0x010808},
    {0x01080A, 0x010835}, {0x010837, 0x010838}, {0x01083C, 0x01083C}, {0x01083F, 0x010855},
    {0x010860, 0x010876}, {0x010880, 0x01089E}, {0x0108E0, 0x0108F2}, {0x0108F4, 0x0108F5},
    {0x010900, 0x010915}, {0x010920, 0x010939}, {0x010980, 0x0109B7}, {0x0109BE, 0x0109BF},
    {0x010A00, 0x010A00}, {0x010A10, 0x010A13}, {0x010A15, 0x010A17}, {0x010A19, 0x010A35},
    {0x010A60, 0x010A7C}, {0x010A80, 0x010A9C}, {0x010AC0, 0x010AC7}, {0x010AC9, 0x010AE4},
    {0x010B00, 0x010B35}, {0x010B40, 0x010B55}, {0x010B60, 0x010B72}, {0x010B80, 0x010B91},
    {0x010C00, 0x010C48}, {0x010C80, 0x010CB2}, {0x010CC0, 0x010CF2}, {0x010D00, 0x010D23},
    {0x010D4A, 0x010D65}, {0x010D6F, 0x010D85}, {0x010E80, 0x010EA9}, {0x010EB0, 0x010EB1},
    {0x010EC2, 0x010EC4}, {0x010F00, 0x010F1C}, {0x010F27, 0x010F27}, {0x010F30, 0x010F45},
    {0x010F70, 0x010F81}, {0x010FB0, 0x010FC4}, {0x010FE0, 0x010FF6}, {0x011003, 0x011037},
    {0x011071, 0x011072}, {0x011075, 0x011075}, {0x011083, 0x0110AF}, {0x0110D0, 0x0110E8},
    {0x011103, 0x011126}, {0x011144, 0x011144}, {0x011147, 0x011147}, {0x011150, 0x011172},
    {0x011176, 0x011176}, {0x011183, 0x0111B2}, {0x0111C1, 0x0111C4}, {0x0111DA, 0x0111DA},
    {0x0111DC, 0x0111DC}, {0x011200, 0x011211}, {0x011213, 0x01122B}, {0x01123F, 0x011240},
    {0x011280, 0x011286}, {0x011288, 0x011288}, {0x01128A, 0x01128D}, {0x01128F, 0x01129D},
    {0x01129F, 0x0112A8}, {0x0112B0, 0x0112DE}, {0x011305, 0x01130C}, {0x01130F, 0x011310},
    {0x011313, 0x011328}, {0x01132A, 0x011330}, {0x011332, 0x011333}, {0x011335, 0x011339},
    {0x01133D, 0x01133D}, {0x011350, 0x011350}, {0x01135D, 0x011361}, {0x011380, 0x011389},
    {0x01138B, 0x01138B}, {0x01138E, 0x01138E}, {0x011390, 0x0113B5}, {0x0113B7, 0x0113B7},
    {0x0113D1, 0x0113D1}, {0x0113D3, 0x0113D3}, {0x011400, 0x011434}, {0x011447, 0x01144A},
    {0x01145F, 0x011461}, {0x011480, 0x0114AF}, {0x0114C4, 0x0114C5}, {0x0114C7, 0x0114C7},
    {0x011580, 0x0115AE}, {0x0115D8, 0x0115DB}, {0x011600, 0x01162F}, {0x011644, 0x011644},
    {0x011680, 0x0116AA}, {0x0116B8, 0x0116B8}, {0x011700, 0x01171A}, {0x011740, 0x011746},
    {0x011800, 0x01182B}, {0x0118A0, 0x0118DF}, {0x0118FF, 0x011906}, {0x011909, 0x011909},
    {0x01190C, 0x011913}, {0x011915, 0x011916}, {0x011918, 0x01192F}, {0x01193F, 0x01193F},
    {0x011941, 0x011941}, {0x0119A0, 0x0119A7}, {0x0119AA, 0x0119D0}, {0x0119E1, 0x0119E1},
    {0x0119E3, 0x0119E3}, {0x011A00, 0x011A00}, {0x011A0B, 0x011A32}, {0x011A3A, 0x011A3A},
    {0x011A50, 0x011A50}, {0x011A5C, 0x011A89}, {0x011A9D, 0x011A9D}, {0x011AB0, 0x011AF8},
    {0x011BC0, 0x011BE0}, {0x011C00, 0x011C08}, {0x011C0A, 0x011C2E}, {0x011C40, 0x011C40},
    {0x011C72, 0x011C8F}, {0x011D00, 0x011D06}, {0x011D08, 0x011D09}, {0x011D0B, 0x011D30},
    {0x011D46, 0x011D46}, {0x011D60, 0x011D65}, {0x011D67, 0x011D68}, {0x011D6A, 0x011D89},
    {0x011D98, 0x011D98}, {0x011EE0, 0x011EF2}, {0x011F02, 0x011F02}, {0x011F04, 0x011F10},
    {0x011F12, 0x011F33}, {0x011FB0, 0x011FB0}, {0x012000, 0x012399}, {0x012400, 0x01246E},
    {0x012480, 0x012543}, {0x012F90, 0x012FF0}, {0x013000, 0x01342F}, {0x013441, 0x013446},
    {0x013460, 0x0143FA}, {0x014400, 0x014646}, {0x016100, 0x01611D}, {0x016800, 0x016A38},
    {0x016A40, 0x016A5E}, {0x016A70, 0x016ABE}, {0x016AD0, 0x016AED}, {0x016B00, 0x016B2F},
    {0x016B40, 0x016B43}, {0x016B63, 0x016B77}, {0x016B7D, 0x016B8F}, {0x016D40, 0x016D6C},
    {0x016E40, 0x016E7F}, {0x016F00, 0x016F4A}, {0x016F50, 0x016F50}, {0x016F93, 0x016F9F},
    {0x016FE0, 0x016FE1}, {0x016FE3, 0x016FE3}, {0x017000, 0x0187F7}, {0x018800, 0x018CD5},
    {0x018CFF, 0x018D08}, {0x01AFF0, 0x01AFF3}, {0x01AFF5, 0x01AFFB}, {0x01AFFD, 0x01AFFE},
    {0x01B000, 0x01B122}, {0x01B132, 0x01B132}, {0x01B150, 0x01B152}, {0x01B155, 0x01B155},
    {0x01B164, 0x01B167}, {0x01B170, 0x01B2FB}, {0x01BC00, 0x01BC6A}, {0x01BC70, 0x01BC7C},
    {0x01BC80, 0x01BC88}, {0x01BC90, 0x01BC99}, {0x01D400, 0x01D454}, {0x01D456, 0x01D49C},
    {0x01D49E, 0x01D49F}, {0x01D4A2, 0x01D4A2}, {0x01D4A5, 0x01D4A6}, {0x01D4A9, 0x01D4AC},
    {0x01D4AE, 0x01D4B9}, {0x01D4BB, 0x01D4BB}, {0x01D4BD, 0x01D4C3}, {0x01D4C5, 0x01D505},
    {0x01D507, 0x01D50A}, {0x01D50D, 0x01D514}, {0x01D516, 0x01D51C}, {0x01D51E, 0x01D539},
    {0x01D53B, 0x01D53E}, {0x01D540, 0x01D544}, {0x01D546, 0x01D546}, {0x01D54A, 0x01D550},
    {0x01D552, 0x01D6A5}, {0x01D6A8, 0x01D6C0}, {0x01D6C2, 0x01D6DA}, {0x01D6DC, 0x01D6FA},
    {0x01D6FC, 0x01D714}, {0x01D716, 0x01D734}, {0x01D736, 0x01D74E}, {0x01D750, 0x01D76E},
    {0x01D770, 0x01D788}, {0x01D78A, 0x01D7A8}, {0x01D7AA, 0x01D7C2}, {0x01D7C4, 0x01D7CB},
    {0x01DF00, 0x01DF1E}, {0x01DF25, 0x01DF2A}, {0x01E030, 0x01E06D}, {0x01E100, 0x01E12C},
    {0x01E137, 0x01E13D}, {0x01E14E, 0x01E14E}, {0x01E290, 0x01E2AD}, {0x01E2C0, 0x01E2EB},
    {0x01E4D0, 0x01E4EB}, {0x01E5D0, 0x01E5ED}, {0x01E5F0, 0x01E5F0}, {0x01E7E0, 0x01E7E6},
    {0x01E7E8, 0x01E7EB}, {0x01E7ED, 0x01E7EE}, {0x01E7F0, 0x01E7FE}, {0x01E800, 0x01E8C4},
    {0x01E900, 0x01E943}, {0x01E94B, 0x01E94B}, {0x01EE00, 0x01EE03}, {0x01EE05, 0x01EE1F},
    {0x01EE21, 0x01EE22}, {0x01EE24, 0x01EE24}, {0x01EE27, 0x01EE27}, {0x01EE29, 0x01EE32},
    {0x01EE34, 0x01EE37}, {0x01EE39, 0x01EE39}, {0x01EE3B, 0x01EE3B}, {0x01EE42, 0x01EE42},
    {0x01EE47, 0x01EE47}, {0x01EE49, 0x01EE49}, {0x01EE4B, 0x01EE4B}, {0x01EE4D, 0x01EE4F},
    {0x01EE51, 0x01EE52}, {0x01EE54, 0x01EE54}, {0x01EE57, 0x01EE57}, {0x01EE59, 0x01EE59},
    {0x01EE5B, 0x01EE5B}, {0x01EE5D, 0x01EE5D}, {0x01EE5F, 0x01EE5F}, {0x01EE61, 0x01EE62},
    {0x01EE64, 0x01EE64}, {0x01EE67, 0x01EE6A}, {0x01EE6C, 0x01EE72}, {0x01EE74, 0x01EE77},
    {0x01EE79, 0x01EE7C}, {0x01EE7E, 0x01EE7E}, {0x01EE80, 0x01EE89}, {0x01EE8B, 0x01EE9B},
    {0x01EEA1, 0x01EEA3}, {0x01EEA5, 0x01EEA9}, {0x01EEAB, 0x01EEBB}, {0x020000, 0x02A6DF},
    {0x02A700, 0x02B739}, {0x02B740, 0x02B81D}, {0x02B820, 0x02CEA1}, {0x02CEB0, 0x02EBE0},
    {0x02EBF0, 0x02EE5D}, {0x02F800, 0x02FA1D}, {0x030000, 0x03134A}, {0x031350, 0x0323AF},
    {0x002FF0, 0x002FF1}, {0x002FF4, 0x002FFD}, {0x0031EF, 0x0031EF}, {0x002FF2, 0x002FF3},
    {0x002FFE, 0x002FFF}, {0x00200C, 0x00200D}, {0x000041, 0x00005A}, {0x000061, 0x00007A},
    {0x0000B5, 0x0000B5}, {0x0000C0, 0x0000D6}, {0x0000D8, 0x0000F6}, {0x0000F8, 0x0001BA},
    {0x0001BC, 0x0001BF}, {0x0001C4, 0x000293}, {0x000295, 0x0002AF}, {0x000370, 0x000373},
    {0x000376, 0x000377}, {0x00037B, 0x00037D}, {0x00037F, 0x00037F}, {0x000386, 0x000386},
    {0x000388, 0x00038A}, {0x00038C, 0x00038C}, {0x00038E, 0x0003A1}, {0x0003A3, 0x0003F5},
    {0x0003F7, 0x000481}, {0x00048A, 0x00052F}, {0x000531, 0x000556}, {0x000560, 0x000588},
    {0x0010A0, 0x0010C5}, {0x0010C7, 0x0010C7}, {0x0010CD, 0x0010CD}, {0x0010D0, 0x0010FA},
    {0x0010FD, 0x0010FF}, {0x0013A0, 0x0013F5}, {0x0013F8, 0x0013FD}, {0x001C80, 0x001C8A},
    {0x001C90, 0x001CBA}, {0x001CBD, 0x001CBF}, {0x001D00, 0x001D2B}, {0x001D6B, 0x001D77},
    {0x001D79, 0x001D9A}, {0x001E00, 0x001F15}, {0x001F18, 0x001F1D}, {0x001F20, 0x001F45},
    {0x001F48, 0x001F4D}, {0x001F50, 0x001F57}, {0x001F59, 0x001F59}, {0x001F5B, 0x001F5B},
    {0x001F5D, 0x001F5D}, {0x001F5F, 0x001F7D}, {0x001F80, 0x001FB4}, {0x001FB6, 0x001FBC},
    {0x001FBE, 0x001FBE}, {0x001FC2, 0x001FC4}, {0x001FC6, 0x001FCC}, {0x001FD0, 0x001FD3},
    {0x001FD6, 0x001FDB}, {0x001FE0, 0x001FEC}, {0x001FF2, 0x001FF4}, {0x001FF6, 0x001FFC},
    {0x002102, 0x002102}, {0x002107, 0x002107}, {0x00210A, 0x002113}, {0x002115, 0x002115},
    {0x002119, 0x00211D}, {0x002124, 0x002124}, {0x002126, 0x002126}, {0x002128, 0x002128},
    {0x00212A, 0x00212D}, {0x00212F, 0x002134}, {0x002139, 0x002139}, {0x00213C, 0x00213F},
    {0x002145, 0x002149}, {0x00214E, 0x00214E}, {0x002183, 0x002184}, {0x002C00, 0x002C7B},
    {0x002C7E, 0x002CE4}, {0x002CEB, 0x002CEE}, {0x002CF2, 0x002CF3}, {0x002D00, 0x002D25},
    {0x002D27, 0x002D27}, {0x002D2D, 0x002D2D}, {0x00A640, 0x00A66D}, {0x00A680, 0x00A69B},
    {0x00A722, 0x00A76F}, {0x00A771, 0x00A787}, {0x00A78B, 0x00A78E}, {0x00A790, 0x00A7CD},
    {0x00A7D0, 0x00A7D1}, {0x00A7D3, 0x00A7D3}, {0x00A7D5, 0x00A7DC}, {0x00A7F5, 0x00A7F6},
    {0x00A7FA, 0x00A7FA}, {0x00AB30, 0x00AB5A}, {0x00AB60, 0x00AB68}, {0x00AB70, 0x00ABBF},
    {0x00FB00, 0x00FB06}, {0x00FB13, 0x00FB17}, {0x00FF21, 0x00FF3A}, {0x00FF41, 0x00FF5A},
    {0x010400, 0x01044F}, {0x0104B0, 0x0104D3}, {0x0104D8, 0x0104FB}, {0x010570, 0x01057A},
    {0x01057C, 0x01058A}, {0x01058C, 0x010592}, {0x010594, 0x010595}, {0x010597, 0x0105A1},
    {0x0105A3, 0x0105B1}, {0x0105B3, 0x0105B9}, {0x0105BB, 0x0105BC}, {0x010C80, 0x010CB2},
    {0x010CC0, 0x010CF2}, {0x010D50, 0x010D65}, {0x010D70, 0x010D85}, {0x0118A0, 0x0118DF},
    {0x016E40, 0x016E7F}, {0x01D400, 0x01D454}, {0x01D456, 0x01D49C}, {0x01D49E, 0x01D49F},
    {0x01D4A2, 0x01D4A2}, {0x01D4A5, 0x01D4A6}, {0x01D4A9, 0x01D4AC}, {0x01D4AE, 0x01D4B9},
    {0x01D4BB, 0x01D4BB}, {0x01D4BD, 0x01D4C3}, {0x01D4C5, 0x01D505}, {0x01D507, 0x01D50A},
    {0x01D50D, 0x01D514}, {0x01D516, 0x01D51C}, {0x01D51E, 0x01D539}, {0x01D53B, 0x01D53E},
    {0x01D540, 0x01D544}, {0x01D546, 0x01D546}, {0x01D54A, 0x01D550}, {0x01D552, 0x01D6A5},
    {0x01D6A8, 0x01D6C0}, {0x01D6C2, 0x01D6DA}, {0x01D6DC, 0x01D6FA}, {0x01D6FC, 0x01D714},
    {0x01D716, 0x01D734}, {0x01D736, 0x01D74E}, {0x01D750, 0x01D76E}, {0x01D770, 0x01D788},
    {0x01D78A, 0x01D7A8}, {0x01D7AA, 0x01D7C2}, {0x01D7C4, 0x01D7CB}, {0x01DF00, 0x01DF09},
    {0x01DF0B, 0x01DF1E}, {0x01DF25, 0x01DF2A}, {0x01E900, 0x01E943}, {0x000E40, 0x000E44},
    {0x000EC0, 0x000EC4}, {0x0019B5, 0x0019B7}, {0x0019BA, 0x0019BA}, {0x00AAB5, 0x00AAB6},
    {0x00AAB9, 0x00AAB9}, {0x00AABB, 0x00AABC}, {0x000061, 0x00007A}, {0x0000AA, 0x0000AA},
    {0x0000B5, 0x0000B5}, {0x0000BA, 0x0000BA}, {0x0000DF, 0x0000F6}, {0x0000F8, 0x0000FF},
    {0x000101, 0x000101}, {0x000103, 0x000103}, {0x000105, 0x000105}, {0x000107, 0x000107},
    {0x000109, 0x000109}, {0x00010B, 0x00010B}, {0x00010D, 0x00010D}, {0x00010F, 0x00010F},
    {0x000111, 0x000111}, {0x000113, 0x000113}, {0x000115, 0x000115}, {0x000117, 0x000117},
    {0x000119, 0x000119}, {0x00011B, 0x00011B}, {0x00011D, 0x00011D}, {0x00011F, 0x00011F},
    {0x000121, 0x000121}, {0x000123, 0x000123}, {0x000125, 0x000125}, {0x000127, 0x000127},
    {0x000129, 0x000129}, {0x00012B, 0x00012B}, {0x00012D, 0x00012D}, {0x00012F, 0x00012F},
    {0x000131, 0x000131}, {0x000133, 0x000133}, {0x000135, 0x000135}, {0x000137, 0x000138},
    {0x00013A, 0x00013A}, {0x00013C, 0x00013C}, {0x00013E, 0x00013E}, {0x000140, 0x000140},
    {0x000142, 0x000142}, {0x000144, 0x000144}, {0x000146, 0x000146}, {0x000148, 0x000149},
    {0x00014B, 0x00014B}, {0x00014D, 0x00014D}, {0x00014F, 0x00014F}, {0x000151, 0x000151},
    {0x000153, 0x000153}, {0x000155, 0x000155}, {0x000157, 0x000157}, {0x000159, 0x000159},
    {0x00015B, 0x00015B}, {0x00015D, 0x00015D}, {0x00015F, 0x00015F}, {0x000161, 0x000161},
    {0x000163, 0x000163}, {0x000165, 0x000165}, {0x000167, 0x000167}, {0x000169, 0x000169},
    {0x00016B, 0x00016B}, {0x00016D, 0x00016D}, {0x00016F, 0x00016F}, {0x000171, 0x000171},
    {0x000173, 0x000173}, {0x000175, 0x000175}, {0x000177, 0x000177}, {0x00017A, 0x00017A},
    {0x00017C, 0x00017C}, {0x00017E, 0x000180}, {0x000183, 0x000183}, {0x000185, 0x000185},
    {0x000188, 0x000188}, {0x00018C, 0x00018D}, {0x000192, 0x000192}, {0x000195, 0x000195},
    {0x000199, 0x00019B}, {0x00019E, 0x00019E}, {0x0001A1, 0x0001A1}, {0x0001A3, 0x0001A3},
    {0x0001A5, 0x0001A5}, {0x0001A8, 0x0001A8}, {0x0001AA, 0x0001AB}, {0x0001AD, 0x0001AD},
    {0x0001B0, 0x0001B0}, {0x0001B4, 0x0001B4}, {0x0001B6, 0x0001B6}, {0x0001B9, 0x0001BA},
    {0x0001BD, 0x0001BF}, {0x0001C6, 0x0001C6}, {0x0001C9, 0x0001C9}, {0x0001CC, 0x0001CC},
    {0x0001CE, 0x0001CE}, {0x0001D0, 0x0001D0}, {0x0001D2, 0x0001D2}, {0x0001D4, 0x0001D4},
    {0x0001D6, 0x0001D6}, {0x0001D8, 0x0001D8}, {0x0001DA, 0x0001DA}, {0x0001DC, 0x0001DD},
    {0x0001DF, 0x0001DF}, {0x0001E1, 0x0001E1}, {0x0001E3, 0x0001E3}, {0x0001E5, 0x0001E5},
    {0x0001E7, 0x0001E7}, {0x0001E9, 0x0001E9}, {0x0001EB, 0x0001EB}, {0x0001ED, 0x0001ED},
    {0x0001EF, 0x0001F0}, {0x0001F3, 0x0001F3}, {0x0001F5, 0x0001F5}, {0x0001F9, 0x0001F9},
    {0x0001FB, 0x0001FB}, {0x0001FD, 0x0001FD}, {0x0001FF, 0x0001FF}, {0x000201, 0x000201},
    {0x000203, 0x000203}, {0x000205, 0x000205}, {0x000207, 0x000207}, {0x000209, 0x000209},
    {0x00020B, 0x00020B}, {0x00020D, 0x00020D}, {0x00020F, 0x00020F}, {0x000211, 0x000211},
    {0x000213, 0x000213}, {0x000215, 0x000215}, {0x000217, 0x000217}, {0x000219, 0x000219},
    {0x00021B, 0x00021B}, {0x00021D, 0x00021D}, {0x00021F, 0x00021F}, {0x000221, 0x000221},
    {0x000223, 0x000223}, {0x000225, 0x000225}, {0x000227, 0x000227}, {0x000229, 0x000229},
    {0x00022B, 0x00022B}, {0x00022D, 0x00022D}, {0x00022F, 0x00022F}, {0x000231, 0x000231},
    {0x000233, 0x000239}, {0x00023C, 0x00023C}, {0x00023F, 0x000240}, {0x000242, 0x000242},
    {0x000247, 0x000247}, {0x000249, 0x000249}, {0x00024B, 0x00024B}, {0x00024D, 0x00024D},
    {0x00024F, 0x000293}, {0x000295, 0x0002B8}, {0x0002C0, 0x0002C1}, {0x0002E0, 0x0002E4},
    {0x000345, 0x000345}, {0x000371, 0x000371}, {0x000373, 0x000373}, {0x000377, 0x000377},
    {0x00037A, 0x00037D}, {0x000390, 0x000390}, {0x0003AC, 0x0003CE}, {0x0003D0, 0x0003D1},
    {0x0003D5, 0x0003D7}, {0x0003D9, 0x0003D9}, {0x0003DB, 0x0003DB}, {0x0003DD, 0x0003DD},
    {0x0003DF, 0x0003DF}, {0x0003E1, 0x0003E1}, {0x0003E3, 0x0003E3}, {0x0003E5, 0x0003E5},
    {0x0003E7, 0x0003E7}, {0x0003E9, 0x0003E9}, {0x0003EB, 0x0003EB}, {0x0003ED, 0x0003ED},
    {0x0003EF, 0x0003F3}, {0x0003F5, 0x0003F5}, {0x0003F8, 0x0003F8}, {0x0003FB, 0x0003FC},
    {0x000430, 0x00045F}, {0x000461, 0x000461}, {0x000463, 0x000463}, {0x000465, 0x000465},
    {0x000467, 0x000467}, {0x000469, 0x000469}, {0x00046B, 0x00046B}, {0x00046D, 0x00046D},
    {0x00046F, 0x00046F}, {0x000471, 0x000471}, {0x000473, 0x000473}, {0x000475, 0x000475},
    {0x000477, 0x000477}, {0x000479, 0x000479}, {0x00047B, 0x00047B}, {0x00047D, 0x00047D},
    {0x00047F, 0x00047F}, {0x000481, 0x000481}, {0x00048B, 0x00048B}, {0x00048D, 0x00048D},
    {0x00048F, 0x00048F}, {0x000491, 0x000491}, {0x000493, 0x000493}, {0x000495, 0x000495},
    {0x000497, 0x000497}, {0x000499, 0x000499}, {0x00049B, 0x00049B}, {0x00049D, 0x00049D},
    {0x00049F, 0x00049F}, {0x0004A1, 0x0004A1}, {0x0004A3, 0x0004A3}, {0x0004A5, 0x0004A5},
    {0x0004A7, 0x0004A7}, {0x0004A9, 0x0004A9}, {0x0004AB, 0x0004AB}, {0x0004AD, 0x0004AD},
    {0x0004AF, 0x0004AF}, {0x0004B1, 0x0004B1}, {0x0004B3, 0x0004B3}, {0x0004B5, 0x0004B5},
    {0x0004B7, 0x0004B7}, {0x0004B9, 0x0004B9}, {0x0004BB, 0x0004BB}, {0x0004BD, 0x0004BD},
    {0x0004BF, 0x0004BF}, {0x0004C2, 0x0004C2}, {0x0004C4, 0x0004C4}, {0x0004C6, 0x0004C6},
    {0x0004C8, 0x0004C8}, {0x0004CA, 0x0004CA}, {0x0004CC, 0x0004CC}, {0x0004CE, 0x0004CF},
    {0x0004D1, 0x0004D1}, {0x0004D3, 0x0004D3}, {0x0004D5, 0x0004D5}, {0x0004D7, 0x0004D7},
    {0x0004D9, 0x0004D9}, {0x0004DB, 0x0004DB}, {0x0004DD, 0x0004DD}, {0x0004DF, 0x0004DF},
    {0x0004E1, 0x0004E1}, {0x0004E3, 0x0004E3}, {0x0004E5, 0x0004E5}, {0x0004E7, 0x0004E7},
    {0x0004E9, 0x0004E9}, {0x0004EB, 0x0004EB}, {0x0004ED, 0x0004ED}, {0x0004EF, 0x0004EF},
    {0x0004F1, 0x0004F1}, {0x0004F3, 0x0004F3}, {0x0004F5, 0x0004F5}, {0x0004F7, 0x0004F7},
    {0x0004F9, 0x0004F9}, {0x0004FB, 0x0004FB}, {0x0004FD, 0x0004FD}, {0x0004FF, 0x0004FF},
    {0x000501, 0x000501}, {0x000503, 0x000503}, {0x000505, 0x000505}, {0x000507, 0x000507},
    {0x000509, 0x000509}, {0x00050B, 0x00050B}, {0x00050D, 0x00050D}, {0x00050F, 0x00050F},
    {0x000511, 0x000511}, {0x000513, 0x000513}, {0x000515, 0x000515}, {0x000517, 0x000517},
    {0x000519, 0x000519}, {0x00051B, 0x00051B}, {0x00051D, 0x00051D}, {0x00051F, 0x00051F},
    {0x000521, 0x000521}, {0x000523, 0x000523}, {0x000525, 0x000525}, {0x000527, 0x000527},
    {0x000529, 0x000529}, {0x00052B, 0x00052B}, {0x00052D, 0x00052D}, {0x00052F, 0x00052F},
    {0x000560, 0x000588}, {0x0010D0, 0x0010FA}, {0x0010FC, 0x0010FF}, {0x0013F8, 0x0013FD},
    {0x001C80, 0x001C88}, {0x001C8A, 0x001C8A}, {0x001D00, 0x001DBF}, {0x001E01, 0x001E01},
    {0x001E03, 0x001E03}, {0x001E05, 0x001E05}, {0x001E07, 0x001E07}, {0x001E09, 0x001E09},
    {0x001E0B, 0x001E0B}, {0x001E0D, 0x001E0D}, {0x001E0F, 0x001E0F}, {0x001E11, 0x001E11},
    {0x001E13, 0x001E13}, {0x001E15, 0x001E15}, {0x001E17, 0x001E17}, {0x001E19, 0x001E19},
    {0x001E1B, 0x001E1B}, {0x001E1D, 0x001E1D}, {0x001E1F, 0x001E1F}, {0x001E21, 0x001E21},
    {0x001E23, 0x001E23}, {0x001E25, 0x001E25}, {0x001E27, 0x001E27}, {0x001E29, 0x001E29},
    {0x001E2B, 0x001E2B}, {0x001E2D, 0x001E2D}, {0x001E2F, 0x001E2F}, {0x001E31, 0x001E31},
    {0x001E33, 0x001E33}, {0x001E35, 0x001E35}, {0x001E37, 0x001E37}, {0x001E39, 0x001E39},
    {0x001E3B, 0x001E3B}, {0x001E3D, 0x001E3D}, {0x001E3F, 0x001E3F}, {0x001E41, 0x001E41},
    {0x001E43, 0x001E43}, {0x001E45, 0x001E45}, {0x001E47, 0x001E47}, {0x001E49, 0x001E49},
    {0x001E4B, 0x001E4B}, {0x001E4D, 0x001E4D}, {0x001E4F, 0x001E4F}, {0x001E51, 0x001E51},
    {0x001E53, 0x001E53}, {0x001E55, 0x001E55}, {0x001E57, 0x001E57}, {0x001E59, 0x001E59},
    {0x001E5B, 0x001E5B}, {0x001E5D, 0x001E5D}, {0x001E5F, 0x001E5F}, {0x001E61, 0x001E61},
    {0x001E63, 0x001E63}, {0x001E65, 0x001E65}, {0x001E67, 0x001E67}, {0x001E69, 0x001E69},
    {0x001E6B, 0x001E6B}, {0x001E6D, 0x001E6D}, {0x001E6F, 0x001E6F}, {0x001E71, 0x001E71},
    {0x001E73, 0x001E73}, {0x001E75, 0x001E75}, {0x001E77, 0x001E77}, {0x001E79, 0x001E79},
    {0x001E7B, 0x001E7B}, {0x001E7D, 0x001E7D}, {0x001E7F, 0x001E7F}, {0x001E81, 0x001E81},
    {0x001E83, 0x001E83}, {0x001E85, 0x001E85}, {0x001E87, 0x001E87}, {0x001E89, 0x001E89},
    {0x001E8B, 0x001E8B}, {0x001E8D, 0x001E8D}, {0x001E8F, 0x001E8F}, {0x001E91, 0x001E91},
    {0x001E93, 0x001E93}, {0x001E95, 0x001E9D}, {0x001E9F, 0x001E9F}, {0x001EA1, 0x001EA1},
    {0x001EA3, 0x001EA3}, {0x001EA5, 0x001EA5}, {0x001EA7, 0x001EA7}, {0x001EA9, 0x001EA9},
    {0x001EAB, 0x001EAB}, {0x001EAD, 0x001EAD}, {0x001EAF, 0x001EAF}, {0x001EB1, 0x001EB1},
    {0x001EB3, 0x001EB3}, {0x001EB5, 0x001EB5}, {0x001EB7, 0x001EB7}, {0x001EB9, 0x001EB9},
    {0x001EBB, 0x001EBB}, {0x001EBD, 0x001EBD}, {0x001EBF, 0x001EBF}, {0x001EC1, 0x001EC1},
    {0x001EC3, 0x001EC3}, {0x001EC5, 0x001EC5}, {0x001EC7, 0x001EC7}, {0x001EC9, 0x001EC9},
    {0x001ECB, 0x001ECB}, {0x001ECD, 0x001ECD}, {0x001ECF, 0x001ECF}, {0x001ED1, 0x001ED1},
    {0x001ED3, 0x001ED3}, {0x001ED5, 0x001ED5}, {0x001ED7, 0x001ED7}, {0x001ED9, 0x001ED9},
    {0x001EDB, 0x001EDB}, {0x001EDD, 0x001EDD}, {0x001EDF, 0x001EDF}, {0x001EE1, 0x001EE1},
    {0x001EE3, 0x001EE3}, {0x001EE5, 0x001EE5}, {0x001EE7, 0x001EE7}, {0x001EE9, 0x001EE9},
    {0x001EEB, 0x001EEB}, {0x001EED, 0x001EED}, {0x001EEF, 0x001EEF}, {0x001EF1, 0x001EF1},
    {0x001EF3, 0x001EF3}, {0x001EF5, 0x001EF5}, {0x001EF7, 0x001EF7}, {0x001EF9, 0x001EF9},
    {0x001EFB, 0x001EFB}, {0x001EFD, 0x001EFD}, {0x001EFF, 0x001F07}, {0x001F10, 0x001F15},
    {0x001F20, 0x001F27}, {0x001F30, 0x001F37}, {0x001F40, 0x001F45}, {0x001F50, 0x001F57},
    {0x001F60, 0x001F67}, {0x001F70, 0x001F7D}, {0x001F80, 0x001F87}, {0x001F90, 0x001F97},
    {0x001FA0, 0x001FA7}, {0x001FB0, 0x001FB4}, {0x001FB6, 0x001FB7}, {0x001FBE, 0x001FBE},
    {0x001FC2, 0x001FC4}, {0x001FC6, 0x001FC7}, {0x001FD0, 0x001FD3}, {0x001FD6, 0x001FD7},
    {0x001FE0, 0x001FE7}, {0x001FF2, 0x001FF4}, {0x001FF6, 0x001FF7}, {0x002071, 0x002071},
    {0x00207F, 0x00207F}, {0x002090, 0x00209C}, {0x00210A, 0x00210A}, {0x00210E, 0x00210F},
    {0x002113, 0x002113}, {0x00212F, 0x00212F}, {0x002134, 0x002134}, {0x002139, 0x002139},
    {0x00213C, 0x00213D}, {0x002146, 0x002149}, {0x00214E, 0x00214E}, {0x002170, 0x00217F},
    {0x002184, 0x002184}, {0x0024D0, 0x0024E9}, {0x002C30, 0x002C5F}, {0x002C61, 0x002C61},
    {0x002C65, 0x002C66}, {0x002C68, 0x002C68}, {0x002C6A, 0x002C6A}, {0x002C6C, 0x002C6C},
    {0x002C71, 0x002C71}, {0x002C73, 0x002C74}, {0x002C76, 0x002C7D}, {0x002C81, 0x002C81},
    {0x002C83, 0x002C83}, {0x002C85, 0x002C85}, {0x002C87, 0x002C87}, {0x002C89, 0x002C89},
    {0x002C8B, 0x002C8B}, {0x002C8D, 0x002C8D}, {0x002C8F, 0x002C8F}, {0x002C91, 0x002C91},
    {0x002C93, 0x002C93}, {0x002C95, 0x002C95}, {0x002C97, 0x002C97}, {0x002C99, 0x002C99},
    {0x002C9B, 0x002C9B}, {0x002C9D, 0x002C9D}, {0x002C9F, 0x002C9F}, {0x002CA1, 0x002CA1},
    {0x002CA3, 0x002CA3}, {0x002CA5, 0x002CA5}, {0x002CA7, 0x002CA7}, {0x002CA9, 0x002CA9},
    {0x002CAB, 0x002CAB}, {0x002CAD, 0x002CAD}, {0x002CAF, 0x002CAF}, {0x002CB1, 0x002CB1},
    {0x002CB3, 0x002CB3}, {0x002CB5, 0x002CB5}, {0x002CB7, 0x002CB7}, {0x002CB9, 0x002CB9},
    {0x002CBB, 0x002CBB}, {0x002CBD, 0x002CBD}, {0x002CBF, 0x002CBF}, {0x002CC1, 0x002CC1},
    {0x002CC3, 0x002CC3}, {0x002CC5, 0x002CC5}, {0x002CC7, 0x002CC7}, {0x002CC9, 0x002CC9},
    {0x002CCB, 0x002CCB}, {0x002CCD, 0x002CCD}, {0x002CCF, 0x002CCF}, {0x002CD1, 0x002CD1},
    {0x002CD3, 0x002CD3}, {0x002CD5, 0x002CD5}, {0x002CD7, 0x002CD7}, {0x002CD9, 0x002CD9},
    {0x002CDB, 0x002CDB}, {0x002CDD, 0x002CDD}, {0x002CDF, 0x002CDF}, {0x002CE1, 0x002CE1},
    {0x002CE3, 0x002CE4}, {0x002CEC, 0x002CEC}, {0x002CEE, 0x002CEE}, {0x002CF3, 0x002CF3},
    {0x002D00, 0x002D25}, {0x002D27, 0x002D27}, {0x002D2D, 0x002D2D}, {0x00A641, 0x00A641},
    {0x00A643, 0x00A643}, {0x00A645, 0x00A645}, {0x00A647, 0x00A647}, {0x00A649, 0x00A649},
    {0x00A64B, 0x00A64B}, {0x00A64D, 0x00A64D}, {0x00A64F, 0x00A64F}, {0x00A651, 0x00A651},
    {0x00A653, 0x00A653}, {0x00A655, 0x00A655}, {0x00A657, 0x00A657}, {0x00A659, 0x00A659},
    {0x00A65B, 0x00A65B}, {0x00A65D, 0x00A65D}, {0x00A65F, 0x00A65F}, {0x00A661, 0x00A661},
    {0x00A663, 0x00A663}, {0x00A665, 0x00A665}, {0x00A667, 0x00A667}, {0x00A669, 0x00A669},
    {0x00A66B, 0x00A66B}, {0x00A66D, 0x00A66D}, {0x00A681, 0x00A681}, {0x00A683, 0x00A683},
    {0x00A685, 0x00A685}, {0x00A687, 0x00A687}, {0x00A689, 0x00A689}, {0x00A68B, 0x00A68B},
    {0x00A68D, 0x00A68D}, {0x00A68F, 0x00A68F}, {0x00A691, 0x00A691}, {0x00A693, 0x00A693},
    {0x00A695, 0x00A695}, {0x00A697, 0x00A697}, {0x00A699, 0x00A699}, {0x00A69B, 0x00A69D},
    {0x00A723, 0x00A723}, {0x00A725, 0x00A725}, {0x00A727, 0x00A727}, {0x00A729, 0x00A729},
    {0x00A72B, 0x00A72B}, {0x00A72D, 0x00A72D}, {0x00A72F, 0x00A731}, {0x00A733, 0x00A733},
    {0x00A735, 0x00A735}, {0x00A737, 0x00A737}, {0x00A739, 0x00A739}, {0x00A73B, 0x00A73B},
    {0x00A73D, 0x00A73D}, {0x00A73F, 0x00A73F}, {0x00A741, 0x00A741}, {0x00A743, 0x00A743},
    {0x00A745, 0x00A745}, {0x00A747, 0x00A747}, {0x00A749, 0x00A749}, {0x00A74B, 0x00A74B},
    {0x00A74D, 0x00A74D}, {0x00A74F, 0x00A74F}, {0x00A751, 0x00A751}, {0x00A753, 0x00A753},
    {0x00A755, 0x00A755}, {0x00A757, 0x00A757}, {0x00A759, 0x00A759}, {0x00A75B, 0x00A75B},
    {0x00A75D, 0x00A75D}, {0x00A75F, 0x00A75F}, {0x00A761, 0x00A761}, {0x00A763, 0x00A763},
    {0x00A765, 0x00A765}, {0x00A767, 0x00A767}, {0x00A769, 0x00A769}, {0x00A76B, 0x00A76B},
    {0x00A76D, 0x00A76D}, {0x00A76F, 0x00A778}, {0x00A77A, 0x00A77A}, {0x00A77C, 0x00A77C},
    {0x00A77F, 0x00A77F}, {0x00A781, 0x00A781}, {0x00A783, 0x00A783}, {0x00A785, 0x00A785},
    {0x00A787, 0x00A787}, {0x00A78C, 0x00A78C}, {0x00A78E, 0x00A78E}, {0x00A791, 0x00A791},
    {0x00A793, 0x00A795}, {0x00A797, 0x00A797}, {0x00A799, 0x00A799}, {0x00A79B, 0x00A79B},
    {0x00A79D, 0x00A79D}, {0x00A79F, 0x00A79F}, {0x00A7A1, 0x00A7A1}, {0x00A7A3, 0x00A7A3},
    {0x00A7A5, 0x00A7A5}, {0x00A7A7, 0x00A7A7}, {0x00A7A9, 0x00A7A9}, {0x00A7AF, 0x00A7AF},
    {0x00A7B5, 0x00A7B5}, {0x00A7B7, 0x00A7B7}, {0x00A7B9, 0x00A7B9}, {0x00A7BB, 0x00A7BB},
    {0x00A7BD, 0x00A7BD}, {0x00A7BF, 0x00A7BF}, {0x00A7C1, 0x00A7C1}, {0x00A7C3, 0x00A7C3},
    {0x00A7C8, 0x00A7C8}, {0x00A7CA, 0x00A7CA}, {0x00A7CD, 0x00A7CD}, {0x00A7D1, 0x00A7D1},
    {0x00A7D3, 0x00A7D3}, {0x00A7D5, 0x00A7D5}, {0x00A7D7, 0x00A7D7}, {0x00A7D9, 0x00A7D9},
    {0x00A7DB, 0x00A7DB}, {0x00A7F2, 0x00A7F4}, {0x00A7F6, 0x00A7F6}, {0x00A7F8, 0x00A7FA},
    {0x00AB30, 0x00AB5A}, {0x00AB5C, 0x00AB69}, {0x00AB70, 0x00ABBF}, {0x00FB00, 0x00FB06},
    {0x00FB13, 0x00FB17}, {0x00FF41, 0x00FF5A}, {0x010428, 0x01044F}, {0x0104D8, 0x0104FB},
    {0x010597, 0x0105A1}, {0x0105A3, 0x0105B1}, {0x0105B3, 0x0105B9}, {0x0105BB, 0x0105BC},
    {0x010780, 0x010780}, {0x010783, 0x010785}, {0x010787, 0x0107B0}, {0x0107B2, 0x0107BA},
    {0x010CC0, 0x010CF2}, {0x010D70, 0x010D85}, {0x0118C0, 0x0118DF}, {0x016E60, 0x016E7F},
    {0x01D41A, 0x01D433}, {0x01D44E, 0x01D454}, {0x01D456, 0x01D467}, {0x01D482, 0x01D49B},
    {0x01D4B6, 0x01D4B9}, {0x01D4BB, 0x01D4BB}, {0x01D4BD, 0x01D4C3}, {0x01D4C5, 0x01D4CF},
    {0x01D4EA, 0x01D503}, {0x01D51E, 0x01D537}, {0x01D552, 0x01D56B}, {0x01D586, 0x01D59F},
    {0x01D5BA, 0x01D5D3}, {0x01D5EE, 0x01D607}, {0x01D622, 0x01D63B}, {0x01D656, 0x01D66F},
    {0x01D68A, 0x01D6A5}, {0x01D6C2, 0x01D6DA}, {0x01D6DC, 0x01D6E1}, {0x01D6FC, 0x01D714},
    {0x01D716, 0x01D71B}, {0x01D736, 0x01D74E}, {0x01D750, 0x01D755}, {0x01D770, 0x01D788},
    {0x01D78A, 0x01D78F}, {0x01D7AA, 0x01D7C2}, {0x01D7C4, 0x01D7C9}, {0x01D7CB, 0x01D7CB},
    {0x01DF00, 0x01DF09}, {0x01DF0B, 0x01DF1E}, {0x01DF25, 0x01DF2A}, {0x01E030, 0x01E06D},
    {0x01E922, 0x01E943}, {0x00002B, 0x00002B}, {0x00003C, 0x00003E}, {0x00005E, 0x00005E},
    {0x00007C, 0x00007C}, {0x00007E, 0x00007E}, {0x0000AC, 0x0000AC}, {0x0000B1, 0x0000B1},
    {0x0000D7, 0x0000D7}, {0x0000F7, 0x0000F7}, {0x0003D0, 0x0003D2}, {0x0003D5, 0x0003D5},
    {0x0003F0, 0x0003F1}, {0x0003F4, 0x0003F6}, {0x000606, 0x000608}, {0x002016, 0x002016},
    {0x002032, 0x002034}, {0x002040, 0x002040}, {0x002044, 0x002044}, {0x002052, 0x002052},
    {0x002061, 0x002064}, {0x00207A, 0x00207E}, {0x00208A, 0x00208E}, {0x0020D0, 0x0020DC},
    {0x0020E1, 0x0020E1}, {0x0020E5, 0x0020E6}, {0x0020EB, 0x0020EF}, {0x002102, 0x002102},
    {0x002107, 0x002107}, {0x00210A, 0x002113}, {0x002115, 0x002115}, {0x002118, 0x00211D},
    {0x002124, 0x002124}, {0x002128, 0x002129}, {0x00212C, 0x00212D}, {0x00212F, 0x002131},
    {0x002133, 0x002138}, {0x00213C, 0x002149}, {0x00214B, 0x00214B}, {0x002190, 0x0021A7},
    {0x0021A9, 0x0021AE}, {0x0021B0, 0x0021B1}, {0x0021B6, 0x0021B7}, {0x0021BC, 0x0021DB},
    {0x0021DD, 0x0021DD}, {0x0021E4, 0x0021E5}, {0x0021F4, 0x0022FF}, {0x002308, 0x00230B},
    {0x002320, 0x002321}, {0x00237C, 0x00237C}, {0x00239B, 0x0023B5}, {0x0023B7, 0x0023B7},
    {0x0023D0, 0x0023D0}, {0x0023DC, 0x0023E2}, {0x0025A0, 0x0025A1}, {0x0025AE, 0x0025B7},
    {0x0025BC, 0x0025C1}, {0x0025C6, 0x0025C7}, {0x0025CA, 0x0025CB}, {0x0025CF, 0x0025D3},
    {0x0025E2, 0x0025E2}, {0x0025E4, 0x0025E4}, {0x0025E7, 0x0025EC}, {0x0025F8, 0x0025FF},
    {0x002605, 0x002606}, {0x002640, 0x002640}, {0x002642, 0x002642}, {0x002660, 0x002663},
    {0x00266D, 0x00266F}, {0x0027C0, 0x0027FF}, {0x002900, 0x002AFF}, {0x002B30, 0x002B44},
    {0x002B47, 0x002B4C}, {0x00FB29, 0x00FB29}, {0x00FE61, 0x00FE66}, {0x00FE68, 0x00FE68},
    {0x00FF0B, 0x00FF0B}, {0x00FF1C, 0x00FF1E}, {0x00FF3C, 0x00FF3C}, {0x00FF3E, 0x00FF3E},
    {0x00FF5C, 0x00FF5C}, {0x00FF5E, 0x00FF5E}, {0x00FFE2, 0x00FFE2}, {0x00FFE9, 0x00FFEC},
    {0x010D8E, 0x010D8F}, {0x01D400, 0x01D454}, {0x01D456, 0x01D49C}, {0x01D49E, 0x01D49F},
    {0x01D4A2, 0x01D4A2}, {0x01D4A5, 0x01D4A6}, {0x01D4A9, 0x01D4AC}, {0x01D4AE, 0x01D4B9},
    {0x01D4BB, 0x01D4BB}, {0x01D4BD, 0x01D4C3}, {0x01D4C5, 0x01D505}, {0x01D507, 0x01D50A},
    {0x01D50D, 0x01D514}, {0x01D516, 0x01D51C}, {0x01D51E, 0x01D539}, {0x01D53B, 0x01D53E},
    {0x01D540, 0x01D544}, {0x01D546, 0x01D546}, {0x01D54A, 0x01D550}, {0x01D552, 0x01D6A5},
    {0x01D6A8, 0x01D7CB}, {0x01D7CE, 0x01D7FF}, {0x01EE00, 0x01EE03}, {0x01EE05, 0x01EE1F},
    {0x01EE21, 0x01EE22}, {0x01EE24, 0x01EE24}, {0x01EE27, 0x01EE27}, {0x01EE29, 0x01EE32},
    {0x01EE34, 0x01EE37}, {0x01EE39, 0x01EE39}, {0x01EE3B, 0x01EE3B}, {0x01EE42, 0x01EE42},
    {0x01EE47, 0x01EE47}, {0x01EE49, 0x01EE49}, {0x01EE4B, 0x01EE4B}, {0x01EE4D, 0x01EE4F},
    {0x01EE51, 0x01EE52}, {0x01EE54, 0x01EE54}, {0x01EE57, 0x01EE57}, {0x01EE59, 0x01EE59},
    {0x01EE5B, 0x01EE5B}, {0x01EE5D, 0x01EE5D}, {0x01EE5F, 0x01EE5F}, {0x01EE61, 0x01EE62},
    {0x01EE64, 0x01EE64}, {0x01EE67, 0x01EE6A}, {0x01EE6C, 0x01EE72}, {0x01EE74, 0x01EE77},
    {0x01EE79, 0x01EE7C}, {0x01EE7E, 0x01EE7E}, {0x01EE80, 0x01EE89}, {0x01EE8B, 0x01EE9B},
    {0x01EEA1, 0x01EEA3}, {0x01EEA5, 0x01EEA9}, {0x01EEAB, 0x01EEBB}, {0x01EEF0, 0x01EEF1},
    {0x000654, 0x000655}, {0x000658, 0x000658}, {0x0006DC, 0x0006DC}, {0x0006E3, 0x0006E3},
    {0x0006E7, 0x0006E8}, {0x0008CA, 0x0008CB}, {0x0008CD, 0x0008CF}, {0x0008D3, 0x0008D3},
    {0x0008F3, 0x0008F3}, {0x00FDD0, 0x00FDEF}, {0x00FFFE, 0x00FFFF}, {0x01FFFE, 0x01FFFF},
    {0x02FFFE, 0x02FFFF}, {0x03FFFE, 0x03FFFF}, {0x04FFFE, 0x04FFFF}, {0x05FFFE, 0x05FFFF},
    {0x06FFFE, 0x06FFFF}, {0x07FFFE, 0x07FFFF}, {0x08FFFE, 0x08FFFF}, {0x09FFFE, 0x09FFFF},
    {0x0AFFFE, 0x0AFFFF}, {0x0BFFFE, 0x0BFFFF}, {0x0CFFFE, 0x0CFFFF}, {0x0DFFFE, 0x0DFFFF},
    {0x0EFFFE, 0x0EFFFF}, {0x0FFFFE, 0x0FFFFF}, {0x10FFFE, 0x10FFFF}, {0x000345, 0x000345},
    {0x000363, 0x00036F}, {0x0005B0, 0x0005BD}, {0x0005BF, 0x0005BF}, {0x0005C1, 0x0005C2},
    {0x0005C4, 0x0005C5}, {0x0005C7, 0x0005C7}, {0x000610, 0x00061A}, {0x00064B, 0x000657},
    {0x000659, 0x00065F}, {0x000670, 0x000670}, {0x0006D6, 0x0006DC}, {0x0006E1, 0x0006E4},
    {0x0006E7, 0x0006E8}, {0x0006ED, 0x0006ED}, {0x000711, 0x000711}, {0x000730, 0x00073F},
    {0x0007A6, 0x0007B0}, {0x000816, 0x000817}, {0x00081B, 0x000823}, {0x000825, 0x000827},
    {0x000829, 0x00082C}, {0x000897, 0x000897}, {0x0008D4, 0x0008DF}, {0x0008E3, 0x0008E9},
    {0x0008F0, 0x000903}, {0x00093A, 0x00093B}, {0x00093E, 0x00094C}, {0x00094E, 0x00094F},
    {0x000955, 0x000957}, {0x000962, 0x000963}, {0x000981, 0x000983}, {0x0009BE, 0x0009C4},
    {0x0009C7, 0x0009C8}, {0x0009CB, 0x0009CC}, {0x0009D7, 0x0009D7}, {0x0009E2, 0x0009E3},
    {0x000A01, 0x000A03}, {0x000A3E, 0x000A42}, {0x000A47, 0x000A48}, {0x000A4B, 0x000A4C},
    {0x000A51, 0x000A51}, {0x000A70, 0x000A71}, {0x000A75, 0x000A75}, {0x000A81, 0x000A83},
    {0x000ABE, 0x000AC5}, {0x000AC7, 0x000AC9}, {0x000ACB, 0x000ACC}, {0x000AE2, 0x000AE3},
    {0x000AFA, 0x000AFC}, {0x000B01, 0x000B03}, {0x000B3E, 0x000B44}, {0x000B47, 0x000B48},
    {0x000B4B, 0x000B4C}, {0x000B56, 0x000B57}, {0x000B62, 0x000B63}, {0x000B82, 0x000B82},
    {0x000BBE, 0x000BC2}, {0x000BC6, 0x000BC8}, {0x000BCA, 0x000BCC}, {0x000BD7, 0x000BD7},
    {0x000C00, 0x000C04}, {0x000C3E, 0x000C44}, {0x000C46, 0x000C48}, {0x000C4A, 0x000C4C},
    {0x000C55, 0x000C56}, {0x000C62, 0x000C63}, {0x000C81, 0x000C83}, {0x000CBE, 0x000CC4},
    {0x000CC6, 0x000CC8}, {0x000CCA, 0x000CCC}, {0x000CD5, 0x000CD6}, {0x000CE2, 0x000CE3},
    {0x000CF3, 0x000CF3}, {0x000D00, 0x000D03}, {0x000D3E, 0x000D44}, {0x000D46, 0x000D48},
    {0x000D4A, 0x000D4C}, {0x000D57, 0x000D57}, {0x000D62, 0x000D63}, {0x000D81, 0x000D83},
    {0x000DCF, 0x000DD4}, {0x000DD6, 0x000DD6}, {0x000DD8, 0x000DDF}, {0x000DF2, 0x000DF3},
    {0x000E31, 0x000E31}, {0x000E34, 0x000E3A}, {0x000E4D, 0x000E4D}, {0x000EB1, 0x000EB1},
    {0x000EB4, 0x000EB9}, {0x000EBB, 0x000EBC}, {0x000ECD, 0x000ECD}, {0x000F71, 0x000F83},
    {0x000F8D, 0x000F97}, {0x000F99, 0x000FBC}, {0x00102B, 0x001036}, {0x001038, 0x001038},
    {0x00103B, 0x00103E}, {0x001056, 0x001059}, {0x00105E, 0x001060}, {0x001062, 0x001064},
    {0x001067, 0x00106D}, {0x001071, 0x001074}, {0x001082, 0x00108D}, {0x00108F, 0x00108F},
    {0x00109A, 0x00109D}, {0x001712, 0x001713}, {0x001732, 0x001733}, {0x001752, 0x001753},
    {0x001772, 0x001773}, {0x0017B6, 0x0017C8}, {0x001885, 0x001886}, {0x0018A9, 0x0018A9},
    {0x001920, 0x00192B}, {0x001930, 0x001938}, {0x001A17, 0x001A1B}, {0x001A55, 0x001A5E},
    {0x001A61, 0x001A74}, {0x001ABF, 0x001AC0}, {0x001ACC, 0x001ACE}, {0x001B00, 0x001B04},
    {0x001B35, 0x001B43}, {0x001B80, 0x001B82}, {0x001BA1, 0x001BA9}, {0x001BAC, 0x001BAD},
    {0x001BE7, 0x001BF1}, {0x001C24, 0x001C36}, {0x001DD3, 0x001DF4}, {0x0024B6, 0x0024E9},
    {0x002DE0, 0x002DFF}, {0x00A674, 0x00A67B}, {0x00A69E, 0x00A69F}, {0x00A802, 0x00A802},
    {0x00A80B, 0x00A80B}, {0x00A823, 0x00A827}, {0x00A880, 0x00A881}, {0x00A8B4, 0x00A8C3},
    {0x00A8C5, 0x00A8C5}, {0x00A8FF, 0x00A8FF}, {0x00A926, 0x00A92A}, {0x00A947, 0x00A952},
    {0x00A980, 0x00A983}, {0x00A9B4, 0x00A9BF}, {0x00A9E5, 0x00A9E5}, {0x00AA29, 0x00AA36},
    {0x00AA43, 0x00AA43}, {0x00AA4C, 0x00AA4D}, {0x00AA7B, 0x00AA7D}, {0x00AAB0, 0x00AAB0},
    {0x00AAB2, 0x00AAB4}, {0x00AAB7, 0x00AAB8}, {0x00AABE, 0x00AABE}, {0x00AAEB, 0x00AAEF},
    {0x00AAF5, 0x00AAF5}, {0x00ABE3, 0x00ABEA}, {0x00FB1E, 0x00FB1E}, {0x010376, 0x01037A},
    {0x010A01, 0x010A03}, {0x010A05, 0x010A06}, {0x010A0C, 0x010A0F}, {0x010D24, 0x010D27},
    {0x010D69, 0x010D69}, {0x010EAB, 0x010EAC}, {0x010EFC, 0x010EFC}, {0x011000, 0x011002},
    {0x011038, 0x011045}, {0x011073, 0x011074}, {0x011080, 0x011082}, {0x0110B0, 0x0110B8},
    {0x0110C2, 0x0110C2}, {0x011100, 0x011102}, {0x011127, 0x011132}, {0x011145, 0x011146},
    {0x011180, 0x011182}, {0x0111B3, 0x0111BF}, {0x0111CE, 0x0111CF}, {0x01122C, 0x011234},
    {0x011237, 0x011237}, {0x01123E, 0x01123E}, {0x011241, 0x011241}, {0x0112DF, 0x0112E8},
    {0x011300, 0x011303}, {0x01133E, 0x011344}, {0x011347, 0x011348}, {0x01134B, 0x01134C},
    {0x011357, 0x011357}, {0x011362, 0x011363}, {0x0113B8, 0x0113C0}, {0x0113C2, 0x0113C2},
    {0x0113C5, 0x0113C5}, {0x0113C7, 0x0113CA}, {0x0113CC, 0x0113CD}, {0x011435, 0x011441},
    {0x011443, 0x011445}, {0x0114B0, 0x0114C1}, {0x0115AF, 0x0115B5}, {0x0115B8, 0x0115BE},
    {0x0115DC, 0x0115DD}, {0x011630, 0x01163E}, {0x011640, 0x011640}, {0x0116AB, 0x0116B5},
    {0x01171D, 0x01172A}, {0x01182C, 0x011838}, {0x011930, 0x011935}, {0x011937, 0x011938},
    {0x01193B, 0x01193C}, {0x011940, 0x011940}, {0x011942, 0x011942}, {0x0119D1, 0x0119D7},
    {0x0119DA, 0x0119DF}, {0x0119E4, 0x0119E4}, {0x011A01, 0x011A0A}, {0x011A35, 0x011A39},
    {0x011A3B, 0x011A3E}, {0x011A51, 0x011A5B}, {0x011A8A, 0x011A97}, {0x011C2F, 0x011C36},
    {0x011C38, 0x011C3E}, {0x011C92, 0x011CA7}, {0x011CA9, 0x011CB6}, {0x011D31, 0x011D36},
    {0x011D3A, 0x011D3A}, {0x011D3C, 0x011D3D}, {0x011D3F, 0x011D41}, {0x011D43, 0x011D43},
    {0x011D47, 0x011D47}, {0x011D8A, 0x011D8E}, {0x011D90, 0x011D91}, {0x011D93, 0x011D96},
    {0x011EF3, 0x011EF6}, {0x011F00, 0x011F01}, {0x011F03, 0x011F03}, {0x011F34, 0x011F3A},
    {0x011F3E, 0x011F40}, {0x01611E, 0x01612E}, {0x016F4F, 0x016F4F}, {0x016F51, 0x016F87},
    {0x016F8F, 0x016F92}, {0x016FF0, 0x016FF1}, {0x01BC9E, 0x01BC9E}, {0x01E000, 0x01E006},
    {0x01E008, 0x01E018}, {0x01E01B, 0x01E021}, {0x01E023, 0x01E024}, {0x01E026, 0x01E02A},
    {0x01E08F, 0x01E08F}, {0x01E947, 0x01E947}, {0x01F130, 0x01F149}, {0x01F150, 0x01F169},
    {0x01F170, 0x01F189}, {0x00034F, 0x00034F}, {0x00115F, 0x001160}, {0x0017B4, 0x0017B5},
    {0x002065, 0x002065}, {0x003164, 0x003164}, {0x00FFA0, 0x00FFA0}, {0x00FFF0, 0x00FFF8},
    {0x0E0000, 0x0E0000}, {0x0E0002, 0x0E001F}, {0x0E0080, 0x0E00FF}, {0x0E01F0, 0x0E0FFF},
    {0x0009BE, 0x0009BE}, {0x0009D7, 0x0009D7}, {0x000B3E, 0x000B3E}, {0x000B57, 0x000B57},
    {0x000BBE, 0x000BBE}, {0x000BD7, 0x000BD7}, {0x000CC0, 0x000CC0}, {0x000CC2, 0x000CC2},
    {0x000CC7, 0x000CC8}, {0x000CCA, 0x000CCB}, {0x000CD5, 0x000CD6}, {0x000D3E, 0x000D3E},
    {0x000D57, 0x000D57}, {0x000DCF, 0x000DCF}, {0x000DDF, 0x000DDF}, {0x001715, 0x001715},
    {0x001734, 0x001734}, {0x001B35, 0x001B35}, {0x001B3B, 0x001B3B}, {0x001B3D, 0x001B3D},
    {0x001B43, 0x001B44}, {0x001BAA, 0x001BAA}, {0x001BF2, 0x001BF3}, {0x00200C, 0x00200C},
    {0x00302E, 0x00302F}, {0x00A953, 0x00A953}, {0x00A9C0, 0x00A9C0}, {0x00FF9E, 0x00FF9F},
    {0x0111C0, 0x0111C0}, {0x011235, 0x011235}, {0x01133E, 0x01133E}, {0x01134D, 0x01134D},
    {0x011357, 0x011357}, {0x0113B8, 0x0113B8}, {0x0113C2, 0x0113C2}, {0x0113C5, 0x0113C5},
    {0x0113C7, 0x0113C9}, {0x0113CF, 0x0113CF}, {0x0114B0, 0x0114B0}, {0x0114BD, 0x0114BD},
    {0x0115AF, 0x0115AF}, {0x0116B6, 0x0116B6}, {0x011930, 0x011930}, {0x01193D, 0x01193D},
    {0x011F41, 0x011F41}, {0x016FF0, 0x016FF1}, {0x01D165, 0x01D166}, {0x01D16D, 0x01D172},
    {0x0E0020, 0x0E007F}, {0x0000B7, 0x0000B7}, {0x000387, 0x000387}, {0x001369, 0x001371},
    {0x0019DA, 0x0019DA}, {0x00200C, 0x00200D}, {0x0030FB, 0x0030FB}, {0x00FF65, 0x00FF65},
    {0x001885, 0x001886}, {0x002118, 0x002118}, {0x00212E, 0x00212E}, {0x00309B, 0x00309C},
    {0x0000AA, 0x0000AA}, {0x0000BA, 0x0000BA}, {0x0002B0, 0x0002B8}, {0x0002C0, 0x0002C1},
    {0x0002E0, 0x0002E4}, {0x000345, 0x000345}, {0x00037A, 0x00037A}, {0x0010FC, 0x0010FC},
    {0x001D2C, 0x001D6A}, {0x001D78, 0x001D78}, {0x001D9B, 0x001DBF}, {0x002071, 0x002071},
    {0x00207F, 0x00207F}, {0x002090, 0x00209C}, {0x002170, 0x00217F}, {0x0024D0, 0x0024E9},
    {0x002C7C, 0x002C7D}, {0x00A69C, 0x00A69D}, {0x00A770, 0x00A770}, {0x00A7F2, 0x00A7F4},
    {0x00A7F8, 0x00A7F9}, {0x00AB5C, 0x00AB5F}, {0x00AB69, 0x00AB69}, {0x010780, 0x010780},
    {0x010783, 0x010785}, {0x010787, 0x0107B0}, {0x0107B2, 0x0107BA}, {0x01E030, 0x01E06D},
    {0x00005E, 0x00005E}, {0x0003D0, 0x0003D2}, {0x0003D5, 0x0003D5}, {0x0003F0, 0x0003F1},
    {0x0003F4, 0x0003F5}, {0x002016, 0x002016}, {0x002032, 0x002034}, {0x002040, 0x002040},
    {0x002061, 0x002064}, {0x00207D, 0x00207E}, {0x00208D, 0x00208E}, {0x0020D0, 0x0020DC},
    {0x0020E1, 0x0020E1}, {0x0020E5, 0x0020E6}, {0x0020EB, 0x0020EF}, {0x002102, 0x002102},
    {0x002107, 0x002107}, {0x00210A, 0x002113}, {0x002115, 0x002115}, {0x002119, 0x00211D},
    {0x002124, 0x002124}, {0x002128, 0x002129}, {0x00212C, 0x00212D}, {0x00212F, 0x002131},
    {0x002133, 0x002138}, {0x00213C, 0x00213F}, {0x002145, 0x002149}, {0x002195, 0x002199},
    {0x00219C, 0x00219F}, {0x0021A1, 0x0021A2}, {0x0021A4, 0x0021A5}, {0x0021A7, 0x0021A7},
    {0x0021A9, 0x0021AD}, {0x0021B0, 0x0021B1}, {0x0021B6, 0x0021B7}, {0x0021BC, 0x0021CD},
    {0x0021D0, 0x0021D1}, {0x0021D3, 0x0021D3}, {0x0021D5, 0x0021DB}, {0x0021DD, 0x0021DD},
    {0x0021E4, 0x0021E5}, {0x002308, 0x00230B}, {0x0023B4, 0x0023B5}, {0x0023B7, 0x0023B7},
    {0x0023D0, 0x0023D0}, {0x0023E2, 0x0023E2}, {0x0025A0, 0x0025A1}, {0x0025AE, 0x0025B6},
    {0x0025BC, 0x0025C0}, {0x0025C6, 0x0025C7}, {0x0025CA, 0x0025CB}, {0x0025CF, 0x0025D3},
    {0x0025E2, 0x0025E2}, {0x0025E4, 0x0025E4}, {0x0025E7, 0x0025EC}, {0x002605, 0x002606},
    {0x002640, 0x002640}, {0x002642, 0x002642}, {0x002660, 0x002663}, {0x00266D, 0x00266E},
    {0x0027C5, 0x0027C6}, {0x0027E6, 0x0027EF}, {0x002983, 0x002998}, {0x0029D8, 0x0029DB},
    {0x0029FC, 0x0029FD}, {0x00FE61, 0x00FE61}, {0x00FE63, 0x00FE63}, {0x00FE68, 0x00FE68},
    {0x00FF3C, 0x00FF3C}, {0x00FF3E, 0x00FF3E}, {0x01D400, 0x01D454}, {0x01D456, 0x01D49C},
    {0x01D49E, 0x01D49F}, {0x01D4A2, 0x01D4A2}, {0x01D4A5, 0x01D4A6}, {0x01D4A9, 0x01D4AC},
    {0x01D4AE, 0x01D4B9}, {0x01D4BB, 0x01D4BB}, {0x01D4BD, 0x01D4C3}, {0x01D4C5, 0x01D505},
    {0x01D507, 0x01D50A}, {0x01D50D, 0x01D514}, {0x01D516, 0x01D51C}, {0x01D51E, 0x01D539},
    {0x01D53B, 0x01D53E}, {0x01D540, 0x01D544}, {0x01D546, 0x01D546}, {0x01D54A, 0x01D550},
    {0x01D552, 0x01D6A5}, {0x01D6A8, 0x01D6C0}, {0x01D6C2, 0x01D6DA}, {0x01D6DC, 0x01D6FA},
    {0x01D6FC, 0x01D714}, {0x01D716, 0x01D734}, {0x01D736, 0x01D74E}, {0x01D750, 0x01D76E},
    {0x01D770, 0x01D788}, {0x01D78A, 0x01D7A8}, {0x01D7AA, 0x01D7C2}, {0x01D7C4, 0x01D7CB},
    {0x01D7CE, 0x01D7FF}, {0x01EE00, 0x01EE03}, {0x01EE05, 0x01EE1F}, {0x01EE21, 0x01EE22},
    {0x01EE24, 0x01EE24}, {0x01EE27, 0x01EE27}, {0x01EE29, 0x01EE32}, {0x01EE34, 0x01EE37},
    {0x01EE39, 0x01EE39}, {0x01EE3B, 0x01EE3B}, {0x01EE42, 0x01EE42}, {0x01EE47, 0x01EE47},
    {0x01EE49, 0x01EE49}, {0x01EE4B, 0x01EE4B}, {0x01EE4D, 0x01EE4F}, {0x01EE51, 0x01EE52},
    {0x01EE54, 0x01EE54}, {0x01EE57, 0x01EE57}, {0x01EE59, 0x01EE59}, {0x01EE5B, 0x01EE5B},
    {0x01EE5D, 0x01EE5D}, {0x01EE5F, 0x01EE5F}, {0x01EE61, 0x01EE62}, {0x01EE64, 0x01EE64},
    {0x01EE67, 0x01EE6A}, {0x01EE6C, 0x01EE72}, {0x01EE74, 0x01EE77}, {0x01EE79, 0x01EE7C},
    {0x01EE7E, 0x01EE7E}, {0x01EE80, 0x01EE89}, {0x01EE8B, 0x01EE9B}, {0x01EEA1, 0x01EEA3},
    {0x01EEA5, 0x01EEA9}, {0x01EEAB, 0x01EEBB}, {0x002160, 0x00216F}, {0x0024B6, 0x0024CF},
    {0x01F130, 0x01F149}, {0x01F150, 0x01F169}, {0x01F170, 0x01F189}, {0x000021, 0x00002F},
    {0x00003A, 0x000040}, {0x00005B, 0x00005E}, {0x000060, 0x000060}, {0x00007B, 0x00007E},
    {0x0000A1, 0x0000A7}, {0x0000A9, 0x0000A9}, {0x0000AB, 0x0000AC}, {0x0000AE, 0x0000AE},
    {0x0000B0, 0x0000B1}, {0x0000B6, 0x0000B6}, {0x0000BB, 0x0000BB}, {0x0000BF, 0x0000BF},
    {0x0000D7, 0x0000D7}, {0x0000F7, 0x0000F7}, {0x002010, 0x002027}, {0x002030, 0x00203E},
    {0x002041, 0x002053}, {0x002055, 0x00205E}, {0x002190, 0x00245F}, {0x002500, 0x002775},
    {0x002794, 0x002BFF}, {0x002E00, 0x002E7F}, {0x003001, 0x003003}, {0x003008, 0x003020},
    {0x003030, 0x003030}, {0x00FD3E, 0x00FD3F}, {0x00FE45, 0x00FE46}, {0x000009, 0x00000D},
    {0x000020, 0x000020}, {0x000085, 0x000085}, {0x00200E, 0x00200F}, {0x002028, 0x002029},
    {0x000600, 0x000605}, {0x0006DD, 0x0006DD}, {0x00070F, 0x00070F}, {0x000890, 0x000891},
    {0x0008E2, 0x0008E2}, {0x0110BD, 0x0110BD}, {0x0110CD, 0x0110CD}, {0x000022, 0x000022},
    {0x000027, 0x000027}, {0x0000AB, 0x0000AB}, {0x0000BB, 0x0000BB}, {0x002018, 0x00201F},
    {0x002039, 0x00203A}, {0x002E42, 0x002E42}, {0x00300C, 0x00300F}, {0x00301D, 0x00301F},
    {0x00FE41, 0x00FE44}, {0x00FF02, 0x00FF02}, {0x00FF07, 0x00FF07}, {0x00FF62, 0x00FF63},
    {0x002E80, 0x002E99}, {0x002E9B, 0x002EF3}, {0x002F00, 0x002FD5}, {0x01F1E6, 0x01F1FF},
    {0x000024, 0x000024}, {0x0000A2, 0x0000A5}, {0x00058F, 0x00058F}, {0x00060B, 0x00060B},
    {0x0007FE, 0x0007FF}, {0x0009F2, 0x0009F3}, {0x0009FB, 0x0009FB}, {0x000AF1, 0x000AF1},
    {0x000BF9, 0x000BF9}, {0x000E3F, 0x000E3F}, {0x0017DB, 0x0017DB}, {0x0020A0, 0x0020C0},
    {0x00A838, 0x00A838}, {0x00FDFC, 0x00FDFC}, {0x00FE69, 0x00FE69}, {0x00FF04, 0x00FF04},
    {0x00FFE0, 0x00FFE1}, {0x00FFE5, 0x00FFE6}, {0x011FDD, 0x011FE0}, {0x01E2FF, 0x01E2FF},
    {0x01ECB0, 0x01ECB0}, {0x000069, 0x00006A}, {0x00012F, 0x00012F}, {0x000249, 0x000249},
    {0x000268, 0x000268}, {0x00029D, 0x00029D}, {0x0002B2, 0x0002B2}, {0x0003F3, 0x0003F3},
    {0x000456, 0x000456}, {0x000458, 0x000458}, {0x001D62, 0x001D62}, {0x001D96, 0x001D96},
    {0x001DA4, 0x001DA4}, {0x001DA8, 0x001DA8}, {0x001E2D, 0x001E2D}, {0x001ECB, 0x001ECB},
    {0x002071, 0x002071}, {0x002148, 0x002149}, {0x002C7C, 0x002C7C}, {0x01D422, 0x01D423},
    {0x01D456, 0x01D457}, {0x01D48A, 0x01D48B}, {0x01D4BE, 0x01D4BF}, {0x01D4F2, 0x01D4F3},
    {0x01D526, 0x01D527}, {0x01D55A, 0x01D55B}, {0x01D58E, 0x01D58F}, {0x01D5C2, 0x01D5C3},
    {0x01D5F6, 0x01D5F7}, {0x01D62A, 0x01D62B}, {0x01D65E, 0x01D65F}, {0x01D692, 0x01D693},
    {0x01DF1A, 0x01DF1A}, {0x01E04C, 0x01E04D}, {0x01E068, 0x01E068}, {0x000021, 0x000021},
    {0x00002E, 0x00002E}, {0x00003F, 0x00003F}, {0x000589, 0x000589}, {0x00061D, 0x00061F},
    {0x0006D4, 0x0006D4}, {0x000700, 0x000702}, {0x0007F9, 0x0007F9}, {0x000837, 0x000837},
    {0x000839, 0x000839}, {0x00083D, 0x00083E}, {0x000964, 0x000965}, {0x00104A, 0x00104B},
    {0x001362, 0x001362}, {0x001367, 0x001368}, {0x00166E, 0x00166E}, {0x001735, 0x001736},
    {0x0017D4, 0x0017D5}, {0x001803, 0x001803}, {0x001809, 0x001809}, {0x001944, 0x001945},
    {0x001AA8, 0x001AAB}, {0x001B4E, 0x001B4F}, {0x001B5A, 0x001B5B}, {0x001B5E, 0x001B5F},
    {0x001B7D, 0x001B7F}, {0x001C3B, 0x001C3C}, {0x001C7E, 0x001C7F}, {0x002024, 0x002024},
    {0x00203C, 0x00203D}, {0x002047, 0x002049}, {0x002CF9, 0x002CFB}, {0x002E2E, 0x002E2E},
    {0x002E3C, 0x002E3C}, {0x002E53, 0x002E54}, {0x003002, 0x003002}, {0x00A4FF, 0x00A4FF},
    {0x00A60E, 0x00A60F}, {0x00A6F3, 0x00A6F3}, {0x00A6F7, 0x00A6F7}, {0x00A876, 0x00A877},
    {0x00A8CE, 0x00A8CF}, {0x00A92F, 0x00A92F}, {0x00A9C8, 0x00A9C9}, {0x00AA5D, 0x00AA5F},
    {0x00AAF0, 0x00AAF1}, {0x00ABEB, 0x00ABEB}, {0x00FE12, 0x00FE12}, {0x00FE15, 0x00FE16},
    {0x00FE52, 0x00FE52}, {0x00FE56, 0x00FE57}, {0x00FF01, 0x00FF01}, {0x00FF0E, 0x00FF0E},
    {0x00FF1F, 0x00FF1F}, {0x00FF61, 0x00FF61}, {0x010A56, 0x010A57}, {0x010F55, 0x010F59},
    {0x010F86, 0x010F89}, {0x011047, 0x011048}, {0x0110BE, 0x0110C1}, {0x011141, 0x011143},
    {0x0111C5, 0x0111C6}, {0x0111CD, 0x0111CD}, {0x0111DE, 0x0111DF}, {0x011238, 0x011239},
    {0x01123B, 0x01123C}, {0x0112A9, 0x0112A9}, {0x0113D4, 0x0113D5}, {0x01144B, 0x01144C},
    {0x0115C2, 0x0115C3}, {0x0115C9, 0x0115D7}, {0x011641, 0x011642}, {0x01173C, 0x01173E},
    {0x011944, 0x011944}, {0x011946, 0x011946}, {0x011A42, 0x011A43}, {0x011A9B, 0x011A9C},
    {0x011C41, 0x011C42}, {0x011EF7, 0x011EF8}, {0x011F43, 0x011F44}, {0x016A6E, 0x016A6F},
    {0x016AF5, 0x016AF5}, {0x016B37, 0x016B38}, {0x016B44, 0x016B44}, {0x016D6E, 0x016D6F},
    {0x016E98, 0x016E98}, {0x01BC9F, 0x01BC9F}, {0x01DA88, 0x01DA88}, {0x000009, 0x00000D},
    {0x000020, 0x000020}, {0x000085, 0x000085}, {0x0000A0, 0x0000A0}, {0x001680, 0x001680},
    {0x002000, 0x00200A}, {0x002028, 0x002029}, {0x00202F, 0x00202F}, {0x00205F, 0x00205F},
    {0x003000, 0x003000}, {0x000021, 0x000021}, {0x00002C, 0x00002C}, {0x00002E, 0x00002E},
    {0x00003A, 0x00003B}, {0x00003F, 0x00003F}, {0x00037E, 0x00037E}, {0x000387, 0x000387},
    {0x000589, 0x000589}, {0x0005C3, 0x0005C3}, {0x00060C, 0x00060C}, {0x00061B, 0x00061B},
    {0x00061D, 0x00061F}, {0x0006D4, 0x0006D4}, {0x000700, 0x00070A}, {0x00070C, 0x00070C},
    {0x0007F8, 0x0007F9}, {0x000830, 0x000835}, {0x000837, 0x00083E}, {0x00085E, 0x00085E},
    {0x000964, 0x000965}, {0x000E5A, 0x000E5B}, {0x000F08, 0x000F08}, {0x000F0D, 0x000F12},
    {0x00104A, 0x00104B}, {0x001361, 0x001368}, {0x00166E, 0x00166E}, {0x0016EB, 0x0016ED},
    {0x001735, 0x001736}, {0x0017D4, 0x0017D6}, {0x0017DA, 0x0017DA}, {0x001802, 0x001805},
    {0x001808, 0x001809}, {0x001944, 0x001945}, {0x001AA8, 0x001AAB}, {0x001B4E, 0x001B4F},
    {0x001B5A, 0x001B5B}, {0x001B5D, 0x001B5F}, {0x001B7D, 0x001B7F}, {0x001C3B, 0x001C3F},
    {0x001C7E, 0x001C7F}, {0x002024, 0x002024}, {0x00203C, 0x00203D}, {0x002047, 0x002049},
    {0x002CF9, 0x002CFB}, {0x002E2E, 0x002E2E}, {0x002E3C, 0x002E3C}, {0x002E41, 0x002E41},
    {0x002E4C, 0x002E4C}, {0x002E4E, 0x002E4F}, {0x002E53, 0x002E54}, {0x003001, 0x003002},
    {0x00A4FE, 0x00A4FF}, {0x00A60D, 0x00A60F}, {0x00A6F3, 0x00A6F7}, {0x00A876, 0x00A877},
    {0x00A8CE, 0x00A8CF}, {0x00A92F, 0x00A92F}, {0x00A9C7, 0x00A9C9}, {0x00AA5D, 0x00AA5F},
    {0x00AADF, 0x00AADF}, {0x00AAF0, 0x00AAF1}, {0x00ABEB, 0x00ABEB}, {0x00FE12, 0x00FE12},
    {0x00FE15, 0x00FE16}, {0x00FE50, 0x00FE52}, {0x00FE54, 0x00FE57}, {0x00FF01, 0x00FF01},
    {0x00FF0C, 0x00FF0C}, {0x00FF0E, 0x00FF0E}, {0x00FF1A, 0x00FF1B}, {0x00FF1F, 0x00FF1F},
    {0x00FF61, 0x00FF61}, {0x00FF64, 0x00FF64}, {0x01039F, 0x01039F}, {0x0103D0, 0x0103D0},
    {0x010857, 0x010857}, {0x01091F, 0x01091F}, {0x010A56, 0x010A57}, {0x010AF0, 0x010AF5},
    {0x010B3A, 0x010B3F}, {0x010B99, 0x010B9C}, {0x010F55, 0x010F59}, {0x010F86, 0x010F89},
    {0x011047, 0x01104D}, {0x0110BE, 0x0110C1}, {0x011141, 0x011143}, {0x0111C5, 0x0111C6},
    {0x0111CD, 0x0111CD}, {0x0111DE, 0x0111DF}, {0x011238, 0x01123C}, {0x0112A9, 0x0112A9},
    {0x0113D4, 0x0113D5}, {0x01144B, 0x01144D}, {0x01145A, 0x01145B}, {0x0115C2, 0x0115C5},
    {0x0115C9, 0x0115D7}, {0x011641, 0x011642}, {0x01173C, 0x01173E}, {0x011944, 0x011944},
    {0x011946, 0x011946}, {0x011A42, 0x011A43}, {0x011A9B, 0x011A9C}, {0x011AA1, 0x011AA2},
    {0x011C41, 0x011C43}, {0x011C71, 0x011C71}, {0x011EF7, 0x011EF8}, {0x011F43, 0x011F44},
    {0x012470, 0x012474}, {0x016A6E, 0x016A6F}, {0x016AF5, 0x016AF5}, {0x016B37, 0x016B39},
    {0x016B44, 0x016B44}, {0x016D6E, 0x016D6F}, {0x016E97, 0x016E98}, {0x01BC9F, 0x01BC9F},
    {0x01DA87, 0x01DA8A}, {0x003400, 0x004DBF}, {0x004E00, 0x009FFF}, {0x00FA0E, 0x00FA0F},
    {0x00FA11, 0x00FA11}, {0x00FA13, 0x00FA14}, {0x00FA1F, 0x00FA1F}, {0x00FA21, 0x00FA21},
    {0x00FA23, 0x00FA24}, {0x00FA27, 0x00FA29}, {0x020000, 0x02A6DF}, {0x02A700, 0x02B739},
    {0x02B740, 0x02B81D}, {0x02B820, 0x02CEA1}, {0x02CEB0, 0x02EBE0}, {0x02EBF0, 0x02EE5D},
    {0x030000, 0x03134A}, {0x031350, 0x0323AF}, {0x000041, 0x00005A}, {0x0000C0, 0x0000D6},
    {0x0000D8, 0x0000DE}, {0x000100, 0x000100}, {0x000102, 0x000102}, {0x000104, 0x000104},
    {0x000106, 0x000106}, {0x000108, 0x000108}, {0x00010A, 0x00010A}, {0x00010C, 0x00010C},
    {0x00010E, 0x00010E}, {0x000110, 0x000110}, {0x000112, 0x000112}, {0x000114, 0x000114},
    {0x000116, 0x000116}, {0x000118, 0x000118}, {0x00011A, 0x00011A}, {0x00011C, 0x00011C},
    {0x00011E, 0x00011E}, {0x000120, 0x000120}, {0x000122, 0x000122}, {0x000124, 0x000124},
    {0x000126, 0x000126}, {0x000128, 0x000128}, {0x00012A, 0x00012A}, {0x00012C, 0x00012C},
    {0x00012E, 0x00012E}, {0x000130, 0x000130}, {0x000132, 0x000132}, {0x000134, 0x000134},
    {0x000136, 0x000136}, {0x000139, 0x000139}, {0x00013B, 0x00013B}, {0x00013D, 0x00013D},
    {0x00013F, 0x00013F}, {0x000141, 0x000141}, {0x000143, 0x000143}, {0x000145, 0x000145},
    {0x000147, 0x000147}, {0x00014A, 0x00014A}, {0x00014C, 0x00014C}, {0x00014E, 0x00014E},
    {0x000150, 0x000150}, {0x000152, 0x000152}, {0x000154, 0x000154}, {0x000156, 0x000156},
    {0x000158, 0x000158}, {0x00015A, 0x00015A}, {0x00015C, 0x00015C}, {0x00015E, 0x00015E},
    {0x000160, 0x000160}, {0x000162, 0x000162}, {0x000164, 0x000164}, {0x000166, 0x000166},
    {0x000168, 0x000168}, {0x00016A, 0x00016A}, {0x00016C, 0x00016C}, {0x00016E, 0x00016E},
    {0x000170, 0x000170}, {0x000172, 0x000172}, {0x000174, 0x000174}, {0x000176, 0x000176},
    {0x000178, 0x000179}, {0x00017B, 0x00017B}, {0x00017D, 0x00017D}, {0x000181, 0x000182},
    {0x000184, 0x000184}, {0x000186, 0x000187}, {0x000189, 0x00018B}, {0x00018E, 0x000191},
    {0x000193, 0x000194}, {0x000196, 0x000198}, {0x00019C, 0x00019D}, {0x00019F, 0x0001A0},
    {0x0001A2, 0x0001A2}, {0x0001A4, 0x0001A4}, {0x0001A6, 0x0001A7}, {0x0001A9, 0x0001A9},
    {0x0001AC, 0x0001AC}, {0x0001AE, 0x0001AF}, {0x0001B1, 0x0001B3}, {0x0001B5, 0x0001B5},
    {0x0001B7, 0x0001B8}, {0x0001BC, 0x0001BC}, {0x0001C4, 0x0001C4}, {0x0001C7, 0x0001C7},
    {0x0001CA, 0x0001CA}, {0x0001CD, 0x0001CD}, {0x0001CF, 0x0001CF}, {0x0001D1, 0x0001D1},
    {0x0001D3, 0x0001D3}, {0x0001D5, 0x0001D5}, {0x0001D7, 0x0001D7}, {0x0001D9, 0x0001D9},
    {0x0001DB, 0x0001DB}, {0x0001DE, 0x0001DE}, {0x0001E0, 0x0001E0}, {0x0001E2, 0x0001E2},
    {0x0001E4, 0x0001E4}, {0x0001E6, 0x0001E6}, {0x0001E8, 0x0001E8}, {0x0001EA, 0x0001EA},
    {0x0001EC, 0x0001EC}, {0x0001EE, 0x0001EE}, {0x0001F1, 0x0001F1}, {0x0001F4, 0x0001F4},
    {0x0001F6, 0x0001F8}, {0x0001FA, 0x0001FA}, {0x0001FC, 0x0001FC}, {0x0001FE, 0x0001FE},
    {0x000200, 0x000200}, {0x000202, 0x000202}, {0x000204, 0x000204}, {0x000206, 0x000206},
    {0x000208, 0x000208}, {0x00020A, 0x00020A}, {0x00020C, 0x00020C}, {0x00020E, 0x00020E},
    {0x000210, 0x000210}, {0x000212, 0x000212}, {0x000214, 0x000214}, {0x000216, 0x000216},
    {0x000218, 0x000218}, {0x00021A, 0x00021A}, {0x00021C, 0x00021C}, {0x00021E, 0x00021E},
    {0x000220, 0x000220}, {0x000222, 0x000222}, {0x000224, 0x000224}, {0x000226, 0x000226},
    {0x000228, 0x000228}, {0x00022A, 0x00022A}, {0x00022C, 0x00022C}, {0x00022E, 0x00022E},
    {0x000230, 0x000230}, {0x000232, 0x000232}, {0x00023A, 0x00023B}, {0x00023D, 0x00023E},
    {0x000241, 0x000241}, {0x000243, 0x000246}, {0x000248, 0x000248}, {0x00024A, 0x00024A},
    {0x00024C, 0x00024C}, {0x00024E, 0x00024E}, {0x000370, 0x000370}, {0x000372, 0x000372},
    {0x000376, 0x000376}, {0x00037F, 0x00037F}, {0x000386, 0x000386}, {0x000388, 0x00038A},
    {0x00038C, 0x00038C}, {0x00038E, 0x00038F}, {0x000391, 0x0003A1}, {0x0003A3, 0x0003AB},
    {0x0003CF, 0x0003CF}, {0x0003D2, 0x0003D4}, {0x0003D8, 0x0003D8}, {0x0003DA, 0x0003DA},
    {0x0003DC, 0x0003DC}, {0x0003DE, 0x0003DE}, {0x0003E0, 0x0003E0}, {0x0003E2, 0x0003E2},
    {0x0003E4, 0x0003E4}, {0x0003E6, 0x0003E6}, {0x0003E8, 0x0003E8}, {0x0003EA, 0x0003EA},
    {0x0003EC, 0x0003EC}, {0x0003EE, 0x0003EE}, {0x0003F4, 0x0003F4}, {0x0003F7, 0x0003F7},
    {0x0003F9, 0x0003FA}, {0x0003FD, 0x00042F}, {0x000460, 0x000460}, {0x000462, 0x000462},
    {0x000464, 0x000464}, {0x000466, 0x000466}, {0x000468, 0x000468}, {0x00046A, 0x00046A},
    {0x00046C, 0x00046C}, {0x00046E, 0x00046E}, {0x000470, 0x000470}, {0x000472, 0x000472},
    {0x000474, 0x000474}, {0x000476, 0x000476}, {0x000478, 0x000478}, {0x00047A, 0x00047A},
    {0x00047C, 0x00047C}, {0x00047E, 0x00047E}, {0x000480, 0x000480}, {0x00048A, 0x00048A},
    {0x00048C, 0x00048C}, {0x00048E, 0x00048E}, {0x000490, 0x000490}, {0x000492, 0x000492},
    {0x000494, 0x000494}, {0x000496, 0x000496}, {0x000498, 0x000498}, {0x00049A, 0x00049A},
    {0x00049C, 0x00049C}, {0x00049E, 0x00049E}, {0x0004A0, 0x0004A0}, {0x0004A2, 0x0004A2},
    {0x0004A4, 0x0004A4}, {0x0004A6, 0x0004A6}, {0x0004A8, 0x0004A8}, {0x0004AA, 0x0004AA},
    {0x0004AC, 0x0004AC}, {0x0004AE, 0x0004AE}, {0x0004B0, 0x0004B0}, {0x0004B2, 0x0004B2},
    {0x0004B4, 0x0004B4}, {0x0004B6, 0x0004B6}, {0x0004B8, 0x0004B8}, {0x0004BA, 0x0004BA},
    {0x0004BC, 0x0004BC}, {0x0004BE, 0x0004BE}, {0x0004C0, 0x0004C1}, {0x0004C3, 0x0004C3},
    {0x0004C5, 0x0004C5}, {0x0004C7, 0x0004C7}, {0x0004C9, 0x0004C9}, {0x0004CB, 0x0004CB},
    {0x0004CD, 0x0004CD}, {0x0004D0, 0x0004D0}, {0x0004D2, 0x0004D2}, {0x0004D4, 0x0004D4},
    {0x0004D6, 0x0004D6}, {0x0004D8, 0x0004D8}, {0x0004DA, 0x0004DA}, {0x0004DC, 0x0004DC},
    {0x0004DE, 0x0004DE}, {0x0004E0, 0x0004E0}, {0x0004E2, 0x0004E2}, {0x0004E4, 0x0004E4},
    {0x0004E6, 0x0004E6}, {0x0004E8, 0x0004E8}, {0x0004EA, 0x0004EA}, {0x0004EC, 0x0004EC},
    {0x0004EE, 0x0004EE}, {0x0004F0, 0x0004F0}, {0x0004F2, 0x0004F2}, {0x0004F4, 0x0004F4},
    {0x0004F6, 0x0004F6}, {0x0004F8, 0x0004F8}, {0x0004FA, 0x0004FA}, {0x0004FC, 0x0004FC},
    {0x0004FE, 0x0004FE}, {0x000500, 0x000500}, {0x000502, 0x000502}, {0x000504, 0x000504},
    {0x000506, 0x000506}, {0x000508, 0x000508}, {0x00050A, 0x00050A}, {0x00050C, 0x00050C},
    {0x00050E, 0x00050E}, {0x000510, 0x000510}, {0x000512, 0x000512}, {0x000514, 0x000514},
    {0x000516, 0x000516}, {0x000518, 0x000518}, {0x00051A, 0x00051A}, {0x00051C, 0x00051C},
    {0x00051E, 0x00051E}, {0x000520, 0x000520}, {0x000522, 0x000522}, {0x000524, 0x000524},
    {0x000526, 0x000526}, {0x000528, 0x000528}, {0x00052A, 0x00052A}, {0x00052C, 0x00052C},
    {0x00052E, 0x00052E}, {0x000531, 0x000556}, {0x0010A0, 0x0010C5}, {0x0010C7, 0x0010C7},
    {0x0010CD, 0x0010CD}, {0x0013A0, 0x0013F5}, {0x001C89, 0x001C89}, {0x001C90, 0x001CBA},
    {0x001CBD, 0x001CBF}, {0x001E00, 0x001E00}, {0x001E02, 0x001E02}, {0x001E04, 0x001E04},
    {0x001E06, 0x001E06}, {0x001E08, 0x001E08}, {0x001E0A, 0x001E0A}, {0x001E0C, 0x001E0C},
    {0x001E0E, 0x001E0E}, {0x001E10, 0x001E10}, {0x001E12, 0x001E12}, {0x001E14, 0x001E14},
    {0x001E16, 0x001E16}, {0x001E18, 0x001E18}, {0x001E1A, 0x001E1A}, {0x001E1C, 0x001E1C},
    {0x001E1E, 0x001E1E}, {0x001E20, 0x001E20}, {0x001E22, 0x001E22}, {0x001E24, 0x001E24},
    {0x001E26, 0x001E26}, {0x001E28, 0x001E28}, {0x001E2A, 0x001E2A}, {0x001E2C, 0x001E2C},
    {0x001E2E, 0x001E2E}, {0x001E30, 0x001E30}, {0x001E32, 0x001E32}, {0x001E34, 0x001E34},
    {0x001E36, 0x001E36}, {0x001E38, 0x001E38}, {0x001E3A, 0x001E3A}, {0x001E3C, 0x001E3C},
    {0x001E3E, 0x001E3E}, {0x001E40, 0x001E40}, {0x001E42, 0x001E42}, {0x001E44, 0x001E44},
    {0x001E46, 0x001E46}, {0x001E48, 0x001E48}, {0x001E4A, 0x001E4A}, {0x001E4C, 0x001E4C},
    {0x001E4E, 0x001E4E}, {0x001E50, 0x001E50}, {0x001E52, 0x001E52}, {0x001E54, 0x001E54},
    {0x001E56, 0x001E56}, {0x001E58, 0x001E58}, {0x001E5A, 0x001E5A}, {0x001E5C, 0x001E5C},
    {0x001E5E, 0x001E5E}, {0x001E60, 0x001E60}, {0x001E62, 0x001E62}, {0x001E64, 0x001E64},
    {0x001E66, 0x001E66}, {0x001E68, 0x001E68}, {0x001E6A, 0x001E6A}, {0x001E6C, 0x001E6C},
    {0x001E6E, 0x001E6E}, {0x001E70, 0x001E70}, {0x001E72, 0x001E72}, {0x001E74, 0x001E74},
    {0x001E76, 0x001E76}, {0x001E78, 0x001E78}, {0x001E7A, 0x001E7A}, {0x001E7C, 0x001E7C},
    {0x001E7E, 0x001E7E}, {0x001E80, 0x001E80}, {0x001E82, 0x001E82}, {0x001E84, 0x001E84},
    {0x001E86, 0x001E86}, {0x001E88, 0x001E88}, {0x001E8A, 0x001E8A}, {0x001E8C, 0x001E8C},
    {0x001E8E, 0x001E8E}, {0x001E90, 0x001E90}, {0x001E92, 0x001E92}, {0x001E94, 0x001E94},
    {0x001E9E, 0x001E9E}, {0x001EA0, 0x001EA0}, {0x001EA2, 0x001EA2}, {0x001EA4, 0x001EA4},
    {0x001EA6, 0x001EA6}, {0x001EA8, 0x001EA8}, {0x001EAA, 0x001EAA}, {0x001EAC, 0x001EAC},
    {0x001EAE, 0x001EAE}, {0x001EB0, 0x001EB0}, {0x001EB2, 0x001EB2}, {0x001EB4, 0x001EB4},
    {0x001EB6, 0x001EB6}, {0x001EB8, 0x001EB8}, {0x001EBA, 0x001EBA}, {0x001EBC, 0x001EBC},
    {0x001EBE, 0x001EBE}, {0x001EC0, 0x001EC0}, {0x001EC2, 0x001EC2}, {0x001EC4, 0x001EC4},
    {0x001EC6, 0x001EC6}, {0x001EC8, 0x001EC8}, {0x001ECA, 0x001ECA}, {0x001ECC, 0x001ECC},
    {0x001ECE, 0x001ECE}, {0x001ED0, 0x001ED0}, {0x001ED2, 0x001ED2}, {0x001ED4, 0x001ED4},
    {0x001ED6, 0x001ED6}, {0x001ED8, 0x001ED8}, {0x001EDA, 0x001EDA}, {0x001EDC, 0x001EDC},
    {0x001EDE, 0x001EDE}, {0x001EE0, 0x001EE0}, {0x001EE2, 0x001EE2}, {0x001EE4, 0x001EE4},
    {0x001EE6, 0x001EE6}, {0x001EE8, 0x001EE8}, {0x001EEA, 0x001EEA}, {0x001EEC, 0x001EEC},
    {0x001EEE, 0x001EEE}, {0x001EF0, 0x001EF0}, {0x001EF2, 0x001EF2}, {0x001EF4, 0x001EF4},
    {0x001EF6, 0x001EF6}, {0x001EF8, 0x001EF8}, {0x001EFA, 0x001EFA}, {0x001EFC, 0x001EFC},
    {0x001EFE, 0x001EFE}, {0x001F08, 0x001F0F}, {0x001F18, 0x001F1D}, {0x001F28, 0x001F2F},
    {0x001F38, 0x001F3F}, {0x001F48, 0x001F4D}, {0x001F59, 0x001F59}, {0x001F5B, 0x001F5B},
    {0x001F5D, 0x001F5D}, {0x001F5F, 0x001F5F}, {0x001F68, 0x001F6F}, {0x001FB8, 0x001FBB},
    {0x001FC8, 0x001FCB}, {0x001FD8, 0x001FDB}, {0x001FE8, 0x001FEC}, {0x001FF8, 0x001FFB},
    {0x002102, 0x002102}, {0x002107, 0x002107}, {0x00210B, 0x00210D}, {0x002110, 0x002112},
    {0x002115, 0x002115}, {0x002119, 0x00211D}, {0x002124, 0x002124}, {0x002126, 0x002126},
    {0x002128, 0x002128}, {0x00212A, 0x00212D}, {0x002130, 0x002133}, {0x00213E, 0x00213F},
    {0x002145, 0x002145}, {0x002160, 0x00216F}, {0x002183, 0x002183}, {0x0024B6, 0x0024CF},
    {0x002C00, 0x002C2F}, {0x002C60, 0x002C60}, {0x002C62, 0x002C64}, {0x002C67, 0x002C67},
    {0x002C69, 0x002C69}, {0x002C6B, 0x002C6B}, {0x002C6D, 0x002C70}, {0x002C72, 0x002C72},
    {0x002C75, 0x002C75}, {0x002C7E, 0x002C80}, {0x002C82, 0x002C82}, {0x002C84, 0x002C84},
    {0x002C86, 0x002C86}, {0x002C88, 0x002C88}, {0x002C8A, 0x002C8A}, {0x002C8C, 0x002C8C},
    {0x002C8E, 0x002C8E}, {0x002C90, 0x002C90}, {0x002C92, 0x002C92}, {0x002C94, 0x002C94},
    {0x002C96, 0x002C96}, {0x002C98, 0x002C98}, {0x002C9A, 0x002C9A}, {0x002C9C, 0x002C9C},
    {0x002C9E, 0x002C9E}, {0x002CA0, 0x002CA0}, {0x002CA2, 0x002CA2}, {0x002CA4, 0x002CA4},
    {0x002CA6, 0x002CA6}, {0x002CA8, 0x002CA8}, {0x002CAA, 0x002CAA}, {0x002CAC, 0x002CAC},
    {0x002CAE, 0x002CAE}, {0x002CB0, 0x002CB0}, {0x002CB2, 0x002CB2}, {0x002CB4, 0x002CB4},
    {0x002CB6, 0x002CB6}, {0x002CB8, 0x002CB8}, {0x002CBA, 0x002CBA}, {0x002CBC, 0x002CBC},
    {0x002CBE, 0x002CBE}, {0x002CC0, 0x002CC0}, {0x002CC2, 0x002CC2}, {0x002CC4, 0x002CC4},
    {0x002CC6, 0x002CC6}, {0x002CC8, 0x002CC8}, {0x002CCA, 0x002CCA}, {0x002CCC, 0x002CCC},
    {0x002CCE, 0x002CCE}, {0x002CD0, 0x002CD0}, {0x002CD2, 0x002CD2}, {0x002CD4, 0x002CD4},
    {0x002CD6, 0x002CD6}, {0x002CD8, 0x002CD8}, {0x002CDA, 0x002CDA}, {0x002CDC, 0x002CDC},
    {0x002CDE, 0x002CDE}, {0x002CE0, 0x002CE0}, {0x002CE2, 0x002CE2}, {0x002CEB, 0x002CEB},
    {0x002CED, 0x002CED}, {0x002CF2, 0x002CF2}, {0x00A640, 0x00A640}, {0x00A642, 0x00A642},
    {0x00A644, 0x00A644}, {0x00A646, 0x00A646}, {0x00A648, 0x00A648}, {0x00A64A, 0x00A64A},
    {0x00A64C, 0x00A64C}, {0x00A64E, 0x00A64E}, {0x00A650, 0x00A650}, {0x00A652, 0x00A652},
    {0x00A654, 0x00A654}, {0x00A656, 0x00A656}, {0x00A658, 0x00A658}, {0x00A65A, 0x00A65A},
    {0x00A65C, 0x00A65C}, {0x00A65E, 0x00A65E}, {0x00A660, 0x00A660}, {0x00A662, 0x00A662},
    {0x00A664, 0x00A664}, {0x00A666, 0x00A666}, {0x00A668, 0x00A668}, {0x00A66A, 0x00A66A},
    {0x00A66C, 0x00A66C}, {0x00A680, 0x00A680}, {0x00A682, 0x00A682}, {0x00A684, 0x00A684},
    {0x00A686, 0x00A686}, {0x00A688, 0x00A688}, {0x00A68A, 0x00A68A}, {0x00A68C, 0x00A68C},
    {0x00A68E, 0x00A68E}, {0x00A690, 0x00A690}, {0x00A692, 0x00A692}, {0x00A694, 0x00A694},
    {0x00A696, 0x00A696}, {0x00A698, 0x00A698}, {0x00A69A, 0x00A69A}, {0x00A722, 0x00A722},
    {0x00A724, 0x00A724}, {0x00A726, 0x00A726}, {0x00A728, 0x00A728}, {0x00A72A, 0x00A72A},
    {0x00A72C, 0x00A72C}, {0x00A72E, 0x00A72E}, {0x00A732, 0x00A732}, {0x00A734, 0x00A734},
    {0x00A736, 0x00A736}, {0x00A738, 0x00A738}, {0x00A73A, 0x00A73A}, {0x00A73C, 0x00A73C},
    {0x00A73E, 0x00A73E}, {0x00A740, 0x00A740}, {0x00A742, 0x00A742}, {0x00A744, 0x00A744},
    {0x00A746, 0x00A746}, {0x00A748, 0x00A748}, {0x00A74A, 0x00A74A}, {0x00A74C, 0x00A74C},
    {0x00A74E, 0x00A74E}, {0x00A750, 0x00A750}, {0x00A752, 0x00A752}, {0x00A754, 0x00A754},
    {0x00A756, 0x00A756}, {0x00A758, 0x00A758}, {0x00A75A, 0x00A75A}, {0x00A75C, 0x00A75C},
    {0x00A75E, 0x00A75E}, {0x00A760, 0x00A760}, {0x00A762, 0x00A762}, {0x00A764, 0x00A764},
    {0x00A766, 0x00A766}, {0x00A768, 0x00A768}, {0x00A76A, 0x00A76A}, {0x00A76C, 0x00A76C},
    {0x00A76E, 0x00A76E}, {0x00A779, 0x00A779}, {0x00A77B, 0x00A77B}, {0x00A77D, 0x00A77E},
    {0x00A780, 0x00A780}, {0x00A782, 0x00A782}, {0x00A784, 0x00A784}, {0x00A786, 0x00A786},
    {0x00A78B, 0x00A78B}, {0x00A78D, 0x00A78D}, {0x00A790, 0x00A790}, {0x00A792, 0x00A792},
    {0x00A796, 0x00A796}, {0x00A798, 0x00A798}, {0x00A79A, 0x00A79A}, {0x00A79C, 0x00A79C},
    {0x00A79E, 0x00A79E}, {0x00A7A0, 0x00A7A0}, {0x00A7A2, 0x00A7A2}, {0x00A7A4, 0x00A7A4},
    {0x00A7A6, 0x00A7A6}, {0x00A7A8, 0x00A7A8}, {0x00A7AA, 0x00A7AE}, {0x00A7B0, 0x00A7B4},
    {0x00A7B6, 0x00A7B6}, {0x00A7B8, 0x00A7B8}, {0x00A7BA, 0x00A7BA}, {0x00A7BC, 0x00A7BC},
    {0x00A7BE, 0x00A7BE}, {0x00A7C0, 0x00A7C0}, {0x00A7C2, 0x00A7C2}, {0x00A7C4, 0x00A7C7},
    {0x00A7C9, 0x00A7C9}, {0x00A7CB, 0x00A7CC}, {0x00A7D0, 0x00A7D0}, {0x00A7D6, 0x00A7D6},
    {0x00A7D8, 0x00A7D8}, {0x00A7DA, 0x00A7DA}, {0x00A7DC, 0x00A7DC}, {0x00A7F5, 0x00A7F5},
    {0x00FF21, 0x00FF3A}, {0x010400, 0x010427}, {0x0104B0, 0x0104D3}, {0x010570, 0x01057A},
    {0x01057C, 0x01058A}, {0x01058C, 0x010592}, {0x010594, 0x010595}, {0x010C80, 0x010CB2},
    {0x010D50, 0x010D65}, {0x0118A0, 0x0118BF}, {0x016E40, 0x016E5F}, {0x01D400, 0x01D419},
    {0x01D434, 0x01D44D}, {0x01D468, 0x01D481}, {0x01D49C, 0x01D49C}, {0x01D49E, 0x01D49F},
    {0x01D4A2, 0x01D4A2}, {0x01D4A5, 0x01D4A6}, {0x01D4A9, 0x01D4AC}, {0x01D4AE, 0x01D4B5},
    {0x01D4D0, 0x01D4E9}, {0x01D504, 0x01D505}, {0x01D507, 0x01D50A}, {0x01D50D, 0x01D514},
    {0x01D516, 0x01D51C}, {0x01D538, 0x01D539}, {0x01D53B, 0x01D53E}, {0x01D540, 0x01D544},
    {0x01D546, 0x01D546}, {0x01D54A, 0x01D550}, {0x01D56C, 0x01D585}, {0x01D5A0, 0x01D5B9},
    {0x01D5D4, 0x01D5ED}, {0x01D608, 0x01D621}, {0x01D63C, 0x01D655}, {0x01D670, 0x01D689},
    {0x01D6A8, 0x01D6C0}, {0x01D6E2, 0x01D6FA}, {0x01D71C, 0x01D734}, {0x01D756, 0x01D76E},
    {0x01D790, 0x01D7A8}, {0x01D7CA, 0x01D7CA}, {0x01E900, 0x01E921}, {0x01F130, 0x01F149},
    {0x01F150, 0x01F169}, {0x01F170, 0x01F189}, {0x00180B, 0x00180D}, {0x00180F, 0x00180F},
    {0x00FE00, 0x00FE0F}, {0x0E0100, 0x0E01EF}, {0x000030, 0x000039}, {0x000041, 0x00005A},
    {0x00005F, 0x00005F}, {0x000061, 0x00007A}, {0x0000AA, 0x0000AA}, {0x0000B5, 0x0000B5},
    {0x0000B7, 0x0000B7}, {0x0000BA, 0x0000BA}, {0x0000C0, 0x0000D6}, {0x0000D8, 0x0000F6},
    {0x0000F8, 0x0002C1}, {0x0002C6, 0x0002D1}, {0x0002E0, 0x0002E4}, {0x0002EC, 0x0002EC},
    {0x0002EE, 0x0002EE}, {0x000300, 0x000374}, {0x000376, 0x000377}, {0x00037B, 0x00037D},
    {0x00037F, 0x00037F}, {0x000386, 0x00038A}, {0x00038C, 0x00038C}, {0x00038E, 0x0003A1},
    {0x0003A3, 0x0003F5}, {0x0003F7, 0x000481}, {0x000483, 0x000487}, {0x00048A, 0x00052F},
    {0x000531, 0x000556}, {0x000559, 0x000559}, {0x000560, 0x000588}, {0x000591, 0x0005BD},
    {0x0005BF, 0x0005BF}, {0x0005C1, 0x0005C2}, {0x0005C4, 0x0005C5}, {0x0005C7, 0x0005C7},
    {0x0005D0, 0x0005EA}, {0x0005EF, 0x0005F2}, {0x000610, 0x00061A}, {0x000620, 0x000669},
    {0x00066E, 0x0006D3}, {0x0006D5, 0x0006DC}, {0x0006DF, 0x0006E8}, {0x0006EA, 0x0006FC},
    {0x0006FF, 0x0006FF}, {0x000710, 0x00074A}, {0x00074D, 0x0007B1}, {0x0007C0, 0x0007F5},
    {0x0007FA, 0x0007FA}, {0x0007FD, 0x0007FD}, {0x000800, 0x00082D}, {0x000840, 0x00085B},
    {0x000860, 0x00086A}, {0x000870, 0x000887}, {0x000889, 0x00088E}, {0x000897, 0x0008E1},
    {0x0008E3, 0x000963}, {0x000966, 0x00096F}, {0x000971, 0x000983}, {0x000985, 0x00098C},
    {0x00098F, 0x000990}, {0x000993, 0x0009A8}, {0x0009AA, 0x0009B0}, {0x0009B2, 0x0009B2},
    {0x0009B6, 0x0009B9}, {0x0009BC, 0x0009C4}, {0x0009C7, 0x0009C8}, {0x0009CB, 0x0009CE},
    {0x0009D7, 0x0009D7}, {0x0009DC, 0x0009DD}, {0x0009DF, 0x0009E3}, {0x0009E6, 0x0009F1},
    {0x0009FC, 0x0009FC}, {0x0009FE, 0x0009FE}, {0x000A01, 0x000A03}, {0x000A05, 0x000A0A},
    {0x000A0F, 0x000A10}, {0x000A13, 0x000A28}, {0x000A2A, 0x000A30}, {0x000A32, 0x000A33},
    {0x000A35, 0x000A36}, {0x000A38, 0x000A39}, {0x000A3C, 0x000A3C}, {0x000A3E, 0x000A42},
    {0x000A47, 0x000A48}, {0x000A4B, 0x000A4D}, {0x000A51, 0x000A51}, {0x000A59, 0x000A5C},
    {0x000A5E, 0x000A5E}, {0x000A66, 0x000A75}, {0x000A81, 0x000A83}, {0x000A85, 0x000A8D},
    {0x000A8F, 0x000A91}, {0x000A93, 0x000AA8}, {0x000AAA, 0x000AB0}, {0x000AB2, 0x000AB3},
    {0x000AB5, 0x000AB9}, {0x000ABC, 0x000AC5}, {0x000AC7, 0x000AC9}, {0x000ACB, 0x000ACD},
    {0x000AD0, 0x000AD0}, {0x000AE0, 0x000AE3}, {0x000AE6, 0x000AEF}, {0x000AF9, 0x000AFF},
    {0x000B01, 0x000B03}, {0x000B05, 0x000B0C}, {0x000B0F, 0x000B10}, {0x000B13, 0x000B28},
    {0x000B2A, 0x000B30}, {0x000B32, 0x000B33}, {0x000B35, 0x000B39}, {0x000B3C, 0x000B44},
    {0x000B47, 0x000B48}, {0x000B4B, 0x000B4D}, {0x000B55, 0x000B57}, {0x000B5C, 0x000B5D},
    {0x000B5F, 0x000B63}, {0x000B66, 0x000B6F}, {0x000B71, 0x000B71}, {0x000B82, 0x000B83},
    {0x000B85, 0x000B8A}, {0x000B8E, 0x000B90}, {0x000B92, 0x000B95}, {0x000B99, 0x000B9A},
    {0x000B9C, 0x000B9C}, {0x000B9E, 0x000B9F}, {0x000BA3, 0x000BA4}, {0x000BA8, 0x000BAA},
    {0x000BAE, 0x000BB9}, {0x000BBE, 0x000BC2}, {0x000BC6, 0x000BC8}, {0x000BCA, 0x000BCD},
    {0x000BD0, 0x000BD0}, {0x000BD7, 0x000BD7}, {0x000BE6, 0x000BEF}, {0x000C00, 0x000C0C},
    {0x000C0E, 0x000C10}, {0x000C12, 0x000C28}, {0x000C2A, 0x000C39}, {0x000C3C, 0x000C44},
    {0x000C46, 0x000C48}, {0x000C4A, 0x000C4D}, {0x000C55, 0x000C56}, {0x000C58, 0x000C5A},
    {0x000C5D, 0x000C5D}, {0x000C60, 0x000C63}, {0x000C66, 0x000C6F}, {0x000C80, 0x000C83},
    {0x000C85, 0x000C8C}, {0x000C8E, 0x000C90}, {0x000C92, 0x000CA8}, {0x000CAA, 0x000CB3},
    {0x000CB5, 0x000CB9}, {0x000CBC, 0x000CC4}, {0x000CC6, 0x000CC8}, {0x000CCA, 0x000CCD},
    {0x000CD5, 0x000CD6}, {0x000CDD, 0x000CDE}, {0x000CE0, 0x000CE3}, {0x000CE6, 0x000CEF},
    {0x000CF1, 0x000CF3}, {0x000D00, 0x000D0C}, {0x000D0E, 0x000D10}, {0x000D12, 0x000D44},
    {0x000D46, 0x000D48}, {0x000D4A, 0x000D4E}, {0x000D54, 0x000D57}, {0x000D5F, 0x000D63},
    {0x000D66, 0x000D6F}, {0x000D7A, 0x000D7F}, {0x000D81, 0x000D83}, {0x000D85, 0x000D96},
    {0x000D9A, 0x000DB1}, {0x000DB3, 0x000DBB}, {0x000DBD, 0x000DBD}, {0x000DC0, 0x000DC6},
    {0x000DCA, 0x000DCA}, {0x000DCF, 0x000DD4}, {0x000DD6, 0x000DD6}, {0x000DD8, 0x000DDF},
    {0x000DE6, 0x000DEF}, {0x000DF2, 0x000DF3}, {0x000E01, 0x000E3A}, {0x000E40, 0x000E4E},
    {0x000E50, 0x000E59}, {0x000E81, 0x000E82}, {0x000E84, 0x000E84}, {0x000E86, 0x000E8A},
    {0x000E8C, 0x000EA3}, {0x000EA5, 0x000EA5}, {0x000EA7, 0x000EBD}, {0x000EC0, 0x000EC4},
    {0x000EC6, 0x000EC6}, {0x000EC8, 0x000ECE}, {0x000ED0, 0x000ED9}, {0x000EDC, 0x000EDF},
    {0x000F00, 0x000F00}, {0x000F18, 0x000F19}, {0x000F20, 0x000F29}, {0x000F35, 0x000F35},
    {0x000F37, 0x000F37}, {0x000F39, 0x000F39}, {0x000F3E, 0x000F47}, {0x000F49, 0x000F6C},
    {0x000F71, 0x000F84}, {0x000F86, 0x000F97}, {0x000F99, 0x000FBC}, {0x000FC6, 0x000FC6},
    {0x001000, 0x001049}, {0x001050, 0x00109D}, {0x0010A0, 0x0010C5}, {0x0010C7, 0x0010C7},
    {0x0010CD, 0x0010CD}, {0x0010D0, 0x0010FA}, {0x0010FC, 0x001248}, {0x00124A, 0x00124D},
    {0x001250, 0x001256}, {0x001258, 0x001258}, {0x00125A, 0x00125D}, {0x001260, 0x001288},
    {0x00128A, 0x00128D}, {0x001290, 0x0012B0}, {0x0012B2, 0x0012B5}, {0x0012B8, 0x0012BE},
    {0x0012C0, 0x0012C0}, {0x0012C2, 0x0012C5}, {0x0012C8, 0x0012D6}, {0x0012D8, 0x001310},
    {0x001312, 0x001315}, {0x001318, 0x00135A}, {0x00135D, 0x00135F}, {0x001369, 0x001371},
    {0x001380, 0x00138F}, {0x0013A0, 0x0013F5}, {0x0013F8, 0x0013FD}, {0x001401, 0x00166C},
    {0x00166F, 0x00167F}, {0x001681, 0x00169A}, {0x0016A0, 0x0016EA}, {0x0016EE, 0x0016F8},
    {0x001700, 0x001715}, {0x00171F, 0x001734}, {0x001740, 0x001753}, {0x001760, 0x00176C},
    {0x00176E, 0x001770}, {0x001772, 0x001773}, {0x001780, 0x0017D3}, {0x0017D7, 0x0017D7},
    {0x0017DC, 0x0017DD}, {0x0017E0, 0x0017E9}, {0x00180B, 0x00180D}, {0x00180F, 0x001819},
    {0x001820, 0x001878}, {0x001880, 0x0018AA}, {0x0018B0, 0x0018F5}, {0x001900, 0x00191E},
    {0x001920, 0x00192B}, {0x001930, 0x00193B}, {0x001946, 0x00196D}, {0x001970, 0x001974},
    {0x001980, 0x0019AB}, {0x0019B0, 0x0019C9}, {0x0019D0, 0x0019DA}, {0x001A00, 0x001A1B},
    {0x001A20, 0x001A5E}, {0x001A60, 0x001A7C}, {0x001A7F, 0x001A89}, {0x001A90, 0x001A99},
    {0x001AA7, 0x001AA7}, {0x001AB0, 0x001ABD}, {0x001ABF, 0x001ACE}, {0x001B00, 0x001B4C},
    {0x001B50, 0x001B59}, {0x001B6B, 0x001B73}, {0x001B80, 0x001BF3}, {0x001C00, 0x001C37},
    {0x001C40, 0x001C49}, {0x001C4D, 0x001C7D}, {0x001C80, 0x001C8A}, {0x001C90, 0x001CBA},
    {0x001CBD, 0x001CBF}, {0x001CD0, 0x001CD2}, {0x001CD4, 0x001CFA}, {0x001D00, 0x001F15},
    {0x001F18, 0x001F1D}, {0x001F20, 0x001F45}, {0x001F48, 0x001F4D}, {0x001F50, 0x001F57},
    {0x001F59, 0x001F59}, {0x001F5B, 0x001F5B}, {0x001F5D, 0x001F5D}, {0x001F5F, 0x001F7D},
    {0x001F80, 0x001FB4}, {0x001FB6, 0x001FBC}, {0x001FBE, 0x001FBE}, {0x001FC2, 0x001FC4},
    {0x001FC6, 0x001FCC}, {0x001FD0, 0x001FD3}, {0x001FD6, 0x001FDB}, {0x001FE0, 0x001FEC},
    {0x001FF2, 0x001FF4}, {0x001FF6, 0x001FFC}, {0x00200C, 0x00200D}, {0x00203F, 0x002040},
    {0x002054, 0x002054}, {0x002071, 0x002071}, {0x00207F, 0x00207F}, {0x002090, 0x00209C},
    {0x0020D0, 0x0020DC}, {0x0020E1, 0x0020E1}, {0x0020E5, 0x0020F0}, {0x002102, 0x002102},
    {0x002107, 0x002107}, {0x00210A, 0x002113}, {0x002115, 0x002115}, {0x002118, 0x00211D},
    {0x002124, 0x002124}, {0x002126, 0x002126}, {0x002128, 0x002128}, {0x00212A, 0x002139},
    {0x00213C, 0x00213F}, {0x002145, 0x002149}, {0x00214E, 0x00214E}, {0x002160, 0x002188},
    {0x002C00, 0x002CE4}, {0x002CEB, 0x002CF3}, {0x002D00, 0x002D25}, {0x002D27, 0x002D27},
    {0x002D2D, 0x002D2D}, {0x002D30, 0x002D67}, {0x002D6F, 0x002D6F}, {0x002D7F, 0x002D96},
    {0x002DA0, 0x002DA6}, {0x002DA8, 0x002DAE}, {0x002DB0, 0x002DB6}, {0x002DB8, 0x002DBE},
    {0x002DC0, 0x002DC6}, {0x002DC8, 0x002DCE}, {0x002DD0, 0x002DD6}, {0x002DD8, 0x002DDE},
    {0x002DE0, 0x002DFF}, {0x003005, 0x003007}, {0x003021, 0x00302F}, {0x003031, 0x003035},
    {0x003038, 0x00303C}, {0x003041, 0x003096}, {0x003099, 0x00309A}, {0x00309D, 0x00309F},
    {0x0030A1, 0x0030FF}, {0x003105, 0x00312F}, {0x003131, 0x00318E}, {0x0031A0, 0x0031BF},
    {0x0031F0, 0x0031FF}, {0x003400, 0x004DBF}, {0x004E00, 0x00A48C}, {0x00A4D0, 0x00A4FD},
    {0x00A500, 0x00A60C}, {0x00A610, 0x00A62B}, {0x00A640, 0x00A66F}, {0x00A674, 0x00A67D},
    {0x00A67F, 0x00A6F1}, {0x00A717, 0x00A71F}, {0x00A722, 0x00A788}, {0x00A78B, 0x00A7CD},
    {0x00A7D0, 0x00A7D1}, {0x00A7D3, 0x00A7D3}, {0x00A7D5, 0x00A7DC}, {0x00A7F2, 0x00A827},
    {0x00A82C, 0x00A82C}, {0x00A840, 0x00A873}, {0x00A880, 0x00A8C5}, {0x00A8D0, 0x00A8D9},
    {0x00A8E0, 0x00A8F7}, {0x00A8FB, 0x00A8FB}, {0x00A8FD, 0x00A92D}, {0x00A930, 0x00A953},
    {0x00A960, 0x00A97C}, {0x00A980, 0x00A9C0}, {0x00A9CF, 0x00A9D9}, {0x00A9E0, 0x00A9FE},
    {0x00AA00, 0x00AA36}, {0x00AA40, 0x00AA4D}, {0x00AA50, 0x00AA59}, {0x00AA60, 0x00AA76},
    {0x00AA7A, 0x00AAC2}, {0x00AADB, 0x00AADD}, {0x00AAE0, 0x00AAEF}, {0x00AAF2, 0x00AAF6},
    {0x00AB01, 0x00AB06}, {0x00AB09, 0x00AB0E}, {0x00AB11, 0x00AB16}, {0x00AB20, 0x00AB26},
    {0x00AB28, 0x00AB2E}, {0x00AB30, 0x00AB5A}, {0x00AB5C, 0x00AB69}, {0x00AB70, 0x00ABEA},
    {0x00ABEC, 0x00ABED}, {0x00ABF0, 0x00ABF9}, {0x00AC00, 0x00D7A3}, {0x00D7B0, 0x00D7C6},
    {0x00D7CB, 0x00D7FB}, {0x00F900, 0x00FA6D}, {0x00FA70, 0x00FAD9}, {0x00FB00, 0x00FB06},
    {0x00FB13, 0x00FB17}, {0x00FB1D, 0x00FB28}, {0x00FB2A, 0x00FB36}, {0x00FB38, 0x00FB3C},
    {0x00FB3E, 0x00FB3E}, {0x00FB40, 0x00FB41}, {0x00FB43, 0x00FB44}, {0x00FB46, 0x00FBB1},
    {0x00FBD3, 0x00FC5D}, {0x00FC64, 0x00FD3D}, {0x00FD50, 0x00FD8F}, {0x00FD92, 0x00FDC7},
    {0x00FDF0, 0x00FDF9}, {0x00FE00, 0x00FE0F}, {0x00FE20, 0x00FE2F}, {0x00FE33, 0x00FE34},
    {0x00FE4D, 0x00FE4F}, {0x00FE71, 0x00FE71}, {0x00FE73, 0x00FE73}, {0x00FE77, 0x00FE77},
    {0x00FE79, 0x00FE79}, {0x00FE7B, 0x00FE7B}, {0x00FE7D, 0x00FE7D}, {0x00FE7F, 0x00FEFC},
    {0x00FF10, 0x00FF19}, {0x00FF21, 0x00FF3A}, {0x00FF3F, 0x00FF3F}, {0x00FF41, 0x00FF5A},
    {0x00FF65, 0x00FFBE}, {0x00FFC2, 0x00FFC7}, {0x00FFCA, 0x00FFCF}, {0x00FFD2, 0x00FFD7},
    {0x00FFDA, 0x00FFDC}, {0x010000, 0x01000B}, {0x01000D, 0x010026}, {0x010028, 0x01003A},
    {0x01003C, 0x01003D}, {0x01003F, 0x01004D}, {0x010050, 0x01005D}, {0x010080, 0x0100FA},
    {0x010140, 0x010174}, {0x0101FD, 0x0101FD}, {0x010280, 0x01029C}, {0x0102A0, 0x0102D0},
    {0x0102E0, 0x0102E0}, {0x010300, 0x01031F}, {0x01032D, 0x01034A}, {0x010350, 0x01037A},
    {0x010380, 0x01039D}, {0x0103A0, 0x0103C3}, {0x0103C8, 0x0103CF}, {0x0103D1, 0x0103D5},
    {0x010400, 0x01049D}, {0x0104A0, 0x0104A9}, {0x0104B0, 0x0104D3}, {0x0104D8, 0x0104FB},
    {0x010500, 0x010527}, {0x010530, 0x010563}, {0x010570, 0x01057A}, {0x01057C, 0x01058A},
    {0x01058C, 0x010592}, {0x010594, 0x010595}, {0x010597, 0x0105A1}, {0x0105A3, 0x0105B1},
    {0x0105B3, 0x0105B9}, {0x0105BB, 0x0105BC}, {0x0105C0, 0x0105F3}, {0x010600, 0x010736},
    {0x010740, 0x010755}, {0x010760, 0x010767}, {0x010780, 0x010785}, {0x010787, 0x0107B0},
    {0x0107B2, 0x0107BA}, {0x010800, 0x010805}, {0x010808, 0x010808}, {0x01080A, 0x010835},
    {0x010837, 0x010838}, {0x01083C, 0x01083C}, {0x01083F, 0x010855}, {0x010860, 0x010876},
    {0x010880, 0x01089E}, {0x0108E0, 0x0108F2}, {0x0108F4, 0x0108F5}, {0x010900, 0x010915},
    {0x010920, 0x010939}, {0x010980, 0x0109B7}, {0x0109BE, 0x0109BF}, {0x010A00, 0x010A03},
    {0x010A05, 0x010A06}, {0x010A0C, 0x010A13}, {0x010A15, 0x010A17}, {0x010A19, 0x010A35},
    {0x010A38, 0x010A3A}, {0x010A3F, 0x010A3F}, {0x010A60, 0x010A7C}, {0x010A80, 0x010A9C},
    {0x010AC0, 0x010AC7}, {0x010AC9, 0x010AE6}, {0x010B00, 0x010B35}, {0x010B40, 0x010B55},
    {0x010B60, 0x010B72}, {0x010B80, 0x010B91}, {0x010C00, 0x010C48}, {0x010C80, 0x010CB2},
    {0x010CC0, 0x010CF2}, {0x010D00, 0x010D27}, {0x010D30, 0x010D39}, {0x010D40, 0x010D65},
    {0x010D69, 0x010D6D}, {0x010D6F, 0x010D85}, {0x010E80, 0x010EA9}, {0x010EAB, 0x010EAC},
    {0x010EB0, 0x010EB1}, {0x010EC2, 0x010EC4}, {0x010EFC, 0x010F1C}, {0x010F27, 0x010F27},
    {0x010F30, 0x010F50}, {0x010F70, 0x010F85}, {0x010FB0, 0x010FC4}, {0x010FE0, 0x010FF6},
    {0x011000, 0x011046}, {0x011066, 0x011075}, {0x01107F, 0x0110BA}, {0x0110C2, 0x0110C2},
    {0x0110D0, 0x0110E8}, {0x0110F0, 0x0110F9}, {0x011100, 0x011134}, {0x011136, 0x01113F},
    {0x011144, 0x011147}, {0x011150, 0x011173}, {0x011176, 0x011176}, {0x011180, 0x0111C4},
    {0x0111C9, 0x0111CC}, {0x0111CE, 0x0111DA}, {0x0111DC, 0x0111DC}, {0x011200, 0x011211},
    {0x011213, 0x011237}, {0x01123E, 0x011241}, {0x011280, 0x011286}, {0x011288, 0x011288},
    {0x01128A, 0x01128D}, {0x01128F, 0x01129D}, {0x01129F, 0x0112A8}, {0x0112B0, 0x0112EA},
    {0x0112F0, 0x0112F9}, {0x011300, 0x011303}, {0x011305, 0x01130C}, {0x01130F, 0x011310},
    {0x011313, 0x011328}, {0x01132A, 0x011330}, {0x011332, 0x011333}, {0x011335, 0x011339},
    {0x01133B, 0x011344}, {0x011347, 0x011348}, {0x01134B, 0x01134D}, {0x011350, 0x011350},
    {0x011357, 0x011357}, {0x01135D, 0x011363}, {0x011366, 0x01136C}, {0x011370, 0x011374},
    {0x011380, 0x011389}, {0x01138B, 0x01138B}, {0x01138E, 0x01138E}, {0x011390, 0x0113B5},
    {0x0113B7, 0x0113C0}, {0x0113C2, 0x0113C2}, {0x0113C5, 0x0113C5}, {0x0113C7, 0x0113CA},
    {0x0113CC, 0x0113D3}, {0x0113E1, 0x0113E2}, {0x011400, 0x01144A}, {0x011450, 0x011459},
    {0x01145E, 0x011461}, {0x011480, 0x0114C5}, {0x0114C7, 0x0114C7}, {0x0114D0, 0x0114D9},
    {0x011580, 0x0115B5}, {0x0115B8, 0x0115C0}, {0x0115D8, 0x0115DD}, {0x011600, 0x011640},
    {0x011644, 0x011644}, {0x011650, 0x011659}, {0x011680, 0x0116B8}, {0x0116C0, 0x0116C9},
    {0x0116D0, 0x0116E3}, {0x011700, 0x01171A}, {0x01171D, 0x01172B}, {0x011730, 0x011739},
    {0x011740, 0x011746}, {0x011800, 0x01183A}, {0x0118A0, 0x0118E9}, {0x0118FF, 0x011906},
    {0x011909, 0x011909}, {0x01190C, 0x011913}, {0x011915, 0x011916}, {0x011918, 0x011935},
    {0x011937, 0x011938}, {0x01193B, 0x011943}, {0x011950, 0x011959}, {0x0119A0, 0x0119A7},
    {0x0119AA, 0x0119D7}, {0x0119DA, 0x0119E1}, {0x0119E3, 0x0119E4}, {0x011A00, 0x011A3E},
    {0x011A47, 0x011A47}, {0x011A50, 0x011A99}, {0x011A9D, 0x011A9D}, {0x011AB0, 0x011AF8},
    {0x011BC0, 0x011BE0}, {0x011BF0, 0x011BF9}, {0x011C00, 0x011C08}, {0x011C0A, 0x011C36},
    {0x011C38, 0x011C40}, {0x011C50, 0x011C59}, {0x011C72, 0x011C8F}, {0x011C92, 0x011CA7},
    {0x011CA9, 0x011CB6}, {0x011D00, 0x011D06}, {0x011D08, 0x011D09}, {0x011D0B, 0x011D36},
    {0x011D3A, 0x011D3A}, {0x011D3C, 0x011D3D}, {0x011D3F, 0x011D47}, {0x011D50, 0x011D59},
    {0x011D60, 0x011D65}, {0x011D67, 0x011D68}, {0x011D6A, 0x011D8E}, {0x011D90, 0x011D91},
    {0x011D93, 0x011D98}, {0x011DA0, 0x011DA9}, {0x011EE0, 0x011EF6}, {0x011F00, 0x011F10},
    {0x011F12, 0x011F3A}, {0x011F3E, 0x011F42}, {0x011F50, 0x011F5A}, {0x011FB0, 0x011FB0},
    {0x012000, 0x012399}, {0x012400, 0x01246E}, {0x012480, 0x012543}, {0x012F90, 0x012FF0},
    {0x013000, 0x01342F}, {0x013440, 0x013455}, {0x013460, 0x0143FA}, {0x014400, 0x014646},
    {0x016100, 0x016139}, {0x016800, 0x016A38}, {0x016A40, 0x016A5E}, {0x016A60, 0x016A69},
    {0x016A70, 0x016ABE}, {0x016AC0, 0x016AC9}, {0x016AD0, 0x016AED}, {0x016AF0, 0x016AF4},
    {0x016B00, 0x016B36}, {0x016B40, 0x016B43}, {0x016B50, 0x016B59}, {0x016B63, 0x016B77},
    {0x016B7D, 0x016B8F}, {0x016D40, 0x016D6C}, {0x016D70, 0x016D79}, {0x016E40, 0x016E7F},
    {0x016F00, 0x016F4A}, {0x016F4F, 0x016F87}, {0x016F8F, 0x016F9F}, {0x016FE0, 0x016FE1},
    {0x016FE3, 0x016FE4}, {0x016FF0, 0x016FF1}, {0x017000, 0x0187F7}, {0x018800, 0x018CD5},
    {0x018CFF, 0x018D08}, {0x01AFF0, 0x01AFF3}, {0x01AFF5, 0x01AFFB}, {0x01AFFD, 0x01AFFE},
    {0x01B000, 0x01B122}, {0x01B132, 0x01B132}, {0x01B150, 0x01B152}, {0x01B155, 0x01B155},
    {0x01B164, 0x01B167}, {0x01B170, 0x01B2FB}, {0x01BC00, 0x01BC6A}, {0x01BC70, 0x01BC7C},
    {0x01BC80, 0x01BC88}, {0x01BC90, 0x01BC99}, {0x01BC9D, 0x01BC9E}, {0x01CCF0, 0x01CCF9},
    {0x01CF00, 0x01CF2D}, {0x01CF30, 0x01CF46}, {0x01D165, 0x01D169}, {0x01D16D, 0x01D172},
    {0x01D17B, 0x01D182}, {0x01D185, 0x01D18B}, {0x01D1AA, 0x01D1AD}, {0x01D242, 0x01D244},
    {0x01D400, 0x01D454}, {0x01D456, 0x01D49C}, {0x01D49E, 0x01D49F}, {0x01D4A2, 0x01D4A2},
    {0x01D4A5, 0x01D4A6}, {0x01D4A9, 0x01D4AC}, {0x01D4AE, 0x01D4B9}, {0x01D4BB, 0x01D4BB},
    {0x01D4BD, 0x01D4C3}, {0x01D4C5, 0x01D505}, {0x01D507, 0x01D50A}, {0x01D50D, 0x01D514},
    {0x01D516, 0x01D51C}, {0x01D51E, 0x01D539}, {0x01D53B, 0x01D53E}, {0x01D540, 0x01D544},
    {0x01D546, 0x01D546}, {0x01D54A, 0x01D550}, {0x01D552, 0x01D6A5}, {0x01D6A8, 0x01D6C0},
    {0x01D6C2, 0x01D6DA}, {0x01D6DC, 0x01D6FA}, {0x01D6FC, 0x01D714}, {0x01D716, 0x01D734},
    {0x01D736, 0x01D74E}, {0x01D750, 0x01D76E}, {0x01D770, 0x01D788}, {0x01D78A, 0x01D7A8},
    {0x01D7AA, 0x01D7C2}, {0x01D7C4, 0x01D7CB}, {0x01D7CE, 0x01D7FF}, {0x01DA00, 0x01DA36},
    {0x01DA3B, 0x01DA6C}, {0x01DA75, 0x01DA75}, {0x01DA84, 0x01DA84}, {0x01DA9B, 0x01DA9F},
    {0x01DAA1, 0x01DAAF}, {0x01DF00, 0x01DF1E}, {0x01DF25, 0x01DF2A}, {0x01E000, 0x01E006},
    {0x01E008, 0x01E018}, {0x01E01B, 0x01E021}, {0x01E023, 0x01E024}, {0x01E026, 0x01E02A},
    {0x01E030, 0x01E06D}, {0x01E08F, 0x01E08F}, {0x01E100, 0x01E12C}, {0x01E130, 0x01E13D},
    {0x01E140, 0x01E149}, {0x01E14E, 0x01E14E}, {0x01E290, 0x01E2AE}, {0x01E2C0, 0x01E2F9},
    {0x01E4D0, 0x01E4F9}, {0x01E5D0, 0x01E5FA}, {0x01E7E0, 0x01E7E6}, {0x01E7E8, 0x01E7EB},
    {0x01E7ED, 0x01E7EE}, {0x01E7F0, 0x01E7FE}, {0x01E800, 0x01E8C4}, {0x01E8D0, 0x01E8D6},
    {0x01E900, 0x01E94B}, {0x01E950, 0x01E959}, {0x01EE00, 0x01EE03}, {0x01EE05, 0x01EE1F},
    {0x01EE21, 0x01EE22}, {0x01EE24, 0x01EE24}, {0x01EE27, 0x01EE27}, {0x01EE29, 0x01EE32},
    {0x01EE34, 0x01EE37}, {0x01EE39, 0x01EE39}, {0x01EE3B, 0x01EE3B}, {0x01EE42, 0x01EE42},
    {0x01EE47, 0x01EE47}, {0x01EE49, 0x01EE49}, {0x01EE4B, 0x01EE4B}, {0x01EE4D, 0x01EE4F},
    {0x01EE51, 0x01EE52}, {0x01EE54, 0x01EE54}, {0x01EE57, 0x01EE57}, {0x01EE59, 0x01EE59},
    {0x01EE5B, 0x01EE5B}, {0x01EE5D, 0x01EE5D}, {0x01EE5F, 0x01EE5F}, {0x01EE61, 0x01EE62},
    {0x01EE64, 0x01EE64}, {0x01EE67, 0x01EE6A}, {0x01EE6C, 0x01EE72}, {0x01EE74, 0x01EE77},
    {0x01EE79, 0x01EE7C}, {0x01EE7E, 0x01EE7E}, {0x01EE80, 0x01EE89}, {0x01EE8B, 0x01EE9B},
    {0x01EEA1, 0x01EEA3}, {0x01EEA5, 0x01EEA9}, {0x01EEAB, 0x01EEBB}, {0x01FBF0, 0x01FBF9},
    {0x020000, 0x02A6DF}, {0x02A700, 0x02B739}, {0x02B740, 0x02B81D}, {0x02B820, 0x02CEA1},
    {0x02CEB0, 0x02EBE0}, {0x02EBF0, 0x02EE5D}, {0x02F800, 0x02FA1D}, {0x030000, 0x03134A},
    {0x031350, 0x0323AF}, {0x0E0100, 0x0E01EF}, {0x000041, 0x00005A}, {0x000061, 0x00007A},
    {0x0000AA, 0x0000AA}, {0x0000B5, 0x0000B5}, {0x0000BA, 0x0000BA}, {0x0000C0, 0x0000D6},
    {0x0000D8, 0x0000F6}, {0x0000F8, 0x0002C1}, {0x0002C6, 0x0002D1}, {0x0002E0, 0x0002E4},
    {0x0002EC, 0x0002EC}, {0x0002EE, 0x0002EE}, {0x000370, 0x000374}, {0x000376, 0x000377},
    {0x00037B, 0x00037D}, {0x00037F, 0x00037F}, {0x000386, 0x000386}, {0x000388, 0x00038A},
    {0x00038C, 0x00038C}, {0x00038E, 0x0003A1}, {0x0003A3, 0x0003F5}, {0x0003F7, 0x000481},
    {0x00048A, 0x00052F}, {0x000531, 0x000556}, {0x000559, 0x000559}, {0x000560, 0x000588},
    {0x0005D0, 0x0005EA}, {0x0005EF, 0x0005F2}, {0x000620, 0x00064A}, {0x00066E, 0x00066F},
    {0x000671, 0x0006D3}, {0x0006D5, 0x0006D5}, {0x0006E5, 0x0006E6}, {0x0006EE, 0x0006EF},
    {0x0006FA, 0x0006FC}, {0x0006FF, 0x0006FF}, {0x000710, 0x000710}, {0x000712, 0x00072F},
    {0x00074D, 0x0007A5}, {0x0007B1, 0x0007B1}, {0x0007CA, 0x0007EA}, {0x0007F4, 0x0007F5},
    {0x0007FA, 0x0007FA}, {0x000800, 0x000815}, {0x00081A, 0x00081A}, {0x000824, 0x000824},
    {0x000828, 0x000828}, {0x000840, 0x000858}, {0x000860, 0x00086A}, {0x000870, 0x000887},
    {0x000889, 0x00088E}, {0x0008A0, 0x0008C9}, {0x000904, 0x000939}, {0x00093D, 0x00093D},
    {0x000950, 0x000950}, {0x000958, 0x000961}, {0x000971, 0x000980}, {0x000985, 0x00098C},
    {0x00098F, 0x000990}, {0x000993, 0x0009A8}, {0x0009AA, 0x0009B0}, {0x0009B2, 0x0009B2},
    {0x0009B6, 0x0009B9}, {0x0009BD, 0x0009BD}, {0x0009CE, 0x0009CE}, {0x0009DC, 0x0009DD},
    {0x0009DF, 0x0009E1}, {0x0009F0, 0x0009F1}, {0x0009FC, 0x0009FC}, {0x000A05, 0x000A0A},
    {0x000A0F, 0x000A10}, {0x000A13, 0x000A28}, {0x000A2A, 0x000A30}, {0x000A32, 0x000A33},
    {0x000A35, 0x000A36}, {0x000A38, 0x000A39}, {0x000A59, 0x000A5C}, {0x000A5E, 0x000A5E},
    {0x000A72, 0x000A74}, {0x000A85, 0x000A8D}, {0x000A8F, 0x000A91}, {0x000A93, 0x000AA8},
    {0x000AAA, 0x000AB0}, {0x000AB2, 0x000AB3}, {0x000AB5, 0x000AB9}, {0x000ABD, 0x000ABD},
    {0x000AD0, 0x000AD0}, {0x000AE0, 0x000AE1}, {0x000AF9, 0x000AF9}, {0x000B05, 0x000B0C},
    {0x000B0F, 0x000B10}, {0x000B13, 0x000B28}, {0x000B2A, 0x000B30}, {0x000B32, 0x000B33},
    {0x000B35, 0x000B39}, {0x000B3D, 0x000B3D}, {0x000B5C, 0x000B5D}, {0x000B5F, 0x000B61},
    {0x000B71, 0x000B71}, {0x000B83, 0x000B83}, {0x000B85, 0x000B8A}, {0x000B8E, 0x000B90},
    {0x000B92, 0x000B95}, {0x000B99, 0x000B9A}, {0x000B9C, 0x000B9C}, {0x000B9E, 0x000B9F},
    {0x000BA3, 0x000BA4}, {0x000BA8, 0x000BAA}, {0x000BAE, 0x000BB9}, {0x000BD0, 0x000BD0},
    {0x000C05, 0x000C0C}, {0x000C0E, 0x000C10}, {0x000C12, 0x000C28}, {0x000C2A, 0x000C39},
    {0x000C3D, 0x000C3D}, {0x000C58, 0x000C5A}, {0x000C5D, 0x000C5D}, {0x000C60, 0x000C61},
    {0x000C80, 0x000C80}, {0x000C85, 0x000C8C}, {0x000C8E, 0x000C90}, {0x000C92, 0x000CA8},
    {0x000CAA, 0x000CB3}, {0x000CB5, 0x000CB9}, {0x000CBD, 0x000CBD}, {0x000CDD, 0x000CDE},
    {0x000CE0, 0x000CE1}, {0x000CF1, 0x000CF2}, {0x000D04, 0x000D0C}, {0x000D0E, 0x000D10},
    {0x000D12, 0x000D3A}, {0x000D3D, 0x000D3D}, {0x000D4E, 0x000D4E}, {0x000D54, 0x000D56},
    {0x000D5F, 0x000D61}, {0x000D7A, 0x000D7F}, {0x000D85, 0x000D96}, {0x000D9A, 0x000DB1},
    {0x000DB3, 0x000DBB}, {0x000DBD, 0x000DBD}, {0x000DC0, 0x000DC6}, {0x000E01, 0x000E30},
    {0x000E32, 0x000E32}, {0x000E40, 0x000E46}, {0x000E81, 0x000E82}, {0x000E84, 0x000E84},
    {0x000E86, 0x000E8A}, {0x000E8C, 0x000EA3}, {0x000EA5, 0x000EA5}, {0x000EA7, 0x000EB0},
    {0x000EB2, 0x000EB2}, {0x000EBD, 0x000EBD}, {0x000EC0, 0x000EC4}, {0x000EC6, 0x000EC6},
    {0x000EDC, 0x000EDF}, {0x000F00, 0x000F00}, {0x000F40, 0x000F47}, {0x000F49, 0x000F6C},
    {0x000F88, 0x000F8C}, {0x001000, 0x00102A}, {0x00103F, 0x00103F}, {0x001050, 0x001055},
    {0x00105A, 0x00105D}, {0x001061, 0x001061}, {0x001065, 0x001066}, {0x00106E, 0x001070},
    {0x001075, 0x001081}, {0x00108E, 0x00108E}, {0x0010A0, 0x0010C5}, {0x0010C7, 0x0010C7},
    {0x0010CD, 0x0010CD}, {0x0010D0, 0x0010FA}, {0x0010FC, 0x001248}, {0x00124A, 0x00124D},
    {0x001250, 0x001256}, {0x001258, 0x001258}, {0x00125A, 0x00125D}, {0x001260, 0x001288},
    {0x00128A, 0x00128D}, {0x001290, 0x0012B0}, {0x0012B2, 0x0012B5}, {0x0012B8, 0x0012BE},
    {0x0012C0, 0x0012C0}, {0x0012C2, 0x0012C5}, {0x0012C8, 0x0012D6}, {0x0012D8, 0x001310},
    {0x001312, 0x001315}, {0x001318, 0x00135A}, {0x001380, 0x00138F}, {0x0013A0, 0x0013F5},
    {0x0013F8, 0x0013FD}, {0x001401, 0x00166C}, {0x00166F, 0x00167F}, {0x001681, 0x00169A},
    {0x0016A0, 0x0016EA}, {0x0016EE, 0x0016F8}, {0x001700, 0x001711}, {0x00171F, 0x001731},
    {0x001740, 0x001751}, {0x001760, 0x00176C}, {0x00176E, 0x001770}, {0x001780, 0x0017B3},
    {0x0017D7, 0x0017D7}, {0x0017DC, 0x0017DC}, {0x001820, 0x001878}, {0x001880, 0x0018A8},
    {0x0018AA, 0x0018AA}, {0x0018B0, 0x0018F5}, {0x001900, 0x00191E}, {0x001950, 0x00196D},
    {0x001970, 0x001974}, {0x001980, 0x0019AB}, {0x0019B0, 0x0019C9}, {0x001A00, 0x001A16},
    {0x001A20, 0x001A54}, {0x001AA7, 0x001AA7}, {0x001B05, 0x001B33}, {0x001B45, 0x001B4C},
    {0x001B83, 0x001BA0}, {0x001BAE, 0x001BAF}, {0x001BBA, 0x001BE5}, {0x001C00, 0x001C23},
    {0x001C4D, 0x001C4F}, {0x001C5A, 0x001C7D}, {0x001C80, 0x001C8A}, {0x001C90, 0x001CBA},
    {0x001CBD, 0x001CBF}, {0x001CE9, 0x001CEC}, {0x001CEE, 0x001CF3}, {0x001CF5, 0x001CF6},
    {0x001CFA, 0x001CFA}, {0x001D00, 0x001DBF}, {0x001E00, 0x001F15}, {0x001F18, 0x001F1D},
    {0x001F20, 0x001F45}, {0x001F48, 0x001F4D}, {0x001F50, 0x001F57}, {0x001F59, 0x001F59},
    {0x001F5B, 0x001F5B}, {0x001F5D, 0x001F5D}, {0x001F5F, 0x001F7D}, {0x001F80, 0x001FB4},
    {0x001FB6, 0x001FBC}, {0x001FBE, 0x001FBE}, {0x001FC2, 0x001FC4}, {0x001FC6, 0x001FCC},
    {0x001FD0, 0x001FD3}, {0x001FD6, 0x001FDB}, {0x001FE0, 0x001FEC}, {0x001FF2, 0x001FF4},
    {0x001FF6, 0x001FFC}, {0x002071, 0x002071}, {0x00207F, 0x00207F}, {0x002090, 0x00209C},
    {0x002102, 0x002102}, {0x002107, 0x002107}, {0x00210A, 0x002113}, {0x002115, 0x002115},
    {0x002118, 0x00211D}, {0x002124, 0x002124}, {0x002126, 0x002126}, {0x002128, 0x002128},
    {0x00212A, 0x002139}, {0x00213C, 0x00213F}, {0x002145, 0x002149}, {0x00214E, 0x00214E},
    {0x002160, 0x002188}, {0x002C00, 0x002CE4}, {0x002CEB, 0x002CEE}, {0x002CF2, 0x002CF3},
    {0x002D00, 0x002D25}, {0x002D27, 0x002D27}, {0x002D2D, 0x002D2D}, {0x002D30, 0x002D67},
    {0x002D6F, 0x002D6F}, {0x002D80, 0x002D96}, {0x002DA0, 0x002DA6}, {0x002DA8, 0x002DAE},
    {0x002DB0, 0x002DB6}, {0x002DB8, 0x002DBE}, {0x002DC0, 0x002DC6}, {0x002DC8, 0x002DCE},
    {0x002DD0, 0x002DD6}, {0x002DD8, 0x002DDE}, {0x003005, 0x003007}, {0x003021, 0x003029},
    {0x003031, 0x003035}, {0x003038, 0x00303C}, {0x003041, 0x003096}, {0x00309D, 0x00309F},
    {0x0030A1, 0x0030FA}, {0x0030FC, 0x0030FF}, {0x003105, 0x00312F}, {0x003131, 0x00318E},
    {0x0031A0, 0x0031BF}, {0x0031F0, 0x0031FF}, {0x003400, 0x004DBF}, {0x004E00, 0x00A48C},
    {0x00A4D0, 0x00A4FD}, {0x00A500, 0x00A60C}, {0x00A610, 0x00A61F}, {0x00A62A, 0x00A62B},
    {0x00A640, 0x00A66E}, {0x00A67F, 0x00A69D}, {0x00A6A0, 0x00A6EF}, {0x00A717, 0x00A71F},
    {0x00A722, 0x00A788}, {0x00A78B, 0x00A7CD}, {0x00A7D0, 0x00A7D1}, {0x00A7D3, 0x00A7D3},
    {0x00A7D5, 0x00A7DC}, {0x00A7F2, 0x00A801}, {0x00A803, 0x00A805}, {0x00A807, 0x00A80A},
    {0x00A80C, 0x00A822}, {0x00A840, 0x00A873}, {0x00A882, 0x00A8B3}, {0x00A8F2, 0x00A8F7},
    {0x00A8FB, 0x00A8FB}, {0x00A8FD, 0x00A8FE}, {0x00A90A, 0x00A925}, {0x00A930, 0x00A946},
    {0x00A960, 0x00A97C}, {0x00A984, 0x00A9B2}, {0x00A9CF, 0x00A9CF}, {0x00A9E0, 0x00A9E4},
    {0x00A9E6, 0x00A9EF}, {0x00A9FA, 0x00A9FE}, {0x00AA00, 0x00AA28}, {0x00AA40, 0x00AA42},
    {0x00AA44, 0x00AA4B}, {0x00AA60, 0x00AA76}, {0x00AA7A, 0x00AA7A}, {0x00AA7E, 0x00AAAF},
    {0x00AAB1, 0x00AAB1}, {0x00AAB5, 0x00AAB6}, {0x00AAB9, 0x00AABD}, {0x00AAC0, 0x00AAC0},
    {0x00AAC2, 0x00AAC2}, {0x00AADB, 0x00AADD}, {0x00AAE0, 0x00AAEA}, {0x00AAF2, 0x00AAF4},
    {0x00AB01, 0x00AB06}, {0x00AB09, 0x00AB0E}, {0x00AB11, 0x00AB16}, {0x00AB20, 0x00AB26},
    {0x00AB28, 0x00AB2E}, {0x00AB30, 0x00AB5A}, {0x00AB5C, 0x00AB69}, {0x00AB70, 0x00ABE2},
    {0x00AC00, 0x00D7A3}, {0x00D7B0, 0x00D7C6}, {0x00D7CB, 0x00D7FB}, {0x00F900, 0x00FA6D},
    {0x00FA70, 0x00FAD9}, {0x00FB00, 0x00FB06}, {0x00FB13, 0x00FB17}, {0x00FB1D, 0x00FB1D},
    {0x00FB1F, 0x00FB28}, {0x00FB2A, 0x00FB36}, {0x00FB38, 0x00FB3C}, {0x00FB3E, 0x00FB3E},
    {0x00FB40, 0x00FB41}, {0x00FB43, 0x00FB44}, {0x00FB46, 0x00FBB1}, {0x00FBD3, 0x00FC5D},
    {0x00FC64, 0x00FD3D}, {0x00FD50, 0x00FD8F}, {0x00FD92, 0x00FDC7}, {0x00FDF0, 0x00FDF9},
    {0x00FE71, 0x00FE71}, {0x00FE73, 0x00FE73}, {0x00FE77, 0x00FE77}, {0x00FE79, 0x00FE79},
    {0x00FE7B, 0x00FE7B}, {0x00FE7D, 0x00FE7D}, {0x00FE7F, 0x00FEFC}, {0x00FF21, 0x00FF3A},
    {0x00FF41, 0x00FF5A}, {0x00FF66, 0x00FF9D}, {0x00FFA0, 0x00FFBE}, {0x00FFC2, 0x00FFC7},
    {0x00FFCA, 0x00FFCF}, {0x00FFD2, 0x00FFD7}, {0x00FFDA, 0x00FFDC}, {0x010000, 0x01000B},
    {0x01000D, 0x010026}, {0x010028, 0x01003A}, {0x01003C, 0x01003D}, {0x01003F, 0x01004D},
    {0x010050, 0x01005D}, {0x010080, 0x0100FA}, {0x010140, 0x010174}, {0x010280, 0x01029C},
    {0x0102A0, 0x0102D0}, {0x010300, 0x01031F}, {0x01032D, 0x01034A}, {0x010350, 0x010375},
    {0x010380, 0x01039D}, {0x0103A0, 0x0103C3}, {0x0103C8, 0x0103CF}, {0x0103D1, 0x0103D5},
    {0x010400, 0x01049D}, {0x0104B0, 0x0104D3}, {0x0104D8, 0x0104FB}, {0x010500, 0x010527},
    {0x010530, 0x010563}, {0x010570, 0x01057A}, {0x01057C, 0x01058A}, {0x01058C, 0x010592},
    {0x010594, 0x010595}, {0x010597, 0x0105A1}, {0x0105A3, 0x0105B1}, {0x0105B3, 0x0105B9},
    {0x0105BB, 0x0105BC}, {0x0105C0, 0x0105F3}, {0x010600, 0x010736}, {0x010740, 0x010755},
    {0x010760, 0x010767}, {0x010780, 0x010785}, {0x010787, 0x0107B0}, {0x0107B2, 0x0107BA},
    {0x010800, 0x010805}, {0x010808, 0x010808}, {0x01080A, 0x010835}, {0x010837, 0x010838},
    {0x01083C, 0x01083C}, {0x01083F, 0x010855}, {0x010860, 0x010876}, {0x010880, 0x01089E},
    {0x0108E0, 0x0108F2}, {0x0108F4, 0x0108F5}, {0x010900, 0x010915}, {0x010920, 0x010939},
    {0x010980, 0x0109B7}, {0x0109BE, 0x0109BF}, {0x010A00, 0x010A00}, {0x010A10, 0x010A13},
    {0x010A15, 0x010A17}, {0x010A19, 0x010A35}, {0x010A60, 0x010A7C}, {0x010A80, 0x010A9C},
    {0x010AC0, 0x010AC7}, {0x010AC9, 0x010AE4}, {0x010B00, 0x010B35}, {0x010B40, 0x010B55},
    {0x010B60, 0x010B72}, {0x010B80, 0x010B91}, {0x010C00, 0x010C48}, {0x010C80, 0x010CB2},
    {0x010CC0, 0x010CF2}, {0x010D00, 0x010D23}, {0x010D4A, 0x010D65}, {0x010D6F, 0x010D85},
    {0x010E80, 0x010EA9}, {0x010EB0, 0x010EB1}, {0x010EC2, 0x010EC4}, {0x010F00, 0x010F1C},
    {0x010F27, 0x010F27}, {0x010F30, 0x010F45}, {0x010F70, 0x010F81}, {0x010FB0, 0x010FC4},
    {0x010FE0, 0x010FF6}, {0x011003, 0x011037}, {0x011071, 0x011072}, {0x011075, 0x011075},
    {0x011083, 0x0110AF}, {0x0110D0, 0x0110E8}, {0x011103, 0x011126}, {0x011144, 0x011144},
    {0x011147, 0x011147}, {0x011150, 0x011172}, {0x011176, 0x011176}, {0x011183, 0x0111B2},
    {0x0111C1, 0x0111C4}, {0x0111DA, 0x0111DA}, {0x0111DC, 0x0111DC}, {0x011200, 0x011211},
    {0x011213, 0x01122B}, {0x01123F, 0x011240}, {0x011280, 0x011286}, {0x011288, 0x011288},
    {0x01128A, 0x01128D}, {0x01128F, 0x01129D}, {0x01129F, 0x0112A8}, {0x0112B0, 0x0112DE},
    {0x011305, 0x01130C}, {0x01130F, 0x011310}, {0x011313, 0x011328}, {0x01132A, 0x011330},
    {0x011332, 0x011333}, {0x011335, 0x011339}, {0x01133D, 0x01133D}, {0x011350, 0x011350},
    {0x01135D, 0x011361}, {0x011380, 0x011389}, {0x01138B, 0x01138B}, {0x01138E, 0x01138E},
    {0x011390, 0x0113B5}, {0x0113B7, 0x0113B7}, {0x0113D1, 0x0113D1}, {0x0113D3, 0x0113D3},
    {0x011400, 0x011434}, {0x011447, 0x01144A}, {0x01145F, 0x011461}, {0x011480, 0x0114AF},
    {0x0114C4, 0x0114C5}, {0x0114C7, 0x0114C7}, {0x011580, 0x0115AE}, {0x0115D8, 0x0115DB},
    {0x011600, 0x01162F}, {0x011644, 0x011644}, {0x011680, 0x0116AA}, {0x0116B8, 0x0116B8},
    {0x011700, 0x01171A}, {0x011740, 0x011746}, {0x011800, 0x01182B}, {0x0118A0, 0x0118DF},
    {0x0118FF, 0x011906}, {0x011909, 0x011909}, {0x01190C, 0x011913}, {0x011915, 0x011916},
    {0x011918, 0x01192F}, {0x01193F, 0x01193F}, {0x011941, 0x011941}, {0x0119A0, 0x0119A7},
    {0x0119AA, 0x0119D0}, {0x0119E1, 0x0119E1}, {0x0119E3, 0x0119E3}, {0x011A00, 0x011A00},
    {0x011A0B, 0x011A32}, {0x011A3A, 0x011A3A}, {0x011A50, 0x011A50}, {0x011A5C, 0x011A89},
    {0x011A9D, 0x011A9D}, {0x011AB0, 0x011AF8}, {0x011BC0, 0x011BE0}, {0x011C00, 0x011C08},
    {0x011C0A, 0x011C2E}, {0x011C40, 0x011C40}, {0x011C72, 0x011C8F}, {0x011D00, 0x011D06},
    {0x011D08, 0x011D09}, {0x011D0B, 0x011D30}, {0x011D46, 0x011D46}, {0x011D60, 0x011D65},
    {0x011D67, 0x011D68}, {0x011D6A, 0x011D89}, {0x011D98, 0x011D98}, {0x011EE0, 0x011EF2},
    {0x011F02, 0x011F02}, {0x011F04, 0x011F10}, {0x011F12, 0x011F33}, {0x011FB0, 0x011FB0},
    {0x012000, 0x012399}, {0x012400, 0x01246E}, {0x012480, 0x012543}, {0x012F90, 0x012FF0},
    {0x013000, 0x01342F}, {0x013441, 0x013446}, {0x013460, 0x0143FA}, {0x014400, 0x014646},
    {0x016100, 0x01611D}, {0x016800, 0x016A38}, {0x016A40, 0x016A5E}, {0x016A70, 0x016ABE},
    {0x016AD0, 0x016AED}, {0x016B00, 0x016B2F}, {0x016B40, 0x016B43}, {0x016B63, 0x016B77},
    {0x016B7D, 0x016B8F}, {0x016D40, 0x016D6C}, {0x016E40, 0x016E7F}, {0x016F00, 0x016F4A},
    {0x016F50, 0x016F50}, {0x016F93, 0x016F9F}, {0x016FE0, 0x016FE1}, {0x016FE3, 0x016FE3},
    {0x017000, 0x0187F7}, {0x018800, 0x018CD5}, {0x018CFF, 0x018D08}, {0x01AFF0, 0x01AFF3},
    {0x01AFF5, 0x01AFFB}, {0x01AFFD, 0x01AFFE}, {0x01B000, 0x01B122}, {0x01B132, 0x01B132},
    {0x01B150, 0x01B152}, {0x01B155, 0x01B155}, {0x01B164, 0x01B167}, {0x01B170, 0x01B2FB},
    {0x01BC00, 0x01BC6A}, {0x01BC70, 0x01BC7C}, {0x01BC80, 0x01BC88}, {0x01BC90, 0x01BC99},
    {0x01D400, 0x01D454}, {0x01D456, 0x01D49C}, {0x01D49E, 0x01D49F}, {0x01D4A2, 0x01D4A2},
    {0x01D4A5, 0x01D4A6}, {0x01D4A9, 0x01D4AC}, {0x01D4AE, 0x01D4B9}, {0x01D4BB, 0x01D4BB},
    {0x01D4BD, 0x01D4C3}, {0x01D4C5, 0x01D505}, {0x01D507, 0x01D50A}, {0x01D50D, 0x01D514},
    {0x01D516, 0x01D51C}, {0x01D51E, 0x01D539}, {0x01D53B, 0x01D53E}, {0x01D540, 0x01D544},
    {0x01D546, 0x01D546}, {0x01D54A, 0x01D550}, {0x01D552, 0x01D6A5}, {0x01D6A8, 0x01D6C0},
    {0x01D6C2, 0x01D6DA}, {0x01D6DC, 0x01D6FA}, {0x01D6FC, 0x01D714}, {0x01D716, 0x01D734},
    {0x01D736, 0x01D74E}, {0x01D750, 0x01D76E}, {0x01D770, 0x01D788}, {0x01D78A, 0x01D7A8},
    {0x01D7AA, 0x01D7C2}, {0x01D7C4, 0x01D7CB}, {0x01DF00, 0x01DF1E}, {0x01DF25, 0x01DF2A},
    {0x01E030, 0x01E06D}, {0x01E100, 0x01E12C}, {0x01E137, 0x01E13D}, {0x01E14E, 0x01E14E},
    {0x01E290, 0x01E2AD}, {0x01E2C0, 0x01E2EB}, {0x01E4D0, 0x01E4EB}, {0x01E5D0, 0x01E5ED},
    {0x01E5F0, 0x01E5F0}, {0x01E7E0, 0x01E7E6}, {0x01E7E8, 0x01E7EB}, {0x01E7ED, 0x01E7EE},
    {0x01E7F0, 0x01E7FE}, {0x01E800, 0x01E8C4}, {0x01E900, 0x01E943}, {0x01E94B, 0x01E94B},
    {0x01EE00, 0x01EE03}, {0x01EE05, 0x01EE1F}, {0x01EE21, 0x01EE22}, {0x01EE24, 0x01EE24},
    {0x01EE27, 0x01EE27}, {0x01EE29, 0x01EE32}, {0x01EE34, 0x01EE37}, {0x01EE39, 0x01EE39},
    {0x01EE3B, 0x01EE3B}, {0x01EE42, 0x01EE42}, {0x01EE47, 0x01EE47}, {0x01EE49, 0x01EE49},
    {0x01EE4B, 0x01EE4B}, {0x01EE4D, 0x01EE4F}, {0x01EE51, 0x01EE52}, {0x01EE54, 0x01EE54},
    {0x01EE57, 0x01EE57}, {0x01EE59, 0x01EE59}, {0x01EE5B, 0x01EE5B}, {0x01EE5D, 0x01EE5D},
    {0x01EE5F, 0x01EE5F}, {0x01EE61, 0x01EE62}, {0x01EE64, 0x01EE64}, {0x01EE67, 0x01EE6A},
    {0x01EE6C, 0x01EE72}, {0x01EE74, 0x01EE77}, {0x01EE79, 0x01EE7C}, {0x01EE7E, 0x01EE7E},
    {0x01EE80, 0x01EE89}, {0x01EE8B, 0x01EE9B}, {0x01EEA1, 0x01EEA3}, {0x01EEA5, 0x01EEA9},
    {0x01EEAB, 0x01EEBB}, {0x020000, 0x02A6DF}, {0x02A700, 0x02B739}, {0x02B740, 0x02B81D},
    {0x02B820, 0x02CEA1}, {0x02CEB0, 0x02EBE0}, {0x02EBF0, 0x02EE5D}, {0x02F800, 0x02FA1D},
    {0x030000, 0x03134A}, {0x031350, 0x0323AF}, {0x000000, 0x00001F}, {0x00007F, 0x00009F},
    {0x0000AD, 0x0000AD}, {0x000378, 0x000379}, {0x000380, 0x000383}, {0x00038B, 0x00038B},
    {0x00038D, 0x00038D}, {0x0003A2, 0x0003A2}, {0x000530, 0x000530}, {0x000557, 0x000558},
    {0x00058B, 0x00058C}, {0x000590, 0x000590}, {0x0005C8, 0x0005CF}, {0x0005EB, 0x0005EE},
    {0x0005F5, 0x000605}, {0x00061C, 0x00061C}, {0x0006DD, 0x0006DD}, {0x00070E, 0x00070F},
    {0x00074B, 0x00074C}, {0x0007B2, 0x0007BF}, {0x0007FB, 0x0007FC}, {0x00082E, 0x00082F},
    {0x00083F, 0x00083F}, {0x00085C, 0x00085D}, {0x00085F, 0x00085F}, {0x00086B, 0x00086F},
    {0x00088F, 0x000896}, {0x0008E2, 0x0008E2}, {0x000984, 0x000984}, {0x00098D, 0x00098E},
    {0x000991, 0x000992}, {0x0009A9, 0x0009A9}, {0x0009B1, 0x0009B1}, {0x0009B3, 0x0009B5},
    {0x0009BA, 0x0009BB}, {0x0009C5, 0x0009C6}, {0x0009C9, 0x0009CA}, {0x0009CF, 0x0009D6},
    {0x0009D8, 0x0009DB}, {0x0009DE, 0x0009DE}, {0x0009E4, 0x0009E5}, {0x0009FF, 0x000A00},
    {0x000A04, 0x000A04}, {0x000A0B, 0x000A0E}, {0x000A11, 0x000A12}, {0x000A29, 0x000A29},
    {0x000A31, 0x000A31}, {0x000A34, 0x000A34}, {0x000A37, 0x000A37}, {0x000A3A, 0x000A3B},
    {0x000A3D, 0x000A3D}, {0x000A43, 0x000A46}, {0x000A49, 0x000A4A}, {0x000A4E, 0x000A50},
    {0x000A52, 0x000A58}, {0x000A5D, 0x000A5D}, {0x000A5F, 0x000A65}, {0x000A77, 0x000A80},
    {0x000A84, 0x000A84}, {0x000A8E, 0x000A8E}, {0x000A92, 0x000A92}, {0x000AA9, 0x000AA9},
    {0x000AB1, 0x000AB1}, {0x000AB4, 0x000AB4}, {0x000ABA, 0x000ABB}, {0x000AC6, 0x000AC6},
    {0x000ACA, 0x000ACA}, {0x000ACE, 0x000ACF}, {0x000AD1, 0x000ADF}, {0x000AE4, 0x000AE5},
    {0x000AF2, 0x000AF8}, {0x000B00, 0x000B00}, {0x000B04, 0x000B04}, {0x000B0D, 0x000B0E},
    {0x000B11, 0x000B12}, {0x000B29, 0x000B29}, {0x000B31, 0x000B31}, {0x000B34, 0x000B34},
    {0x000B3A, 0x000B3B}, {0x000B45, 0x000B46}, {0x000B49, 0x000B4A}, {0x000B4E, 0x000B54},
    {0x000B58, 0x000B5B}, {0x000B5E, 0x000B5E}, {0x000B64, 0x000B65}, {0x000B78, 0x000B81},
    {0x000B84, 0x000B84}, {0x000B8B, 0x000B8D}, {0x000B91, 0x000B91}, {0x000B96, 0x000B98},
    {0x000B9B, 0x000B9B}, {0x000B9D, 0x000B9D}, {0x000BA0, 0x000BA2}, {0x000BA5, 0x000BA7},
    {0x000BAB, 0x000BAD}, {0x000BBA, 0x000BBD}, {0x000BC3, 0x000BC5}, {0x000BC9, 0x000BC9},
    {0x000BCE, 0x000BCF}, {0x000BD1, 0x000BD6}, {0x000BD8, 0x000BE5}, {0x000BFB, 0x000BFF},
    {0x000C0D, 0x000C0D}, {0x000C11, 0x000C11}, {0x000C29, 0x000C29}, {0x000C3A, 0x000C3B},
    {0x000C45, 0x000C45}, {0x000C49, 0x000C49}, {0x000C4E, 0x000C54}, {0x000C57, 0x000C57},
    {0x000C5B, 0x000C5C}, {0x000C5E, 0x000C5F}, {0x000C64, 0x000C65}, {0x000C70, 0x000C76},
    {0x000C8D, 0x000C8D}, {0x000C91, 0x000C91}, {0x000CA9, 0x000CA9}, {0x000CB4, 0x000CB4},
    {0x000CBA, 0x000CBB}, {0x000CC5, 0x000CC5}, {0x000CC9, 0x000CC9}, {0x000CCE, 0x000CD4},
    {0x000CD7, 0x000CDC}, {0x000CDF, 0x000CDF}, {0x000CE4, 0x000CE5}, {0x000CF0, 0x000CF0},
    {0x000CF4, 0x000CFF}, {0x000D0D, 0x000D0D}, {0x000D11, 0x000D11}, {0x000D45, 0x000D45},
    {0x000D49, 0x000D49}, {0x000D50, 0x000D53}, {0x000D64, 0x000D65}, {0x000D80, 0x000D80},
    {0x000D84, 0x000D84}, {0x000D97, 0x000D99}, {0x000DB2, 0x000DB2}, {0x000DBC, 0x000DBC},
    {0x000DBE, 0x000DBF}, {0x000DC7, 0x000DC9}, {0x000DCB, 0x000DCE}, {0x000DD5, 0x000DD5},
    {0x000DD7, 0x000DD7}, {0x000DE0, 0x000DE5}, {0x000DF0, 0x000DF1}, {0x000DF5, 0x000E00},
    {0x000E3B, 0x000E3E}, {0x000E5C, 0x000E80}, {0x000E83, 0x000E83}, {0x000E85, 0x000E85},
    {0x000E8B, 0x000E8B}, {0x000EA4, 0x000EA4}, {0x000EA6, 0x000EA6}, {0x000EBE, 0x000EBF},
    {0x000EC5, 0x000EC5}, {0x000EC7, 0x000EC7}, {0x000ECF, 0x000ECF}, {0x000EDA, 0x000EDB},
    {0x000EE0, 0x000EFF}, {0x000F48, 0x000F48}, {0x000F6D, 0x000F70}, {0x000F98, 0x000F98},
    {0x000FBD, 0x000FBD}, {0x000FCD, 0x000FCD}, {0x000FDB, 0x000FFF}, {0x0010C6, 0x0010C6},
    {0x0010C8, 0x0010CC}, {0x0010CE, 0x0010CF}, {0x001249, 0x001249}, {0x00124E, 0x00124F},
    {0x001257, 0x001257}, {0x001259, 0x001259}, {0x00125E, 0x00125F}, {0x001289, 0x001289},
    {0x00128E, 0x00128F}, {0x0012B1, 0x0012B1}, {0x0012B6, 0x0012B7}, {0x0012BF, 0x0012BF},
    {0x0012C1, 0x0012C1}, {0x0012C6, 0x0012C7}, {0x0012D7, 0x0012D7}, {0x001311, 0x001311},
    {0x001316, 0x001317}, {0x00135B, 0x00135C}, {0x00137D, 0x00137F}, {0x00139A, 0x00139F},
    {0x0013F6, 0x0013F7}, {0x0013FE, 0x0013FF}, {0x00169D, 0x00169F}, {0x0016F9, 0x0016FF},
    {0x001716, 0x00171E}, {0x001737, 0x00173F}, {0x001754, 0x00175F}, {0x00176D, 0x00176D},
    {0x001771, 0x001771}, {0x001774, 0x00177F}, {0x0017DE, 0x0017DF}, {0x0017EA, 0x0017EF},
    {0x0017FA, 0x0017FF}, {0x00180E, 0x00180E}, {0x00181A, 0x00181F}, {0x001879, 0x00187F},
    {0x0018AB, 0x0018AF}, {0x0018F6, 0x0018FF}, {0x00191F, 0x00191F}, {0x00192C, 0x00192F},
    {0x00193C, 0x00193F}, {0x001941, 0x001943}, {0x00196E, 0x00196F}, {0x001975, 0x00197F},
    {0x0019AC, 0x0019AF}, {0x0019CA, 0x0019CF}, {0x0019DB, 0x0019DD}, {0x001A1C, 0x001A1D},
    {0x001A5F, 0x001A5F}, {0x001A7D, 0x001A7E}, {0x001A8A, 0x001A8F}, {0x001A9A, 0x001A9F},
    {0x001AAE, 0x001AAF}, {0x001ACF, 0x001AFF}, {0x001B4D, 0x001B4D}, {0x001BF4, 0x001BFB},
    {0x001C38, 0x001C3A}, {0x001C4A, 0x001C4C}, {0x001C8B, 0x001C8F}, {0x001CBB, 0x001CBC},
    {0x001CC8, 0x001CCF}, {0x001CFB, 0x001CFF}, {0x001F16, 0x001F17}, {0x001F1E, 0x001F1F},
    {0x001F46, 0x001F47}, {0x001F4E, 0x001F4F}, {0x001F58, 0x001F58}, {0x001F5A, 0x001F5A},
    {0x001F5C, 0x001F5C}, {0x001F5E, 0x001F5E}, {0x001F7E, 0x001F7F}, {0x001FB5, 0x001FB5},
    {0x001FC5, 0x001FC5}, {0x001FD4, 0x001FD5}, {0x001FDC, 0x001FDC}, {0x001FF0, 0x001FF1},
    {0x001FF5, 0x001FF5}, {0x001FFF, 0x001FFF}, {0x00200B, 0x00200F}, {0x00202A, 0x00202E},
    {0x002060, 0x00206F}, {0x002072, 0x002073}, {0x00208F, 0x00208F}, {0x00209D, 0x00209F},
    {0x0020C1, 0x0020CF}, {0x0020F1, 0x0020FF}, {0x00218C, 0x00218F}, {0x00242A, 0x00243F},
    {0x00244B, 0x00245F}, {0x002B74, 0x002B75}, {0x002B96, 0x002B96}, {0x002CF4, 0x002CF8},
    {0x002D26, 0x002D26}, {0x002D28, 0x002D2C}, {0x002D2E, 0x002D2F}, {0x002D68, 0x002D6E},
    {0x002D71, 0x002D7E}, {0x002D97, 0x002D9F}, {0x002DA7, 0x002DA7}, {0x002DAF, 0x002DAF},
    {0x002DB7, 0x002DB7}, {0x002DBF, 0x002DBF}, {0x002DC7, 0x002DC7}, {0x002DCF, 0x002DCF},
    {0x002DD7, 0x002DD7}, {0x002DDF, 0x002DDF}, {0x002E5E, 0x002E7F}, {0x002E9A, 0x002E9A},
    {0x002EF4, 0x002EFF}, {0x002FD6, 0x002FEF}, {0x003040, 0x003040}, {0x003097, 0x003098},
    {0x003100, 0x003104}, {0x003130, 0x003130}, {0x00318F, 0x00318F}, {0x0031E6, 0x0031EE},
    {0x00321F, 0x00321F}, {0x00A48D, 0x00A48F}, {0x00A4C7, 0x00A4CF}, {0x00A62C, 0x00A63F},
    {0x00A6F8, 0x00A6FF}, {0x00A7CE, 0x00A7CF}, {0x00A7D2, 0x00A7D2}, {0x00A7D4, 0x00A7D4},
    {0x00A7DD, 0x00A7F1}, {0x00A82D, 0x00A82F}, {0x00A83A, 0x00A83F}, {0x00A878, 0x00A87F},
    {0x00A8C6, 0x00A8CD}, {0x00A8DA, 0x00A8DF}, {0x00A954, 0x00A95E}, {0x00A97D, 0x00A97F},
    {0x00A9CE, 0x00A9CE}, {0x00A9DA, 0x00A9DD}, {0x00A9FF, 0x00A9FF}, {0x00AA37, 0x00AA3F},
    {0x00AA4E, 0x00AA4F}, {0x00AA5A, 0x00AA5B}, {0x00AAC3, 0x00AADA}, {0x00AAF7, 0x00AB00},
    {0x00AB07, 0x00AB08}, {0x00AB0F, 0x00AB10}, {0x00AB17, 0x00AB1F}, {0x00AB27, 0x00AB27},
    {0x00AB2F, 0x00AB2F}, {0x00AB6C, 0x00AB6F}, {0x00ABEE, 0x00ABEF}, {0x00ABFA, 0x00ABFF},
    {0x00D7A4, 0x00D7AF}, {0x00D7C7, 0x00D7CA}, {0x00D7FC, 0x00F8FF}, {0x00FA6E, 0x00FA6F},
    {0x00FADA, 0x00FAFF}, {0x00FB07, 0x00FB12}, {0x00FB18, 0x00FB1C}, {0x00FB37, 0x00FB37},
    {0x00FB3D, 0x00FB3D}, {0x00FB3F, 0x00FB3F}, {0x00FB42, 0x00FB42}, {0x00FB45, 0x00FB45},
    {0x00FBC3, 0x00FBD2}, {0x00FD90, 0x00FD91}, {0x00FDC8, 0x00FDCE}, {0x00FDD0, 0x00FDEF},
    {0x00FE1A, 0x00FE1F}, {0x00FE53, 0x00FE53}, {0x00FE67, 0x00FE67}, {0x00FE6C, 0x00FE6F},
    {0x00FE75, 0x00FE75}, {0x00FEFD, 0x00FF00}, {0x00FFBF, 0x00FFC1}, {0x00FFC8, 0x00FFC9},
    {0x00FFD0, 0x00FFD1}, {0x00FFD8, 0x00FFD9}, {0x00FFDD, 0x00FFDF}, {0x00FFE7, 0x00FFE7},
    {0x00FFEF, 0x00FFFB}, {0x00FFFE, 0x00FFFF}, {0x01000C, 0x01000C}, {0x010027, 0x010027},
    {0x01003B, 0x01003B}, {0x01003E, 0x01003E}, {0x01004E, 0x01004F}, {0x01005E, 0x01007F},
    {0x0100FB, 0x0100FF}, {0x010103, 0x010106}, {0x010134, 0x010136}, {0x01018F, 0x01018F},
    {0x01019D, 0x01019F}, {0x0101A1, 0x0101CF}, {0x0101FE, 0x01027F}, {0x01029D, 0x01029F},
    {0x0102D1, 0x0102DF}, {0x0102FC, 0x0102FF}, {0x010324, 0x01032C}, {0x01034B, 0x01034F},
    {0x01037B, 0x01037F}, {0x01039E, 0x01039E}, {0x0103C4, 0x0103C7}, {0x0103D6, 0x0103FF},
    {0x01049E, 0x01049F}, {0x0104AA, 0x0104AF}, {0x0104D4, 0x0104D7}, {0x0104FC, 0x0104FF},
    {0x010528, 0x01052F}, {0x010564, 0x01056E}, {0x01057B, 0x01057B}, {0x01058B, 0x01058B},
    {0x010593, 0x010593}, {0x010596, 0x010596}, {0x0105A2, 0x0105A2}, {0x0105B2, 0x0105B2},
    {0x0105BA, 0x0105BA}, {0x0105BD, 0x0105BF}, {0x0105F4, 0x0105FF}, {0x010737, 0x01073F},
    {0x010756, 0x01075F}, {0x010768, 0x01077F}, {0x010786, 0x010786}, {0x0107B1, 0x0107B1},
    {0x0107BB, 0x0107FF}, {0x010806, 0x010807}, {0x010809, 0x010809}, {0x010836, 0x010836},
    {0x010839, 0x01083B}, {0x01083D, 0x01083E}, {0x010856, 0x010856}, {0x01089F, 0x0108A6},
    {0x0108B0, 0x0108DF}, {0x0108F3, 0x0108F3}, {0x0108F6, 0x0108FA}, {0x01091C, 0x01091E},
    {0x01093A, 0x01093E}, {0x010940, 0x01097F}, {0x0109B8, 0x0109BB}, {0x0109D0, 0x0109D1},
    {0x010A04, 0x010A04}, {0x010A07, 0x010A0B}, {0x010A14, 0x010A14}, {0x010A18, 0x010A18},
    {0x010A36, 0x010A37}, {0x010A3B, 0x010A3E}, {0x010A49, 0x010A4F}, {0x010A59, 0x010A5F},
    {0x010AA0, 0x010ABF}, {0x010AE7, 0x010AEA}, {0x010AF7, 0x010AFF}, {0x010B36, 0x010B38},
    {0x010B56, 0x010B57}, {0x010B73, 0x010B77}, {0x010B92, 0x010B98}, {0x010B9D, 0x010BA8},
    {0x010BB0, 0x010BFF}, {0x010C49, 0x010C7F}, {0x010CB3, 0x010CBF}, {0x010CF3, 0x010CF9},
    {0x010D28, 0x010D2F}, {0x010D3A, 0x010D3F}, {0x010D66, 0x010D68}, {0x010D86, 0x010D8D},
    {0x010D90, 0x010E5F}, {0x010E7F, 0x010E7F}, {0x010EAA, 0x010EAA}, {0x010EAE, 0x010EAF},
    {0x010EB2, 0x010EC1}, {0x010EC5, 0x010EFB}, {0x010F28, 0x010F2F}, {0x010F5A, 0x010F6F},
    {0x010F8A, 0x010FAF}, {0x010FCC, 0x010FDF}, {0x010FF7, 0x010FFF}, {0x01104E, 0x011051},
    {0x011076, 0x01107E}, {0x0110BD, 0x0110BD}, {0x0110C3, 0x0110CF}, {0x0110E9, 0x0110EF},
    {0x0110FA, 0x0110FF}, {0x011135, 0x011135}, {0x011148, 0x01114F}, {0x011177, 0x01117F},
    {0x0111E0, 0x0111E0}, {0x0111F5, 0x0111FF}, {0x011212, 0x011212}, {0x011242, 0x01127F},
    {0x011287, 0x011287}, {0x011289, 0x011289}, {0x01128E, 0x01128E}, {0x01129E, 0x01129E},
    {0x0112AA, 0x0112AF}, {0x0112EB, 0x0112EF}, {0x0112FA, 0x0112FF}, {0x011304, 0x011304},
    {0x01130D, 0x01130E}, {0x011311, 0x011312}, {0x011329, 0x011329}, {0x011331, 0x011331},
    {0x011334, 0x011334}, {0x01133A, 0x01133A}, {0x011345, 0x011346}, {0x011349, 0x01134A},
    {0x01134E, 0x01134F}, {0x011351, 0x011356}, {0x011358, 0x01135C}, {0x011364, 0x011365},
    {0x01136D, 0x01136F}, {0x011375, 0x01137F}, {0x01138A, 0x01138A}, {0x01138C, 0x01138D},
    {0x01138F, 0x01138F}, {0x0113B6, 0x0113B6}, {0x0113C1, 0x0113C1}, {0x0113C3, 0x0113C4},
    {0x0113C6, 0x0113C6}, {0x0113CB, 0x0113CB}, {0x0113D6, 0x0113D6}, {0x0113D9, 0x0113E0},
    {0x0113E3, 0x0113FF}, {0x01145C, 0x01145C}, {0x011462, 0x01147F}, {0x0114C8, 0x0114CF},
    {0x0114DA, 0x01157F}, {0x0115B6, 0x0115B7}, {0x0115DE, 0x0115FF}, {0x011645, 0x01164F},
    {0x01165A, 0x01165F}, {0x01166D, 0x01167F}, {0x0116BA, 0x0116BF}, {0x0116CA, 0x0116CF},
    {0x0116E4, 0x0116FF}, {0x01171B, 0x01171C}, {0x01172C, 0x01172F}, {0x011747, 0x0117FF},
    {0x01183C, 0x01189F}, {0x0118F3, 0x0118FE}, {0x011907, 0x011908}, {0x01190A, 0x01190B},
    {0x011914, 0x011914}, {0x011917, 0x011917}, {0x011936, 0x011936}, {0x011939, 0x01193A},
    {0x011947, 0x01194F}, {0x01195A, 0x01199F}, {0x0119A8, 0x0119A9}, {0x0119D8, 0x0119D9},
    {0x0119E5, 0x0119FF}, {0x011A48, 0x011A4F}, {0x011AA3, 0x011AAF}, {0x011AF9, 0x011AFF},
    {0x011B0A, 0x011BBF}, {0x011BE2, 0x011BEF}, {0x011BFA, 0x011BFF}, {0x011C09, 0x011C09},
    {0x011C37, 0x011C37}, {0x011C46, 0x011C4F}, {0x011C6D, 0x011C6F}, {0x011C90, 0x011C91},
    {0x011CA8, 0x011CA8}, {0x011CB7, 0x011CFF}, {0x011D07, 0x011D07}, {0x011D0A, 0x011D0A},
    {0x011D37, 0x011D39}, {0x011D3B, 0x011D3B}, {0x011D3E, 0x011D3E}, {0x011D48, 0x011D4F},
    {0x011D5A, 0x011D5F}, {0x011D66, 0x011D66}, {0x011D69, 0x011D69}, {0x011D8F, 0x011D8F},
    {0x011D92, 0x011D92}, {0x011D99, 0x011D9F}, {0x011DAA, 0x011EDF}, {0x011EF9, 0x011EFF},
    {0x011F11, 0x011F11}, {0x011F3B, 0x011F3D}, {0x011F5B, 0x011FAF}, {0x011FB1, 0x011FBF},
    {0x011FF2, 0x011FFE}, {0x01239A, 0x0123FF}, {0x01246F, 0x01246F}, {0x012475, 0x01247F},
    {0x012544, 0x012F8F}, {0x012FF3, 0x012FFF}, {0x013430, 0x01343F}, {0x013456, 0x01345F},
    {0x0143FB, 0x0143FF}, {0x014647, 0x0160FF}, {0x01613A, 0x0167FF}, {0x016A39, 0x016A3F},
    {0x016A5F, 0x016A5F}, {0x016A6A, 0x016A6D}, {0x016ABF, 0x016ABF}, {0x016ACA, 0x016ACF},
    {0x016AEE, 0x016AEF}, {0x016AF6, 0x016AFF}, {0x016B46, 0x016B4F}, {0x016B5A, 0x016B5A},
    {0x016B62, 0x016B62}, {0x016B78, 0x016B7C}, {0x016B90, 0x016D3F}, {0x016D7A, 0x016E3F},
    {0x016E9B, 0x016EFF}, {0x016F4B, 0x016F4E}, {0x016F88, 0x016F8E}, {0x016FA0, 0x016FDF},
    {0x016FE5, 0x016FEF}, {0x016FF2, 0x016FFF}, {0x0187F8, 0x0187FF}, {0x018CD6, 0x018CFE},
    {0x018D09, 0x01AFEF}, {0x01AFF4, 0x01AFF4}, {0x01AFFC, 0x01AFFC}, {0x01AFFF, 0x01AFFF},
    {0x01B123, 0x01B131}, {0x01B133, 0x01B14F}, {0x01B153, 0x01B154}, {0x01B156, 0x01B163},
    {0x01B168, 0x01B16F}, {0x01B2FC, 0x01BBFF}, {0x01BC6B, 0x01BC6F}, {0x01BC7D, 0x01BC7F},
    {0x01BC89, 0x01BC8F}, {0x01BC9A, 0x01BC9B}, {0x01BCA0, 0x01CBFF}, {0x01CCFA, 0x01CCFF},
    {0x01CEB4, 0x01CEFF}, {0x01CF2E, 0x01CF2F}, {0x01CF47, 0x01CF4F}, {0x01CFC4, 0x01CFFF},
    {0x01D0F6, 0x01D0FF}, {0x01D127, 0x01D128}, {0x01D173, 0x01D17A}, {0x01D1EB, 0x01D1FF},
    {0x01D246, 0x01D2BF}, {0x01D2D4, 0x01D2DF}, {0x01D2F4, 0x01D2FF}, {0x01D357, 0x01D35F},
    {0x01D379, 0x01D3FF}, {0x01D455, 0x01D455}, {0x01D49D, 0x01D49D}, {0x01D4A0, 0x01D4A1},
    {0x01D4A3, 0x01D4A4}, {0x01D4A7, 0x01D4A8}, {0x01D4AD, 0x01D4AD}, {0x01D4BA, 0x01D4BA},
    {0x01D4BC, 0x01D4BC}, {0x01D4C4, 0x01D4C4}, {0x01D506, 0x01D506}, {0x01D50B, 0x01D50C},
    {0x01D515, 0x01D515}, {0x01D51D, 0x01D51D}, {0x01D53A, 0x01D53A}, {0x01D53F, 0x01D53F},
    {0x01D545, 0x01D545}, {0x01D547, 0x01D549}, {0x01D551, 0x01D551}, {0x01D6A6, 0x01D6A7},
    {0x01D7CC, 0x01D7CD}, {0x01DA8C, 0x01DA9A}, {0x01DAA0, 0x01DAA0}, {0x01DAB0, 0x01DEFF},
    {0x01DF1F, 0x01DF24}, {0x01DF2B, 0x01DFFF}, {0x01E007, 0x01E007}, {0x01E019, 0x01E01A},
    {0x01E022, 0x01E022}, {0x01E025, 0x01E025}, {0x01E02B, 0x01E02F}, {0x01E06E, 0x01E08E},
    {0x01E090, 0x01E0FF}, {0x01E12D, 0x01E12F}, {0x01E13E, 0x01E13F}, {0x01E14A, 0x01E14D},
    {0x01E150, 0x01E28F}, {0x01E2AF, 0x01E2BF}, {0x01E2FA, 0x01E2FE}, {0x01E300, 0x01E4CF},
    {0x01E4FA, 0x01E5CF}, {0x01E5FB, 0x01E5FE}, {0x01E600, 0x01E7DF}, {0x01E7E7, 0x01E7E7},
    {0x01E7EC, 0x01E7EC}, {0x01E7EF, 0x01E7EF}, {0x01E7FF, 0x01E7FF}, {0x01E8C5, 0x01E8C6},
    {0x01E8D7, 0x01E8FF}, {0x01E94C, 0x01E94F}, {0x01E95A, 0x01E95D}, {0x01E960, 0x01EC70},
    {0x01ECB5, 0x01ED00}, {0x01ED3E, 0x01EDFF}, {0x01EE04, 0x01EE04}, {0x01EE20, 0x01EE20},
    {0x01EE23, 0x01EE23}, {0x01EE25, 0x01EE26}, {0x01EE28, 0x01EE28}, {0x01EE33, 0x01EE33},
    {0x01EE38, 0x01EE38}, {0x01EE3A, 0x01EE3A}, {0x01EE3C, 0x01EE41}, {0x01EE43, 0x01EE46},
    {0x01EE48, 0x01EE48}, {0x01EE4A, 0x01EE4A}, {0x01EE4C, 0x01EE4C}, {0x01EE50, 0x01EE50},
    {0x01EE53, 0x01EE53}, {0x01EE55, 0x01EE56}, {0x01EE58, 0x01EE58}, {0x01EE5A, 0x01EE5A},
    {0x01EE5C, 0x01EE5C}, {0x01EE5E, 0x01EE5E}, {0x01EE60, 0x01EE60}, {0x01EE63, 0x01EE63},
    {0x01EE65, 0x01EE66}, {0x01EE6B, 0x01EE6B}, {0x01EE73, 0x01EE73}, {0x01EE78, 0x01EE78},
    {0x01EE7D, 0x01EE7D}, {0x01EE7F, 0x01EE7F}, {0x01EE8A, 0x01EE8A}, {0x01EE9C, 0x01EEA0},
    {0x01EEA4, 0x01EEA4}, {0x01EEAA, 0x01EEAA}, {0x01EEBC, 0x01EEEF}, {0x01EEF2, 0x01EFFF},
    {0x01F02C, 0x01F02F}, {0x01F094, 0x01F09F}, {0x01F0AF, 0x01F0B0}, {0x01F0C0, 0x01F0C0},
    {0x01F0D0, 0x01F0D0}, {0x01F0F6, 0x01F0FF}, {0x01F1AE, 0x01F1E5}, {0x01F203, 0x01F20F},
    {0x01F23C, 0x01F23F}, {0x01F249, 0x01F24F}, {0x01F252, 0x01F25F}, {0x01F266, 0x01F2FF},
    {0x01F6D8, 0x01F6DB}, {0x01F6ED, 0x01F6EF}, {0x01F6FD, 0x01F6FF}, {0x01F777, 0x01F77A},
    {0x01F7DA, 0x01F7DF}, {0x01F7EC, 0x01F7EF}, {0x01F7F1, 0x01F7FF}, {0x01F80C, 0x01F80F},
    {0x01F848, 0x01F84F}, {0x01F85A, 0x01F85F}, {0x01F888, 0x01F88F}, {0x01F8AE, 0x01F8AF},
    {0x01F8BC, 0x01F8BF}, {0x01F8C2, 0x01F8FF}, {0x01FA54, 0x01FA5F}, {0x01FA6E, 0x01FA6F},
    {0x01FA7D, 0x01FA7F}, {0x01FA8A, 0x01FA8E}, {0x01FAC7, 0x01FACD}, {0x01FADD, 0x01FADE},
    {0x01FAEA, 0x01FAEF}, {0x01FAF9, 0x01FAFF}, {0x01FB93, 0x01FB93}, {0x01FBFA, 0x01FFFF},
    {0x02A6E0, 0x02A6FF}, {0x02B73A, 0x02B73F}, {0x02B81E, 0x02B81F}, {0x02CEA2, 0x02CEAF},
    {0x02EBE1, 0x02EBEF}, {0x02EE5E, 0x02F7FF}, {0x02FA1E, 0x02FFFF}, {0x03134B, 0x03134F},
    {0x0323B0, 0x0E00FF}, {0x0E01F0, 0x10FFFF}, {0x000000, 0x00001F}, {0x00007F, 0x00009F},
    {0x000029, 0x000029}, {0x00005D, 0x00005D}, {0x00007D, 0x00007D}, {0x000F3B, 0x000F3B},
    {0x000F3D, 0x000F3D}, {0x00169C, 0x00169C}, {0x002046, 0x002046}, {0x00207E, 0x00207E},
    {0x00208E, 0x00208E}, {0x002309, 0x002309}, {0x00230B, 0x00230B}, {0x00232A, 0x00232A},
    {0x002769, 0x002769}, {0x00276B, 0x00276B}, {0x00276D, 0x00276D}, {0x00276F, 0x00276F},
    {0x002771, 0x002771}, {0x002773, 0x002773}, {0x002775, 0x002775}, {0x0027C6, 0x0027C6},
    {0x0027E7, 0x0027E7}, {0x0027E9, 0x0027E9}, {0x0027EB, 0x0027EB}, {0x0027ED, 0x0027ED},
    {0x0027EF, 0x0027EF}, {0x002984, 0x002984}, {0x002986, 0x002986}, {0x002988, 0x002988},
    {0x00298A, 0x00298A}, {0x00298C, 0x00298C}, {0x00298E, 0x00298E}, {0x002990, 0x002990},
    {0x002992, 0x002992}, {0x002994, 0x002994}, {0x002996, 0x002996}, {0x002998, 0x002998},
    {0x0029D9, 0x0029D9}, {0x0029DB, 0x0029DB}, {0x0029FD, 0x0029FD}, {0x002E23, 0x002E23},
    {0x002E25, 0x002E25}, {0x002E27, 0x002E27}, {0x002E29, 0x002E29}, {0x002E56, 0x002E56},
    {0x002E58, 0x002E58}, {0x002E5A, 0x002E5A}, {0x002E5C, 0x002E5C}, {0x003009, 0x003009},
    {0x00300B, 0x00300B}, {0x00300D, 0x00300D}, {0x00300F, 0x00300F}, {0x003011, 0x003011},
    {0x003015, 0x003015}, {0x003017, 0x003017}, {0x003019, 0x003019}, {0x00301B, 0x00301B},
    {0x00301E, 0x00301F}, {0x00FD3E, 0x00FD3E}, {0x00FE18, 0x00FE18}, {0x00FE36, 0x00FE36},
    {0x00FE38, 0x00FE38}, {0x00FE3A, 0x00FE3A}, {0x00FE3C, 0x00FE3C}, {0x00FE3E, 0x00FE3E},
    {0x00FE40, 0x00FE40}, {0x00FE42, 0x00FE42}, {0x00FE44, 0x00FE44}, {0x00FE48, 0x00FE48},
    {0x00FE5A, 0x00FE5A}, {0x00FE5C, 0x00FE5C}, {0x00FE5E, 0x00FE5E}, {0x00FF09, 0x00FF09},
    {0x00FF3D, 0x00FF3D}, {0x00FF5D, 0x00FF5D}, {0x00FF60, 0x00FF60}, {0x00FF63, 0x00FF63},
    {0x000378, 0x000379}, {0x000380, 0x000383}, {0x00038B, 0x00038B}, {0x00038D, 0x00038D},
    {0x0003A2, 0x0003A2}, {0x000530, 0x000530}, {0x000557, 0x000558}, {0x00058B, 0x00058C},
    {0x000590, 0x000590}, {0x0005C8, 0x0005CF}, {0x0005EB, 0x0005EE}, {0x0005F5, 0x0005FF},
    {0x00070E, 0x00070E}, {0x00074B, 0x00074C}, {0x0007B2, 0x0007BF}, {0x0007FB, 0x0007FC},
    {0x00082E, 0x00082F}, {0x00083F, 0x00083F}, {0x00085C, 0x00085D}, {0x00085F, 0x00085F},
    {0x00086B, 0x00086F}, {0x00088F, 0x00088F}, {0x000892, 0x000896}, {0x000984, 0x000984},
    {0x00098D, 0x00098E}, {0x000991, 0x000992}, {0x0009A9, 0x0009A9}, {0x0009B1, 0x0009B1},
    {0x0009B3, 0x0009B5}, {0x0009BA, 0x0009BB}, {0x0009C5, 0x0009C6}, {0x0009C9, 0x0009CA},
    {0x0009CF, 0x0009D6}, {0x0009D8, 0x0009DB}, {0x0009DE, 0x0009DE}, {0x0009E4, 0x0009E5},
    {0x0009FF, 0x000A00}, {0x000A04, 0x000A04}, {0x000A0B, 0x000A0E}, {0x000A11, 0x000A12},
    {0x000A29, 0x000A29}, {0x000A31, 0x000A31}, {0x000A34, 0x000A34}, {0x000A37, 0x000A37},
    {0x000A3A, 0x000A3B}, {0x000A3D, 0x000A3D}, {0x000A43, 0x000A46}, {0x000A49, 0x000A4A},
    {0x000A4E, 0x000A50}, {0x000A52, 0x000A58}, {0x000A5D, 0x000A5D}, {0x000A5F, 0x000A65},
    {0x000A77, 0x000A80}, {0x000A84, 0x000A84}, {0x000A8E, 0x000A8E}, {0x000A92, 0x000A92},
    {0x000AA9, 0x000AA9}, {0x000AB1, 0x000AB1}, {0x000AB4, 0x000AB4}, {0x000ABA, 0x000ABB},
    {0x000AC6, 0x000AC6}, {0x000ACA, 0x000ACA}, {0x000ACE, 0x000ACF}, {0x000AD1, 0x000ADF},
    {0x000AE4, 0x000AE5}, {0x000AF2, 0x000AF8}, {0x000B00, 0x000B00}, {0x000B04, 0x000B04},
    {0x000B0D, 0x000B0E}, {0x000B11, 0x000B12}, {0x000B29, 0x000B29}, {0x000B31, 0x000B31},
    {0x000B34, 0x000B34}, {0x000B3A, 0x000B3B}, {0x000B45, 0x000B46}, {0x000B49, 0x000B4A},
    {0x000B4E, 0x000B54}, {0x000B58, 0x000B5B}, {0x000B5E, 0x000B5E}, {0x000B64, 0x000B65},
    {0x000B78, 0x000B81}, {0x000B84, 0x000B84}, {0x000B8B, 0x000B8D}, {0x000B91, 0x000B91},
    {0x000B96, 0x000B98}, {0x000B9B, 0x000B9B}, {0x000B9D, 0x000B9D}, {0x000BA0, 0x000BA2},
    {0x000BA5, 0x000BA7}, {0x000BAB, 0x000BAD}, {0x000BBA, 0x000BBD}, {0x000BC3, 0x000BC5},
    {0x000BC9, 0x000BC9}, {0x000BCE, 0x000BCF}, {0x000BD1, 0x000BD6}, {0x000BD8, 0x000BE5},
    {0x000BFB, 0x000BFF}, {0x000C0D, 0x000C0D}, {0x000C11, 0x000C11}, {0x000C29, 0x000C29},
    {0x000C3A, 0x000C3B}, {0x000C45, 0x000C45}, {0x000C49, 0x000C49}, {0x000C4E, 0x000C54},
    {0x000C57, 0x000C57}, {0x000C5B, 0x000C5C}, {0x000C5E, 0x000C5F}, {0x000C64, 0x000C65},
    {0x000C70, 0x000C76}, {0x000C8D, 0x000C8D}, {0x000C91, 0x000C91}, {0x000CA9, 0x000CA9},
    {0x000CB4, 0x000CB4}, {0x000CBA, 0x000CBB}, {0x000CC5, 0x000CC5}, {0x000CC9, 0x000CC9},
    {0x000CCE, 0x000CD4}, {0x000CD7, 0x000CDC}, {0x000CDF, 0x000CDF}, {0x000CE4, 0x000CE5},
    {0x000CF0, 0x000CF0}, {0x000CF4, 0x000CFF}, {0x000D0D, 0x000D0D}, {0x000D11, 0x000D11},
    {0x000D45, 0x000D45}, {0x000D49, 0x000D49}, {0x000D50, 0x000D53}, {0x000D64, 0x000D65},
    {0x000D80, 0x000D80}, {0x000D84, 0x000D84}, {0x000D97, 0x000D99}, {0x000DB2, 0x000DB2},
    {0x000DBC, 0x000DBC}, {0x000DBE, 0x000DBF}, {0x000DC7, 0x000DC9}, {0x000DCB, 0x000DCE},
    {0x000DD5, 0x000DD5}, {0x000DD7, 0x000DD7}, {0x000DE0, 0x000DE5}, {0x000DF0, 0x000DF1},
    {0x000DF5, 0x000E00}, {0x000E3B, 0x000E3E}, {0x000E5C, 0x000E80}, {0x000E83, 0x000E83},
    {0x000E85, 0x000E85}, {0x000E8B, 0x000E8B}, {0x000EA4, 0x000EA4}, {0x000EA6, 0x000EA6},
    {0x000EBE, 0x000EBF}, {0x000EC5, 0x000EC5}, {0x000EC7, 0x000EC7}, {0x000ECF, 0x000ECF},
    {0x000EDA, 0x000EDB}, {0x000EE0, 0x000EFF}, {0x000F48, 0x000F48}, {0x000F6D, 0x000F70},
    {0x000F98, 0x000F98}, {0x000FBD, 0x000FBD}, {0x000FCD, 0x000FCD}, {0x000FDB, 0x000FFF},
    {0x0010C6, 0x0010C6}, {0x0010C8, 0x0010CC}, {0x0010CE, 0x0010CF}, {0x001249, 0x001249},
    {0x00124E, 0x00124F}, {0x001257, 0x001257}, {0x001259, 0x001259}, {0x00125E, 0x00125F},
    {0x001289, 0x001289}, {0x00128E, 0x00128F}, {0x0012B1, 0x0012B1}, {0x0012B6, 0x0012B7},
    {0x0012BF, 0x0012BF}, {0x0012C1, 0x0012C1}, {0x0012C6, 0x0012C7}, {0x0012D7, 0x0012D7},
    {0x001311, 0x001311}, {0x001316, 0x001317}, {0x00135B, 0x00135C}, {0x00137D, 0x00137F},
    {0x00139A, 0x00139F}, {0x0013F6, 0x0013F7}, {0x0013FE, 0x0013FF}, {0x00169D, 0x00169F},
    {0x0016F9, 0x0016FF}, {0x001716, 0x00171E}, {0x001737, 0x00173F}, {0x001754, 0x00175F},
    {0x00176D, 0x00176D}, {0x001771, 0x001771}, {0x001774, 0x00177F}, {0x0017DE, 0x0017DF},
    {0x0017EA, 0x0017EF}, {0x0017FA, 0x0017FF}, {0x00181A, 0x00181F}, {0x001879, 0x00187F},
    {0x0018AB, 0x0018AF}, {0x0018F6, 0x0018FF}, {0x00191F, 0x00191F}, {0x00192C, 0x00192F},
    {0x00193C, 0x00193F}, {0x001941, 0x001943}, {0x00196E, 0x00196F}, {0x001975, 0x00197F},
    {0x0019AC, 0x0019AF}, {0x0019CA, 0x0019CF}, {0x0019DB, 0x0019DD}, {0x001A1C, 0x001A1D},
    {0x001A5F, 0x001A5F}, {0x001A7D, 0x001A7E}, {0x001A8A, 0x001A8F}, {0x001A9A, 0x001A9F},
    {0x001AAE, 0x001AAF}, {0x001ACF, 0x001AFF}, {0x001B4D, 0x001B4D}, {0x001BF4, 0x001BFB},
    {0x001C38, 0x001C3A}, {0x001C4A, 0x001C4C}, {0x001C8B, 0x001C8F}, {0x001CBB, 0x001CBC},
    {0x001CC8, 0x001CCF}, {0x001CFB, 0x001CFF}, {0x001F16, 0x001F17}, {0x001F1E, 0x001F1F},
    {0x001F46, 0x001F47}, {0x001F4E, 0x001F4F}, {0x001F58, 0x001F58}, {0x001F5A, 0x001F5A},
    {0x001F5C, 0x001F5C}, {0x001F5E, 0x001F5E}, {0x001F7E, 0x001F7F}, {0x001FB5, 0x001FB5},
    {0x001FC5, 0x001FC5}, {0x001FD4, 0x001FD5}, {0x001FDC, 0x001FDC}, {0x001FF0, 0x001FF1},
    {0x001FF5, 0x001FF5}, {0x001FFF, 0x001FFF}, {0x002065, 0x002065}, {0x002072, 0x002073},
    {0x00208F, 0x00208F}, {0x00209D, 0x00209F}, {0x0020C1, 0x0020CF}, {0x0020F1, 0x0020FF},
    {0x00218C, 0x00218F}, {0x00242A, 0x00243F}, {0x00244B, 0x00245F}, {0x002B74, 0x002B75},
    {0x002B96, 0x002B96}, {0x002CF4, 0x002CF8}, {0x002D26, 0x002D26}, {0x002D28, 0x002D2C},
    {0x002D2E, 0x002D2F}, {0x002D68, 0x002D6E}, {0x002D71, 0x002D7E}, {0x002D97, 0x002D9F},
    {0x002DA7, 0x002DA7}, {0x002DAF, 0x002DAF}, {0x002DB7, 0x002DB7}, {0x002DBF, 0x002DBF},
    {0x002DC7, 0x002DC7}, {0x002DCF, 0x002DCF}, {0x002DD7, 0x002DD7}, {0x002DDF, 0x002DDF},
    {0x002E5E, 0x002E7F}, {0x002E9A, 0x002E9A}, {0x002EF4, 0x002EFF}, {0x002FD6, 0x002FEF},
    {0x003040, 0x003040}, {0x003097, 0x003098}, {0x003100, 0x003104}, {0x003130, 0x003130},
    {0x00318F, 0x00318F}, {0x0031E6, 0x0031EE}, {0x00321F, 0x00321F}, {0x00A48D, 0x00A48F},
    {0x00A4C7, 0x00A4CF}, {0x00A62C, 0x00A63F}, {0x00A6F8, 0x00A6FF}, {0x00A7CE, 0x00A7CF},
    {0x00A7D2, 0x00A7D2}, {0x00A7D4, 0x00A7D4}, {0x00A7DD, 0x00A7F1}, {0x00A82D, 0x00A82F},
    {0x00A83A, 0x00A83F}, {0x00A878, 0x00A87F}, {0x00A8C6, 0x00A8CD}, {0x00A8DA, 0x00A8DF},
    {0x00A954, 0x00A95E}, {0x00A97D, 0x00A97F}, {0x00A9CE, 0x00A9CE}, {0x00A9DA, 0x00A9DD},
    {0x00A9FF, 0x00A9FF}, {0x00AA37, 0x00AA3F}, {0x00AA4E, 0x00AA4F}, {0x00AA5A, 0x00AA5B},
    {0x00AAC3, 0x00AADA}, {0x00AAF7, 0x00AB00}, {0x00AB07, 0x00AB08}, {0x00AB0F, 0x00AB10},
    {0x00AB17, 0x00AB1F}, {0x00AB27, 0x00AB27}, {0x00AB2F, 0x00AB2F}, {0x00AB6C, 0x00AB6F},
    {0x00ABEE, 0x00ABEF}, {0x00ABFA, 0x00ABFF}, {0x00D7A4, 0x00D7AF}, {0x00D7C7, 0x00D7CA},
    {0x00D7FC, 0x00D7FF}, {0x00FA6E, 0x00FA6F}, {0x00FADA, 0x00FAFF}, {0x00FB07, 0x00FB12},
    {0x00FB18, 0x00FB1C}, {0x00FB37, 0x00FB37}, {0x00FB3D, 0x00FB3D}, {0x00FB3F, 0x00FB3F},
    {0x00FB42, 0x00FB42}, {0x00FB45, 0x00FB45}, {0x00FBC3, 0x00FBD2}, {0x00FD90, 0x00FD91},
    {0x00FDC8, 0x00FDCE}, {0x00FDD0, 0x00FDEF}, {0x00FE1A, 0x00FE1F}, {0x00FE53, 0x00FE53},
    {0x00FE67, 0x00FE67}, {0x00FE6C, 0x00FE6F}, {0x00FE75, 0x00FE75}, {0x00FEFD, 0x00FEFE},
    {0x00FF00, 0x00FF00}, {0x00FFBF, 0x00FFC1}, {0x00FFC8, 0x00FFC9}, {0x00FFD0, 0x00FFD1},
    {0x00FFD8, 0x00FFD9}, {0x00FFDD, 0x00FFDF}, {0x00FFE7, 0x00FFE7}, {0x00FFEF, 0x00FFF8},
    {0x00FFFE, 0x00FFFF}, {0x01000C, 0x01000C}, {0x010027, 0x010027}, {0x01003B, 0x01003B},
    {0x01003E, 0x01003E}, {0x01004E, 0x01004F}, {0x01005E, 0x01007F}, {0x0100FB, 0x0100FF},
    {0x010103, 0x010106}, {0x010134, 0x010136}, {0x01018F, 0x01018F}, {0x01019D, 0x01019F},
    {0x0101A1, 0x0101CF}, {0x0101FE, 0x01027F}, {0x01029D, 0x01029F}, {0x0102D1, 0x0102DF},
    {0x0102FC, 0x0102FF}, {0x010324, 0x01032C}, {0x01034B, 0x01034F}, {0x01037B, 0x01037F},
    {0x01039E, 0x01039E}, {0x0103C4, 0x0103C7}, {0x0103D6, 0x0103FF}, {0x01049E, 0x01049F},
    {0x0104AA, 0x0104AF}, {0x0104D4, 0x0104D7}, {0x0104FC, 0x0104FF}, {0x010528, 0x01052F},
    {0x010564, 0x01056E}, {0x01057B, 0x01057B}, {0x01058B, 0x01058B}, {0x010593, 0x010593},
    {0x010596, 0x010596}, {0x0105A2, 0x0105A2}, {0x0105B2, 0x0105B2}, {0x0105BA, 0x0105BA},
    {0x0105BD, 0x0105BF}, {0x0105F4, 0x0105FF}, {0x010737, 0x01073F}, {0x010756, 0x01075F},
    {0x010768, 0x01077F}, {0x010786, 0x010786}, {0x0107B1, 0x0107B1}, {0x0107BB, 0x0107FF},
    {0x010806, 0x010807}, {0x010809, 0x010809}, {0x010836, 0x010836}, {0x010839, 0x01083B},
    {0x01083D, 0x01083E}, {0x010856, 0x010856}, {0x01089F, 0x0108A6}, {0x0108B0, 0x0108DF},
    {0x0108F3, 0x0108F3}, {0x0108F6, 0x0108FA}, {0x01091C, 0x01091E}, {0x01093A, 0x01093E},
    {0x010940, 0x01097F}, {0x0109B8, 0x0109BB}, {0x0109D0, 0x0109D1}, {0x010A04, 0x010A04},
    {0x010A07, 0x010A0B}, {0x010A14, 0x010A14}, {0x010A18, 0x010A18}, {0x010A36, 0x010A37},
    {0x010A3B, 0x010A3E}, {0x010A49, 0x010A4F}, {0x010A59, 0x010A5F}, {0x010AA0, 0x010ABF},
    {0x010AE7, 0x010AEA}, {0x010AF7, 0x010AFF}, {0x010B36, 0x010B38}, {0x010B56, 0x010B57},
    {0x010B73, 0x010B77}, {0x010B92, 0x010B98}, {0x010B9D, 0x010BA8}, {0x010BB0, 0x010BFF},
    {0x010C49, 0x010C7F}, {0x010CB3, 0x010CBF}, {0x010CF3, 0x010CF9}, {0x010D28, 0x010D2F},
    {0x010D3A, 0x010D3F}, {0x010D66, 0x010D68}, {0x010D86, 0x010D8D}, {0x010D90, 0x010E5F},
    {0x010E7F, 0x010E7F}, {0x010EAA, 0x010EAA}, {0x010EAE, 0x010EAF}, {0x010EB2, 0x010EC1},
    {0x010EC5, 0x010EFB}, {0x010F28, 0x010F2F}, {0x010F5A, 0x010F6F}, {0x010F8A, 0x010FAF},
    {0x010FCC, 0x010FDF}, {0x010FF7, 0x010FFF}, {0x01104E, 0x011051}, {0x011076, 0x01107E},
    {0x0110C3, 0x0110CC}, {0x0110CE, 0x0110CF}, {0x0110E9, 0x0110EF}, {0x0110FA, 0x0110FF},
    {0x011135, 0x011135}, {0x011148, 0x01114F}, {0x011177, 0x01117F}, {0x0111E0, 0x0111E0},
    {0x0111F5, 0x0111FF}, {0x011212, 0x011212}, {0x011242, 0x01127F}, {0x011287, 0x011287},
    {0x011289, 0x011289}, {0x01128E, 0x01128E}, {0x01129E, 0x01129E}, {0x0112AA, 0x0112AF},
    {0x0112EB, 0x0112EF}, {0x0112FA, 0x0112FF}, {0x011304, 0x011304}, {0x01130D, 0x01130E},
    {0x011311, 0x011312}, {0x011329, 0x011329}, {0x011331, 0x011331}, {0x011334, 0x011334},
    {0x01133A, 0x01133A}, {0x011345, 0x011346}, {0x011349, 0x01134A}, {0x01134E, 0x01134F},
    {0x011351, 0x011356}, {0x011358, 0x01135C}, {0x011364, 0x011365}, {0x01136D, 0x01136F},
    {0x011375, 0x01137F}, {0x01138A, 0x01138A}, {0x01138C, 0x01138D}, {0x01138F, 0x01138F},
    {0x0113B6, 0x0113B6}, {0x0113C1, 0x0113C1}, {0x0113C3, 0x0113C4}, {0x0113C6, 0x0113C6},
    {0x0113CB, 0x0113CB}, {0x0113D6, 0x0113D6}, {0x0113D9, 0x0113E0}, {0x0113E3, 0x0113FF},
    {0x01145C, 0x01145C}, {0x011462, 0x01147F}, {0x0114C8, 0x0114CF}, {0x0114DA, 0x01157F},
    {0x0115B6, 0x0115B7}, {0x0115DE, 0x0115FF}, {0x011645, 0x01164F}, {0x01165A, 0x01165F},
    {0x01166D, 0x01167F}, {0x0116BA, 0x0116BF}, {0x0116CA, 0x0116CF}, {0x0116E4, 0x0116FF},
    {0x01171B, 0x01171C}, {0x01172C, 0x01172F}, {0x011747, 0x0117FF}, {0x01183C, 0x01189F},
    {0x0118F3, 0x0118FE}, {0x011907, 0x011908}, {0x01190A, 0x01190B}, {0x011914, 0x011914},
    {0x011917, 0x011917}, {0x011936, 0x011936}, {0x011939, 0x01193A}, {0x011947, 0x01194F},
    {0x01195A, 0x01199F}, {0x0119A8, 0x0119A9}, {0x0119D8, 0x0119D9}, {0x0119E5, 0x0119FF},
    {0x011A48, 0x011A4F}, {0x011AA3, 0x011AAF}, {0x011AF9, 0x011AFF}, {0x011B0A, 0x011BBF},
    {0x011BE2, 0x011BEF}, {0x011BFA, 0x011BFF}, {0x011C09, 0x011C09}, {0x011C37, 0x011C37},
    {0x011C46, 0x011C4F}, {0x011C6D, 0x011C6F}, {0x011C90, 0x011C91}, {0x011CA8, 0x011CA8},
    {0x011CB7, 0x011CFF}, {0x011D07, 0x011D07}, {0x011D0A, 0x011D0A}, {0x011D37, 0x011D39},
    {0x011D3B, 0x011D3B}, {0x011D3E, 0x011D3E}, {0x011D48, 0x011D4F}, {0x011D5A, 0x011D5F},
    {0x011D66, 0x011D66}, {0x011D69, 0x011D69}, {0x011D8F, 0x011D8F}, {0x011D92, 0x011D92},
    {0x011D99, 0x011D9F}, {0x011DAA, 0x011EDF}, {0x011EF9, 0x011EFF}, {0x011F11, 0x011F11},
    {0x011F3B, 0x011F3D}, {0x011F5B, 0x011FAF}, {0x011FB1, 0x011FBF}, {0x011FF2, 0x011FFE},
    {0x01239A, 0x0123FF}, {0x01246F, 0x01246F}, {0x012475, 0x01247F}, {0x012544, 0x012F8F},
    {0x012FF3, 0x012FFF}, {0x013456, 0x01345F}, {0x0143FB, 0x0143FF}, {0x014647, 0x0160FF},
    {0x01613A, 0x0167FF}, {0x016A39, 0x016A3F}, {0x016A5F, 0x016A5F}, {0x016A6A, 0x016A6D},
    {0x016ABF, 0x016ABF}, {0x016ACA, 0x016ACF}, {0x016AEE, 0x016AEF}, {0x016AF6, 0x016AFF},
    {0x016B46, 0x016B4F}, {0x016B5A, 0x016B5A}, {0x016B62, 0x016B62}, {0x016B78, 0x016B7C},
    {0x016B90, 0x016D3F}, {0x016D7A, 0x016E3F}, {0x016E9B, 0x016EFF}, {0x016F4B, 0x016F4E},
    {0x016F88, 0x016F8E}, {0x016FA0, 0x016FDF}, {0x016FE5, 0x016FEF}, {0x016FF2, 0x016FFF},
    {0x0187F8, 0x0187FF}, {0x018CD6, 0x018CFE}, {0x018D09, 0x01AFEF}, {0x01AFF4, 0x01AFF4},
    {0x01AFFC, 0x01AFFC}, {0x01AFFF, 0x01AFFF}, {0x01B123, 0x01B131}, {0x01B133, 0x01B14F},
    {0x01B153, 0x01B154}, {0x01B156, 0x01B163}, {0x01B168, 0x01B16F}, {0x01B2FC, 0x01BBFF},
    {0x01BC6B, 0x01BC6F}, {0x01BC7D, 0x01BC7F}, {0x01BC89, 0x01BC8F}, {0x01BC9A, 0x01BC9B},
    {0x01BCA4, 0x01CBFF}, {0x01CCFA, 0x01CCFF}, {0x01CEB4, 0x01CEFF}, {0x01CF2E, 0x01CF2F},
    {0x01CF47, 0x01CF4F}, {0x01CFC4, 0x01CFFF}, {0x01D0F6, 0x01D0FF}, {0x01D127, 0x01D128},
    {0x01D1EB, 0x01D1FF}, {0x01D246, 0x01D2BF}, {0x01D2D4, 0x01D2DF}, {0x01D2F4, 0x01D2FF},
    {0x01D357, 0x01D35F}, {0x01D379, 0x01D3FF}, {0x01D455, 0x01D455}, {0x01D49D, 0x01D49D},
    {0x01D4A0, 0x01D4A1}, {0x01D4A3, 0x01D4A4}, {0x01D4A7, 0x01D4A8}, {0x01D4AD, 0x01D4AD},
    {0x01D4BA, 0x01D4BA}, {0x01D4BC, 0x01D4BC}, {0x01D4C4, 0x01D4C4}, {0x01D506, 0x01D506},
    {0x01D50B, 0x01D50C}, {0x01D515, 0x01D515}, {0x01D51D, 0x01D51D}, {0x01D53A, 0x01D53A},
    {0x01D53F, 0x01D53F}, {0x01D545, 0x01D545}, {0x01D547, 0x01D549}, {0x01D551, 0x01D551},
    {0x01D6A6, 0x01D6A7}, {0x01D7CC, 0x01D7CD}, {0x01DA8C, 0x01DA9A}, {0x01DAA0, 0x01DAA0},
    {0x01DAB0, 0x01DEFF}, {0x01DF1F, 0x01DF24}, {0x01DF2B, 0x01DFFF}, {0x01E007, 0x01E007},
    {0x01E019, 0x01E01A}, {0x01E022, 0x01E022}, {0x01E025, 0x01E025}, {0x01E02B, 0x01E02F},
    {0x01E06E, 0x01E08E}, {0x01E090, 0x01E0FF}, {0x01E12D, 0x01E12F}, {0x01E13E, 0x01E13F},
    {0x01E14A, 0x01E14D}, {0x01E150, 0x01E28F}, {0x01E2AF, 0x01E2BF}, {0x01E2FA, 0x01E2FE},
    {0x01E300, 0x01E4CF}, {0x01E4FA, 0x01E5CF}, {0x01E5FB, 0x01E5FE}, {0x01E600, 0x01E7DF},
    {0x01E7E7, 0x01E7E7}, {0x01E7EC, 0x01E7EC}, {0x01E7EF, 0x01E7EF}, {0x01E7FF, 0x01E7FF},
    {0x01E8C5, 0x01E8C6}, {0x01E8D7, 0x01E8FF}, {0x01E94C, 0x01E94F}, {0x01E95A, 0x01E95D},
    {0x01E960, 0x01EC70}, {0x01ECB5, 0x01ED00}, {0x01ED3E, 0x01EDFF}, {0x01EE04, 0x01EE04},
    {0x01EE20, 0x01EE20}, {0x01EE23, 0x01EE23}, {0x01EE25, 0x01EE26}, {0x01EE28, 0x01EE28},
    {0x01EE33, 0x01EE33}, {0x01EE38, 0x01EE38}, {0x01EE3A, 0x01EE3A}, {0x01EE3C, 0x01EE41},
    {0x01EE43, 0x01EE46}, {0x01EE48, 0x01EE48}, {0x01EE4A, 0x01EE4A}, {0x01EE4C, 0x01EE4C},
    {0x01EE50, 0x01EE50}, {0x01EE53, 0x01EE53}, {0x01EE55, 0x01EE56}, {0x01EE58, 0x01EE58},
    {0x01EE5A, 0x01EE5A}, {0x01EE5C, 0x01EE5C}, {0x01EE5E, 0x01EE5E}, {0x01EE60, 0x01EE60},
    {0x01EE63, 0x01EE63}, {0x01EE65, 0x01EE66}, {0x01EE6B, 0x01EE6B}, {0x01EE73, 0x01EE73},
    {0x01EE78, 0x01EE78}, {0x01EE7D, 0x01EE7D}, {0x01EE7F, 0x01EE7F}, {0x01EE8A, 0x01EE8A},
    {0x01EE9C, 0x01EEA0}, {0x01EEA4, 0x01EEA4}, {0x01EEAA, 0x01EEAA}, {0x01EEBC, 0x01EEEF},
    {0x01EEF2, 0x01EFFF}, {0x01F02C, 0x01F02F}, {0x01F094, 0x01F09F}, {0x01F0AF, 0x01F0B0},
    {0x01F0C0, 0x01F0C0}, {0x01F0D0, 0x01F0D0}, {0x01F0F6, 0x01F0FF}, {0x01F1AE, 0x01F1E5},
    {0x01F203, 0x01F20F}, {0x01F23C, 0x01F23F}, {0x01F249, 0x01F24F}, {0x01F252, 0x01F25F},
    {0x01F266, 0x01F2FF}, {0x01F6D8, 0x01F6DB}, {0x01F6ED, 0x01F6EF}, {0x01F6FD, 0x01F6FF},
    {0x01F777, 0x01F77A}, {0x01F7DA, 0x01F7DF}, {0x01F7EC, 0x01F7EF}, {0x01F7F1, 0x01F7FF},
    {0x01F80C, 0x01F80F}, {0x01F848, 0x01F84F}, {0x01F85A, 0x01F85F}, {0x01F888, 0x01F88F},
    {0x01F8AE, 0x01F8AF}, {0x01F8BC, 0x01F8BF}, {0x01F8C2, 0x01F8FF}, {0x01FA54, 0x01FA5F},
    {0x01FA6E, 0x01FA6F}, {0x01FA7D, 0x01FA7F}, {0x01FA8A, 0x01FA8E}, {0x01FAC7, 0x01FACD},
    {0x01FADD, 0x01FADE}, {0x01FAEA, 0x01FAEF}, {0x01FAF9, 0x01FAFF}, {0x01FB93, 0x01FB93},
    {0x01FBFA, 0x01FFFF}, {0x02A6E0, 0x02A6FF}, {0x02B73A, 0x02B73F}, {0x02B81E, 0x02B81F},
    {0x02CEA2, 0x02CEAF}, {0x02EBE1, 0x02EBEF}, {0x02EE5E, 0x02F7FF}, {0x02FA1E, 0x02FFFF},
    {0x03134B, 0x03134F}, {0x0323B0, 0x0E0000}, {0x0E0002, 0x0E001F}, {0x0E0080, 0x0E00FF},
    {0x0E01F0, 0x0EFFFF}, {0x0FFFFE, 0x0FFFFF}, {0x10FFFE, 0x10FFFF}, {0x00E000, 0x00F8FF},
    {0x0F0000, 0x0FFFFD}, {0x100000, 0x10FFFD}, {0x000300, 0x00036F}, {0x000483, 0x000489},
    {0x000591, 0x0005BD}, {0x0005BF, 0x0005BF}, {0x0005C1, 0x0005C2}, {0x0005C4, 0x0005C5},
    {0x0005C7, 0x0005C7}, {0x000610, 0x00061A}, {0x00064B, 0x00065F}, {0x000670, 0x000670},
    {0x0006D6, 0x0006DC}, {0x0006DF, 0x0006E4}, {0x0006E7, 0x0006E8}, {0x0006EA, 0x0006ED},
    {0x000711, 0x000711}, {0x000730, 0x00074A}, {0x0007A6, 0x0007B0}, {0x0007EB, 0x0007F3},
    {0x0007FD, 0x0007FD}, {0x000816, 0x000819}, {0x00081B, 0x000823}, {0x000825, 0x000827},
    {0x000829, 0x00082D}, {0x000859, 0x00085B}, {0x000897, 0x00089F}, {0x0008CA, 0x0008E1},
    {0x0008E3, 0x000903}, {0x00093A, 0x00093C}, {0x00093E, 0x00094F}, {0x000951, 0x000957},
    {0x000962, 0x000963}, {0x000981, 0x000983}, {0x0009BC, 0x0009BC}, {0x0009BE, 0x0009C4},
    {0x0009C7, 0x0009C8}, {0x0009CB, 0x0009CD}, {0x0009D7, 0x0009D7}, {0x0009E2, 0x0009E3},
    {0x0009FE, 0x0009FE}, {0x000A01, 0x000A03}, {0x000A3C, 0x000A3C}, {0x000A3E, 0x000A42},
    {0x000A47, 0x000A48}, {0x000A4B, 0x000A4D}, {0x000A51, 0x000A51}, {0x000A70, 0x000A71},
    {0x000A75, 0x000A75}, {0x000A81, 0x000A83}, {0x000ABC, 0x000ABC}, {0x000ABE, 0x000AC5},
    {0x000AC7, 0x000AC9}, {0x000ACB, 0x000ACD}, {0x000AE2, 0x000AE3}, {0x000AFA, 0x000AFF},
    {0x000B01, 0x000B03}, {0x000B3C, 0x000B3C}, {0x000B3E, 0x000B44}, {0x000B47, 0x000B48},
    {0x000B4B, 0x000B4D}, {0x000B55, 0x000B57}, {0x000B62, 0x000B63}, {0x000B82, 0x000B82},
    {0x000BBE, 0x000BC2}, {0x000BC6, 0x000BC8}, {0x000BCA, 0x000BCD}, {0x000BD7, 0x000BD7},
    {0x000C00, 0x000C04}, {0x000C3C, 0x000C3C}, {0x000C3E, 0x000C44}, {0x000C46, 0x000C48},
    {0x000C4A, 0x000C4D}, {0x000C55, 0x000C56}, {0x000C62, 0x000C63}, {0x000C81, 0x000C83},
    {0x000CBC, 0x000CBC}, {0x000CBE, 0x000CC4}, {0x000CC6, 0x000CC8}, {0x000CCA, 0x000CCD},
    {0x000CD5, 0x000CD6}, {0x000CE2, 0x000CE3}, {0x000CF3, 0x000CF3}, {0x000D00, 0x000D03},
    {0x000D3B, 0x000D3C}, {0x000D3E, 0x000D44}, {0x000D46, 0x000D48}, {0x000D4A, 0x000D4D},
    {0x000D57, 0x000D57}, {0x000D62, 0x000D63}, {0x000D81, 0x000D83}, {0x000DCA, 0x000DCA},
    {0x000DCF, 0x000DD4}, {0x000DD6, 0x000DD6}, {0x000DD8, 0x000DDF}, {0x000DF2, 0x000DF3},
    {0x000E31, 0x000E31}, {0x000E34, 0x000E3A}, {0x000E47, 0x000E4E}, {0x000EB1, 0x000EB1},
    {0x000EB4, 0x000EBC}, {0x000EC8, 0x000ECE}, {0x000F18, 0x000F19}, {0x000F35, 0x000F35},
    {0x000F37, 0x000F37}, {0x000F39, 0x000F39}, {0x000F3E, 0x000F3F}, {0x000F71, 0x000F84},
    {0x000F86, 0x000F87}, {0x000F8D, 0x000F97}, {0x000F99, 0x000FBC}, {0x000FC6, 0x000FC6},
    {0x00102B, 0x00103E}, {0x001056, 0x001059}, {0x00105E, 0x001060}, {0x001062, 0x001064},
    {0x001067, 0x00106D}, {0x001071, 0x001074}, {0x001082, 0x00108D}, {0x00108F, 0x00108F},
    {0x00109A, 0x00109D}, {0x00135D, 0x00135F}, {0x001712, 0x001715}, {0x001732, 0x001734},
    {0x001752, 0x001753}, {0x001772, 0x001773}, {0x0017B4, 0x0017D3}, {0x0017DD, 0x0017DD},
    {0x00180B, 0x00180D}, {0x00180F, 0x00180F}, {0x001885, 0x001886}, {0x0018A9, 0x0018A9},
    {0x001920, 0x00192B}, {0x001930, 0x00193B}, {0x001A17, 0x001A1B}, {0x001A55, 0x001A5E},
    {0x001A60, 0x001A7C}, {0x001A7F, 0x001A7F}, {0x001AB0, 0x001ACE}, {0x001B00, 0x001B04},
    {0x001B34, 0x001B44}, {0x001B6B, 0x001B73}, {0x001B80, 0x001B82}, {0x001BA1, 0x001BAD},
    {0x001BE6, 0x001BF3}, {0x001C24, 0x001C37}, {0x001CD0, 0x001CD2}, {0x001CD4, 0x001CE8},
    {0x001CED, 0x001CED}, {0x001CF4, 0x001CF4}, {0x001CF7, 0x001CF9}, {0x001DC0, 0x001DFF},
    {0x0020D0, 0x0020F0}, {0x002CEF, 0x002CF1}, {0x002D7F, 0x002D7F}, {0x002DE0, 0x002DFF},
    {0x00302A, 0x00302F}, {0x003099, 0x00309A}, {0x00A66F, 0x00A672}, {0x00A674, 0x00A67D},
    {0x00A69E, 0x00A69F}, {0x00A6F0, 0x00A6F1}, {0x00A802, 0x00A802}, {0x00A806, 0x00A806},
    {0x00A80B, 0x00A80B}, {0x00A823, 0x00A827}, {0x00A82C, 0x00A82C}, {0x00A880, 0x00A881},
    {0x00A8B4, 0x00A8C5}, {0x00A8E0, 0x00A8F1}, {0x00A8FF, 0x00A8FF}, {0x00A926, 0x00A92D},
    {0x00A947, 0x00A953}, {0x00A980, 0x00A983}, {0x00A9B3, 0x00A9C0}, {0x00A9E5, 0x00A9E5},
    {0x00AA29, 0x00AA36}, {0x00AA43, 0x00AA43}, {0x00AA4C, 0x00AA4D}, {0x00AA7B, 0x00AA7D},
    {0x00AAB0, 0x00AAB0}, {0x00AAB2, 0x00AAB4}, {0x00AAB7, 0x00AAB8}, {0x00AABE, 0x00AABF},
    {0x00AAC1, 0x00AAC1}, {0x00AAEB, 0x00AAEF}, {0x00AAF5, 0x00AAF6}, {0x00ABE3, 0x00ABEA},
    {0x00ABEC, 0x00ABED}, {0x00FB1E, 0x00FB1E}, {0x00FE00, 0x00FE0F}, {0x00FE20, 0x00FE2F},
    {0x0101FD, 0x0101FD}, {0x0102E0, 0x0102E0}, {0x010376, 0x01037A}, {0x010A01, 0x010A03},
    {0x010A05, 0x010A06}, {0x010A0C, 0x010A0F}, {0x010A38, 0x010A3A}, {0x010A3F, 0x010A3F},
    {0x010AE5, 0x010AE6}, {0x010D24, 0x010D27}, {0x010D69, 0x010D6D}, {0x010EAB, 0x010EAC},
    {0x010EFC, 0x010EFF}, {0x010F46, 0x010F50}, {0x010F82, 0x010F85}, {0x011000, 0x011002},
    {0x011038, 0x011046}, {0x011070, 0x011070}, {0x011073, 0x011074}, {0x01107F, 0x011082},
    {0x0110B0, 0x0110BA}, {0x0110C2, 0x0110C2}, {0x011100, 0x011102}, {0x011127, 0x011134},
    {0x011145, 0x011146}, {0x011173, 0x011173}, {0x011180, 0x011182}, {0x0111B3, 0x0111C0},
    {0x0111C9, 0x0111CC}, {0x0111CE, 0x0111CF}, {0x01122C, 0x011237}, {0x01123E, 0x01123E},
    {0x011241, 0x011241}, {0x0112DF, 0x0112EA}, {0x011300, 0x011303}, {0x01133B, 0x01133C},
    {0x01133E, 0x011344}, {0x011347, 0x011348}, {0x01134B, 0x01134D}, {0x011357, 0x011357},
    {0x011362, 0x011363}, {0x011366, 0x01136C}, {0x011370, 0x011374}, {0x0113B8, 0x0113C0},
    {0x0113C2, 0x0113C2}, {0x0113C5, 0x0113C5}, {0x0113C7, 0x0113CA}, {0x0113CC, 0x0113D0},
    {0x0113D2, 0x0113D2}, {0x0113E1, 0x0113E2}, {0x011435, 0x011446}, {0x01145E, 0x01145E},
    {0x0114B0, 0x0114C3}, {0x0115AF, 0x0115B5}, {0x0115B8, 0x0115C0}, {0x0115DC, 0x0115DD},
    {0x011630, 0x011640}, {0x0116AB, 0x0116B7}, {0x01171D, 0x01172B}, {0x01182C, 0x01183A},
    {0x011930, 0x011935}, {0x011937, 0x011938}, {0x01193B, 0x01193E}, {0x011940, 0x011940},
    {0x011942, 0x011943}, {0x0119D1, 0x0119D7}, {0x0119DA, 0x0119E0}, {0x0119E4, 0x0119E4},
    {0x011A01, 0x011A0A}, {0x011A33, 0x011A39}, {0x011A3B, 0x011A3E}, {0x011A47, 0x011A47},
    {0x011A51, 0x011A5B}, {0x011A8A, 0x011A99}, {0x011C2F, 0x011C36}, {0x011C38, 0x011C3F},
    {0x011C92, 0x011CA7}, {0x011CA9, 0x011CB6}, {0x011D31, 0x011D36}, {0x011D3A, 0x011D3A},
    {0x011D3C, 0x011D3D}, {0x011D3F, 0x011D45}, {0x011D47, 0x011D47}, {0x011D8A, 0x011D8E},
    {0x011D90, 0x011D91}, {0x011D93, 0x011D97}, {0x011EF3, 0x011EF6}, {0x011F00, 0x011F01},
    {0x011F03, 0x011F03}, {0x011F34, 0x011F3A}, {0x011F3E, 0x011F42}, {0x011F5A, 0x011F5A},
    {0x013440, 0x013440}, {0x013447, 0x013455}, {0x01611E, 0x01612F}, {0x016AF0, 0x016AF4},
    {0x016B30, 0x016B36}, {0x016F4F, 0x016F4F}, {0x016F51, 0x016F87}, {0x016F8F, 0x016F92},
    {0x016FE4, 0x016FE4}, {0x016FF0, 0x016FF1}, {0x01BC9D, 0x01BC9E}, {0x01CF00, 0x01CF2D},
    {0x01CF30, 0x01CF46}, {0x01D165, 0x01D169}, {0x01D16D, 0x01D172}, {0x01D17B, 0x01D182},
    {0x01D185, 0x01D18B}, {0x01D1AA, 0x01D1AD}, {0x01D242, 0x01D244}, {0x01DA00, 0x01DA36},
    {0x01DA3B, 0x01DA6C}, {0x01DA75, 0x01DA75}, {0x01DA84, 0x01DA84}, {0x01DA9B, 0x01DA9F},
    {0x01DAA1, 0x01DAAF}, {0x01E000, 0x01E006}, {0x01E008, 0x01E018}, {0x01E01B, 0x01E021},
    {0x01E023, 0x01E024}, {0x01E026, 0x01E02A}, {0x01E08F, 0x01E08F}, {0x01E130, 0x01E136},
    {0x01E2AE, 0x01E2AE}, {0x01E2EC, 0x01E2EF}, {0x01E4EC, 0x01E4EF}, {0x01E5EE, 0x01E5EF},
    {0x01E8D0, 0x01E8D6}, {0x01E944, 0x01E94A}, {0x0E0100, 0x0E01EF}, {0x00005F, 0x00005F},
    {0x00203F, 0x002040}, {0x002054, 0x002054}, {0x00FE33, 0x00FE34}, {0x00FE4D, 0x00FE4F},
    {0x00FF3F, 0x00FF3F}, {0x00002D, 0x00002D}, {0x00058A, 0x00058A}, {0x0005BE, 0x0005BE},
    {0x001400, 0x001400}, {0x001806, 0x001806}, {0x002010, 0x002015}, {0x002E17, 0x002E17},
    {0x002E1A, 0x002E1A}, {0x002E3A, 0x002E3B}, {0x002E40, 0x002E40}, {0x002E5D, 0x002E5D},
    {0x00301C, 0x00301C}, {0x003030, 0x003030}, {0x0030A0, 0x0030A0}, {0x00FE31, 0x00FE32},
    {0x00FE58, 0x00FE58}, {0x00FE63, 0x00FE63}, {0x00FF0D, 0x00FF0D}, {0x010D6E, 0x010D6E},
    {0x010EAD, 0x010EAD}, {0x000030, 0x000039}, {0x000660, 0x000669}, {0x0006F0, 0x0006F9},
    {0x0007C0, 0x0007C9}, {0x000966, 0x00096F}, {0x0009E6, 0x0009EF}, {0x000A66, 0x000A6F},
    {0x000AE6, 0x000AEF}, {0x000B66, 0x000B6F}, {0x000BE6, 0x000BEF}, {0x000C66, 0x000C6F},
    {0x000CE6, 0x000CEF}, {0x000D66, 0x000D6F}, {0x000DE6, 0x000DEF}, {0x000E50, 0x000E59},
    {0x000ED0, 0x000ED9}, {0x000F20, 0x000F29}, {0x001040, 0x001049}, {0x001090, 0x001099},
    {0x0017E0, 0x0017E9}, {0x001810, 0x001819}, {0x001946, 0x00194F}, {0x0019D0, 0x0019D9},
    {0x001A80, 0x001A89}, {0x001A90, 0x001A99}, {0x001B50, 0x001B59}, {0x001BB0, 0x001BB9},
    {0x001C40, 0x001C49}, {0x001C50, 0x001C59}, {0x00A620, 0x00A629}, {0x00A8D0, 0x00A8D9},
    {0x00A900, 0x00A909}, {0x00A9D0, 0x00A9D9}, {0x00A9F0, 0x00A9F9}, {0x00AA50, 0x00AA59},
    {0x00ABF0, 0x00ABF9}, {0x00FF10, 0x00FF19}, {0x0104A0, 0x0104A9}, {0x010D30, 0x010D39},
    {0x010D40, 0x010D49}, {0x011066, 0x01106F}, {0x0110F0, 0x0110F9}, {0x011136, 0x01113F},
    {0x0111D0, 0x0111D9}, {0x0112F0, 0x0112F9}, {0x011450, 0x011459}, {0x0114D0, 0x0114D9},
    {0x011650, 0x011659}, {0x0116C0, 0x0116C9}, {0x0116D0, 0x0116E3}, {0x011730, 0x011739},
    {0x0118E0, 0x0118E9}, {0x011950, 0x011959}, {0x011BF0, 0x011BF9}, {0x011C50, 0x011C59},
    {0x011D50, 0x011D59}, {0x011DA0, 0x011DA9}, {0x011F50, 0x011F59}, {0x016130, 0x016139},
    {0x016A60, 0x016A69}, {0x016AC0, 0x016AC9}, {0x016B50, 0x016B59}, {0x016D70, 0x016D79},
    {0x01CCF0, 0x01CCF9}, {0x01D7CE, 0x01D7FF}, {0x01E140, 0x01E149}, {0x01E2F0, 0x01E2F9},
    {0x01E4F0, 0x01E4F9}, {0x01E5F1, 0x01E5FA}, {0x01E950, 0x01E959}, {0x01FBF0, 0x01FBF9},
    {0x000488, 0x000489}, {0x001ABE, 0x001ABE}, {0x0020DD, 0x0020E0}, {0x0020E2, 0x0020E4},
    {0x00A670, 0x00A672}, {0x0000BB, 0x0000BB}, {0x002019, 0x002019}, {0x00201D, 0x00201D},
    {0x00203A, 0x00203A}, {0x002E03, 0x002E03}, {0x002E05, 0x002E05}, {0x002E0A, 0x002E0A},
    {0x002E0D, 0x002E0D}, {0x002E1D, 0x002E1D}, {0x002E21, 0x002E21}, {0x0000AB, 0x0000AB},
    {0x002018, 0x002018}, {0x00201B, 0x00201C}, {0x00201F, 0x00201F}, {0x002039, 0x002039},
    {0x002E02, 0x002E02}, {0x002E04, 0x002E04}, {0x002E09, 0x002E09}, {0x002E0C, 0x002E0C},
    {0x002E1C, 0x002E1C}, {0x002E20, 0x002E20}, {0x000041, 0x00005A}, {0x000061, 0x00007A},
    {0x0000AA, 0x0000AA}, {0x0000B5, 0x0000B5}, {0x0000BA, 0x0000BA}, {0x0000C0, 0x0000D6},
    {0x0000D8, 0x0000F6}, {0x0000F8, 0x0002C1}, {0x0002C6, 0x0002D1}, {0x0002E0, 0x0002E4},
    {0x0002EC, 0x0002EC}, {0x0002EE, 0x0002EE}, {0x000370, 0x000374}, {0x000376, 0x000377},
    {0x00037A, 0x00037D}, {0x00037F, 0x00037F}, {0x000386, 0x000386}, {0x000388, 0x00038A},
    {0x00038C, 0x00038C}, {0x00038E, 0x0003A1}, {0x0003A3, 0x0003F5}, {0x0003F7, 0x000481},
    {0x00048A, 0x00052F}, {0x000531, 0x000556}, {0x000559, 0x000559}, {0x000560, 0x000588},
    {0x0005D0, 0x0005EA}, {0x0005EF, 0x0005F2}, {0x000620, 0x00064A}, {0x00066E, 0x00066F},
    {0x000671, 0x0006D3}, {0x0006D5, 0x0006D5}, {0x0006E5, 0x0006E6}, {0x0006EE, 0x0006EF},
    {0x0006FA, 0x0006FC}, {0x0006FF, 0x0006FF}, {0x000710, 0x000710}, {0x000712, 0x00072F},
    {0x00074D, 0x0007A5}, {0x0007B1, 0x0007B1}, {0x0007CA, 0x0007EA}, {0x0007F4, 0x0007F5},
    {0x0007FA, 0x0007FA}, {0x000800, 0x000815}, {0x00081A, 0x00081A}, {0x000824, 0x000824},
    {0x000828, 0x000828}, {0x000840, 0x000858}, {0x000860, 0x00086A}, {0x000870, 0x000887},
    {0x000889, 0x00088E}, {0x0008A0, 0x0008C9}, {0x000904, 0x000939}, {0x00093D, 0x00093D},
    {0x000950, 0x000950}, {0x000958, 0x000961}, {0x000971, 0x000980}, {0x000985, 0x00098C},
    {0x00098F, 0x000990}, {0x000993, 0x0009A8}, {0x0009AA, 0x0009B0}, {0x0009B2, 0x0009B2},
    {0x0009B6, 0x0009B9}, {0x0009BD, 0x0009BD}, {0x0009CE, 0x0009CE}, {0x0009DC, 0x0009DD},
    {0x0009DF, 0x0009E1}, {0x0009F0, 0x0009F1}, {0x0009FC, 0x0009FC}, {0x000A05, 0x000A0A},
    {0x000A0F, 0x000A10}, {0x000A13, 0x000A28}, {0x000A2A, 0x000A30}, {0x000A32, 0x000A33},
    {0x000A35, 0x000A36}, {0x000A38, 0x000A39}, {0x000A59, 0x000A5C}, {0x000A5E, 0x000A5E},
    {0x000A72, 0x000A74}, {0x000A85, 0x000A8D}, {0x000A8F, 0x000A91}, {0x000A93, 0x000AA8},
    {0x000AAA, 0x000AB0}, {0x000AB2, 0x000AB3}, {0x000AB5, 0x000AB9}, {0x000ABD, 0x000ABD},
    {0x000AD0, 0x000AD0}, {0x000AE0, 0x000AE1}, {0x000AF9, 0x000AF9}, {0x000B05, 0x000B0C},
    {0x000B0F, 0x000B10}, {0x000B13, 0x000B28}, {0x000B2A, 0x000B30}, {0x000B32, 0x000B33},
    {0x000B35, 0x000B39}, {0x000B3D, 0x000B3D}, {0x000B5C, 0x000B5D}, {0x000B5F, 0x000B61},
    {0x000B71, 0x000B71}, {0x000B83, 0x000B83}, {0x000B85, 0x000B8A}, {0x000B8E, 0x000B90},
    {0x000B92, 0x000B95}, {0x000B99, 0x000B9A}, {0x000B9C, 0x000B9C}, {0x000B9E, 0x000B9F},
    {0x000BA3, 0x000BA4}, {0x000BA8, 0x000BAA}, {0x000BAE, 0x000BB9}, {0x000BD0, 0x000BD0},
    {0x000C05, 0x000C0C}, {0x000C0E, 0x000C10}, {0x000C12, 0x000C28}, {0x000C2A, 0x000C39},
    {0x000C3D, 0x000C3D}, {0x000C58, 0x000C5A}, {0x000C5D, 0x000C5D}, {0x000C60, 0x000C61},
    {0x000C80, 0x000C80}, {0x000C85, 0x000C8C}, {0x000C8E, 0x000C90}, {0x000C92, 0x000CA8},
    {0x000CAA, 0x000CB3}, {0x000CB5, 0x000CB9}, {0x000CBD, 0x000CBD}, {0x000CDD, 0x000CDE},
    {0x000CE0, 0x000CE1}, {0x000CF1, 0x000CF2}, {0x000D04, 0x000D0C}, {0x000D0E, 0x000D10},
    {0x000D12, 0x000D3A}, {0x000D3D, 0x000D3D}, {0x000D4E, 0x000D4E}, {0x000D54, 0x000D56},
    {0x000D5F, 0x000D61}, {0x000D7A, 0x000D7F}, {0x000D85, 0x000D96}, {0x000D9A, 0x000DB1},
    {0x000DB3, 0x000DBB}, {0x000DBD, 0x000DBD}, {0x000DC0, 0x000DC6}, {0x000E01, 0x000E30},
    {0x000E32, 0x000E33}, {0x000E40, 0x000E46}, {0x000E81, 0x000E82}, {0x000E84, 0x000E84},
    {0x000E86, 0x000E8A}, {0x000E8C, 0x000EA3}, {0x000EA5, 0x000EA5}, {0x000EA7, 0x000EB0},
    {0x000EB2, 0x000EB3}, {0x000EBD, 0x000EBD}, {0x000EC0, 0x000EC4}, {0x000EC6, 0x000EC6},
    {0x000EDC, 0x000EDF}, {0x000F00, 0x000F00}, {0x000F40, 0x000F47}, {0x000F49, 0x000F6C},
    {0x000F88, 0x000F8C}, {0x001000, 0x00102A}, {0x00103F, 0x00103F}, {0x001050, 0x001055},
    {0x00105A, 0x00105D}, {0x001061, 0x001061}, {0x001065, 0x001066}, {0x00106E, 0x001070},
    {0x001075, 0x001081}, {0x00108E, 0x00108E}, {0x0010A0, 0x0010C5}, {0x0010C7, 0x0010C7},
    {0x0010CD, 0x0010CD}, {0x0010D0, 0x0010FA}, {0x0010FC, 0x001248}, {0x00124A, 0x00124D},
    {0x001250, 0x001256}, {0x001258, 0x001258}, {0x00125A, 0x00125D}, {0x001260, 0x001288},
    {0x00128A, 0x00128D}, {0x001290, 0x0012B0}, {0x0012B2, 0x0012B5}, {0x0012B8, 0x0012BE},
    {0x0012C0, 0x0012C0}, {0x0012C2, 0x0012C5}, {0x0012C8, 0x0012D6}, {0x0012D8, 0x001310},
    {0x001312, 0x001315}, {0x001318, 0x00135A}, {0x001380, 0x00138F}, {0x0013A0, 0x0013F5},
    {0x0013F8, 0x0013FD}, {0x001401, 0x00166C}, {0x00166F, 0x00167F}, {0x001681, 0x00169A},
    {0x0016A0, 0x0016EA}, {0x0016F1, 0x0016F8}, {0x001700, 0x001711}, {0x00171F, 0x001731},
    {0x001740, 0x001751}, {0x001760, 0x00176C}, {0x00176E, 0x001770}, {0x001780, 0x0017B3},
    {0x0017D7, 0x0017D7}, {0x0017DC, 0x0017DC}, {0x001820, 0x001878}, {0x001880, 0x001884},
    {0x001887, 0x0018A8}, {0x0018AA, 0x0018AA}, {0x0018B0, 0x0018F5}, {0x001900, 0x00191E},
    {0x001950, 0x00196D}, {0x001970, 0x001974}, {0x001980, 0x0019AB}, {0x0019B0, 0x0019C9},
    {0x001A00, 0x001A16}, {0x001A20, 0x001A54}, {0x001AA7, 0x001AA7}, {0x001B05, 0x001B33},
    {0x001B45, 0x001B4C}, {0x001B83, 0x001BA0}, {0x001BAE, 0x001BAF}, {0x001BBA, 0x001BE5},
    {0x001C00, 0x001C23}, {0x001C4D, 0x001C4F}, {0x001C5A, 0x001C7D}, {0x001C80, 0x001C8A},
    {0x001C90, 0x001CBA}, {0x001CBD, 0x001CBF}, {0x001CE9, 0x001CEC}, {0x001CEE, 0x001CF3},
    {0x001CF5, 0x001CF6}, {0x001CFA, 0x001CFA}, {0x001D00, 0x001DBF}, {0x001E00, 0x001F15},
    {0x001F18, 0x001F1D}, {0x001F20, 0x001F45}, {0x001F48, 0x001F4D}, {0x001F50, 0x001F57},
    {0x001F59, 0x001F59}, {0x001F5B, 0x001F5B}, {0x001F5D, 0x001F5D}, {0x001F5F, 0x001F7D},
    {0x001F80, 0x001FB4}, {0x001FB6, 0x001FBC}, {0x001FBE, 0x001FBE}, {0x001FC2, 0x001FC4},
    {0x001FC6, 0x001FCC}, {0x001FD0, 0x001FD3}, {0x001FD6, 0x001FDB}, {0x001FE0, 0x001FEC},
    {0x001FF2, 0x001FF4}, {0x001FF6, 0x001FFC}, {0x002071, 0x002071}, {0x00207F, 0x00207F},
    {0x002090, 0x00209C}, {0x002102, 0x002102}, {0x002107, 0x002107}, {0x00210A, 0x002113},
    {0x002115, 0x002115}, {0x002119, 0x00211D}, {0x002124, 0x002124}, {0x002126, 0x002126},
    {0x002128, 0x002128}, {0x00212A, 0x00212D}, {0x00212F, 0x002139}, {0x00213C, 0x00213F},
    {0x002145, 0x002149}, {0x00214E, 0x00214E}, {0x002183, 0x002184}, {0x002C00, 0x002CE4},
    {0x002CEB, 0x002CEE}, {0x002CF2, 0x002CF3}, {0x002D00, 0x002D25}, {0x002D27, 0x002D27},
    {0x002D2D, 0x002D2D}, {0x002D30, 0x002D67}, {0x002D6F, 0x002D6F}, {0x002D80, 0x002D96},
    {0x002DA0, 0x002DA6}, {0x002DA8, 0x002DAE}, {0x002DB0, 0x002DB6}, {0x002DB8, 0x002DBE},
    {0x002DC0, 0x002DC6}, {0x002DC8, 0x002DCE}, {0x002DD0, 0x002DD6}, {0x002DD8, 0x002DDE},
    {0x002E2F, 0x002E2F}, {0x003005, 0x003006}, {0x003031, 0x003035}, {0x00303B, 0x00303C},
    {0x003041, 0x003096}, {0x00309D, 0x00309F}, {0x0030A1, 0x0030FA}, {0x0030FC, 0x0030FF},
    {0x003105, 0x00312F}, {0x003131, 0x00318E}, {0x0031A0, 0x0031BF}, {0x0031F0, 0x0031FF},
    {0x003400, 0x004DBF}, {0x004E00, 0x00A48C}, {0x00A4D0, 0x00A4FD}, {0x00A500, 0x00A60C},
    {0x00A610, 0x00A61F}, {0x00A62A, 0x00A62B}, {0x00A640, 0x00A66E}, {0x00A67F, 0x00A69D},
    {0x00A6A0, 0x00A6E5}, {0x00A717, 0x00A71F}, {0x00A722, 0x00A788}, {0x00A78B, 0x00A7CD},
    {0x00A7D0, 0x00A7D1}, {0x00A7D3, 0x00A7D3}, {0x00A7D5, 0x00A7DC}, {0x00A7F2, 0x00A801},
    {0x00A803, 0x00A805}, {0x00A807, 0x00A80A}, {0x00A80C, 0x00A822}, {0x00A840, 0x00A873},
    {0x00A882, 0x00A8B3}, {0x00A8F2, 0x00A8F7}, {0x00A8FB, 0x00A8FB}, {0x00A8FD, 0x00A8FE},
    {0x00A90A, 0x00A925}, {0x00A930, 0x00A946}, {0x00A960, 0x00A97C}, {0x00A984, 0x00A9B2},
    {0x00A9CF, 0x00A9CF}, {0x00A9E0, 0x00A9E4}, {0x00A9E6, 0x00A9EF}, {0x00A9FA, 0x00A9FE},
    {0x00AA00, 0x00AA28}, {0x00AA40, 0x00AA42}, {0x00AA44, 0x00AA4B}, {0x00AA60, 0x00AA76},
    {0x00AA7A, 0x00AA7A}, {0x00AA7E, 0x00AAAF}, {0x00AAB1, 0x00AAB1}, {0x00AAB5, 0x00AAB6},
    {0x00AAB9, 0x00AABD}, {0x00AAC0, 0x00AAC0}, {0x00AAC2, 0x00AAC2}, {0x00AADB, 0x00AADD},
    {0x00AAE0, 0x00AAEA}, {0x00AAF2, 0x00AAF4}, {0x00AB01, 0x00AB06}, {0x00AB09, 0x00AB0E},
    {0x00AB11, 0x00AB16}, {0x00AB20, 0x00AB26}, {0x00AB28, 0x00AB2E}, {0x00AB30, 0x00AB5A},
    {0x00AB5C, 0x00AB69}, {0x00AB70, 0x00ABE2}, {0x00AC00, 0x00D7A3}, {0x00D7B0, 0x00D7C6},
    {0x00D7CB, 0x00D7FB}, {0x00F900, 0x00FA6D}, {0x00FA70, 0x00FAD9}, {0x00FB00, 0x00FB06},
    {0x00FB13, 0x00FB17}, {0x00FB1D, 0x00FB1D}, {0x00FB1F, 0x00FB28}, {0x00FB2A, 0x00FB36},
    {0x00FB38, 0x00FB3C}, {0x00FB3E, 0x00FB3E}, {0x00FB40, 0x00FB41}, {0x00FB43, 0x00FB44},
    {0x00FB46, 0x00FBB1}, {0x00FBD3, 0x00FD3D}, {0x00FD50, 0x00FD8F}, {0x00FD92, 0x00FDC7},
    {0x00FDF0, 0x00FDFB}, {0x00FE70, 0x00FE74}, {0x00FE76, 0x00FEFC}, {0x00FF21, 0x00FF3A},
    {0x00FF41, 0x00FF5A}, {0x00FF66, 0x00FFBE}, {0x00FFC2, 0x00FFC7}, {0x00FFCA, 0x00FFCF},
    {0x00FFD2, 0x00FFD7}, {0x00FFDA, 0x00FFDC}, {0x010000, 0x01000B}, {0x01000D, 0x010026},
    {0x010028, 0x01003A}, {0x01003C, 0x01003D}, {0x01003F, 0x01004D}, {0x010050, 0x01005D},
    {0x010080, 0x0100FA}, {0x010280, 0x01029C}, {0x0102A0, 0x0102D0}, {0x010300, 0x01031F},
    {0x01032D, 0x010340}, {0x010342, 0x010349}, {0x010350, 0x010375}, {0x010380, 0x01039D},
    {0x0103A0, 0x0103C3}, {0x0103C8, 0x0103CF}, {0x010400, 0x01049D}, {0x0104B0, 0x0104D3},
    {0x0104D8, 0x0104FB}, {0x010500, 0x010527}, {0x010530, 0x010563}, {0x010570, 0x01057A},
    {0x01057C, 0x01058A}, {0x01058C, 0x010592}, {0x010594, 0x010595}, {0x010597, 0x0105A1},
    {0x0105A3, 0x0105B1}, {0x0105B3, 0x0105B9}, {0x0105BB, 0x0105BC}, {0x0105C0, 0x0105F3},
    {0x010600, 0x010736}, {0x010740, 0x010755}, {0x010760, 0x010767}, {0x010780, 0x010785},
    {0x010787, 0x0107B0}, {0x0107B2, 0x0107BA}, {0x010800, 0x010805}, {0x010808, 0x010808},
    {0x01080A, 0x010835}, {0x010837, 0x010838}, {0x01083C, 0x01083C}, {0x01083F, 0x010855},
    {0x010860, 0x010876}, {0x010880, 0x01089E}, {0x0108E0, 0x0108F2}, {0x0108F4, 0x0108F5},
    {0x010900, 0x010915}, {0x010920, 0x010939}, {0x010980, 0x0109B7}, {0x0109BE, 0x0109BF},
    {0x010A00, 0x010A00}, {0x010A10, 0x010A13}, {0x010A15, 0x010A17}, {0x010A19, 0x010A35},
    {0x010A60, 0x010A7C}, {0x010A80, 0x010A9C}, {0x010AC0, 0x010AC7}, {0x010AC9, 0x010AE4},
    {0x010B00, 0x010B35}, {0x010B40, 0x010B55}, {0x010B60, 0x010B72}, {0x010B80, 0x010B91},
    {0x010C00, 0x010C48}, {0x010C80, 0x010CB2}, {0x010CC0, 0x010CF2}, {0x010D00, 0x010D23},
    {0x010D4A, 0x010D65}, {0x010D6F, 0x010D85}, {0x010E80, 0x010EA9}, {0x010EB0, 0x010EB1},
    {0x010EC2, 0x010EC4}, {0x010F00, 0x010F1C}, {0x010F27, 0x010F27}, {0x010F30, 0x010F45},
    {0x010F70, 0x010F81}, {0x010FB0, 0x010FC4}, {0x010FE0, 0x010FF6}, {0x011003, 0x011037},
    {0x011071, 0x011072}, {0x011075, 0x011075}, {0x011083, 0x0110AF}, {0x0110D0, 0x0110E8},
    {0x011103, 0x011126}, {0x011144, 0x011144}, {0x011147, 0x011147}, {0x011150, 0x011172},
    {0x011176, 0x011176}, {0x011183, 0x0111B2}, {0x0111C1, 0x0111C4}, {0x0111DA, 0x0111DA},
    {0x0111DC, 0x0111DC}, {0x011200, 0x011211}, {0x011213, 0x01122B}, {0x01123F, 0x011240},
    {0x011280, 0x011286}, {0x011288, 0x011288}, {0x01128A, 0x01128D}, {0x01128F, 0x01129D},
    {0x01129F, 0x0112A8}, {0x0112B0, 0x0112DE}, {0x011305, 0x01130C}, {0x01130F, 0x011310},
    {0x011313, 0x011328}, {0x01132A, 0x011330}, {0x011332, 0x011333}, {0x011335, 0x011339},
    {0x01133D, 0x01133D}, {0x011350, 0x011350}, {0x01135D, 0x011361}, {0x011380, 0x011389},
    {0x01138B, 0x01138B}, {0x01138E, 0x01138E}, {0x011390, 0x0113B5}, {0x0113B7, 0x0113B7},
    {0x0113D1, 0x0113D1}, {0x0113D3, 0x0113D3}, {0x011400, 0x011434}, {0x011447, 0x01144A},
    {0x01145F, 0x011461}, {0x011480, 0x0114AF}, {0x0114C4, 0x0114C5}, {0x0114C7, 0x0114C7},
    {0x011580, 0x0115AE}, {0x0115D8, 0x0115DB}, {0x011600, 0x01162F}, {0x011644, 0x011644},
    {0x011680, 0x0116AA}, {0x0116B8, 0x0116B8}, {0x011700, 0x01171A}, {0x011740, 0x011746},
    {0x011800, 0x01182B}, {0x0118A0, 0x0118DF}, {0x0118FF, 0x011906}, {0x011909, 0x011909},
    {0x01190C, 0x011913}, {0x011915, 0x011916}, {0x011918, 0x01192F}, {0x01193F, 0x01193F},
    {0x011941, 0x011941}, {0x0119A0, 0x0119A7}, {0x0119AA, 0x0119D0}, {0x0119E1, 0x0119E1},
    {0x0119E3, 0x0119E3}, {0x011A00, 0x011A00}, {0x011A0B, 0x011A32}, {0x011A3A, 0x011A3A},
    {0x011A50, 0x011A50}, {0x011A5C, 0x011A89}, {0x011A9D, 0x011A9D}, {0x011AB0, 0x011AF8},
    {0x011BC0, 0x011BE0}, {0x011C00, 0x011C08}, {0x011C0A, 0x011C2E}, {0x011C40, 0x011C40},
    {0x011C72, 0x011C8F}, {0x011D00, 0x011D06}, {0x011D08, 0x011D09}, {0x011D0B, 0x011D30},
    {0x011D46, 0x011D46}, {0x011D60, 0x011D65}, {0x011D67, 0x011D68}, {0x011D6A, 0x011D89},
    {0x011D98, 0x011D98}, {0x011EE0, 0x011EF2}, {0x011F02, 0x011F02}, {0x011F04, 0x011F10},
    {0x011F12, 0x011F33}, {0x011FB0, 0x011FB0}, {0x012000, 0x012399}, {0x012480, 0x012543},
    {0x012F90, 0x012FF0}, {0x013000, 0x01342F}, {0x013441, 0x013446}, {0x013460, 0x0143FA},
    {0x014400, 0x014646}, {0x016100, 0x01611D}, {0x016800, 0x016A38}, {0x016A40, 0x016A5E},
    {0x016A70, 0x016ABE}, {0x016AD0, 0x016AED}, {0x016B00, 0x016B2F}, {0x016B40, 0x016B43},
    {0x016B63, 0x016B77}, {0x016B7D, 0x016B8F}, {0x016D40, 0x016D6C}, {0x016E40, 0x016E7F},
    {0x016F00, 0x016F4A}, {0x016F50, 0x016F50}, {0x016F93, 0x016F9F}, {0x016FE0, 0x016FE1},
    {0x016FE3, 0x016FE3}, {0x017000, 0x0187F7}, {0x018800, 0x018CD5}, {0x018CFF, 0x018D08},
    {0x01AFF0, 0x01AFF3}, {0x01AFF5, 0x01AFFB}, {0x01AFFD, 0x01AFFE}, {0x01B000, 0x01B122},
    {0x01B132, 0x01B132}, {0x01B150, 0x01B152}, {0x01B155, 0x01B155}, {0x01B164, 0x01B167},
    {0x01B170, 0x01B2FB}, {0x01BC00, 0x01BC6A}, {0x01BC70, 0x01BC7C}, {0x01BC80, 0x01BC88},
    {0x01BC90, 0x01BC99}, {0x01D400, 0x01D454}, {0x01D456, 0x01D49C}, {0x01D49E, 0x01D49F},
    {0x01D4A2, 0x01D4A2}, {0x01D4A5, 0x01D4A6}, {0x01D4A9, 0x01D4AC}, {0x01D4AE, 0x01D4B9},
    {0x01D4BB, 0x01D4BB}, {0x01D4BD, 0x01D4C3}, {0x01D4C5, 0x01D505}, {0x01D507, 0x01D50A},
    {0x01D50D, 0x01D514}, {0x01D516, 0x01D51C}, {0x01D51E, 0x01D539}, {0x01D53B, 0x01D53E},
    {0x01D540, 0x01D544}, {0x01D546, 0x01D546}, {0x01D54A, 0x01D550}, {0x01D552, 0x01D6A5},
    {0x01D6A8, 0x01D6C0}, {0x01D6C2, 0x01D6DA}, {0x01D6DC, 0x01D6FA}, {0x01D6FC, 0x01D714},
    {0x01D716, 0x01D734}, {0x01D736, 0x01D74E}, {0x01D750, 0x01D76E}, {0x01D770, 0x01D788},
    {0x01D78A, 0x01D7A8}, {0x01D7AA, 0x01D7C2}, {0x01D7C4, 0x01D7CB}, {0x01DF00, 0x01DF1E},
    {0x01DF25, 0x01DF2A}, {0x01E030, 0x01E06D}, {0x01E100, 0x01E12C}, {0x01E137, 0x01E13D},
    {0x01E14E, 0x01E14E}, {0x01E290, 0x01E2AD}, {0x01E2C0, 0x01E2EB}, {0x01E4D0, 0x01E4EB},
    {0x01E5D0, 0x01E5ED}, {0x01E5F0, 0x01E5F0}, {0x01E7E0, 0x01E7E6}, {0x01E7E8, 0x01E7EB},
    {0x01E7ED, 0x01E7EE}, {0x01E7F0, 0x01E7FE}, {0x01E800, 0x01E8C4}, {0x01E900, 0x01E943},
    {0x01E94B, 0x01E94B}, {0x01EE00, 0x01EE03}, {0x01EE05, 0x01EE1F}, {0x01EE21, 0x01EE22},
    {0x01EE24, 0x01EE24}, {0x01EE27, 0x01EE27}, {0x01EE29, 0x01EE32}, {0x01EE34, 0x01EE37},
    {0x01EE39, 0x01EE39}, {0x01EE3B, 0x01EE3B}, {0x01EE42, 0x01EE42}, {0x01EE47, 0x01EE47},
    {0x01EE49, 0x01EE49}, {0x01EE4B, 0x01EE4B}, {0x01EE4D, 0x01EE4F}, {0x01EE51, 0x01EE52},
    {0x01EE54, 0x01EE54}, {0x01EE57, 0x01EE57}, {0x01EE59, 0x01EE59}, {0x01EE5B, 0x01EE5B},
    {0x01EE5D, 0x01EE5D}, {0x01EE5F, 0x01EE5F}, {0x01EE61, 0x01EE62}, {0x01EE64, 0x01EE64},
    {0x01EE67, 0x01EE6A}, {0x01EE6C, 0x01EE72}, {0x01EE74, 0x01EE77}, {0x01EE79, 0x01EE7C},
    {0x01EE7E, 0x01EE7E}, {0x01EE80, 0x01EE89}, {0x01EE8B, 0x01EE9B}, {0x01EEA1, 0x01EEA3},
    {0x01EEA5, 0x01EEA9}, {0x01EEAB, 0x01EEBB}, {0x020000, 0x02A6DF}, {0x02A700, 0x02B739},
    {0x02B740, 0x02B81D}, {0x02B820, 0x02CEA1}, {0x02CEB0, 0x02EBE0}, {0x02EBF0, 0x02EE5D},
    {0x02F800, 0x02FA1D}, {0x030000, 0x03134A}, {0x031350, 0x0323AF}, {0x0016EE, 0x0016F0},
    {0x002160, 0x002182}, {0x002185, 0x002188}, {0x003007, 0x003007}, {0x003021, 0x003029},
    {0x003038, 0x00303A}, {0x00A6E6, 0x00A6EF}, {0x010140, 0x010174}, {0x010341, 0x010341},
    {0x01034A, 0x01034A}, {0x0103D1, 0x0103D5}, {0x012400, 0x01246E}, {0x000061, 0x00007A},
    {0x0000B5, 0x0000B5}, {0x0000DF, 0x0000F6}, {0x0000F8, 0x0000FF}, {0x000101, 0x000101},
    {0x000103, 0x000103}, {0x000105, 0x000105}, {0x000107, 0x000107}, {0x000109, 0x000109},
    {0x00010B, 0x00010B}, {0x00010D, 0x00010D}, {0x00010F, 0x00010F}, {0x000111, 0x000111},
    {0x000113, 0x000113}, {0x000115, 0x000115}, {0x000117, 0x000117}, {0x000119, 0x000119},
    {0x00011B, 0x00011B}, {0x00011D, 0x00011D}, {0x00011F, 0x00011F}, {0x000121, 0x000121},
    {0x000123, 0x000123}, {0x000125, 0x000125}, {0x000127, 0x000127}, {0x000129, 0x000129},
    {0x00012B, 0x00012B}, {0x00012D, 0x00012D}, {0x00012F, 0x00012F}, {0x000131, 0x000131},
    {0x000133, 0x000133}, {0x000135, 0x000135}, {0x000137, 0x000138}, {0x00013A, 0x00013A},
    {0x00013C, 0x00013C}, {0x00013E, 0x00013E}, {0x000140, 0x000140}, {0x000142, 0x000142},
    {0x000144, 0x000144}, {0x000146, 0x000146}, {0x000148, 0x000149}, {0x00014B, 0x00014B},
    {0x00014D, 0x00014D}, {0x00014F, 0x00014F}, {0x000151, 0x000151}, {0x000153, 0x000153},
    {0x000155, 0x000155}, {0x000157, 0x000157}, {0x000159, 0x000159}, {0x00015B, 0x00015B},
    {0x00015D, 0x00015D}, {0x00015F, 0x00015F}, {0x000161, 0x000161}, {0x000163, 0x000163},
    {0x000165, 0x000165}, {0x000167, 0x000167}, {0x000169, 0x000169}, {0x00016B, 0x00016B},
    {0x00016D, 0x00016D}, {0x00016F, 0x00016F}, {0x000171, 0x000171}, {0x000173, 0x000173},
    {0x000175, 0x000175}, {0x000177, 0x000177}, {0x00017A, 0x00017A}, {0x00017C, 0x00017C},
    {0x00017E, 0x000180}, {0x000183, 0x000183}, {0x000185, 0x000185}, {0x000188, 0x000188},
    {0x00018C, 0x00018D}, {0x000192, 0x000192}, {0x000195, 0x000195}, {0x000199, 0x00019B},
    {0x00019E, 0x00019E}, {0x0001A1, 0x0001A1}, {0x0001A3, 0x0001A3}, {0x0001A5, 0x0001A5},
    {0x0001A8, 0x0001A8}, {0x0001AA, 0x0001AB}, {0x0001AD, 0x0001AD}, {0x0001B0, 0x0001B0},
    {0x0001B4, 0x0001B4}, {0x0001B6, 0x0001B6}, {0x0001B9, 0x0001BA}, {0x0001BD, 0x0001BF},
    {0x0001C6, 0x0001C6}, {0x0001C9, 0x0001C9}, {0x0001CC, 0x0001CC}, {0x0001CE, 0x0001CE},
    {0x0001D0, 0x0001D0}, {0x0001D2, 0x0001D2}, {0x0001D4, 0x0001D4}, {0x0001D6, 0x0001D6},
    {0x0001D8, 0x0001D8}, {0x0001DA, 0x0001DA}, {0x0001DC, 0x0001DD}, {0x0001DF, 0x0001DF},
    {0x0001E1, 0x0001E1}, {0x0001E3, 0x0001E3}, {0x0001E5, 0x0001E5}, {0x0001E7, 0x0001E7},
    {0x0001E9, 0x0001E9}, {0x0001EB, 0x0001EB}, {0x0001ED, 0x0001ED}, {0x0001EF, 0x0001F0},
    {0x0001F3, 0x0001F3}, {0x0001F5, 0x0001F5}, {0x0001F9, 0x0001F9}, {0x0001FB, 0x0001FB},
    {0x0001FD, 0x0001FD}, {0x0001FF, 0x0001FF}, {0x000201, 0x000201}, {0x000203, 0x000203},
    {0x000205, 0x000205}, {0x000207, 0x000207}, {0x000209, 0x000209}, {0x00020B, 0x00020B},
    {0x00020D, 0x00020D}, {0x00020F, 0x00020F}, {0x000211, 0x000211}, {0x000213, 0x000213},
    {0x000215, 0x000215}, {0x000217, 0x000217}, {0x000219, 0x000219}, {0x00021B, 0x00021B},
    {0x00021D, 0x00021D}, {0x00021F, 0x00021F}, {0x000221, 0x000221}, {0x000223, 0x000223},
    {0x000225, 0x000225}, {0x000227, 0x000227}, {0x000229, 0x000229}, {0x00022B, 0x00022B},
    {0x00022D, 0x00022D}, {0x00022F, 0x00022F}, {0x000231, 0x000231}, {0x000233, 0x000239},
    {0x00023C, 0x00023C}, {0x00023F, 0x000240}, {0x000242, 0x000242}, {0x000247, 0x000247},
    {0x000249, 0x000249}, {0x00024B, 0x00024B}, {0x00024D, 0x00024D}, {0x00024F, 0x000293},
    {0x000295, 0x0002AF}, {0x000371, 0x000371}, {0x000373, 0x000373}, {0x000377, 0x000377},
    {0x00037B, 0x00037D}, {0x000390, 0x000390}, {0x0003AC, 0x0003CE}, {0x0003D0, 0x0003D1},
    {0x0003D5, 0x0003D7}, {0x0003D9, 0x0003D9}, {0x0003DB, 0x0003DB}, {0x0003DD, 0x0003DD},
    {0x0003DF, 0x0003DF}, {0x0003E1, 0x0003E1}, {0x0003E3, 0x0003E3}, {0x0003E5, 0x0003E5},
    {0x0003E7, 0x0003E7}, {0x0003E9, 0x0003E9}, {0x0003EB, 0x0003EB}, {0x0003ED, 0x0003ED},
    {0x0003EF, 0x0003F3}, {0x0003F5, 0x0003F5}, {0x0003F8, 0x0003F8}, {0x0003FB, 0x0003FC},
    {0x000430, 0x00045F}, {0x000461, 0x000461}, {0x000463, 0x000463}, {0x000465, 0x000465},
    {0x000467, 0x000467}, {0x000469, 0x000469}, {0x00046B, 0x00046B}, {0x00046D, 0x00046D},
    {0x00046F, 0x00046F}, {0x000471, 0x000471}, {0x000473, 0x000473}, {0x000475, 0x000475},
    {0x000477, 0x000477}, {0x000479, 0x000479}, {0x00047B, 0x00047B}, {0x00047D, 0x00047D},
    {0x00047F, 0x00047F}, {0x000481, 0x000481}, {0x00048B, 0x00048B}, {0x00048D, 0x00048D},
    {0x00048F, 0x00048F}, {0x000491, 0x000491}, {0x000493, 0x000493}, {0x000495, 0x000495},
    {0x000497, 0x000497}, {0x000499, 0x000499}, {0x00049B, 0x00049B}, {0x00049D, 0x00049D},
    {0x00049F, 0x00049F}, {0x0004A1, 0x0004A1}, {0x0004A3, 0x0004A3}, {0x0004A5, 0x0004A5},
    {0x0004A7, 0x0004A7}, {0x0004A9, 0x0004A9}, {0x0004AB, 0x0004AB}, {0x0004AD, 0x0004AD},
    {0x0004AF, 0x0004AF}, {0x0004B1, 0x0004B1}, {0x0004B3, 0x0004B3}, {0x0004B5, 0x0004B5},
    {0x0004B7, 0x0004B7}, {0x0004B9, 0x0004B9}, {0x0004BB, 0x0004BB}, {0x0004BD, 0x0004BD},
    {0x0004BF, 0x0004BF}, {0x0004C2, 0x0004C2}, {0x0004C4, 0x0004C4}, {0x0004C6, 0x0004C6},
    {0x0004C8, 0x0004C8}, {0x0004CA, 0x0004CA}, {0x0004CC, 0x0004CC}, {0x0004CE, 0x0004CF},
    {0x0004D1, 0x0004D1}, {0x0004D3, 0x0004D3}, {0x0004D5, 0x0004D5}, {0x0004D7, 0x0004D7},
    {0x0004D9, 0x0004D9}, {0x0004DB, 0x0004DB}, {0x0004DD, 0x0004DD}, {0x0004DF, 0x0004DF},
    {0x0004E1, 0x0004E1}, {0x0004E3, 0x0004E3}, {0x0004E5, 0x0004E5}, {0x0004E7, 0x0004E7},
    {0x0004E9, 0x0004E9}, {0x0004EB, 0x0004EB}, {0x0004ED, 0x0004ED}, {0x0004EF, 0x0004EF},
    {0x0004F1, 0x0004F1}, {0x0004F3, 0x0004F3}, {0x0004F5, 0x0004F5}, {0x0004F7, 0x0004F7},
    {0x0004F9, 0x0004F9}, {0x0004FB, 0x0004FB}, {0x0004FD, 0x0004FD}, {0x0004FF, 0x0004FF},
    {0x000501, 0x000501}, {0x000503, 0x000503}, {0x000505, 0x000505}, {0x000507, 0x000507},
    {0x000509, 0x000509}, {0x00050B, 0x00050B}, {0x00050D, 0x00050D}, {0x00050F, 0x00050F},
    {0x000511, 0x000511}, {0x000513, 0x000513}, {0x000515, 0x000515}, {0x000517, 0x000517},
    {0x000519, 0x000519}, {0x00051B, 0x00051B}, {0x00051D, 0x00051D}, {0x00051F, 0x00051F},
    {0x000521, 0x000521}, {0x000523, 0x000523}, {0x000525, 0x000525}, {0x000527, 0x000527},
    {0x000529, 0x000529}, {0x00052B, 0x00052B}, {0x00052D, 0x00052D}, {0x00052F, 0x00052F},
    {0x000560, 0x000588}, {0x0010D0, 0x0010FA}, {0x0010FD, 0x0010FF}, {0x0013F8, 0x0013FD},
    {0x001C80, 0x001C88}, {0x001C8A, 0x001C8A}, {0x001D00, 0x001D2B}, {0x001D6B, 0x001D77},
    {0x001D79, 0x001D9A}, {0x001E01, 0x001E01}, {0x001E03, 0x001E03}, {0x001E05, 0x001E05},
    {0x001E07, 0x001E07}, {0x001E09, 0x001E09}, {0x001E0B, 0x001E0B}, {0x001E0D, 0x001E0D},
    {0x001E0F, 0x001E0F}, {0x001E11, 0x001E11}, {0x001E13, 0x001E13}, {0x001E15, 0x001E15},
    {0x001E17, 0x001E17}, {0x001E19, 0x001E19}, {0x001E1B, 0x001E1B}, {0x001E1D, 0x001E1D},
    {0x001E1F, 0x001E1F}, {0x001E21, 0x001E21}, {0x001E23, 0x001E23}, {0x001E25, 0x001E25},
    {0x001E27, 0x001E27}, {0x001E29, 0x001E29}, {0x001E2B, 0x001E2B}, {0x001E2D, 0x001E2D},
    {0x001E2F, 0x001E2F}, {0x001E31, 0x001E31}, {0x001E33, 0x001E33}, {0x001E35, 0x001E35},
    {0x001E37, 0x001E37}, {0x001E39, 0x001E39}, {0x001E3B, 0x001E3B}, {0x001E3D, 0x001E3D},
    {0x001E3F, 0x001E3F}, {0x001E41, 0x001E41}, {0x001E43, 0x001E43}, {0x001E45, 0x001E45},
    {0x001E47, 0x001E47}, {0x001E49, 0x001E49}, {0x001E4B, 0x001E4B}, {0x001E4D, 0x001E4D},
    {0x001E4F, 0x001E4F}, {0x001E51, 0x001E51}, {0x001E53, 0x001E53}, {0x001E55, 0x001E55},
    {0x001E57, 0x001E57}, {0x001E59, 0x001E59}, {0x001E5B, 0x001E5B}, {0x001E5D, 0x001E5D},
    {0x001E5F, 0x001E5F}, {0x001E61, 0x001E61}, {0x001E63, 0x001E63}, {0x001E65, 0x001E65},
    {0x001E67, 0x001E67}, {0x001E69, 0x001E69}, {0x001E6B, 0x001E6B}, {0x001E6D, 0x001E6D},
    {0x001E6F, 0x001E6F}, {0x001E71, 0x001E71}, {0x001E73, 0x001E73}, {0x001E75, 0x001E75},
    {0x001E77, 0x001E77}, {0x001E79, 0x001E79}, {0x001E7B, 0x001E7B}, {0x001E7D, 0x001E7D},
    {0x001E7F, 0x001E7F}, {0x001E81, 0x001E81}, {0x001E83, 0x001E83}, {0x001E85, 0x001E85},
    {0x001E87, 0x001E87}, {0x001E89, 0x001E89}, {0x001E8B, 0x001E8B}, {0x001E8D, 0x001E8D},
    {0x001E8F, 0x001E8F}, {0x001E91, 0x001E91}, {0x001E93, 0x001E93}, {0x001E95, 0x001E9D},
    {0x001E9F, 0x001E9F}, {0x001EA1, 0x001EA1}, {0x001EA3, 0x001EA3}, {0x001EA5, 0x001EA5},
    {0x001EA7, 0x001EA7}, {0x001EA9, 0x001EA9}, {0x001EAB, 0x001EAB}, {0x001EAD, 0x001EAD},
    {0x001EAF, 0x001EAF}, {0x001EB1, 0x001EB1}, {0x001EB3, 0x001EB3}, {0x001EB5, 0x001EB5},
    {0x001EB7, 0x001EB7}, {0x001EB9, 0x001EB9}, {0x001EBB, 0x001EBB}, {0x001EBD, 0x001EBD},
    {0x001EBF, 0x001EBF}, {0x001EC1, 0x001EC1}, {0x001EC3, 0x001EC3}, {0x001EC5, 0x001EC5},
    {0x001EC7, 0x001EC7}, {0x001EC9, 0x001EC9}, {0x001ECB, 0x001ECB}, {0x001ECD, 0x001ECD},
    {0x001ECF, 0x001ECF}, {0x001ED1, 0x001ED1}, {0x001ED3, 0x001ED3}, {0x001ED5, 0x001ED5},
    {0x001ED7, 0x001ED7}, {0x001ED9, 0x001ED9}, {0x001EDB, 0x001EDB}, {0x001EDD, 0x001EDD},
    {0x001EDF, 0x001EDF}, {0x001EE1, 0x001EE1}, {0x001EE3, 0x001EE3}, {0x001EE5, 0x001EE5},
    {0x001EE7, 0x001EE7}, {0x001EE9, 0x001EE9}, {0x001EEB, 0x001EEB}, {0x001EED, 0x001EED},
    {0x001EEF, 0x001EEF}, {0x001EF1, 0x001EF1}, {0x001EF3, 0x001EF3}, {0x001EF5, 0x001EF5},
    {0x001EF7, 0x001EF7}, {0x001EF9, 0x001EF9}, {0x001EFB, 0x001EFB}, {0x001EFD, 0x001EFD},
    {0x001EFF, 0x001F07}, {0x001F10, 0x001F15}, {0x001F20, 0x001F27}, {0x001F30, 0x001F37},
    {0x001F40, 0x001F45}, {0x001F50, 0x001F57}, {0x001F60, 0x001F67}, {0x001F70, 0x001F7D},
    {0x001F80, 0x001F87}, {0x001F90, 0x001F97}, {0x001FA0, 0x001FA7}, {0x001FB0, 0x001FB4},
    {0x001FB6, 0x001FB7}, {0x001FBE, 0x001FBE}, {0x001FC2, 0x001FC4}, {0x001FC6, 0x001FC7},
    {0x001FD0, 0x001FD3}, {0x001FD6, 0x001FD7}, {0x001FE0, 0x001FE7}, {0x001FF2, 0x001FF4},
    {0x001FF6, 0x001FF7}, {0x00210A, 0x00210A}, {0x00210E, 0x00210F}, {0x002113, 0x002113},
    {0x00212F, 0x00212F}, {0x002134, 0x002134}, {0x002139, 0x002139}, {0x00213C, 0x00213D},
    {0x002146, 0x002149}, {0x00214E, 0x00214E}, {0x002184, 0x002184}, {0x002C30, 0x002C5F},
    {0x002C61, 0x002C61}, {0x002C65, 0x002C66}, {0x002C68, 0x002C68}, {0x002C6A, 0x002C6A},
    {0x002C6C, 0x002C6C}, {0x002C71, 0x002C71}, {0x002C73, 0x002C74}, {0x002C76, 0x002C7B},
    {0x002C81, 0x002C81}, {0x002C83, 0x002C83}, {0x002C85, 0x002C85}, {0x002C87, 0x002C87},
    {0x002C89, 0x002C89}, {0x002C8B, 0x002C8B}, {0x002C8D, 0x002C8D}, {0x002C8F, 0x002C8F},
    {0x002C91, 0x002C91}, {0x002C93, 0x002C93}, {0x002C95, 0x002C95}, {0x002C97, 0x002C97},
    {0x002C99, 0x002C99}, {0x002C9B, 0x002C9B}, {0x002C9D, 0x002C9D}, {0x002C9F, 0x002C9F},
    {0x002CA1, 0x002CA1}, {0x002CA3, 0x002CA3}, {0x002CA5, 0x002CA5}, {0x002CA7, 0x002CA7},
    {0x002CA9, 0x002CA9}, {0x002CAB, 0x002CAB}, {0x002CAD, 0x002CAD}, {0x002CAF, 0x002CAF},
    {0x002CB1, 0x002CB1}, {0x002CB3, 0x002CB3}, {0x002CB5, 0x002CB5}, {0x002CB7, 0x002CB7},
    {0x002CB9, 0x002CB9}, {0x002CBB, 0x002CBB}, {0x002CBD, 0x002CBD}, {0x002CBF, 0x002CBF},
    {0x002CC1, 0x002CC1}, {0x002CC3, 0x002CC3}, {0x002CC5, 0x002CC5}, {0x002CC7, 0x002CC7},
    {0x002CC9, 0x002CC9}, {0x002CCB, 0x002CCB}, {0x002CCD, 0x002CCD}, {0x002CCF, 0x002CCF},
    {0x002CD1, 0x002CD1}, {0x002CD3, 0x002CD3}, {0x002CD5, 0x002CD5}, {0x002CD7, 0x002CD7},
    {0x002CD9, 0x002CD9}, {0x002CDB, 0x002CDB}, {0x002CDD, 0x002CDD}, {0x002CDF, 0x002CDF},
    {0x002CE1, 0x002CE1}, {0x002CE3, 0x002CE4}, {0x002CEC, 0x002CEC}, {0x002CEE, 0x002CEE},
    {0x002CF3, 0x002CF3}, {0x002D00, 0x002D25}, {0x002D27, 0x002D27}, {0x002D2D, 0x002D2D},
    {0x00A641, 0x00A641}, {0x00A643, 0x00A643}, {0x00A645, 0x00A645}, {0x00A647, 0x00A647},
    {0x00A649, 0x00A649}, {0x00A64B, 0x00A64B}, {0x00A64D, 0x00A64D}, {0x00A64F, 0x00A64F},
    {0x00A651, 0x00A651}, {0x00A653, 0x00A653}, {0x00A655, 0x00A655}, {0x00A657, 0x00A657},
    {0x00A659, 0x00A659}, {0x00A65B, 0x00A65B}, {0x00A65D, 0x00A65D}, {0x00A65F, 0x00A65F},
    {0x00A661, 0x00A661}, {0x00A663, 0x00A663}, {0x00A665, 0x00A665}, {0x00A667, 0x00A667},
    {0x00A669, 0x00A669}, {0x00A66B, 0x00A66B}, {0x00A66D, 0x00A66D}, {0x00A681, 0x00A681},
    {0x00A683, 0x00A683}, {0x00A685, 0x00A685}, {0x00A687, 0x00A687}, {0x00A689, 0x00A689},
    {0x00A68B, 0x00A68B}, {0x00A68D, 0x00A68D}, {0x00A68F, 0x00A68F}, {0x00A691, 0x00A691},
    {0x00A693, 0x00A693}, {0x00A695, 0x00A695}, {0x00A697, 0x00A697}, {0x00A699, 0x00A699},
    {0x00A69B, 0x00A69B}, {0x00A723, 0x00A723}, {0x00A725, 0x00A725}, {0x00A727, 0x00A727},
    {0x00A729, 0x00A729}, {0x00A72B, 0x00A72B}, {0x00A72D, 0x00A72D}, {0x00A72F, 0x00A731},
    {0x00A733, 0x00A733}, {0x00A735, 0x00A735}, {0x00A737, 0x00A737}, {0x00A739, 0x00A739},
    {0x00A73B, 0x00A73B}, {0x00A73D, 0x00A73D}, {0x00A73F, 0x00A73F}, {0x00A741, 0x00A741},
    {0x00A743, 0x00A743}, {0x00A745, 0x00A745}, {0x00A747, 0x00A747}, {0x00A749, 0x00A749},
    {0x00A74B, 0x00A74B}, {0x00A74D, 0x00A74D}, {0x00A74F, 0x00A74F}, {0x00A751, 0x00A751},
    {0x00A753, 0x00A753}, {0x00A755, 0x00A755}, {0x00A757, 0x00A757}, {0x00A759, 0x00A759},
    {0x00A75B, 0x00A75B}, {0x00A75D, 0x00A75D}, {0x00A75F, 0x00A75F}, {0x00A761, 0x00A761},
    {0x00A763, 0x00A763}, {0x00A765, 0x00A765}, {0x00A767, 0x00A767}, {0x00A769, 0x00A769},
    {0x00A76B, 0x00A76B}, {0x00A76D, 0x00A76D}, {0x00A76F, 0x00A76F}, {0x00A771, 0x00A778},
    {0x00A77A, 0x00A77A}, {0x00A77C, 0x00A77C}, {0x00A77F, 0x00A77F}, {0x00A781, 0x00A781},
    {0x00A783, 0x00A783}, {0x00A785, 0x00A785}, {0x00A787, 0x00A787}, {0x00A78C, 0x00A78C},
    {0x00A78E, 0x00A78E}, {0x00A791, 0x00A791}, {0x00A793, 0x00A795}, {0x00A797, 0x00A797},
    {0x00A799, 0x00A799}, {0x00A79B, 0x00A79B}, {0x00A79D, 0x00A79D}, {0x00A79F, 0x00A79F},
    {0x00A7A1, 0x00A7A1}, {0x00A7A3, 0x00A7A3}, {0x00A7A5, 0x00A7A5}, {0x00A7A7, 0x00A7A7},
    {0x00A7A9, 0x00A7A9}, {0x00A7AF, 0x00A7AF}, {0x00A7B5, 0x00A7B5}, {0x00A7B7, 0x00A7B7},
    {0x00A7B9, 0x00A7B9}, {0x00A7BB, 0x00A7BB}, {0x00A7BD, 0x00A7BD}, {0x00A7BF, 0x00A7BF},
    {0x00A7C1, 0x00A7C1}, {0x00A7C3, 0x00A7C3}, {0x00A7C8, 0x00A7C8}, {0x00A7CA, 0x00A7CA},
    {0x00A7CD, 0x00A7CD}, {0x00A7D1, 0x00A7D1}, {0x00A7D3, 0x00A7D3}, {0x00A7D5, 0x00A7D5},
    {0x00A7D7, 0x00A7D7}, {0x00A7D9, 0x00A7D9}, {0x00A7DB, 0x00A7DB}, {0x00A7F6, 0x00A7F6},
    {0x00A7FA, 0x00A7FA}, {0x00AB30, 0x00AB5A}, {0x00AB60, 0x00AB68}, {0x00AB70, 0x00ABBF},
    {0x00FB00, 0x00FB06}, {0x00FB13, 0x00FB17}, {0x00FF41, 0x00FF5A}, {0x010428, 0x01044F},
    {0x0104D8, 0x0104FB}, {0x010597, 0x0105A1}, {0x0105A3, 0x0105B1}, {0x0105B3, 0x0105B9},
    {0x0105BB, 0x0105BC}, {0x010CC0, 0x010CF2}, {0x010D70, 0x010D85}, {0x0118C0, 0x0118DF},
    {0x016E60, 0x016E7F}, {0x01D41A, 0x01D433}, {0x01D44E, 0x01D454}, {0x01D456, 0x01D467},
    {0x01D482, 0x01D49B}, {0x01D4B6, 0x01D4B9}, {0x01D4BB, 0x01D4BB}, {0x01D4BD, 0x01D4C3},
    {0x01D4C5, 0x01D4CF}, {0x01D4EA, 0x01D503}, {0x01D51E, 0x01D537}, {0x01D552, 0x01D56B},
    {0x01D586, 0x01D59F}, {0x01D5BA, 0x01D5D3}, {0x01D5EE, 0x01D607}, {0x01D622, 0x01D63B},
    {0x01D656, 0x01D66F}, {0x01D68A, 0x01D6A5}, {0x01D6C2, 0x01D6DA}, {0x01D6DC, 0x01D6E1},
    {0x01D6FC, 0x01D714}, {0x01D716, 0x01D71B}, {0x01D736, 0x01D74E}, {0x01D750, 0x01D755},
    {0x01D770, 0x01D788}, {0x01D78A, 0x01D78F}, {0x01D7AA, 0x01D7C2}, {0x01D7C4, 0x01D7C9},
    {0x01D7CB, 0x01D7CB}, {0x01DF00, 0x01DF09}, {0x01DF0B, 0x01DF1E}, {0x01DF25, 0x01DF2A},
    {0x01E922, 0x01E943}, {0x0002B0, 0x0002C1}, {0x0002C6, 0x0002D1}, {0x0002E0, 0x0002E4},
    {0x0002EC, 0x0002EC}, {0x0002EE, 0x0002EE}, {0x000374, 0x000374}, {0x00037A, 0x00037A},
    {0x000559, 0x000559}, {0x000640, 0x000640}, {0x0006E5, 0x0006E6}, {0x0007F4, 0x0007F5},
    {0x0007FA, 0x0007FA}, {0x00081A, 0x00081A}, {0x000824, 0x000824}, {0x000828, 0x000828},
    {0x0008C9, 0x0008C9}, {0x000971, 0x000971}, {0x000E46, 0x000E46}, {0x000EC6, 0x000EC6},
    {0x0010FC, 0x0010FC}, {0x0017D7, 0x0017D7}, {0x001843, 0x001843}, {0x001AA7, 0x001AA7},
    {0x001C78, 0x001C7D}, {0x001D2C, 0x001D6A}, {0x001D78, 0x001D78}, {0x001D9B, 0x001DBF},
    {0x002071, 0x002071}, {0x00207F, 0x00207F}, {0x002090, 0x00209C}, {0x002C7C, 0x002C7D},
    {0x002D6F, 0x002D6F}, {0x002E2F, 0x002E2F}, {0x003005, 0x003005}, {0x003031, 0x003035},
    {0x00303B, 0x00303B}, {0x00309D, 0x00309E}, {0x0030FC, 0x0030FE}, {0x00A015, 0x00A015},
    {0x00A4F8, 0x00A4FD}, {0x00A60C, 0x00A60C}, {0x00A67F, 0x00A67F}, {0x00A69C, 0x00A69D},
    {0x00A717, 0x00A71F}, {0x00A770, 0x00A770}, {0x00A788, 0x00A788}, {0x00A7F2, 0x00A7F4},
    {0x00A7F8, 0x00A7F9}, {0x00A9CF, 0x00A9CF}, {0x00A9E6, 0x00A9E6}, {0x00AA70, 0x00AA70},
    {0x00AADD, 0x00AADD}, {0x00AAF3, 0x00AAF4}, {0x00AB5C, 0x00AB5F}, {0x00AB69, 0x00AB69},
    {0x00FF70, 0x00FF70}, {0x00FF9E, 0x00FF9F}, {0x010780, 0x010785}, {0x010787, 0x0107B0},
    {0x0107B2, 0x0107BA}, {0x010D4E, 0x010D4E}, {0x010D6F, 0x010D6F}, {0x016B40, 0x016B43},
    {0x016D40, 0x016D42}, {0x016D6B, 0x016D6C}, {0x016F93, 0x016F9F}, {0x016FE0, 0x016FE1},
    {0x016FE3, 0x016FE3}, {0x01AFF0, 0x01AFF3}, {0x01AFF5, 0x01AFFB}, {0x01AFFD, 0x01AFFE},
    {0x01E030, 0x01E06D}, {0x01E137, 0x01E13D}, {0x01E4EB, 0x01E4EB}, {0x01E94B, 0x01E94B},
    {0x0000AA, 0x0000AA}, {0x0000BA, 0x0000BA}, {0x0001BB, 0x0001BB}, {0x0001C0, 0x0001C3},
    {0x000294, 0x000294}, {0x0005D0, 0x0005EA}, {0x0005EF, 0x0005F2}, {0x000620, 0x00063F},
    {0x000641, 0x00064A}, {0x00066E, 0x00066F}, {0x000671, 0x0006D3}, {0x0006D5, 0x0006D5},
    {0x0006EE, 0x0006EF}, {0x0006FA, 0x0006FC}, {0x0006FF, 0x0006FF}, {0x000710, 0x000710},
    {0x000712, 0x00072F}, {0x00074D, 0x0007A5}, {0x0007B1, 0x0007B1}, {0x0007CA, 0x0007EA},
    {0x000800, 0x000815}, {0x000840, 0x000858}, {0x000860, 0x00086A}, {0x000870, 0x000887},
    {0x000889, 0x00088E}, {0x0008A0, 0x0008C8}, {0x000904, 0x000939}, {0x00093D, 0x00093D},
    {0x000950, 0x000950}, {0x000958, 0x000961}, {0x000972, 0x000980}, {0x000985, 0x00098C},
    {0x00098F, 0x000990}, {0x000993, 0x0009A8}, {0x0009AA, 0x0009B0}, {0x0009B2, 0x0009B2},
    {0x0009B6, 0x0009B9}, {0x0009BD, 0x0009BD}, {0x0009CE, 0x0009CE}, {0x0009DC, 0x0009DD},
    {0x0009DF, 0x0009E1}, {0x0009F0, 0x0009F1}, {0x0009FC, 0x0009FC}, {0x000A05, 0x000A0A},
    {0x000A0F, 0x000A10}, {0x000A13, 0x000A28}, {0x000A2A, 0x000A30}, {0x000A32, 0x000A33},
    {0x000A35, 0x000A36}, {0x000A38, 0x000A39}, {0x000A59, 0x000A5C}, {0x000A5E, 0x000A5E},
    {0x000A72, 0x000A74}, {0x000A85, 0x000A8D}, {0x000A8F, 0x000A91}, {0x000A93, 0x000AA8},
    {0x000AAA, 0x000AB0}, {0x000AB2, 0x000AB3}, {0x000AB5, 0x000AB9}, {0x000ABD, 0x000ABD},
    {0x000AD0, 0x000AD0}, {0x000AE0, 0x000AE1}, {0x000AF9, 0x000AF9}, {0x000B05, 0x000B0C},
    {0x000B0F, 0x000B10}, {0x000B13, 0x000B28}, {0x000B2A, 0x000B30}, {0x000B32, 0x000B33},
    {0x000B35, 0x000B39}, {0x000B3D, 0x000B3D}, {0x000B5C, 0x000B5D}, {0x000B5F, 0x000B61},
    {0x000B71, 0x000B71}, {0x000B83, 0x000B83}, {0x000B85, 0x000B8A}, {0x000B8E, 0x000B90},
    {0x000B92, 0x000B95}, {0x000B99, 0x000B9A}, {0x000B9C, 0x000B9C}, {0x000B9E, 0x000B9F},
    {0x000BA3, 0x000BA4}, {0x000BA8, 0x000BAA}, {0x000BAE, 0x000BB9}, {0x000BD0, 0x000BD0},
    {0x000C05, 0x000C0C}, {0x000C0E, 0x000C10}, {0x000C12, 0x000C28}, {0x000C2A, 0x000C39},
    {0x000C3D, 0x000C3D}, {0x000C58, 0x000C5A}, {0x000C5D, 0x000C5D}, {0x000C60, 0x000C61},
    {0x000C80, 0x000C80}, {0x000C85, 0x000C8C}, {0x000C8E, 0x000C90}, {0x000C92, 0x000CA8},
    {0x000CAA, 0x000CB3}, {0x000CB5, 0x000CB9}, {0x000CBD, 0x000CBD}, {0x000CDD, 0x000CDE},
    {0x000CE0, 0x000CE1}, {0x000CF1, 0x000CF2}, {0x000D04, 0x000D0C}, {0x000D0E, 0x000D10},
    {0x000D12, 0x000D3A}, {0x000D3D, 0x000D3D}, {0x000D4E, 0x000D4E}, {0x000D54, 0x000D56},
    {0x000D5F, 0x000D61}, {0x000D7A, 0x000D7F}, {0x000D85, 0x000D96}, {0x000D9A, 0x000DB1},
    {0x000DB3, 0x000DBB}, {0x000DBD, 0x000DBD}, {0x000DC0, 0x000DC6}, {0x000E01, 0x000E30},
    {0x000E32, 0x000E33}, {0x000E40, 0x000E45}, {0x000E81, 0x000E82}, {0x000E84, 0x000E84},
    {0x000E86, 0x000E8A}, {0x000E8C, 0x000EA3}, {0x000EA5, 0x000EA5}, {0x000EA7, 0x000EB0},
    {0x000EB2, 0x000EB3}, {0x000EBD, 0x000EBD}, {0x000EC0, 0x000EC4}, {0x000EDC, 0x000EDF},
    {0x000F00, 0x000F00}, {0x000F40, 0x000F47}, {0x000F49, 0x000F6C}, {0x000F88, 0x000F8C},
    {0x001000, 0x00102A}, {0x00103F, 0x00103F}, {0x001050, 0x001055}, {0x00105A, 0x00105D},
    {0x001061, 0x001061}, {0x001065, 0x001066}, {0x00106E, 0x001070}, {0x001075, 0x001081},
    {0x00108E, 0x00108E}, {0x001100, 0x001248}, {0x00124A, 0x00124D}, {0x001250, 0x001256},
    {0x001258, 0x001258}, {0x00125A, 0x00125D}, {0x001260, 0x001288}, {0x00128A, 0x00128D},
    {0x001290, 0x0012B0}, {0x0012B2, 0x0012B5}, {0x0012B8, 0x0012BE}, {0x0012C0, 0x0012C0},
    {0x0012C2, 0x0012C5}, {0x0012C8, 0x0012D6}, {0x0012D8, 0x001310}, {0x001312, 0x001315},
    {0x001318, 0x00135A}, {0x001380, 0x00138F}, {0x001401, 0x00166C}, {0x00166F, 0x00167F},
    {0x001681, 0x00169A}, {0x0016A0, 0x0016EA}, {0x0016F1, 0x0016F8}, {0x001700, 0x001711},
    {0x00171F, 0x001731}, {0x001740, 0x001751}, {0x001760, 0x00176C}, {0x00176E, 0x001770},
    {0x001780, 0x0017B3}, {0x0017DC, 0x0017DC}, {0x001820, 0x001842}, {0x001844, 0x001878},
    {0x001880, 0x001884}, {0x001887, 0x0018A8}, {0x0018AA, 0x0018AA}, {0x0018B0, 0x0018F5},
    {0x001900, 0x00191E}, {0x001950, 0x00196D}, {0x001970, 0x001974}, {0x001980, 0x0019AB},
    {0x0019B0, 0x0019C9}, {0x001A00, 0x001A16}, {0x001A20, 0x001A54}, {0x001B05, 0x001B33},
    {0x001B45, 0x001B4C}, {0x001B83, 0x001BA0}, {0x001BAE, 0x001BAF}, {0x001BBA, 0x001BE5},
    {0x001C00, 0x001C23}, {0x001C4D, 0x001C4F}, {0x001C5A, 0x001C77}, {0x001CE9, 0x001CEC},
    {0x001CEE, 0x001CF3}, {0x001CF5, 0x001CF6}, {0x001CFA, 0x001CFA}, {0x002135, 0x002138},
    {0x002D30, 0x002D67}, {0x002D80, 0x002D96}, {0x002DA0, 0x002DA6}, {0x002DA8, 0x002DAE},
    {0x002DB0, 0x002DB6}, {0x002DB8, 0x002DBE}, {0x002DC0, 0x002DC6}, {0x002DC8, 0x002DCE},
    {0x002DD0, 0x002DD6}, {0x002DD8, 0x002DDE}, {0x003006, 0x003006}, {0x00303C, 0x00303C},
    {0x003041, 0x003096}, {0x00309F, 0x00309F}, {0x0030A1, 0x0030FA}, {0x0030FF, 0x0030FF},
    {0x003105, 0x00312F}, {0x003131, 0x00318E}, {0x0031A0, 0x0031BF}, {0x0031F0, 0x0031FF},
    {0x003400, 0x004DBF}, {0x004E00, 0x00A014}, {0x00A016, 0x00A48C}, {0x00A4D0, 0x00A4F7},
    {0x00A500, 0x00A60B}, {0x00A610, 0x00A61F}, {0x00A62A, 0x00A62B}, {0x00A66E, 0x00A66E},
    {0x00A6A0, 0x00A6E5}, {0x00A78F, 0x00A78F}, {0x00A7F7, 0x00A7F7}, {0x00A7FB, 0x00A801},
    {0x00A803, 0x00A805}, {0x00A807, 0x00A80A}, {0x00A80C, 0x00A822}, {0x00A840, 0x00A873},
    {0x00A882, 0x00A8B3}, {0x00A8F2, 0x00A8F7}, {0x00A8FB, 0x00A8FB}, {0x00A8FD, 0x00A8FE},
    {0x00A90A, 0x00A925}, {0x00A930, 0x00A946}, {0x00A960, 0x00A97C}, {0x00A984, 0x00A9B2},
    {0x00A9E0, 0x00A9E4}, {0x00A9E7, 0x00A9EF}, {0x00A9FA, 0x00A9FE}, {0x00AA00, 0x00AA28},
    {0x00AA40, 0x00AA42}, {0x00AA44, 0x00AA4B}, {0x00AA60, 0x00AA6F}, {0x00AA71, 0x00AA76},
    {0x00AA7A, 0x00AA7A}, {0x00AA7E, 0x00AAAF}, {0x00AAB1, 0x00AAB1}, {0x00AAB5, 0x00AAB6},
    {0x00AAB9, 0x00AABD}, {0x00AAC0, 0x00AAC0}, {0x00AAC2, 0x00AAC2}, {0x00AADB, 0x00AADC},
    {0x00AAE0, 0x00AAEA}, {0x00AAF2, 0x00AAF2}, {0x00AB01, 0x00AB06}, {0x00AB09, 0x00AB0E},
    {0x00AB11, 0x00AB16}, {0x00AB20, 0x00AB26}, {0x00AB28, 0x00AB2E}, {0x00ABC0, 0x00ABE2},
    {0x00AC00, 0x00D7A3}, {0x00D7B0, 0x00D7C6}, {0x00D7CB, 0x00D7FB}, {0x00F900, 0x00FA6D},
    {0x00FA70, 0x00FAD9}, {0x00FB1D, 0x00FB1D}, {0x00FB1F, 0x00FB28}, {0x00FB2A, 0x00FB36},
    {0x00FB38, 0x00FB3C}, {0x00FB3E, 0x00FB3E}, {0x00FB40, 0x00FB41}, {0x00FB43, 0x00FB44},
    {0x00FB46, 0x00FBB1}, {0x00FBD3, 0x00FD3D}, {0x00FD50, 0x00FD8F}, {0x00FD92, 0x00FDC7},
    {0x00FDF0, 0x00FDFB}, {0x00FE70, 0x00FE74}, {0x00FE76, 0x00FEFC}, {0x00FF66, 0x00FF6F},
    {0x00FF71, 0x00FF9D}, {0x00FFA0, 0x00FFBE}, {0x00FFC2, 0x00FFC7}, {0x00FFCA, 0x00FFCF},
    {0x00FFD2, 0x00FFD7}, {0x00FFDA, 0x00FFDC}, {0x010000, 0x01000B}, {0x01000D, 0x010026},
    {0x010028, 0x01003A}, {0x01003C, 0x01003D}, {0x01003F, 0x01004D}, {0x010050, 0x01005D},
    {0x010080, 0x0100FA}, {0x010280, 0x01029C}, {0x0102A0, 0x0102D0}, {0x010300, 0x01031F},
    {0x01032D, 0x010340}, {0x010342, 0x010349}, {0x010350, 0x010375}, {0x010380, 0x01039D},
    {0x0103A0, 0x0103C3}, {0x0103C8, 0x0103CF}, {0x010450, 0x01049D}, {0x010500, 0x010527},
    {0x010530, 0x010563}, {0x0105C0, 0x0105F3}, {0x010600, 0x010736}, {0x010740, 0x010755},
    {0x010760, 0x010767}, {0x010800, 0x010805}, {0x010808, 0x010808}, {0x01080A, 0x010835},
    {0x010837, 0x010838}, {0x01083C, 0x01083C}, {0x01083F, 0x010855}, {0x010860, 0x010876},
    {0x010880, 0x01089E}, {0x0108E0, 0x0108F2}, {0x0108F4, 0x0108F5}, {0x010900, 0x010915},
    {0x010920, 0x010939}, {0x010980, 0x0109B7}, {0x0109BE, 0x0109BF}, {0x010A00, 0x010A00},
    {0x010A10, 0x010A13}, {0x010A15, 0x010A17}, {0x010A19, 0x010A35}, {0x010A60, 0x010A7C},
    {0x010A80, 0x010A9C}, {0x010AC0, 0x010AC7}, {0x010AC9, 0x010AE4}, {0x010B00, 0x010B35},
    {0x010B40, 0x010B55}, {0x010B60, 0x010B72}, {0x010B80, 0x010B91}, {0x010C00, 0x010C48},
    {0x010D00, 0x010D23}, {0x010D4A, 0x010D4D}, {0x010D4F, 0x010D4F}, {0x010E80, 0x010EA9},
    {0x010EB0, 0x010EB1}, {0x010EC2, 0x010EC4}, {0x010F00, 0x010F1C}, {0x010F27, 0x010F27},
    {0x010F30, 0x010F45}, {0x010F70, 0x010F81}, {0x010FB0, 0x010FC4}, {0x010FE0, 0x010FF6},
    {0x011003, 0x011037}, {0x011071, 0x011072}, {0x011075, 0x011075}, {0x011083, 0x0110AF},
    {0x0110D0, 0x0110E8}, {0x011103, 0x011126}, {0x011144, 0x011144}, {0x011147, 0x011147},
    {0x011150, 0x011172}, {0x011176, 0x011176}, {0x011183, 0x0111B2}, {0x0111C1, 0x0111C4},
    {0x0111DA, 0x0111DA}, {0x0111DC, 0x0111DC}, {0x011200, 0x011211}, {0x011213, 0x01122B},
    {0x01123F, 0x011240}, {0x011280, 0x011286}, {0x011288, 0x011288}, {0x01128A, 0x01128D},
    {0x01128F, 0x01129D}, {0x01129F, 0x0112A8}, {0x0112B0, 0x0112DE}, {0x011305, 0x01130C},
    {0x01130F, 0x011310}, {0x011313, 0x011328}, {0x01132A, 0x011330}, {0x011332, 0x011333},
    {0x011335, 0x011339}, {0x01133D, 0x01133D}, {0x011350, 0x011350}, {0x01135D, 0x011361},
    {0x011380, 0x011389}, {0x01138B, 0x01138B}, {0x01138E, 0x01138E}, {0x011390, 0x0113B5},
    {0x0113B7, 0x0113B7}, {0x0113D1, 0x0113D1}, {0x0113D3, 0x0113D3}, {0x011400, 0x011434},
    {0x011447, 0x01144A}, {0x01145F, 0x011461}, {0x011480, 0x0114AF}, {0x0114C4, 0x0114C5},
    {0x0114C7, 0x0114C7}, {0x011580, 0x0115AE}, {0x0115D8, 0x0115DB}, {0x011600, 0x01162F},
    {0x011644, 0x011644}, {0x011680, 0x0116AA}, {0x0116B8, 0x0116B8}, {0x011700, 0x01171A},
    {0x011740, 0x011746}, {0x011800, 0x01182B}, {0x0118FF, 0x011906}, {0x011909, 0x011909},
    {0x01190C, 0x011913}, {0x011915, 0x011916}, {0x011918, 0x01192F}, {0x01193F, 0x01193F},
    {0x011941, 0x011941}, {0x0119A0, 0x0119A7}, {0x0119AA, 0x0119D0}, {0x0119E1, 0x0119E1},
    {0x0119E3, 0x0119E3}, {0x011A00, 0x011A00}, {0x011A0B, 0x011A32}, {0x011A3A, 0x011A3A},
    {0x011A50, 0x011A50}, {0x011A5C, 0x011A89}, {0x011A9D, 0x011A9D}, {0x011AB0, 0x011AF8},
    {0x011BC0, 0x011BE0}, {0x011C00, 0x011C08}, {0x011C0A, 0x011C2E}, {0x011C40, 0x011C40},
    {0x011C72, 0x011C8F}, {0x011D00, 0x011D06}, {0x011D08, 0x011D09}, {0x011D0B, 0x011D30},
    {0x011D46, 0x011D46}, {0x011D60, 0x011D65}, {0x011D67, 0x011D68}, {0x011D6A, 0x011D89},
    {0x011D98, 0x011D98}, {0x011EE0, 0x011EF2}, {0x011F02, 0x011F02}, {0x011F04, 0x011F10},
    {0x011F12, 0x011F33}, {0x011FB0, 0x011FB0}, {0x012000, 0x012399}, {0x012480, 0x012543},
    {0x012F90, 0x012FF0}, {0x013000, 0x01342F}, {0x013441, 0x013446}, {0x013460, 0x0143FA},
    {0x014400, 0x014646}, {0x016100, 0x01611D}, {0x016800, 0x016A38}, {0x016A40, 0x016A5E},
    {0x016A70, 0x016ABE}, {0x016AD0, 0x016AED}, {0x016B00, 0x016B2F}, {0x016B63, 0x016B77},
    {0x016B7D, 0x016B8F}, {0x016D43, 0x016D6A}, {0x016F00, 0x016F4A}, {0x016F50, 0x016F50},
    {0x017000, 0x0187F7}, {0x018800, 0x018CD5}, {0x018CFF, 0x018D08}, {0x01B000, 0x01B122},
    {0x01B132, 0x01B132}, {0x01B150, 0x01B152}, {0x01B155, 0x01B155}, {0x01B164, 0x01B167},
    {0x01B170, 0x01B2FB}, {0x01BC00, 0x01BC6A}, {0x01BC70, 0x01BC7C}, {0x01BC80, 0x01BC88},
    {0x01BC90, 0x01BC99}, {0x01DF0A, 0x01DF0A}, {0x01E100, 0x01E12C}, {0x01E14E, 0x01E14E},
    {0x01E290, 0x01E2AD}, {0x01E2C0, 0x01E2EB}, {0x01E4D0, 0x01E4EA}, {0x01E5D0, 0x01E5ED},
    {0x01E5F0, 0x01E5F0}, {0x01E7E0, 0x01E7E6}, {0x01E7E8, 0x01E7EB}, {0x01E7ED, 0x01E7EE},
    {0x01E7F0, 0x01E7FE}, {0x01E800, 0x01E8C4}, {0x01EE00, 0x01EE03}, {0x01EE05, 0x01EE1F},
    {0x01EE21, 0x01EE22}, {0x01EE24, 0x01EE24}, {0x01EE27, 0x01EE27}, {0x01EE29, 0x01EE32},
    {0x01EE34, 0x01EE37}, {0x01EE39, 0x01EE39}, {0x01EE3B, 0x01EE3B}, {0x01EE42, 0x01EE42},
    {0x01EE47, 0x01EE47}, {0x01EE49, 0x01EE49}, {0x01EE4B, 0x01EE4B}, {0x01EE4D, 0x01EE4F},
    {0x01EE51, 0x01EE52}, {0x01EE54, 0x01EE54}, {0x01EE57, 0x01EE57}, {0x01EE59, 0x01EE59},
    {0x01EE5B, 0x01EE5B}, {0x01EE5D, 0x01EE5D}, {0x01EE5F, 0x01EE5F}, {0x01EE61, 0x01EE62},
    {0x01EE64, 0x01EE64}, {0x01EE67, 0x01EE6A}, {0x01EE6C, 0x01EE72}, {0x01EE74, 0x01EE77},
    {0x01EE79, 0x01EE7C}, {0x01EE7E, 0x01EE7E}, {0x01EE80, 0x01EE89}, {0x01EE8B, 0x01EE9B},
    {0x01EEA1, 0x01EEA3}, {0x01EEA5, 0x01EEA9}, {0x01EEAB, 0x01EEBB}, {0x020000, 0x02A6DF},
    {0x02A700, 0x02B739}, {0x02B740, 0x02B81D}, {0x02B820, 0x02CEA1}, {0x02CEB0, 0x02EBE0},
    {0x02EBF0, 0x02EE5D}, {0x02F800, 0x02FA1D}, {0x030000, 0x03134A}, {0x031350, 0x0323AF},
    {0x0001C5, 0x0001C5}, {0x0001C8, 0x0001C8}, {0x0001CB, 0x0001CB}, {0x0001F2, 0x0001F2},
    {0x001F88, 0x001F8F}, {0x001F98, 0x001F9F}, {0x001FA8, 0x001FAF}, {0x001FBC, 0x001FBC},
    {0x001FCC, 0x001FCC}, {0x001FFC, 0x001FFC}, {0x000041, 0x00005A}, {0x0000C0, 0x0000D6},
    {0x0000D8, 0x0000DE}, {0x000100, 0x000100}, {0x000102, 0x000102}, {0x000104, 0x000104},
    {0x000106, 0x000106}, {0x000108, 0x000108}, {0x00010A, 0x00010A}, {0x00010C, 0x00010C},
    {0x00010E, 0x00010E}, {0x000110, 0x000110}, {0x000112, 0x000112}, {0x000114, 0x000114},
    {0x000116, 0x000116}, {0x000118, 0x000118}, {0x00011A, 0x00011A}, {0x00011C, 0x00011C},
    {0x00011E, 0x00011E}, {0x000120, 0x000120}, {0x000122, 0x000122}, {0x000124, 0x000124},
    {0x000126, 0x000126}, {0x000128, 0x000128}, {0x00012A, 0x00012A}, {0x00012C, 0x00012C},
    {0x00012E, 0x00012E}, {0x000130, 0x000130}, {0x000132, 0x000132}, {0x000134, 0x000134},
    {0x000136, 0x000136}, {0x000139, 0x000139}, {0x00013B, 0x00013B}, {0x00013D, 0x00013D},
    {0x00013F, 0x00013F}, {0x000141, 0x000141}, {0x000143, 0x000143}, {0x000145, 0x000145},
    {0x000147, 0x000147}, {0x00014A, 0x00014A}, {0x00014C, 0x00014C}, {0x00014E, 0x00014E},
    {0x000150, 0x000150}, {0x000152, 0x000152}, {0x000154, 0x000154}, {0x000156, 0x000156},
    {0x000158, 0x000158}, {0x00015A, 0x00015A}, {0x00015C, 0x00015C}, {0x00015E, 0x00015E},
    {0x000160, 0x000160}, {0x000162, 0x000162}, {0x000164, 0x000164}, {0x000166, 0x000166},
    {0x000168, 0x000168}, {0x00016A, 0x00016A}, {0x00016C, 0x00016C}, {0x00016E, 0x00016E},
    {0x000170, 0x000170}, {0x000172, 0x000172}, {0x000174, 0x000174}, {0x000176, 0x000176},
    {0x000178, 0x000179}, {0x00017B, 0x00017B}, {0x00017D, 0x00017D}, {0x000181, 0x000182},
    {0x000184, 0x000184}, {0x000186, 0x000187}, {0x000189, 0x00018B}, {0x00018E, 0x000191},
    {0x000193, 0x000194}, {0x000196, 0x000198}, {0x00019C, 0x00019D}, {0x00019F, 0x0001A0},
    {0x0001A2, 0x0001A2}, {0x0001A4, 0x0001A4}, {0x0001A6, 0x0001A7}, {0x0001A9, 0x0001A9},
    {0x0001AC, 0x0001AC}, {0x0001AE, 0x0001AF}, {0x0001B1, 0x0001B3}, {0x0001B5, 0x0001B5},
    {0x0001B7, 0x0001B8}, {0x0001BC, 0x0001BC}, {0x0001C4, 0x0001C4}, {0x0001C7, 0x0001C7},
    {0x0001CA, 0x0001CA}, {0x0001CD, 0x0001CD}, {0x0001CF, 0x0001CF}, {0x0001D1, 0x0001D1},
    {0x0001D3, 0x0001D3}, {0x0001D5, 0x0001D5}, {0x0001D7, 0x0001D7}, {0x0001D9, 0x0001D9},
    {0x0001DB, 0x0001DB}, {0x0001DE, 0x0001DE}, {0x0001E0, 0x0001E0}, {0x0001E2, 0x0001E2},
    {0x0001E4, 0x0001E4}, {0x0001E6, 0x0001E6}, {0x0001E8, 0x0001E8}, {0x0001EA, 0x0001EA},
    {0x0001EC, 0x0001EC}, {0x0001EE, 0x0001EE}, {0x0001F1, 0x0001F1}, {0x0001F4, 0x0001F4},
    {0x0001F6, 0x0001F8}, {0x0001FA, 0x0001FA}, {0x0001FC, 0x0001FC}, {0x0001FE, 0x0001FE},
    {0x000200, 0x000200}, {0x000202, 0x000202}, {0x000204, 0x000204}, {0x000206, 0x000206},
    {0x000208, 0x000208}, {0x00020A, 0x00020A}, {0x00020C, 0x00020C}, {0x00020E, 0x00020E},
    {0x000210, 0x000210}, {0x000212, 0x000212}, {0x000214, 0x000214}, {0x000216, 0x000216},
    {0x000218, 0x000218}, {0x00021A, 0x00021A}, {0x00021C, 0x00021C}, {0x00021E, 0x00021E},
    {0x000220, 0x000220}, {0x000222, 0x000222}, {0x000224, 0x000224}, {0x000226, 0x000226},
    {0x000228, 0x000228}, {0x00022A, 0x00022A}, {0x00022C, 0x00022C}, {0x00022E, 0x00022E},
    {0x000230, 0x000230}, {0x000232, 0x000232}, {0x00023A, 0x00023B}, {0x00023D, 0x00023E},
    {0x000241, 0x000241}, {0x000243, 0x000246}, {0x000248, 0x000248}, {0x00024A, 0x00024A},
    {0x00024C, 0x00024C}, {0x00024E, 0x00024E}, {0x000370, 0x000370}, {0x000372, 0x000372},
    {0x000376, 0x000376}, {0x00037F, 0x00037F}, {0x000386, 0x000386}, {0x000388, 0x00038A},
    {0x00038C, 0x00038C}, {0x00038E, 0x00038F}, {0x000391, 0x0003A1}, {0x0003A3, 0x0003AB},
    {0x0003CF, 0x0003CF}, {0x0003D2, 0x0003D4}, {0x0003D8, 0x0003D8}, {0x0003DA, 0x0003DA},
    {0x0003DC, 0x0003DC}, {0x0003DE, 0x0003DE}, {0x0003E0, 0x0003E0}, {0x0003E2, 0x0003E2},
    {0x0003E4, 0x0003E4}, {0x0003E6, 0x0003E6}, {0x0003E8, 0x0003E8}, {0x0003EA, 0x0003EA},
    {0x0003EC, 0x0003EC}, {0x0003EE, 0x0003EE}, {0x0003F4, 0x0003F4}, {0x0003F7, 0x0003F7},
    {0x0003F9, 0x0003FA}, {0x0003FD, 0x00042F}, {0x000460, 0x000460}, {0x000462, 0x000462},
    {0x000464, 0x000464}, {0x000466, 0x000466}, {0x000468, 0x000468}, {0x00046A, 0x00046A},
    {0x00046C, 0x00046C}, {0x00046E, 0x00046E}, {0x000470, 0x000470}, {0x000472, 0x000472},
    {0x000474, 0x000474}, {0x000476, 0x000476}, {0x000478, 0x000478}, {0x00047A, 0x00047A},
    {0x00047C, 0x00047C}, {0x00047E, 0x00047E}, {0x000480, 0x000480}, {0x00048A, 0x00048A},
    {0x00048C, 0x00048C}, {0x00048E, 0x00048E}, {0x000490, 0x000490}, {0x000492, 0x000492},
    {0x000494, 0x000494}, {0x000496, 0x000496}, {0x000498, 0x000498}, {0x00049A, 0x00049A},
    {0x00049C, 0x00049C}, {0x00049E, 0x00049E}, {0x0004A0, 0x0004A0}, {0x0004A2, 0x0004A2},
    {0x0004A4, 0x0004A4}, {0x0004A6, 0x0004A6}, {0x0004A8, 0x0004A8}, {0x0004AA, 0x0004AA},
    {0x0004AC, 0x0004AC}, {0x0004AE, 0x0004AE}, {0x0004B0, 0x0004B0}, {0x0004B2, 0x0004B2},
    {0x0004B4, 0x0004B4}, {0x0004B6, 0x0004B6}, {0x0004B8, 0x0004B8}, {0x0004BA, 0x0004BA},
    {0x0004BC, 0x0004BC}, {0x0004BE, 0x0004BE}, {0x0004C0, 0x0004C1}, {0x0004C3, 0x0004C3},
    {0x0004C5, 0x0004C5}, {0x0004C7, 0x0004C7}, {0x0004C9, 0x0004C9}, {0x0004CB, 0x0004CB},
    {0x0004CD, 0x0004CD}, {0x0004D0, 0x0004D0}, {0x0004D2, 0x0004D2}, {0x0004D4, 0x0004D4},
    {0x0004D6, 0x0004D6}, {0x0004D8, 0x0004D8}, {0x0004DA, 0x0004DA}, {0x0004DC, 0x0004DC},
    {0x0004DE, 0x0004DE}, {0x0004E0, 0x0004E0}, {0x0004E2, 0x0004E2}, {0x0004E4, 0x0004E4},
    {0x0004E6, 0x0004E6}, {0x0004E8, 0x0004E8}, {0x0004EA, 0x0004EA}, {0x0004EC, 0x0004EC},
    {0x0004EE, 0x0004EE}, {0x0004F0, 0x0004F0}, {0x0004F2, 0x0004F2}, {0x0004F4, 0x0004F4},
    {0x0004F6, 0x0004F6}, {0x0004F8, 0x0004F8}, {0x0004FA, 0x0004FA}, {0x0004FC, 0x0004FC},
    {0x0004FE, 0x0004FE}, {0x000500, 0x000500}, {0x000502, 0x000502}, {0x000504, 0x000504},
    {0x000506, 0x000506}, {0x000508, 0x000508}, {0x00050A, 0x00050A}, {0x00050C, 0x00050C},
    {0x00050E, 0x00050E}, {0x000510, 0x000510}, {0x000512, 0x000512}, {0x000514, 0x000514},
    {0x000516, 0x000516}, {0x000518, 0x000518}, {0x00051A, 0x00051A}, {0x00051C, 0x00051C},
    {0x00051E, 0x00051E}, {0x000520, 0x000520}, {0x000522, 0x000522}, {0x000524, 0x000524},
    {0x000526, 0x000526}, {0x000528, 0x000528}, {0x00052A, 0x00052A}, {0x00052C, 0x00052C},
    {0x00052E, 0x00052E}, {0x000531, 0x000556}, {0x0010A0, 0x0010C5}, {0x0010C7, 0x0010C7},
    {0x0010CD, 0x0010CD}, {0x0013A0, 0x0013F5}, {0x001C89, 0x001C89}, {0x001C90, 0x001CBA},
    {0x001CBD, 0x001CBF}, {0x001E00, 0x001E00}, {0x001E02, 0x001E02}, {0x001E04, 0x001E04},
    {0x001E06, 0x001E06}, {0x001E08, 0x001E08}, {0x001E0A, 0x001E0A}, {0x001E0C, 0x001E0C},
    {0x001E0E, 0x001E0E}, {0x001E10, 0x001E10}, {0x001E12, 0x001E12}, {0x001E14, 0x001E14},
    {0x001E16, 0x001E16}, {0x001E18, 0x001E18}, {0x001E1A, 0x001E1A}, {0x001E1C, 0x001E1C},
    {0x001E1E, 0x001E1E}, {0x001E20, 0x001E20}, {0x001E22, 0x001E22}, {0x001E24, 0x001E24},
    {0x001E26, 0x001E26}, {0x001E28, 0x001E28}, {0x001E2A, 0x001E2A}, {0x001E2C, 0x001E2C},
    {0x001E2E, 0x001E2E}, {0x001E30, 0x001E30}, {0x001E32, 0x001E32}, {0x001E34, 0x001E34},
    {0x001E36, 0x001E36}, {0x001E38, 0x001E38}, {0x001E3A, 0x001E3A}, {0x001E3C, 0x001E3C},
    {0x001E3E, 0x001E3E}, {0x001E40, 0x001E40}, {0x001E42, 0x001E42}, {0x001E44, 0x001E44},
    {0x001E46, 0x001E46}, {0x001E48, 0x001E48}, {0x001E4A, 0x001E4A}, {0x001E4C, 0x001E4C},
    {0x001E4E, 0x001E4E}, {0x001E50, 0x001E50}, {0x001E52, 0x001E52}, {0x001E54, 0x001E54},
    {0x001E56, 0x001E56}, {0x001E58, 0x001E58}, {0x001E5A, 0x001E5A}, {0x001E5C, 0x001E5C},
    {0x001E5E, 0x001E5E}, {0x001E60, 0x001E60}, {0x001E62, 0x001E62}, {0x001E64, 0x001E64},
    {0x001E66, 0x001E66}, {0x001E68, 0x001E68}, {0x001E6A, 0x001E6A}, {0x001E6C, 0x001E6C},
    {0x001E6E, 0x001E6E}, {0x001E70, 0x001E70}, {0x001E72, 0x001E72}, {0x001E74, 0x001E74},
    {0x001E76, 0x001E76}, {0x001E78, 0x001E78}, {0x001E7A, 0x001E7A}, {0x001E7C, 0x001E7C},
    {0x001E7E, 0x001E7E}, {0x001E80, 0x001E80}, {0x001E82, 0x001E82}, {0x001E84, 0x001E84},
    {0x001E86, 0x001E86}, {0x001E88, 0x001E88}, {0x001E8A, 0x001E8A}, {0x001E8C, 0x001E8C},
    {0x001E8E, 0x001E8E}, {0x001E90, 0x001E90}, {0x001E92, 0x001E92}, {0x001E94, 0x001E94},
    {0x001E9E, 0x001E9E}, {0x001EA0, 0x001EA0}, {0x001EA2, 0x001EA2}, {0x001EA4, 0x001EA4},
    {0x001EA6, 0x001EA6}, {0x001EA8, 0x001EA8}, {0x001EAA, 0x001EAA}, {0x001EAC, 0x001EAC},
    {0x001EAE, 0x001EAE}, {0x001EB0, 0x001EB0}, {0x001EB2, 0x001EB2}, {0x001EB4, 0x001EB4},
    {0x001EB6, 0x001EB6}, {0x001EB8, 0x001EB8}, {0x001EBA, 0x001EBA}, {0x001EBC, 0x001EBC},
    {0x001EBE, 0x001EBE}, {0x001EC0, 0x001EC0}, {0x001EC2, 0x001EC2}, {0x001EC4, 0x001EC4},
    {0x001EC6, 0x001EC6}, {0x001EC8, 0x001EC8}, {0x001ECA, 0x001ECA}, {0x001ECC, 0x001ECC},
    {0x001ECE, 0x001ECE}, {0x001ED0, 0x001ED0}, {0x001ED2, 0x001ED2}, {0x001ED4, 0x001ED4},
    {0x001ED6, 0x001ED6}, {0x001ED8, 0x001ED8}, {0x001EDA, 0x001EDA}, {0x001EDC, 0x001EDC},
    {0x001EDE, 0x001EDE}, {0x001EE0, 0x001EE0}, {0x001EE2, 0x001EE2}, {0x001EE4, 0x001EE4},
    {0x001EE6, 0x001EE6}, {0x001EE8, 0x001EE8}, {0x001EEA, 0x001EEA}, {0x001EEC, 0x001EEC},
    {0x001EEE, 0x001EEE}, {0x001EF0, 0x001EF0}, {0x001EF2, 0x001EF2}, {0x001EF4, 0x001EF4},
    {0x001EF6, 0x001EF6}, {0x001EF8, 0x001EF8}, {0x001EFA, 0x001EFA}, {0x001EFC, 0x001EFC},
    {0x001EFE, 0x001EFE}, {0x001F08, 0x001F0F}, {0x001F18, 0x001F1D}, {0x001F28, 0x001F2F},
    {0x001F38, 0x001F3F}, {0x001F48, 0x001F4D}, {0x001F59, 0x001F59}, {0x001F5B, 0x001F5B},
    {0x001F5D, 0x001F5D}, {0x001F5F, 0x001F5F}, {0x001F68, 0x001F6F}, {0x001FB8, 0x001FBB},
    {0x001FC8, 0x001FCB}, {0x001FD8, 0x001FDB}, {0x001FE8, 0x001FEC}, {0x001FF8, 0x001FFB},
    {0x002102, 0x002102}, {0x002107, 0x002107}, {0x00210B, 0x00210D}, {0x002110, 0x002112},
    {0x002115, 0x002115}, {0x002119, 0x00211D}, {0x002124, 0x002124}, {0x002126, 0x002126},
    {0x002128, 0x002128}, {0x00212A, 0x00212D}, {0x002130, 0x002133}, {0x00213E, 0x00213F},
    {0x002145, 0x002145}, {0x002183, 0x002183}, {0x002C00, 0x002C2F}, {0x002C60, 0x002C60},
    {0x002C62, 0x002C64}, {0x002C67, 0x002C67}, {0x002C69, 0x002C69}, {0x002C6B, 0x002C6B},
    {0x002C6D, 0x002C70}, {0x002C72, 0x002C72}, {0x002C75, 0x002C75}, {0x002C7E, 0x002C80},
    {0x002C82, 0x002C82}, {0x002C84, 0x002C84}, {0x002C86, 0x002C86}, {0x002C88, 0x002C88},
    {0x002C8A, 0x002C8A}, {0x002C8C, 0x002C8C}, {0x002C8E, 0x002C8E}, {0x002C90, 0x002C90},
    {0x002C92, 0x002C92}, {0x002C94, 0x002C94}, {0x002C96, 0x002C96}, {0x002C98, 0x002C98},
    {0x002C9A, 0x002C9A}, {0x002C9C, 0x002C9C}, {0x002C9E, 0x002C9E}, {0x002CA0, 0x002CA0},
    {0x002CA2, 0x002CA2}, {0x002CA4, 0x002CA4}, {0x002CA6, 0x002CA6}, {0x002CA8, 0x002CA8},
    {0x002CAA, 0x002CAA}, {0x002CAC, 0x002CAC}, {0x002CAE, 0x002CAE}, {0x002CB0, 0x002CB0},
    {0x002CB2, 0x002CB2}, {0x002CB4, 0x002CB4}, {0x002CB6, 0x002CB6}, {0x002CB8, 0x002CB8},
    {0x002CBA, 0x002CBA}, {0x002CBC, 0x002CBC}, {0x002CBE, 0x002CBE}, {0x002CC0, 0x002CC0},
    {0x002CC2, 0x002CC2}, {0x002CC4, 0x002CC4}, {0x002CC6, 0x002CC6}, {0x002CC8, 0x002CC8},
    {0x002CCA, 0x002CCA}, {0x002CCC, 0x002CCC}, {0x002CCE, 0x002CCE}, {0x002CD0, 0x002CD0},
    {0x002CD2, 0x002CD2}, {0x002CD4, 0x002CD4}, {0x002CD6, 0x002CD6}, {0x002CD8, 0x002CD8},
    {0x002CDA, 0x002CDA}, {0x002CDC, 0x002CDC}, {0x002CDE, 0x002CDE}, {0x002CE0, 0x002CE0},
    {0x002CE2, 0x002CE2}, {0x002CEB, 0x002CEB}, {0x002CED, 0x002CED}, {0x002CF2, 0x002CF2},
    {0x00A640, 0x00A640}, {0x00A642, 0x00A642}, {0x00A644, 0x00A644}, {0x00A646, 0x00A646},
    {0x00A648, 0x00A648}, {0x00A64A, 0x00A64A}, {0x00A64C, 0x00A64C}, {0x00A64E, 0x00A64E},
    {0x00A650, 0x00A650}, {0x00A652, 0x00A652}, {0x00A654, 0x00A654}, {0x00A656, 0x00A656},
    {0x00A658, 0x00A658}, {0x00A65A, 0x00A65A}, {0x00A65C, 0x00A65C}, {0x00A65E, 0x00A65E},
    {0x00A660, 0x00A660}, {0x00A662, 0x00A662}, {0x00A664, 0x00A664}, {0x00A666, 0x00A666},
    {0x00A668, 0x00A668}, {0x00A66A, 0x00A66A}, {0x00A66C, 0x00A66C}, {0x00A680, 0x00A680},
    {0x00A682, 0x00A682}, {0x00A684, 0x00A684}, {0x00A686, 0x00A686}, {0x00A688, 0x00A688},
    {0x00A68A, 0x00A68A}, {0x00A68C, 0x00A68C}, {0x00A68E, 0x00A68E}, {0x00A690, 0x00A690},
    {0x00A692, 0x00A692}, {0x00A694, 0x00A694}, {0x00A696, 0x00A696}, {0x00A698, 0x00A698},
    {0x00A69A, 0x00A69A}, {0x00A722, 0x00A722}, {0x00A724, 0x00A724}, {0x00A726, 0x00A726},
    {0x00A728, 0x00A728}, {0x00A72A, 0x00A72A}, {0x00A72C, 0x00A72C}, {0x00A72E, 0x00A72E},
    {0x00A732, 0x00A732}, {0x00A734, 0x00A734}, {0x00A736, 0x00A736}, {0x00A738, 0x00A738},
    {0x00A73A, 0x00A73A}, {0x00A73C, 0x00A73C}, {0x00A73E, 0x00A73E}, {0x00A740, 0x00A740},
    {0x00A742, 0x00A742}, {0x00A744, 0x00A744}, {0x00A746, 0x00A746}, {0x00A748, 0x00A748},
    {0x00A74A, 0x00A74A}, {0x00A74C, 0x00A74C}, {0x00A74E, 0x00A74E}, {0x00A750, 0x00A750},
    {0x00A752, 0x00A752}, {0x00A754, 0x00A754}, {0x00A756, 0x00A756}, {0x00A758, 0x00A758},
    {0x00A75A, 0x00A75A}, {0x00A75C, 0x00A75C}, {0x00A75E, 0x00A75E}, {0x00A760, 0x00A760},
    {0x00A762, 0x00A762}, {0x00A764, 0x00A764}, {0x00A766, 0x00A766}, {0x00A768, 0x00A768},
    {0x00A76A, 0x00A76A}, {0x00A76C, 0x00A76C}, {0x00A76E, 0x00A76E}, {0x00A779, 0x00A779},
    {0x00A77B, 0x00A77B}, {0x00A77D, 0x00A77E}, {0x00A780, 0x00A780}, {0x00A782, 0x00A782},
    {0x00A784, 0x00A784}, {0x00A786, 0x00A786}, {0x00A78B, 0x00A78B}, {0x00A78D, 0x00A78D},
    {0x00A790, 0x00A790}, {0x00A792, 0x00A792}, {0x00A796, 0x00A796}, {0x00A798, 0x00A798},
    {0x00A79A, 0x00A79A}, {0x00A79C, 0x00A79C}, {0x00A79E, 0x00A79E}, {0x00A7A0, 0x00A7A0},
    {0x00A7A2, 0x00A7A2}, {0x00A7A4, 0x00A7A4}, {0x00A7A6, 0x00A7A6}, {0x00A7A8, 0x00A7A8},
    {0x00A7AA, 0x00A7AE}, {0x00A7B0, 0x00A7B4}, {0x00A7B6, 0x00A7B6}, {0x00A7B8, 0x00A7B8},
    {0x00A7BA, 0x00A7BA}, {0x00A7BC, 0x00A7BC}, {0x00A7BE, 0x00A7BE}, {0x00A7C0, 0x00A7C0},
    {0x00A7C2, 0x00A7C2}, {0x00A7C4, 0x00A7C7}, {0x00A7C9, 0x00A7C9}, {0x00A7CB, 0x00A7CC},
    {0x00A7D0, 0x00A7D0}, {0x00A7D6, 0x00A7D6}, {0x00A7D8, 0x00A7D8}, {0x00A7DA, 0x00A7DA},
    {0x00A7DC, 0x00A7DC}, {0x00A7F5, 0x00A7F5}, {0x00FF21, 0x00FF3A}, {0x010400, 0x010427},
    {0x0104B0, 0x0104D3}, {0x010570, 0x01057A}, {0x01057C, 0x01058A}, {0x01058C, 0x010592},
    {0x010594, 0x010595}, {0x010C80, 0x010CB2}, {0x010D50, 0x010D65}, {0x0118A0, 0x0118BF},
    {0x016E40, 0x016E5F}, {0x01D400, 0x01D419}, {0x01D434, 0x01D44D}, {0x01D468, 0x01D481},
    {0x01D49C, 0x01D49C}, {0x01D49E, 0x01D49F}, {0x01D4A2, 0x01D4A2}, {0x01D4A5, 0x01D4A6},
    {0x01D4A9, 0x01D4AC}, {0x01D4AE, 0x01D4B5}, {0x01D4D0, 0x01D4E9}, {0x01D504, 0x01D505},
    {0x01D507, 0x01D50A}, {0x01D50D, 0x01D514}, {0x01D516, 0x01D51C}, {0x01D538, 0x01D539},
    {0x01D53B, 0x01D53E}, {0x01D540, 0x01D544}, {0x01D546, 0x01D546}, {0x01D54A, 0x01D550},
    {0x01D56C, 0x01D585}, {0x01D5A0, 0x01D5B9}, {0x01D5D4, 0x01D5ED}, {0x01D608, 0x01D621},
    {0x01D63C, 0x01D655}, {0x01D670, 0x01D689}, {0x01D6A8, 0x01D6C0}, {0x01D6E2, 0x01D6FA},
    {0x01D71C, 0x01D734}, {0x01D756, 0x01D76E}, {0x01D790, 0x01D7A8}, {0x01D7CA, 0x01D7CA},
    {0x01E900, 0x01E921}, {0x00002B, 0x00002B}, {0x00003C, 0x00003E}, {0x00007C, 0x00007C},
    {0x00007E, 0x00007E}, {0x0000AC, 0x0000AC}, {0x0000B1, 0x0000B1}, {0x0000D7, 0x0000D7},
    {0x0000F7, 0x0000F7}, {0x0003F6, 0x0003F6}, {0x000606, 0x000608}, {0x002044, 0x002044},
    {0x002052, 0x002052}, {0x00207A, 0x00207C}, {0x00208A, 0x00208C}, {0x002118, 0x002118},
    {0x002140, 0x002144}, {0x00214B, 0x00214B}, {0x002190, 0x002194}, {0x00219A, 0x00219B},
    {0x0021A0, 0x0021A0}, {0x0021A3, 0x0021A3}, {0x0021A6, 0x0021A6}, {0x0021AE, 0x0021AE},
    {0x0021CE, 0x0021CF}, {0x0021D2, 0x0021D2}, {0x0021D4, 0x0021D4}, {0x0021F4, 0x0022FF},
    {0x002320, 0x002321}, {0x00237C, 0x00237C}, {0x00239B, 0x0023B3}, {0x0023DC, 0x0023E1},
    {0x0025B7, 0x0025B7}, {0x0025C1, 0x0025C1}, {0x0025F8, 0x0025FF}, {0x00266F, 0x00266F},
    {0x0027C0, 0x0027C4}, {0x0027C7, 0x0027E5}, {0x0027F0, 0x0027FF}, {0x002900, 0x002982},
    {0x002999, 0x0029D7}, {0x0029DC, 0x0029FB}, {0x0029FE, 0x002AFF}, {0x002B30, 0x002B44},
    {0x002B47, 0x002B4C}, {0x00FB29, 0x00FB29}, {0x00FE62, 0x00FE62}, {0x00FE64, 0x00FE66},
    {0x00FF0B, 0x00FF0B}, {0x00FF1C, 0x00FF1E}, {0x00FF5C, 0x00FF5C}, {0x00FF5E, 0x00FF5E},
    {0x00FFE2, 0x00FFE2}, {0x00FFE9, 0x00FFEC}, {0x010D8E, 0x010D8F}, {0x01D6C1, 0x01D6C1},
    {0x01D6DB, 0x01D6DB}, {0x01D6FB, 0x01D6FB}, {0x01D715, 0x01D715}, {0x01D735, 0x01D735},
    {0x01D74F, 0x01D74F}, {0x01D76F, 0x01D76F}, {0x01D789, 0x01D789}, {0x01D7A9, 0x01D7A9},
    {0x01D7C3, 0x01D7C3}, {0x01EEF0, 0x01EEF1}, {0x000903, 0x000903}, {0x00093B, 0x00093B},
    {0x00093E, 0x000940}, {0x000949, 0x00094C}, {0x00094E, 0x00094F}, {0x000982, 0x000983},
    {0x0009BE, 0x0009C0}, {0x0009C7, 0x0009C8}, {0x0009CB, 0x0009CC}, {0x0009D7, 0x0009D7},
    {0x000A03, 0x000A03}, {0x000A3E, 0x000A40}, {0x000A83, 0x000A83}, {0x000ABE, 0x000AC0},
    {0x000AC9, 0x000AC9}, {0x000ACB, 0x000ACC}, {0x000B02, 0x000B03}, {0x000B3E, 0x000B3E},
    {0x000B40, 0x000B40}, {0x000B47, 0x000B48}, {0x000B4B, 0x000B4C}, {0x000B57, 0x000B57},
    {0x000BBE, 0x000BBF}, {0x000BC1, 0x000BC2}, {0x000BC6, 0x000BC8}, {0x000BCA, 0x000BCC},
    {0x000BD7, 0x000BD7}, {0x000C01, 0x000C03}, {0x000C41, 0x000C44}, {0x000C82, 0x000C83},
    {0x000CBE, 0x000CBE}, {0x000CC0, 0x000CC4}, {0x000CC7, 0x000CC8}, {0x000CCA, 0x000CCB},
    {0x000CD5, 0x000CD6}, {0x000CF3, 0x000CF3}, {0x000D02, 0x000D03}, {0x000D3E, 0x000D40},
    {0x000D46, 0x000D48}, {0x000D4A, 0x000D4C}, {0x000D57, 0x000D57}, {0x000D82, 0x000D83},
    {0x000DCF, 0x000DD1}, {0x000DD8, 0x000DDF}, {0x000DF2, 0x000DF3}, {0x000F3E, 0x000F3F},
    {0x000F7F, 0x000F7F}, {0x00102B, 0x00102C}, {0x001031, 0x001031}, {0x001038, 0x001038},
    {0x00103B, 0x00103C}, {0x001056, 0x001057}, {0x001062, 0x001064}, {0x001067, 0x00106D},
    {0x001083, 0x001084}, {0x001087, 0x00108C}, {0x00108F, 0x00108F}, {0x00109A, 0x00109C},
    {0x001715, 0x001715}, {0x001734, 0x001734}, {0x0017B6, 0x0017B6}, {0x0017BE, 0x0017C5},
    {0x0017C7, 0x0017C8}, {0x001923, 0x001926}, {0x001929, 0x00192B}, {0x001930, 0x001931},
    {0x001933, 0x001938}, {0x001A19, 0x001A1A}, {0x001A55, 0x001A55}, {0x001A57, 0x001A57},
    {0x001A61, 0x001A61}, {0x001A63, 0x001A64}, {0x001A6D, 0x001A72}, {0x001B04, 0x001B04},
    {0x001B35, 0x001B35}, {0x001B3B, 0x001B3B}, {0x001B3D, 0x001B41}, {0x001B43, 0x001B44},
    {0x001B82, 0x001B82}, {0x001BA1, 0x001BA1}, {0x001BA6, 0x001BA7}, {0x001BAA, 0x001BAA},
    {0x001BE7, 0x001BE7}, {0x001BEA, 0x001BEC}, {0x001BEE, 0x001BEE}, {0x001BF2, 0x001BF3},
    {0x001C24, 0x001C2B}, {0x001C34, 0x001C35}, {0x001CE1, 0x001CE1}, {0x001CF7, 0x001CF7},
    {0x00302E, 0x00302F}, {0x00A823, 0x00A824}, {0x00A827, 0x00A827}, {0x00A880, 0x00A881},
    {0x00A8B4, 0x00A8C3}, {0x00A952, 0x00A953}, {0x00A983, 0x00A983}, {0x00A9B4, 0x00A9B5},
    {0x00A9BA, 0x00A9BB}, {0x00A9BE, 0x00A9C0}, {0x00AA2F, 0x00AA30}, {0x00AA33, 0x00AA34},
    {0x00AA4D, 0x00AA4D}, {0x00AA7B, 0x00AA7B}, {0x00AA7D, 0x00AA7D}, {0x00AAEB, 0x00AAEB},
    {0x00AAEE, 0x00AAEF}, {0x00AAF5, 0x00AAF5}, {0x00ABE3, 0x00ABE4}, {0x00ABE6, 0x00ABE7},
    {0x00ABE9, 0x00ABEA}, {0x00ABEC, 0x00ABEC}, {0x011000, 0x011000}, {0x011002, 0x011002},
    {0x011082, 0x011082}, {0x0110B0, 0x0110B2}, {0x0110B7, 0x0110B8}, {0x01112C, 0x01112C},
    {0x011145, 0x011146}, {0x011182, 0x011182}, {0x0111B3, 0x0111B5}, {0x0111BF, 0x0111C0},
    {0x0111CE, 0x0111CE}, {0x01122C, 0x01122E}, {0x011232, 0x011233}, {0x011235, 0x011235},
    {0x0112E0, 0x0112E2}, {0x011302, 0x011303}, {0x01133E, 0x01133F}, {0x011341, 0x011344},
    {0x011347, 0x011348}, {0x01134B, 0x01134D}, {0x011357, 0x011357}, {0x011362, 0x011363},
    {0x0113B8, 0x0113BA}, {0x0113C2, 0x0113C2}, {0x0113C5, 0x0113C5}, {0x0113C7, 0x0113CA},
    {0x0113CC, 0x0113CD}, {0x0113CF, 0x0113CF}, {0x011435, 0x011437}, {0x011440, 0x011441},
    {0x011445, 0x011445}, {0x0114B0, 0x0114B2}, {0x0114B9, 0x0114B9}, {0x0114BB, 0x0114BE},
    {0x0114C1, 0x0114C1}, {0x0115AF, 0x0115B1}, {0x0115B8, 0x0115BB}, {0x0115BE, 0x0115BE},
    {0x011630, 0x011632}, {0x01163B, 0x01163C}, {0x01163E, 0x01163E}, {0x0116AC, 0x0116AC},
    {0x0116AE, 0x0116AF}, {0x0116B6, 0x0116B6}, {0x01171E, 0x01171E}, {0x011720, 0x011721},
    {0x011726, 0x011726}, {0x01182C, 0x01182E}, {0x011838, 0x011838}, {0x011930, 0x011935},
    {0x011937, 0x011938}, {0x01193D, 0x01193D}, {0x011940, 0x011940}, {0x011942, 0x011942},
    {0x0119D1, 0x0119D3}, {0x0119DC, 0x0119DF}, {0x0119E4, 0x0119E4}, {0x011A39, 0x011A39},
    {0x011A57, 0x011A58}, {0x011A97, 0x011A97}, {0x011C2F, 0x011C2F}, {0x011C3E, 0x011C3E},
    {0x011CA9, 0x011CA9}, {0x011CB1, 0x011CB1}, {0x011CB4, 0x011CB4}, {0x011D8A, 0x011D8E},
    {0x011D93, 0x011D94}, {0x011D96, 0x011D96}, {0x011EF5, 0x011EF6}, {0x011F03, 0x011F03},
    {0x011F34, 0x011F35}, {0x011F3E, 0x011F3F}, {0x011F41, 0x011F41}, {0x01612A, 0x01612C},
    {0x016F51, 0x016F87}, {0x016FF0, 0x016FF1}, {0x01D165, 0x01D166}, {0x01D16D, 0x01D172},
    {0x000300, 0x00036F}, {0x000483, 0x000487}, {0x000591, 0x0005BD}, {0x0005BF, 0x0005BF},
    {0x0005C1, 0x0005C2}, {0x0005C4, 0x0005C5}, {0x0005C7, 0x0005C7}, {0x000610, 0x00061A},
    {0x00064B, 0x00065F}, {0x000670, 0x000670}, {0x0006D6, 0x0006DC}, {0x0006DF, 0x0006E4},
    {0x0006E7, 0x0006E8}, {0x0006EA, 0x0006ED}, {0x000711, 0x000711}, {0x000730, 0x00074A},
    {0x0007A6, 0x0007B0}, {0x0007EB, 0x0007F3}, {0x0007FD, 0x0007FD}, {0x000816, 0x000819},
    {0x00081B, 0x000823}, {0x000825, 0x000827}, {0x000829, 0x00082D}, {0x000859, 0x00085B},
    {0x000897, 0x00089F}, {0x0008CA, 0x0008E1}, {0x0008E3, 0x000902}, {0x00093A, 0x00093A},
    {0x00093C, 0x00093C}, {0x000941, 0x000948}, {0x00094D, 0x00094D}, {0x000951, 0x000957},
    {0x000962, 0x000963}, {0x000981, 0x000981}, {0x0009BC, 0x0009BC}, {0x0009C1, 0x0009C4},
    {0x0009CD, 0x0009CD}, {0x0009E2, 0x0009E3}, {0x0009FE, 0x0009FE}, {0x000A01, 0x000A02},
    {0x000A3C, 0x000A3C}, {0x000A41, 0x000A42}, {0x000A47, 0x000A48}, {0x000A4B, 0x000A4D},
    {0x000A51, 0x000A51}, {0x000A70, 0x000A71}, {0x000A75, 0x000A75}, {0x000A81, 0x000A82},
    {0x000ABC, 0x000ABC}, {0x000AC1, 0x000AC5}, {0x000AC7, 0x000AC8}, {0x000ACD, 0x000ACD},
    {0x000AE2, 0x000AE3}, {0x000AFA, 0x000AFF}, {0x000B01, 0x000B01}, {0x000B3C, 0x000B3C},
    {0x000B3F, 0x000B3F}, {0x000B41, 0x000B44}, {0x000B4D, 0x000B4D}, {0x000B55, 0x000B56},
    {0x000B62, 0x000B63}, {0x000B82, 0x000B82}, {0x000BC0, 0x000BC0}, {0x000BCD, 0x000BCD},
    {0x000C00, 0x000C00}, {0x000C04, 0x000C04}, {0x000C3C, 0x000C3C}, {0x000C3E, 0x000C40},
    {0x000C46, 0x000C48}, {0x000C4A, 0x000C4D}, {0x000C55, 0x000C56}, {0x000C62, 0x000C63},
    {0x000C81, 0x000C81}, {0x000CBC, 0x000CBC}, {0x000CBF, 0x000CBF}, {0x000CC6, 0x000CC6},
    {0x000CCC, 0x000CCD}, {0x000CE2, 0x000CE3}, {0x000D00, 0x000D01}, {0x000D3B, 0x000D3C},
    {0x000D41, 0x000D44}, {0x000D4D, 0x000D4D}, {0x000D62, 0x000D63}, {0x000D81, 0x000D81},
    {0x000DCA, 0x000DCA}, {0x000DD2, 0x000DD4}, {0x000DD6, 0x000DD6}, {0x000E31, 0x000E31},
    {0x000E34, 0x000E3A}, {0x000E47, 0x000E4E}, {0x000EB1, 0x000EB1}, {0x000EB4, 0x000EBC},
    {0x000EC8, 0x000ECE}, {0x000F18, 0x000F19}, {0x000F35, 0x000F35}, {0x000F37, 0x000F37},
    {0x000F39, 0x000F39}, {0x000F71, 0x000F7E}, {0x000F80, 0x000F84}, {0x000F86, 0x000F87},
    {0x000F8D, 0x000F97}, {0x000F99, 0x000FBC}, {0x000FC6, 0x000FC6}, {0x00102D, 0x001030},
    {0x001032, 0x001037}, {0x001039, 0x00103A}, {0x00103D, 0x00103E}, {0x001058, 0x001059},
    {0x00105E, 0x001060}, {0x001071, 0x001074}, {0x001082, 0x001082}, {0x001085, 0x001086},
    {0x00108D, 0x00108D}, {0x00109D, 0x00109D}, {0x00135D, 0x00135F}, {0x001712, 0x001714},
    {0x001732, 0x001733}, {0x001752, 0x001753}, {0x001772, 0x001773}, {0x0017B4, 0x0017B5},
    {0x0017B7, 0x0017BD}, {0x0017C6, 0x0017C6}, {0x0017C9, 0x0017D3}, {0x0017DD, 0x0017DD},
    {0x00180B, 0x00180D}, {0x00180F, 0x00180F}, {0x001885, 0x001886}, {0x0018A9, 0x0018A9},
    {0x001920, 0x001922}, {0x001927, 0x001928}, {0x001932, 0x001932}, {0x001939, 0x00193B},
    {0x001A17, 0x001A18}, {0x001A1B, 0x001A1B}, {0x001A56, 0x001A56}, {0x001A58, 0x001A5E},
    {0x001A60, 0x001A60}, {0x001A62, 0x001A62}, {0x001A65, 0x001A6C}, {0x001A73, 0x001A7C},
    {0x001A7F, 0x001A7F}, {0x001AB0, 0x001ABD}, {0x001ABF, 0x001ACE}, {0x001B00, 0x001B03},
    {0x001B34, 0x001B34}, {0x001B36, 0x001B3A}, {0x001B3C, 0x001B3C}, {0x001B42, 0x001B42},
    {0x001B6B, 0x001B73}, {0x001B80, 0x001B81}, {0x001BA2, 0x001BA5}, {0x001BA8, 0x001BA9},
    {0x001BAB, 0x001BAD}, {0x001BE6, 0x001BE6}, {0x001BE8, 0x001BE9}, {0x001BED, 0x001BED},
    {0x001BEF, 0x001BF1}, {0x001C2C, 0x001C33}, {0x001C36, 0x001C37}, {0x001CD0, 0x001CD2},
    {0x001CD4, 0x001CE0}, {0x001CE2, 0x001CE8}, {0x001CED, 0x001CED}, {0x001CF4, 0x001CF4},
    {0x001CF8, 0x001CF9}, {0x001DC0, 0x001DFF}, {0x0020D0, 0x0020DC}, {0x0020E1, 0x0020E1},
    {0x0020E5, 0x0020F0}, {0x002CEF, 0x002CF1}, {0x002D7F, 0x002D7F}, {0x002DE0, 0x002DFF},
    {0x00302A, 0x00302D}, {0x003099, 0x00309A}, {0x00A66F, 0x00A66F}, {0x00A674, 0x00A67D},
    {0x00A69E, 0x00A69F}, {0x00A6F0, 0x00A6F1}, {0x00A802, 0x00A802}, {0x00A806, 0x00A806},
    {0x00A80B, 0x00A80B}, {0x00A825, 0x00A826}, {0x00A82C, 0x00A82C}, {0x00A8C4, 0x00A8C5},
    {0x00A8E0, 0x00A8F1}, {0x00A8FF, 0x00A8FF}, {0x00A926, 0x00A92D}, {0x00A947, 0x00A951},
    {0x00A980, 0x00A982}, {0x00A9B3, 0x00A9B3}, {0x00A9B6, 0x00A9B9}, {0x00A9BC, 0x00A9BD},
    {0x00A9E5, 0x00A9E5}, {0x00AA29, 0x00AA2E}, {0x00AA31, 0x00AA32}, {0x00AA35, 0x00AA36},
    {0x00AA43, 0x00AA43}, {0x00AA4C, 0x00AA4C}, {0x00AA7C, 0x00AA7C}, {0x00AAB0, 0x00AAB0},
    {0x00AAB2, 0x00AAB4}, {0x00AAB7, 0x00AAB8}, {0x00AABE, 0x00AABF}, {0x00AAC1, 0x00AAC1},
    {0x00AAEC, 0x00AAED}, {0x00AAF6, 0x00AAF6}, {0x00ABE5, 0x00ABE5}, {0x00ABE8, 0x00ABE8},
    {0x00ABED, 0x00ABED}, {0x00FB1E, 0x00FB1E}, {0x00FE00, 0x00FE0F}, {0x00FE20, 0x00FE2F},
    {0x0101FD, 0x0101FD}, {0x0102E0, 0x0102E0}, {0x010376, 0x01037A}, {0x010A01, 0x010A03},
    {0x010A05, 0x010A06}, {0x010A0C, 0x010A0F}, {0x010A38, 0x010A3A}, {0x010A3F, 0x010A3F},
    {0x010AE5, 0x010AE6}, {0x010D24, 0x010D27}, {0x010D69, 0x010D6D}, {0x010EAB, 0x010EAC},
    {0x010EFC, 0x010EFF}, {0x010F46, 0x010F50}, {0x010F82, 0x010F85}, {0x011001, 0x011001},
    {0x011038, 0x011046}, {0x011070, 0x011070}, {0x011073, 0x011074}, {0x01107F, 0x011081},
    {0x0110B3, 0x0110B6}, {0x0110B9, 0x0110BA}, {0x0110C2, 0x0110C2}, {0x011100, 0x011102},
    {0x011127, 0x01112B}, {0x01112D, 0x011134}, {0x011173, 0x011173}, {0x011180, 0x011181},
    {0x0111B6, 0x0111BE}, {0x0111C9, 0x0111CC}, {0x0111CF, 0x0111CF}, {0x01122F, 0x011231},
    {0x011234, 0x011234}, {0x011236, 0x011237}, {0x01123E, 0x01123E}, {0x011241, 0x011241},
    {0x0112DF, 0x0112DF}, {0x0112E3, 0x0112EA}, {0x011300, 0x011301}, {0x01133B, 0x01133C},
    {0x011340, 0x011340}, {0x011366, 0x01136C}, {0x011370, 0x011374}, {0x0113BB, 0x0113C0},
    {0x0113CE, 0x0113CE}, {0x0113D0, 0x0113D0}, {0x0113D2, 0x0113D2}, {0x0113E1, 0x0113E2},
    {0x011438, 0x01143F}, {0x011442, 0x011444}, {0x011446, 0x011446}, {0x01145E, 0x01145E},
    {0x0114B3, 0x0114B8}, {0x0114BA, 0x0114BA}, {0x0114BF, 0x0114C0}, {0x0114C2, 0x0114C3},
    {0x0115B2, 0x0115B5}, {0x0115BC, 0x0115BD}, {0x0115BF, 0x0115C0}, {0x0115DC, 0x0115DD},
    {0x011633, 0x01163A}, {0x01163D, 0x01163D}, {0x01163F, 0x011640}, {0x0116AB, 0x0116AB},
    {0x0116AD, 0x0116AD}, {0x0116B0, 0x0116B5}, {0x0116B7, 0x0116B7}, {0x01171D, 0x01171D},
    {0x01171F, 0x01171F}, {0x011722, 0x011725}, {0x011727, 0x01172B}, {0x01182F, 0x011837},
    {0x011839, 0x01183A}, {0x01193B, 0x01193C}, {0x01193E, 0x01193E}, {0x011943, 0x011943},
    {0x0119D4, 0x0119D7}, {0x0119DA, 0x0119DB}, {0x0119E0, 0x0119E0}, {0x011A01, 0x011A0A},
    {0x011A33, 0x011A38}, {0x011A3B, 0x011A3E}, {0x011A47, 0x011A47}, {0x011A51, 0x011A56},
    {0x011A59, 0x011A5B}, {0x011A8A, 0x011A96}, {0x011A98, 0x011A99}, {0x011C30, 0x011C36},
    {0x011C38, 0x011C3D}, {0x011C3F, 0x011C3F}, {0x011C92, 0x011CA7}, {0x011CAA, 0x011CB0},
    {0x011CB2, 0x011CB3}, {0x011CB5, 0x011CB6}, {0x011D31, 0x011D36}, {0x011D3A, 0x011D3A},
    {0x011D3C, 0x011D3D}, {0x011D3F, 0x011D45}, {0x011D47, 0x011D47}, {0x011D90, 0x011D91},
    {0x011D95, 0x011D95}, {0x011D97, 0x011D97}, {0x011EF3, 0x011EF4}, {0x011F00, 0x011F01},
    {0x011F36, 0x011F3A}, {0x011F40, 0x011F40}, {0x011F42, 0x011F42}, {0x011F5A, 0x011F5A},
    {0x013440, 0x013440}, {0x013447, 0x013455}, {0x01611E, 0x016129}, {0x01612D, 0x01612F},
    {0x016AF0, 0x016AF4}, {0x016B30, 0x016B36}, {0x016F4F, 0x016F4F}, {0x016F8F, 0x016F92},
    {0x016FE4, 0x016FE4}, {0x01BC9D, 0x01BC9E}, {0x01CF00, 0x01CF2D}, {0x01CF30, 0x01CF46},
    {0x01D167, 0x01D169}, {0x01D17B, 0x01D182}, {0x01D185, 0x01D18B}, {0x01D1AA, 0x01D1AD},
    {0x01D242, 0x01D244}, {0x01DA00, 0x01DA36}, {0x01DA3B, 0x01DA6C}, {0x01DA75, 0x01DA75},
    {0x01DA84, 0x01DA84}, {0x01DA9B, 0x01DA9F}, {0x01DAA1, 0x01DAAF}, {0x01E000, 0x01E006},
    {0x01E008, 0x01E018}, {0x01E01B, 0x01E021}, {0x01E023, 0x01E024}, {0x01E026, 0x01E02A},
    {0x01E08F, 0x01E08F}, {0x01E130, 0x01E136}, {0x01E2AE, 0x01E2AE}, {0x01E2EC, 0x01E2EF},
    {0x01E4EC, 0x01E4EF}, {0x01E5EE, 0x01E5EF}, {0x01E8D0, 0x01E8D6}, {0x01E944, 0x01E94A},
    {0x0E0100, 0x0E01EF}, {0x00005E, 0x00005E}, {0x000060, 0x000060}, {0x0000A8, 0x0000A8},
    {0x0000AF, 0x0000AF}, {0x0000B4, 0x0000B4}, {0x0000B8, 0x0000B8}, {0x0002C2, 0x0002C5},
    {0x0002D2, 0x0002DF}, {0x0002E5, 0x0002EB}, {0x0002ED, 0x0002ED}, {0x0002EF, 0x0002FF},
    {0x000375, 0x000375}, {0x000384, 0x000385}, {0x000888, 0x000888}, {0x001FBD, 0x001FBD},
    {0x001FBF, 0x001FC1}, {0x001FCD, 0x001FCF}, {0x001FDD, 0x001FDF}, {0x001FED, 0x001FEF},
    {0x001FFD, 0x001FFE}, {0x00309B, 0x00309C}, {0x00A700, 0x00A716}, {0x00A720, 0x00A721},
    {0x00A789, 0x00A78A}, {0x00AB5B, 0x00AB5B}, {0x00AB6A, 0x00AB6B}, {0x00FBB2, 0x00FBC2},
    {0x00FF3E, 0x00FF3E}, {0x00FF40, 0x00FF40}, {0x00FFE3, 0x00FFE3}, {0x01F3FB, 0x01F3FF},
    {0x000030, 0x000039}, {0x0000B2, 0x0000B3}, {0x0000B9, 0x0000B9}, {0x0000BC, 0x0000BE},
    {0x000660, 0x000669}, {0x0006F0, 0x0006F9}, {0x0007C0, 0x0007C9}, {0x000966, 0x00096F},
    {0x0009E6, 0x0009EF}, {0x0009F4, 0x0009F9}, {0x000A66, 0x000A6F}, {0x000AE6, 0x000AEF},
    {0x000B66, 0x000B6F}, {0x000B72, 0x000B77}, {0x000BE6, 0x000BF2}, {0x000C66, 0x000C6F},
    {0x000C78, 0x000C7E}, {0x000CE6, 0x000CEF}, {0x000D58, 0x000D5E}, {0x000D66, 0x000D78},
    {0x000DE6, 0x000DEF}, {0x000E50, 0x000E59}, {0x000ED0, 0x000ED9}, {0x000F20, 0x000F33},
    {0x001040, 0x001049}, {0x001090, 0x001099}, {0x001369, 0x00137C}, {0x0016EE, 0x0016F0},
    {0x0017E0, 0x0017E9}, {0x0017F0, 0x0017F9}, {0x001810, 0x001819}, {0x001946, 0x00194F},
    {0x0019D0, 0x0019DA}, {0x001A80, 0x001A89}, {0x001A90, 0x001A99}, {0x001B50, 0x001B59},
    {0x001BB0, 0x001BB9}, {0x001C40, 0x001C49}, {0x001C50, 0x001C59}, {0x002070, 0x002070},
    {0x002074, 0x002079}, {0x002080, 0x002089}, {0x002150, 0x002182}, {0x002185, 0x002189},
    {0x002460, 0x00249B}, {0x0024EA, 0x0024FF}, {0x002776, 0x002793}, {0x002CFD, 0x002CFD},
    {0x003007, 0x003007}, {0x003021, 0x003029}, {0x003038, 0x00303A}, {0x003192, 0x003195},
    {0x003220, 0x003229}, {0x003248, 0x00324F}, {0x003251, 0x00325F}, {0x003280, 0x003289},
    {0x0032B1, 0x0032BF}, {0x00A620, 0x00A629}, {0x00A6E6, 0x00A6EF}, {0x00A830, 0x00A835},
    {0x00A8D0, 0x00A8D9}, {0x00A900, 0x00A909}, {0x00A9D0, 0x00A9D9}, {0x00A9F0, 0x00A9F9},
    {0x00AA50, 0x00AA59}, {0x00ABF0, 0x00ABF9}, {0x00FF10, 0x00FF19}, {0x010107, 0x010133},
    {0x010140, 0x010178}, {0x01018A, 0x01018B}, {0x0102E1, 0x0102FB}, {0x010320, 0x010323},
    {0x010341, 0x010341}, {0x01034A, 0x01034A}, {0x0103D1, 0x0103D5}, {0x0104A0, 0x0104A9},
    {0x010858, 0x01085F}, {0x010879, 0x01087F}, {0x0108A7, 0x0108AF}, {0x0108FB, 0x0108FF},
    {0x010916, 0x01091B}, {0x0109BC, 0x0109BD}, {0x0109C0, 0x0109CF}, {0x0109D2, 0x0109FF},
    {0x010A40, 0x010A48}, {0x010A7D, 0x010A7E}, {0x010A9D, 0x010A9F}, {0x010AEB, 0x010AEF},
    {0x010B58, 0x010B5F}, {0x010B78, 0x010B7F}, {0x010BA9, 0x010BAF}, {0x010CFA, 0x010CFF},
    {0x010D30, 0x010D39}, {0x010D40, 0x010D49}, {0x010E60, 0x010E7E}, {0x010F1D, 0x010F26},
    {0x010F51, 0x010F54}, {0x010FC5, 0x010FCB}, {0x011052, 0x01106F}, {0x0110F0, 0x0110F9},
    {0x011136, 0x01113F}, {0x0111D0, 0x0111D9}, {0x0111E1, 0x0111F4}, {0x0112F0, 0x0112F9},
    {0x011450, 0x011459}, {0x0114D0, 0x0114D9}, {0x011650, 0x011659}, {0x0116C0, 0x0116C9},
    {0x0116D0, 0x0116E3}, {0x011730, 0x01173B}, {0x0118E0, 0x0118F2}, {0x011950, 0x011959},
    {0x011BF0, 0x011BF9}, {0x011C50, 0x011C6C}, {0x011D50, 0x011D59}, {0x011DA0, 0x011DA9},
    {0x011F50, 0x011F59}, {0x011FC0, 0x011FD4}, {0x012400, 0x01246E}, {0x016130, 0x016139},
    {0x016A60, 0x016A69}, {0x016AC0, 0x016AC9}, {0x016B50, 0x016B59}, {0x016B5B, 0x016B61},
    {0x016D70, 0x016D79}, {0x016E80, 0x016E96}, {0x01CCF0, 0x01CCF9}, {0x01D2C0, 0x01D2D3},
    {0x01D2E0, 0x01D2F3}, {0x01D360, 0x01D378}, {0x01D7CE, 0x01D7FF}, {0x01E140, 0x01E149},
    {0x01E2F0, 0x01E2F9}, {0x01E4F0, 0x01E4F9}, {0x01E5F1, 0x01E5FA}, {0x01E8C7, 0x01E8CF},
    {0x01E950, 0x01E959}, {0x01EC71, 0x01ECAB}, {0x01ECAD, 0x01ECAF}, {0x01ECB1, 0x01ECB4},
    {0x01ED01, 0x01ED2D}, {0x01ED2F, 0x01ED3D}, {0x01F100, 0x01F10C}, {0x01FBF0, 0x01FBF9},
    {0x0000B2, 0x0000B3}, {0x0000B9, 0x0000B9}, {0x0000BC, 0x0000BE}, {0x0009F4, 0x0009F9},
    {0x000B72, 0x000B77}, {0x000BF0, 0x000BF2}, {0x000C78, 0x000C7E}, {0x000D58, 0x000D5E},
    {0x000D70, 0x000D78}, {0x000F2A, 0x000F33}, {0x001369, 0x00137C}, {0x0017F0, 0x0017F9},
    {0x0019DA, 0x0019DA}, {0x002070, 0x002070}, {0x002074, 0x002079}, {0x002080, 0x002089},
    {0x002150, 0x00215F}, {0x002189, 0x002189}, {0x002460, 0x00249B}, {0x0024EA, 0x0024FF},
    {0x002776, 0x002793}, {0x002CFD, 0x002CFD}, {0x003192, 0x003195}, {0x003220, 0x003229},
    {0x003248, 0x00324F}, {0x003251, 0x00325F}, {0x003280, 0x003289}, {0x0032B1, 0x0032BF},
    {0x00A830, 0x00A835}, {0x010107, 0x010133}, {0x010175, 0x010178}, {0x01018A, 0x01018B},
    {0x0102E1, 0x0102FB}, {0x010320, 0x010323}, {0x010858, 0x01085F}, {0x010879, 0x01087F},
    {0x0108A7, 0x0108AF}, {0x0108FB, 0x0108FF}, {0x010916, 0x01091B}, {0x0109BC, 0x0109BD},
    {0x0109C0, 0x0109CF}, {0x0109D2, 0x0109FF}, {0x010A40, 0x010A48}, {0x010A7D, 0x010A7E},
    {0x010A9D, 0x010A9F}, {0x010AEB, 0x010AEF}, {0x010B58, 0x010B5F}, {0x010B78, 0x010B7F},
    {0x010BA9, 0x010BAF}, {0x010CFA, 0x010CFF}, {0x010E60, 0x010E7E}, {0x010F1D, 0x010F26},
    {0x010F51, 0x010F54}, {0x010FC5, 0x010FCB}, {0x011052, 0x011065}, {0x0111E1, 0x0111F4},
    {0x01173A, 0x01173B}, {0x0118EA, 0x0118F2}, {0x011C5A, 0x011C6C}, {0x011FC0, 0x011FD4},
    {0x016B5B, 0x016B61}, {0x016E80, 0x016E96}, {0x01D2C0, 0x01D2D3}, {0x01D2E0, 0x01D2F3},
    {0x01D360, 0x01D378}, {0x01E8C7, 0x01E8CF}, {0x01EC71, 0x01ECAB}, {0x01ECAD, 0x01ECAF},
    {0x01ECB1, 0x01ECB4}, {0x01ED01, 0x01ED2D}, {0x01ED2F, 0x01ED3D}, {0x01F100, 0x01F10C},
    {0x000028, 0x000028}, {0x00005B, 0x00005B}, {0x00007B, 0x00007B}, {0x000F3A, 0x000F3A},
    {0x000F3C, 0x000F3C}, {0x00169B, 0x00169B}, {0x00201A, 0x00201A}, {0x00201E, 0x00201E},
    {0x002045, 0x002045}, {0x00207D, 0x00207D}, {0x00208D, 0x00208D}, {0x002308, 0x002308},
    {0x00230A, 0x00230A}, {0x002329, 0x002329}, {0x002768, 0x002768}, {0x00276A, 0x00276A},
    {0x00276C, 0x00276C}, {0x00276E, 0x00276E}, {0x002770, 0x002770}, {0x002772, 0x002772},
    {0x002774, 0x002774}, {0x0027C5, 0x0027C5}, {0x0027E6, 0x0027E6}, {0x0027E8, 0x0027E8},
    {0x0027EA, 0x0027EA}, {0x0027EC, 0x0027EC}, {0x0027EE, 0x0027EE}, {0x002983, 0x002983},
    {0x002985, 0x002985}, {0x002987, 0x002987}, {0x002989, 0x002989}, {0x00298B, 0x00298B},
    {0x00298D, 0x00298D}, {0x00298F, 0x00298F}, {0x002991, 0x002991}, {0x002993, 0x002993},
    {0x002995, 0x002995}, {0x002997, 0x002997}, {0x0029D8, 0x0029D8}, {0x0029DA, 0x0029DA},
    {0x0029FC, 0x0029FC}, {0x002E22, 0x002E22}, {0x002E24, 0x002E24}, {0x002E26, 0x002E26},
    {0x002E28, 0x002E28}, {0x002E42, 0x002E42}, {0x002E55, 0x002E55}, {0x002E57, 0x002E57},
    {0x002E59, 0x002E59}, {0x002E5B, 0x002E5B}, {0x003008, 0x003008}, {0x00300A, 0x00300A},
    {0x00300C, 0x00300C}, {0x00300E, 0x00300E}, {0x003010, 0x003010}, {0x003014, 0x003014},
    {0x003016, 0x003016}, {0x003018, 0x003018}, {0x00301A, 0x00301A}, {0x00301D, 0x00301D},
    {0x00FD3F, 0x00FD3F}, {0x00FE17, 0x00FE17}, {0x00FE35, 0x00FE35}, {0x00FE37, 0x00FE37},
    {0x00FE39, 0x00FE39}, {0x00FE3B, 0x00FE3B}, {0x00FE3D, 0x00FE3D}, {0x00FE3F, 0x00FE3F},
    {0x00FE41, 0x00FE41}, {0x00FE43, 0x00FE43}, {0x00FE47, 0x00FE47}, {0x00FE59, 0x00FE59},
    {0x00FE5B, 0x00FE5B}, {0x00FE5D, 0x00FE5D}, {0x00FF08, 0x00FF08}, {0x00FF3B, 0x00FF3B},
    {0x00FF5B, 0x00FF5B}, {0x00FF5F, 0x00FF5F}, {0x00FF62, 0x00FF62}, {0x000021, 0x000023},
    {0x000025, 0x000027}, {0x00002A, 0x00002A}, {0x00002C, 0x00002C}, {0x00002E, 0x00002F},
    {0x00003A, 0x00003B}, {0x00003F, 0x000040}, {0x00005C, 0x00005C}, {0x0000A1, 0x0000A1},
    {0x0000A7, 0x0000A7}, {0x0000B6, 0x0000B7}, {0x0000BF, 0x0000BF}, {0x00037E, 0x00037E},
    {0x000387, 0x000387}, {0x00055A, 0x00055F}, {0x000589, 0x000589}, {0x0005C0, 0x0005C0},
    {0x0005C3, 0x0005C3}, {0x0005C6, 0x0005C6}, {0x0005F3, 0x0005F4}, {0x000609, 0x00060A},
    {0x00060C, 0x00060D}, {0x00061B, 0x00061B}, {0x00061D, 0x00061F}, {0x00066A, 0x00066D},
    {0x0006D4, 0x0006D4}, {0x000700, 0x00070D}, {0x0007F7, 0x0007F9}, {0x000830, 0x00083E},
    {0x00085E, 0x00085E}, {0x000964, 0x000965}, {0x000970, 0x000970}, {0x0009FD, 0x0009FD},
    {0x000A76, 0x000A76}, {0x000AF0, 0x000AF0}, {0x000C77, 0x000C77}, {0x000C84, 0x000C84},
    {0x000DF4, 0x000DF4}, {0x000E4F, 0x000E4F}, {0x000E5A, 0x000E5B}, {0x000F04, 0x000F12},
    {0x000F14, 0x000F14}, {0x000F85, 0x000F85}, {0x000FD0, 0x000FD4}, {0x000FD9, 0x000FDA},
    {0x00104A, 0x00104F}, {0x0010FB, 0x0010FB}, {0x001360, 0x001368}, {0x00166E, 0x00166E},
    {0x0016EB, 0x0016ED}, {0x001735, 0x001736}, {0x0017D4, 0x0017D6}, {0x0017D8, 0x0017DA},
    {0x001800, 0x001805}, {0x001807, 0x00180A}, {0x001944, 0x001945}, {0x001A1E, 0x001A1F},
    {0x001AA0, 0x001AA6}, {0x001AA8, 0x001AAD}, {0x001B4E, 0x001B4F}, {0x001B5A, 0x001B60},
    {0x001B7D, 0x001B7F}, {0x001BFC, 0x001BFF}, {0x001C3B, 0x001C3F}, {0x001C7E, 0x001C7F},
    {0x001CC0, 0x001CC7}, {0x001CD3, 0x001CD3}, {0x002016, 0x002017}, {0x002020, 0x002027},
    {0x002030, 0x002038}, {0x00203B, 0x00203E}, {0x002041, 0x002043}, {0x002047, 0x002051},
    {0x002053, 0x002053}, {0x002055, 0x00205E}, {0x002CF9, 0x002CFC}, {0x002CFE, 0x002CFF},
    {0x002D70, 0x002D70}, {0x002E00, 0x002E01}, {0x002E06, 0x002E08}, {0x002E0B, 0x002E0B},
    {0x002E0E, 0x002E16}, {0x002E18, 0x002E19}, {0x002E1B, 0x002E1B}, {0x002E1E, 0x002E1F},
    {0x002E2A, 0x002E2E}, {0x002E30, 0x002E39}, {0x002E3C, 0x002E3F}, {0x002E41, 0x002E41},
    {0x002E43, 0x002E4F}, {0x002E52, 0x002E54}, {0x003001, 0x003003}, {0x00303D, 0x00303D},
    {0x0030FB, 0x0030FB}, {0x00A4FE, 0x00A4FF}, {0x00A60D, 0x00A60F}, {0x00A673, 0x00A673},
    {0x00A67E, 0x00A67E}, {0x00A6F2, 0x00A6F7}, {0x00A874, 0x00A877}, {0x00A8CE, 0x00A8CF},
    {0x00A8F8, 0x00A8FA}, {0x00A8FC, 0x00A8FC}, {0x00A92E, 0x00A92F}, {0x00A95F, 0x00A95F},
    {0x00A9C1, 0x00A9CD}, {0x00A9DE, 0x00A9DF}, {0x00AA5C, 0x00AA5F}, {0x00AADE, 0x00AADF},
    {0x00AAF0, 0x00AAF1}, {0x00ABEB, 0x00ABEB}, {0x00FE10, 0x00FE16}, {0x00FE19, 0x00FE19},
    {0x00FE30, 0x00FE30}, {0x00FE45, 0x00FE46}, {0x00FE49, 0x00FE4C}, {0x00FE50, 0x00FE52},
    {0x00FE54, 0x00FE57}, {0x00FE5F, 0x00FE61}, {0x00FE68, 0x00FE68}, {0x00FE6A, 0x00FE6B},
    {0x00FF01, 0x00FF03}, {0x00FF05, 0x00FF07}, {0x00FF0A, 0x00FF0A}, {0x00FF0C, 0x00FF0C},
    {0x00FF0E, 0x00FF0F}, {0x00FF1A, 0x00FF1B}, {0x00FF1F, 0x00FF20}, {0x00FF3C, 0x00FF3C},
    {0x00FF61, 0x00FF61}, {0x00FF64, 0x00FF65}, {0x010100, 0x010102}, {0x01039F, 0x01039F},
    {0x0103D0, 0x0103D0}, {0x01056F, 0x01056F}, {0x010857, 0x010857}, {0x01091F, 0x01091F},
    {0x01093F, 0x01093F}, {0x010A50, 0x010A58}, {0x010A7F, 0x010A7F}, {0x010AF0, 0x010AF6},
    {0x010B39, 0x010B3F}, {0x010B99, 0x010B9C}, {0x010F55, 0x010F59}, {0x010F86, 0x010F89},
    {0x011047, 0x01104D}, {0x0110BB, 0x0110BC}, {0x0110BE, 0x0110C1}, {0x011140, 0x011143},
    {0x011174, 0x011175}, {0x0111C5, 0x0111C8}, {0x0111CD, 0x0111CD}, {0x0111DB, 0x0111DB},
    {0x0111DD, 0x0111DF}, {0x011238, 0x01123D}, {0x0112A9, 0x0112A9}, {0x0113D4, 0x0113D5},
    {0x0113D7, 0x0113D8}, {0x01144B, 0x01144F}, {0x01145A, 0x01145B}, {0x01145D, 0x01145D},
    {0x0114C6, 0x0114C6}, {0x0115C1, 0x0115D7}, {0x011641, 0x011643}, {0x011660, 0x01166C},
    {0x0116B9, 0x0116B9}, {0x01173C, 0x01173E}, {0x01183B, 0x01183B}, {0x011944, 0x011946},
    {0x0119E2, 0x0119E2}, {0x011A3F, 0x011A46}, {0x011A9A, 0x011A9C}, {0x011A9E, 0x011AA2},
    {0x011B00, 0x011B09}, {0x011BE1, 0x011BE1}, {0x011C41, 0x011C45}, {0x011C70, 0x011C71},
    {0x011EF7, 0x011EF8}, {0x011F43, 0x011F4F}, {0x011FFF, 0x011FFF}, {0x012470, 0x012474},
    {0x012FF1, 0x012FF2}, {0x016A6E, 0x016A6F}, {0x016AF5, 0x016AF5}, {0x016B37, 0x016B3B},
    {0x016B44, 0x016B44}, {0x016D6D, 0x016D6F}, {0x016E97, 0x016E9A}, {0x016FE2, 0x016FE2},
    {0x01BC9F, 0x01BC9F}, {0x01DA87, 0x01DA8B}, {0x01E5FF, 0x01E5FF}, {0x01E95E, 0x01E95F},
    {0x0000A6, 0x0000A6}, {0x0000A9, 0x0000A9}, {0x0000AE, 0x0000AE}, {0x0000B0, 0x0000B0},
    {0x000482, 0x000482}, {0x00058D, 0x00058E}, {0x00060E, 0x00060F}, {0x0006DE, 0x0006DE},
    {0x0006E9, 0x0006E9}, {0x0006FD, 0x0006FE}, {0x0007F6, 0x0007F6}, {0x0009FA, 0x0009FA},
    {0x000B70, 0x000B70}, {0x000BF3, 0x000BF8}, {0x000BFA, 0x000BFA}, {0x000C7F, 0x000C7F},
    {0x000D4F, 0x000D4F}, {0x000D79, 0x000D79}, {0x000F01, 0x000F03}, {0x000F13, 0x000F13},
    {0x000F15, 0x000F17}, {0x000F1A, 0x000F1F}, {0x000F34, 0x000F34}, {0x000F36, 0x000F36},
    {0x000F38, 0x000F38}, {0x000FBE, 0x000FC5}, {0x000FC7, 0x000FCC}, {0x000FCE, 0x000FCF},
    {0x000FD5, 0x000FD8}, {0x00109E, 0x00109F}, {0x001390, 0x001399}, {0x00166D, 0x00166D},
    {0x001940, 0x001940}, {0x0019DE, 0x0019FF}, {0x001B61, 0x001B6A}, {0x001B74, 0x001B7C},
    {0x002100, 0x002101}, {0x002103, 0x002106}, {0x002108, 0x002109}, {0x002114, 0x002114},
    {0x002116, 0x002117}, {0x00211E, 0x002123}, {0x002125, 0x002125}, {0x002127, 0x002127},
    {0x002129, 0x002129}, {0x00212E, 0x00212E}, {0x00213A, 0x00213B}, {0x00214A, 0x00214A},
    {0x00214C, 0x00214D}, {0x00214F, 0x00214F}, {0x00218A, 0x00218B}, {0x002195, 0x002199},
    {0x00219C, 0x00219F}, {0x0021A1, 0x0021A2}, {0x0021A4, 0x0021A5}, {0x0021A7, 0x0021AD},
    {0x0021AF, 0x0021CD}, {0x0021D0, 0x0021D1}, {0x0021D3, 0x0021D3}, {0x0021D5, 0x0021F3},
    {0x002300, 0x002307}, {0x00230C, 0x00231F}, {0x002322, 0x002328}, {0x00232B, 0x00237B},
    {0x00237D, 0x00239A}, {0x0023B4, 0x0023DB}, {0x0023E2, 0x002429}, {0x002440, 0x00244A},
    {0x00249C, 0x0024E9}, {0x002500, 0x0025B6}, {0x0025B8, 0x0025C0}, {0x0025C2, 0x0025F7},
    {0x002600, 0x00266E}, {0x002670, 0x002767}, {0x002794, 0x0027BF}, {0x002800, 0x0028FF},
    {0x002B00, 0x002B2F}, {0x002B45, 0x002B46}, {0x002B4D, 0x002B73}, {0x002B76, 0x002B95},
    {0x002B97, 0x002BFF}, {0x002CE5, 0x002CEA}, {0x002E50, 0x002E51}, {0x002E80, 0x002E99},
    {0x002E9B, 0x002EF3}, {0x002F00, 0x002FD5}, {0x002FF0, 0x002FFF}, {0x003004, 0x003004},
    {0x003012, 0x003013}, {0x003020, 0x003020}, {0x003036, 0x003037}, {0x00303E, 0x00303F},
    {0x003190, 0x003191}, {0x003196, 0x00319F}, {0x0031C0, 0x0031E5}, {0x0031EF, 0x0031EF},
    {0x003200, 0x00321E}, {0x00322A, 0x003247}, {0x003250, 0x003250}, {0x003260, 0x00327F},
    {0x00328A, 0x0032B0}, {0x0032C0, 0x0033FF}, {0x004DC0, 0x004DFF}, {0x00A490, 0x00A4C6},
    {0x00A828, 0x00A82B}, {0x00A836, 0x00A837}, {0x00A839, 0x00A839}, {0x00AA77, 0x00AA79},
    {0x00FD40, 0x00FD4F}, {0x00FDCF, 0x00FDCF}, {0x00FDFD, 0x00FDFF}, {0x00FFE4, 0x00FFE4},
    {0x00FFE8, 0x00FFE8}, {0x00FFED, 0x00FFEE}, {0x00FFFC, 0x00FFFD}, {0x010137, 0x01013F},
    {0x010179, 0x010189}, {0x01018C, 0x01018E}, {0x010190, 0x01019C}, {0x0101A0, 0x0101A0},
    {0x0101D0, 0x0101FC}, {0x010877, 0x010878}, {0x010AC8, 0x010AC8}, {0x01173F, 0x01173F},
    {0x011FD5, 0x011FDC}, {0x011FE1, 0x011FF1}, {0x016B3C, 0x016B3F}, {0x016B45, 0x016B45},
    {0x01BC9C, 0x01BC9C}, {0x01CC00, 0x01CCEF}, {0x01CD00, 0x01CEB3}, {0x01CF50, 0x01CFC3},
    {0x01D000, 0x01D0F5}, {0x01D100, 0x01D126}, {0x01D129, 0x01D164}, {0x01D16A, 0x01D16C},
    {0x01D183, 0x01D184}, {0x01D18C, 0x01D1A9}, {0x01D1AE, 0x01D1EA}, {0x01D200, 0x01D241},
    {0x01D245, 0x01D245}, {0x01D300, 0x01D356}, {0x01D800, 0x01D9FF}, {0x01DA37, 0x01DA3A},
    {0x01DA6D, 0x01DA74}, {0x01DA76, 0x01DA83}, {0x01DA85, 0x01DA86}, {0x01E14F, 0x01E14F},
    {0x01ECAC, 0x01ECAC}, {0x01ED2E, 0x01ED2E}, {0x01F000, 0x01F02B}, {0x01F030, 0x01F093},
    {0x01F0A0, 0x01F0AE}, {0x01F0B1, 0x01F0BF}, {0x01F0C1, 0x01F0CF}, {0x01F0D1, 0x01F0F5},
    {0x01F10D, 0x01F1AD}, {0x01F1E6, 0x01F202}, {0x01F210, 0x01F23B}, {0x01F240, 0x01F248},
    {0x01F250, 0x01F251}, {0x01F260, 0x01F265}, {0x01F300, 0x01F3FA}, {0x01F400, 0x01F6D7},
    {0x01F6DC, 0x01F6EC}, {0x01F6F0, 0x01F6FC}, {0x01F700, 0x01F776}, {0x01F77B, 0x01F7D9},
    {0x01F7E0, 0x01F7EB}, {0x01F7F0, 0x01F7F0}, {0x01F800, 0x01F80B}, {0x01F810, 0x01F847},
    {0x01F850, 0x01F859}, {0x01F860, 0x01F887}, {0x01F890, 0x01F8AD}, {0x01F8B0, 0x01F8BB},
    {0x01F8C0, 0x01F8C1}, {0x01F900, 0x01FA53}, {0x01FA60, 0x01FA6D}, {0x01FA70, 0x01FA7C},
    {0x01FA80, 0x01FA89}, {0x01FA8F, 0x01FAC6}, {0x01FACE, 0x01FADC}, {0x01FADF, 0x01FAE9},
    {0x01FAF0, 0x01FAF8}, {0x01FB00, 0x01FB92}, {0x01FB94, 0x01FBEF}, {0x000021, 0x000023},
    {0x000025, 0x00002A}, {0x00002C, 0x00002F}, {0x00003A, 0x00003B}, {0x00003F, 0x000040},
    {0x00005B, 0x00005D}, {0x00005F, 0x00005F}, {0x00007B, 0x00007B}, {0x00007D, 0x00007D},
    {0x0000A1, 0x0000A1}, {0x0000A7, 0x0000A7}, {0x0000AB, 0x0000AB}, {0x0000B6, 0x0000B7},
    {0x0000BB, 0x0000BB}, {0x0000BF, 0x0000BF}, {0x00037E, 0x00037E}, {0x000387, 0x000387},
    {0x00055A, 0x00055F}, {0x000589, 0x00058A}, {0x0005BE, 0x0005BE}, {0x0005C0, 0x0005C0},
    {0x0005C3, 0x0005C3}, {0x0005C6, 0x0005C6}, {0x0005F3, 0x0005F4}, {0x000609, 0x00060A},
    {0x00060C, 0x00060D}, {0x00061B, 0x00061B}, {0x00061D, 0x00061F}, {0x00066A, 0x00066D},
    {0x0006D4, 0x0006D4}, {0x000700, 0x00070D}, {0x0007F7, 0x0007F9}, {0x000830, 0x00083E},
    {0x00085E, 0x00085E}, {0x000964, 0x000965}, {0x000970, 0x000970}, {0x0009FD, 0x0009FD},
    {0x000A76, 0x000A76}, {0x000AF0, 0x000AF0}, {0x000C77, 0x000C77}, {0x000C84, 0x000C84},
    {0x000DF4, 0x000DF4}, {0x000E4F, 0x000E4F}, {0x000E5A, 0x000E5B}, {0x000F04, 0x000F12},
    {0x000F14, 0x000F14}, {0x000F3A, 0x000F3D}, {0x000F85, 0x000F85}, {0x000FD0, 0x000FD4},
    {0x000FD9, 0x000FDA}, {0x00104A, 0x00104F}, {0x0010FB, 0x0010FB}, {0x001360, 0x001368},
    {0x001400, 0x001400}, {0x00166E, 0x00166E}, {0x00169B, 0x00169C}, {0x0016EB, 0x0016ED},
    {0x001735, 0x001736}, {0x0017D4, 0x0017D6}, {0x0017D8, 0x0017DA}, {0x001800, 0x00180A},
    {0x001944, 0x001945}, {0x001A1E, 0x001A1F}, {0x001AA0, 0x001AA6}, {0x001AA8, 0x001AAD},
    {0x001B4E, 0x001B4F}, {0x001B5A, 0x001B60}, {0x001B7D, 0x001B7F}, {0x001BFC, 0x001BFF},
    {0x001C3B, 0x001C3F}, {0x001C7E, 0x001C7F}, {0x001CC0, 0x001CC7}, {0x001CD3, 0x001CD3},
    {0x002010, 0x002027}, {0x002030, 0x002043}, {0x002045, 0x002051}, {0x002053, 0x00205E},
    {0x00207D, 0x00207E}, {0x00208D, 0x00208E}, {0x002308, 0x00230B}, {0x002329, 0x00232A},
    {0x002768, 0x002775}, {0x0027C5, 0x0027C6}, {0x0027E6, 0x0027EF}, {0x002983, 0x002998},
    {0x0029D8, 0x0029DB}, {0x0029FC, 0x0029FD}, {0x002CF9, 0x002CFC}, {0x002CFE, 0x002CFF},
    {0x002D70, 0x002D70}, {0x002E00, 0x002E2E}, {0x002E30, 0x002E4F}, {0x002E52, 0x002E5D},
    {0x003001, 0x003003}, {0x003008, 0x003011}, {0x003014, 0x00301F}, {0x003030, 0x003030},
    {0x00303D, 0x00303D}, {0x0030A0, 0x0030A0}, {0x0030FB, 0x0030FB}, {0x00A4FE, 0x00A4FF},
    {0x00A60D, 0x00A60F}, {0x00A673, 0x00A673}, {0x00A67E, 0x00A67E}, {0x00A6F2, 0x00A6F7},
    {0x00A874, 0x00A877}, {0x00A8CE, 0x00A8CF}, {0x00A8F8, 0x00A8FA}, {0x00A8FC, 0x00A8FC},
    {0x00A92E, 0x00A92F}, {0x00A95F, 0x00A95F}, {0x00A9C1, 0x00A9CD}, {0x00A9DE, 0x00A9DF},
    {0x00AA5C, 0x00AA5F}, {0x00AADE, 0x00AADF}, {0x00AAF0, 0x00AAF1}, {0x00ABEB, 0x00ABEB},
    {0x00FD3E, 0x00FD3F}, {0x00FE10, 0x00FE19}, {0x00FE30, 0x00FE52}, {0x00FE54, 0x00FE61},
    {0x00FE63, 0x00FE63}, {0x00FE68, 0x00FE68}, {0x00FE6A, 0x00FE6B}, {0x00FF01, 0x00FF03},
    {0x00FF05, 0x00FF0A}, {0x00FF0C, 0x00FF0F}, {0x00FF1A, 0x00FF1B}, {0x00FF1F, 0x00FF20},
    {0x00FF3B, 0x00FF3D}, {0x00FF3F, 0x00FF3F}, {0x00FF5B, 0x00FF5B}, {0x00FF5D, 0x00FF5D},
    {0x00FF5F, 0x00FF65}, {0x010100, 0x010102}, {0x01039F, 0x01039F}, {0x0103D0, 0x0103D0},
    {0x01056F, 0x01056F}, {0x010857, 0x010857}, {0x01091F, 0x01091F}, {0x01093F, 0x01093F},
    {0x010A50, 0x010A58}, {0x010A7F, 0x010A7F}, {0x010AF0, 0x010AF6}, {0x010B39, 0x010B3F},
    {0x010B99, 0x010B9C}, {0x010D6E, 0x010D6E}, {0x010EAD, 0x010EAD}, {0x010F55, 0x010F59},
    {0x010F86, 0x010F89}, {0x011047, 0x01104D}, {0x0110BB, 0x0110BC}, {0x0110BE, 0x0110C1},
    {0x011140, 0x011143}, {0x011174, 0x011175}, {0x0111C5, 0x0111C8}, {0x0111CD, 0x0111CD},
    {0x0111DB, 0x0111DB}, {0x0111DD, 0x0111DF}, {0x011238, 0x01123D}, {0x0112A9, 0x0112A9},
    {0x0113D4, 0x0113D5}, {0x0113D7, 0x0113D8}, {0x01144B, 0x01144F}, {0x01145A, 0x01145B},
    {0x01145D, 0x01145D}, {0x0114C6, 0x0114C6}, {0x0115C1, 0x0115D7}, {0x011641, 0x011643},
    {0x011660, 0x01166C}, {0x0116B9, 0x0116B9}, {0x01173C, 0x01173E}, {0x01183B, 0x01183B},
    {0x011944, 0x011946}, {0x0119E2, 0x0119E2}, {0x011A3F, 0x011A46}, {0x011A9A, 0x011A9C},
    {0x011A9E, 0x011AA2}, {0x011B00, 0x011B09}, {0x011BE1, 0x011BE1}, {0x011C41, 0x011C45},
    {0x011C70, 0x011C71}, {0x011EF7, 0x011EF8}, {0x011F43, 0x011F4F}, {0x011FFF, 0x011FFF},
    {0x012470, 0x012474}, {0x012FF1, 0x012FF2}, {0x016A6E, 0x016A6F}, {0x016AF5, 0x016AF5},
    {0x016B37, 0x016B3B}, {0x016B44, 0x016B44}, {0x016D6D, 0x016D6F}, {0x016E97, 0x016E9A},
    {0x016FE2, 0x016FE2}, {0x01BC9F, 0x01BC9F}, {0x01DA87, 0x01DA8B}, {0x01E5FF, 0x01E5FF},
    {0x01E95E, 0x01E95F}, {0x000024, 0x000024}, {0x00002B, 0x00002B}, {0x00003C, 0x00003E},
    {0x00005E, 0x00005E}, {0x000060, 0x000060}, {0x00007C, 0x00007C}, {0x00007E, 0x00007E},
    {0x0000A2, 0x0000A6}, {0x0000A8, 0x0000A9}, {0x0000AC, 0x0000AC}, {0x0000AE, 0x0000B1},
    {0x0000B4, 0x0000B4}, {0x0000B8, 0x0000B8}, {0x0000D7, 0x0000D7}, {0x0000F7, 0x0000F7},
    {0x0002C2, 0x0002C5}, {0x0002D2, 0x0002DF}, {0x0002E5, 0x0002EB}, {0x0002ED, 0x0002ED},
    {0x0002EF, 0x0002FF}, {0x000375, 0x000375}, {0x000384, 0x000385}, {0x0003F6, 0x0003F6},
    {0x000482, 0x000482}, {0x00058D, 0x00058F}, {0x000606, 0x000608}, {0x00060B, 0x00060B},
    {0x00060E, 0x00060F}, {0x0006DE, 0x0006DE}, {0x0006E9, 0x0006E9}, {0x0006FD, 0x0006FE},
    {0x0007F6, 0x0007F6}, {0x0007FE, 0x0007FF}, {0x000888, 0x000888}, {0x0009F2, 0x0009F3},
    {0x0009FA, 0x0009FB}, {0x000AF1, 0x000AF1}, {0x000B70, 0x000B70}, {0x000BF3, 0x000BFA},
    {0x000C7F, 0x000C7F}, {0x000D4F, 0x000D4F}, {0x000D79, 0x000D79}, {0x000E3F, 0x000E3F},
    {0x000F01, 0x000F03}, {0x000F13, 0x000F13}, {0x000F15, 0x000F17}, {0x000F1A, 0x000F1F},
    {0x000F34, 0x000F34}, {0x000F36, 0x000F36}, {0x000F38, 0x000F38}, {0x000FBE, 0x000FC5},
    {0x000FC7, 0x000FCC}, {0x000FCE, 0x000FCF}, {0x000FD5, 0x000FD8}, {0x00109E, 0x00109F},
    {0x001390, 0x001399}, {0x00166D, 0x00166D}, {0x0017DB, 0x0017DB}, {0x001940, 0x001940},
    {0x0019DE, 0x0019FF}, {0x001B61, 0x001B6A}, {0x001B74, 0x001B7C}, {0x001FBD, 0x001FBD},
    {0x001FBF, 0x001FC1}, {0x001FCD, 0x001FCF}, {0x001FDD, 0x001FDF}, {0x001FED, 0x001FEF},
    {0x001FFD, 0x001FFE}, {0x002044, 0x002044}, {0x002052, 0x002052}, {0x00207A, 0x00207C},
    {0x00208A, 0x00208C}, {0x0020A0, 0x0020C0}, {0x002100, 0x002101}, {0x002103, 0x002106},
    {0x002108, 0x002109}, {0x002114, 0x002114}, {0x002116, 0x002118}, {0x00211E, 0x002123},
    {0x002125, 0x002125}, {0x002127, 0x002127}, {0x002129, 0x002129}, {0x00212E, 0x00212E},
    {0x00213A, 0x00213B}, {0x002140, 0x002144}, {0x00214A, 0x00214D}, {0x00214F, 0x00214F},
    {0x00218A, 0x00218B}, {0x002190, 0x002307}, {0x00230C, 0x002328}, {0x00232B, 0x002429},
    {0x002440, 0x00244A}, {0x00249C, 0x0024E9}, {0x002500, 0x002767}, {0x002794, 0x0027C4},
    {0x0027C7, 0x0027E5}, {0x0027F0, 0x002982}, {0x002999, 0x0029D7}, {0x0029DC, 0x0029FB},
    {0x0029FE, 0x002B73}, {0x002B76, 0x002B95}, {0x002B97, 0x002BFF}, {0x002CE5, 0x002CEA},
    {0x002E50, 0x002E51}, {0x002E80, 0x002E99}, {0x002E9B, 0x002EF3}, {0x002F00, 0x002FD5},
    {0x002FF0, 0x002FFF}, {0x003004, 0x003004}, {0x003012, 0x003013}, {0x003020, 0x003020},
    {0x003036, 0x003037}, {0x00303E, 0x00303F}, {0x00309B, 0x00309C}, {0x003190, 0x003191},
    {0x003196, 0x00319F}, {0x0031C0, 0x0031E5}, {0x0031EF, 0x0031EF}, {0x003200, 0x00321E},
    {0x00322A, 0x003247}, {0x003250, 0x003250}, {0x003260, 0x00327F}, {0x00328A, 0x0032B0},
    {0x0032C0, 0x0033FF}, {0x004DC0, 0x004DFF}, {0x00A490, 0x00A4C6}, {0x00A700, 0x00A716},
    {0x00A720, 0x00A721}, {0x00A789, 0x00A78A}, {0x00A828, 0x00A82B}, {0x00A836, 0x00A839},
    {0x00AA77, 0x00AA79}, {0x00AB5B, 0x00AB5B}, {0x00AB6A, 0x00AB6B}, {0x00FB29, 0x00FB29},
    {0x00FBB2, 0x00FBC2}, {0x00FD40, 0x00FD4F}, {0x00FDCF, 0x00FDCF}, {0x00FDFC, 0x00FDFF},
    {0x00FE62, 0x00FE62}, {0x00FE64, 0x00FE66}, {0x00FE69, 0x00FE69}, {0x00FF04, 0x00FF04},
    {0x00FF0B, 0x00FF0B}, {0x00FF1C, 0x00FF1E}, {0x00FF3E, 0x00FF3E}, {0x00FF40, 0x00FF40},
    {0x00FF5C, 0x00FF5C}, {0x00FF5E, 0x00FF5E}, {0x00FFE0, 0x00FFE6}, {0x00FFE8, 0x00FFEE},
    {0x00FFFC, 0x00FFFD}, {0x010137, 0x01013F}, {0x010179, 0x010189}, {0x01018C, 0x01018E},
    {0x010190, 0x01019C}, {0x0101A0, 0x0101A0}, {0x0101D0, 0x0101FC}, {0x010877, 0x010878},
    {0x010AC8, 0x010AC8}, {0x010D8E, 0x010D8F}, {0x01173F, 0x01173F}, {0x011FD5, 0x011FF1},
    {0x016B3C, 0x016B3F}, {0x016B45, 0x016B45}, {0x01BC9C, 0x01BC9C}, {0x01CC00, 0x01CCEF},
    {0x01CD00, 0x01CEB3}, {0x01CF50, 0x01CFC3}, {0x01D000, 0x01D0F5}, {0x01D100, 0x01D126},
    {0x01D129, 0x01D164}, {0x01D16A, 0x01D16C}, {0x01D183, 0x01D184}, {0x01D18C, 0x01D1A9},
    {0x01D1AE, 0x01D1EA}, {0x01D200, 0x01D241}, {0x01D245, 0x01D245}, {0x01D300, 0x01D356},
    {0x01D6C1, 0x01D6C1}, {0x01D6DB, 0x01D6DB}, {0x01D6FB, 0x01D6FB}, {0x01D715, 0x01D715},
    {0x01D735, 0x01D735}, {0x01D74F, 0x01D74F}, {0x01D76F, 0x01D76F}, {0x01D789, 0x01D789},
    {0x01D7A9, 0x01D7A9}, {0x01D7C3, 0x01D7C3}, {0x01D800, 0x01D9FF}, {0x01DA37, 0x01DA3A},
    {0x01DA6D, 0x01DA74}, {0x01DA76, 0x01DA83}, {0x01DA85, 0x01DA86}, {0x01E14F, 0x01E14F},
    {0x01E2FF, 0x01E2FF}, {0x01ECAC, 0x01ECAC}, {0x01ECB0, 0x01ECB0}, {0x01ED2E, 0x01ED2E},
    {0x01EEF0, 0x01EEF1}, {0x01F000, 0x01F02B}, {0x01F030, 0x01F093}, {0x01F0A0, 0x01F0AE},
    {0x01F0B1, 0x01F0BF}, {0x01F0C1, 0x01F0CF}, {0x01F0D1, 0x01F0F5}, {0x01F10D, 0x01F1AD},
    {0x01F1E6, 0x01F202}, {0x01F210, 0x01F23B}, {0x01F240, 0x01F248}, {0x01F250, 0x01F251},
    {0x01F260, 0x01F265}, {0x01F300, 0x01F6D7}, {0x01F6DC, 0x01F6EC}, {0x01F6F0, 0x01F6FC},
    {0x01F700, 0x01F776}, {0x01F77B, 0x01F7D9}, {0x01F7E0, 0x01F7EB}, {0x01F7F0, 0x01F7F0},
    {0x01F800, 0x01F80B}, {0x01F810, 0x01F847}, {0x01F850, 0x01F859}, {0x01F860, 0x01F887},
    {0x01F890, 0x01F8AD}, {0x01F8B0, 0x01F8BB}, {0x01F8C0, 0x01F8C1}, {0x01F900, 0x01FA53},
    {0x01FA60, 0x01FA6D}, {0x01FA70, 0x01FA7C}, {0x01FA80, 0x01FA89}, {0x01FA8F, 0x01FAC6},
    {0x01FACE, 0x01FADC}, {0x01FADF, 0x01FAE9}, {0x01FAF0, 0x01FAF8}, {0x01FB00, 0x01FB92},
    {0x01FB94, 0x01FBEF}, {0x000020, 0x000020}, {0x0000A0, 0x0000A0}, {0x001680, 0x001680},
    {0x002000, 0x00200A}, {0x002028, 0x002029}, {0x00202F, 0x00202F}, {0x00205F, 0x00205F},
    {0x003000, 0x003000}, {0x000020, 0x000020}, {0x0000A0, 0x0000A0}, {0x001680, 0x001680},
    {0x002000, 0x00200A}, {0x00202F, 0x00202F}, {0x00205F, 0x00205F}, {0x003000, 0x003000},
    {0x000000, 0x10FFFF}, {0x000000, 0x000377}, {0x00037A, 0x00037F}, {0x000384, 0x00038A},
    {0x00038C, 0x00038C}, {0x00038E, 0x0003A1}, {0x0003A3, 0x00052F}, {0x000531, 0x000556},
    {0x000559, 0x00058A}, {0x00058D, 0x00058F}, {0x000591, 0x0005C7}, {0x0005D0, 0x0005EA},
    {0x0005EF, 0x0005F4}, {0x000600, 0x00070D}, {0x00070F, 0x00074A}, {0x00074D, 0x0007B1},
    {0x0007C0, 0x0007FA}, {0x0007FD, 0x00082D}, {0x000830, 0x00083E}, {0x000840, 0x00085B},
    {0x00085E, 0x00085E}, {0x000860, 0x00086A}, {0x000870, 0x00088E}, {0x000890, 0x000891},
    {0x000897, 0x000983}, {0x000985, 0x00098C}, {0x00098F, 0x000990}, {0x000993, 0x0009A8},
    {0x0009AA, 0x0009B0}, {0x0009B2, 0x0009B2}, {0x0009B6, 0x0009B9}, {0x0009BC, 0x0009C4},
    {0x0009C7, 0x0009C8}, {0x0009CB, 0x0009CE}, {0x0009D7, 0x0009D7}, {0x0009DC, 0x0009DD},
    {0x0009DF, 0x0009E3}, {0x0009E6, 0x0009FE}, {0x000A01, 0x000A03}, {0x000A05, 0x000A0A},
    {0x000A0F, 0x000A10}, {0x000A13, 0x000A28}, {0x000A2A, 0x000A30}, {0x000A32, 0x000A33},
    {0x000A35, 0x000A36}, {0x000A38, 0x000A39}, {0x000A3C, 0x000A3C}, {0x000A3E, 0x000A42},
    {0x000A47, 0x000A48}, {0x000A4B, 0x000A4D}, {0x000A51, 0x000A51}, {0x000A59, 0x000A5C},
    {0x000A5E, 0x000A5E}, {0x000A66, 0x000A76}, {0x000A81, 0x000A83}, {0x000A85, 0x000A8D},
    {0x000A8F, 0x000A91}, {0x000A93, 0x000AA8}, {0x000AAA, 0x000AB0}, {0x000AB2, 0x000AB3},
    {0x000AB5, 0x000AB9}, {0x000ABC, 0x000AC5}, {0x000AC7, 0x000AC9}, {0x000ACB, 0x000ACD},
    {0x000AD0, 0x000AD0}, {0x000AE0, 0x000AE3}, {0x000AE6, 0x000AF1}, {0x000AF9, 0x000AFF},
    {0x000B01, 0x000B03}, {0x000B05, 0x000B0C}, {0x000B0F, 0x000B10}, {0x000B13, 0x000B28},
    {0x000B2A, 0x000B30}, {0x000B32, 0x000B33}, {0x000B35, 0x000B39}, {0x000B3C, 0x000B44},
    {0x000B47, 0x000B48}, {0x000B4B, 0x000B4D}, {0x000B55, 0x000B57}, {0x000B5C, 0x000B5D},
    {0x000B5F, 0x000B63}, {0x000B66, 0x000B77}, {0x000B82, 0x000B83}, {0x000B85, 0x000B8A},
    {0x000B8E, 0x000B90}, {0x000B92, 0x000B95}, {0x000B99, 0x000B9A}, {0x000B9C, 0x000B9C},
    {0x000B9E, 0x000B9F}, {0x000BA3, 0x000BA4}, {0x000BA8, 0x000BAA}, {0x000BAE, 0x000BB9},
    {0x000BBE, 0x000BC2}, {0x000BC6, 0x000BC8}, {0x000BCA, 0x000BCD}, {0x000BD0, 0x000BD0},
    {0x000BD7, 0x000BD7}, {0x000BE6, 0x000BFA}, {0x000C00, 0x000C0C}, {0x000C0E, 0x000C10},
    {0x000C12, 0x000C28}, {0x000C2A, 0x000C39}, {0x000C3C, 0x000C44}, {0x000C46, 0x000C48},
    {0x000C4A, 0x000C4D}, {0x000C55, 0x000C56}, {0x000C58, 0x000C5A}, {0x000C5D, 0x000C5D},
    {0x000C60, 0x000C63}, {0x000C66, 0x000C6F}, {0x000C77, 0x000C8C}, {0x000C8E, 0x000C90},
    {0x000C92, 0x000CA8}, {0x000CAA, 0x000CB3}, {0x000CB5, 0x000CB9}, {0x000CBC, 0x000CC4},
    {0x000CC6, 0x000CC8}, {0x000CCA, 0x000CCD}, {0x000CD5, 0x000CD6}, {0x000CDD, 0x000CDE},
    {0x000CE0, 0x000CE3}, {0x000CE6, 0x000CEF}, {0x000CF1, 0x000CF3}, {0x000D00, 0x000D0C},
    {0x000D0E, 0x000D10}, {0x000D12, 0x000D44}, {0x000D46, 0x000D48}, {0x000D4A, 0x000D4F},
    {0x000D54, 0x000D63}, {0x000D66, 0x000D7F}, {0x000D81, 0x000D83}, {0x000D85, 0x000D96},
    {0x000D9A, 0x000DB1}, {0x000DB3, 0x000DBB}, {0x000DBD, 0x000DBD}, {0x000DC0, 0x000DC6},
    {0x000DCA, 0x000DCA}, {0x000DCF, 0x000DD4}, {0x000DD6, 0x000DD6}, {0x000DD8, 0x000DDF},
    {0x000DE6, 0x000DEF}, {0x000DF2, 0x000DF4}, {0x000E01, 0x000E3A}, {0x000E3F, 0x000E5B},
    {0x000E81, 0x000E82}, {0x000E84, 0x000E84}, {0x000E86, 0x000E8A}, {0x000E8C, 0x000EA3},
    {0x000EA5, 0x000EA5}, {0x000EA7, 0x000EBD}, {0x000EC0, 0x000EC4}, {0x000EC6, 0x000EC6},
    {0x000EC8, 0x000ECE}, {0x000ED0, 0x000ED9}, {0x000EDC, 0x000EDF}, {0x000F00, 0x000F47},
    {0x000F49, 0x000F6C}, {0x000F71, 0x000F97}, {0x000F99, 0x000FBC}, {0x000FBE, 0x000FCC},
    {0x000FCE, 0x000FDA}, {0x001000, 0x0010C5}, {0x0010C7, 0x0010C7}, {0x0010CD, 0x0010CD},
    {0x0010D0, 0x001248}, {0x00124A, 0x00124D}, {0x001250, 0x001256}, {0x001258, 0x001258},
    {0x00125A, 0x00125D}, {0x001260, 0x001288}, {0x00128A, 0x00128D}, {0x001290, 0x0012B0},
    {0x0012B2, 0x0012B5}, {0x0012B8, 0x0012BE}, {0x0012C0, 0x0012C0}, {0x0012C2, 0x0012C5},
    {0x0012C8, 0x0012D6}, {0x0012D8, 0x001310}, {0x001312, 0x001315}, {0x001318, 0x00135A},
    {0x00135D, 0x00137C}, {0x001380, 0x001399}, {0x0013A0, 0x0013F5}, {0x0013F8, 0x0013FD},
    {0x001400, 0x00169C}, {0x0016A0, 0x0016F8}, {0x001700, 0x001715}, {0x00171F, 0x001736},
    {0x001740, 0x001753}, {0x001760, 0x00176C}, {0x00176E, 0x001770}, {0x001772, 0x001773},
    {0x001780, 0x0017DD}, {0x0017E0, 0x0017E9}, {0x0017F0, 0x0017F9}, {0x001800, 0x001819},
    {0x001820, 0x001878}, {0x001880, 0x0018AA}, {0x0018B0, 0x0018F5}, {0x001900, 0x00191E},
    {0x001920, 0x00192B}, {0x001930, 0x00193B}, {0x001940, 0x001940}, {0x001944, 0x00196D},
    {0x001970, 0x001974}, {0x001980, 0x0019AB}, {0x0019B0, 0x0019C9}, {0x0019D0, 0x0019DA},
    {0x0019DE, 0x001A1B}, {0x001A1E, 0x001A5E}, {0x001A60, 0x001A7C}, {0x001A7F, 0x001A89},
    {0x001A90, 0x001A99}, {0x001AA0, 0x001AAD}, {0x001AB0, 0x001ACE}, {0x001B00, 0x001B4C},
    {0x001B4E, 0x001BF3}, {0x001BFC, 0x001C37}, {0x001C3B, 0x001C49}, {0x001C4D, 0x001C8A},
    {0x001C90, 0x001CBA}, {0x001CBD, 0x001CC7}, {0x001CD0, 0x001CFA}, {0x001D00, 0x001F15},
    {0x001F18, 0x001F1D}, {0x001F20, 0x001F45}, {0x001F48, 0x001F4D}, {0x001F50, 0x001F57},
    {0x001F59, 0x001F59}, {0x001F5B, 0x001F5B}, {0x001F5D, 0x001F5D}, {0x001F5F, 0x001F7D},
    {0x001F80, 0x001FB4}, {0x001FB6, 0x001FC4}, {0x001FC6, 0x001FD3}, {0x001FD6, 0x001FDB},
    {0x001FDD, 0x001FEF}, {0x001FF2, 0x001FF4}, {0x001FF6, 0x001FFE}, {0x002000, 0x002064},
    {0x002066, 0x002071}, {0x002074, 0x00208E}, {0x002090, 0x00209C}, {0x0020A0, 0x0020C0},
    {0x0020D0, 0x0020F0}, {0x002100, 0x00218B}, {0x002190, 0x002429}, {0x002440, 0x00244A},
    {0x002460, 0x002B73}, {0x002B76, 0x002B95}, {0x002B97, 0x002CF3}, {0x002CF9, 0x002D25},
    {0x002D27, 0x002D27}, {0x002D2D, 0x002D2D}, {0x002D30, 0x002D67}, {0x002D6F, 0x002D70},
    {0x002D7F, 0x002D96}, {0x002DA0, 0x002DA6}, {0x002DA8, 0x002DAE}, {0x002DB0, 0x002DB6},
    {0x002DB8, 0x002DBE}, {0x002DC0, 0x002DC6}, {0x002DC8, 0x002DCE}, {0x002DD0, 0x002DD6},
    {0x002DD8, 0x002DDE}, {0x002DE0, 0x002E5D}, {0x002E80, 0x002E99}, {0x002E9B, 0x002EF3},
    {0x002F00, 0x002FD5}, {0x002FF0, 0x00303F}, {0x003041, 0x003096}, {0x003099, 0x0030FF},
    {0x003105, 0x00312F}, {0x003131, 0x00318E}, {0x003190, 0x0031E5}, {0x0031EF, 0x00321E},
    {0x003220, 0x00A48C}, {0x00A490, 0x00A4C6}, {0x00A4D0, 0x00A62B}, {0x00A640, 0x00A6F7},
    {0x00A700, 0x00A7CD}, {0x00A7D0, 0x00A7D1}, {0x00A7D3, 0x00A7D3}, {0x00A7D5, 0x00A7DC},
    {0x00A7F2, 0x00A82C}, {0x00A830, 0x00A839}, {0x00A840, 0x00A877}, {0x00A880, 0x00A8C5},
    {0x00A8CE, 0x00A8D9}, {0x00A8E0, 0x00A953}, {0x00A95F, 0x00A97C}, {0x00A980, 0x00A9CD},
    {0x00A9CF, 0x00A9D9}, {0x00A9DE, 0x00A9FE}, {0x00AA00, 0x00AA36}, {0x00AA40, 0x00AA4D},
    {0x00AA50, 0x00AA59}, {0x00AA5C, 0x00AAC2}, {0x00AADB, 0x00AAF6}, {0x00AB01, 0x00AB06},
    {0x00AB09, 0x00AB0E}, {0x00AB11, 0x00AB16}, {0x00AB20, 0x00AB26}, {0x00AB28, 0x00AB2E},
    {0x00AB30, 0x00AB6B}, {0x00AB70, 0x00ABED}, {0x00ABF0, 0x00ABF9}, {0x00AC00, 0x00D7A3},
    {0x00D7B0, 0x00D7C6}, {0x00D7CB, 0x00D7FB}, {0x00E000, 0x00FA6D}, {0x00FA70, 0x00FAD9},
    {0x00FB00, 0x00FB06}, {0x00FB13, 0x00FB17}, {0x00FB1D, 0x00FB36}, {0x00FB38, 0x00FB3C},
    {0x00FB3E, 0x00FB3E}, {0x00FB40, 0x00FB41}, {0x00FB43, 0x00FB44}, {0x00FB46, 0x00FBC2},
    {0x00FBD3, 0x00FD8F}, {0x00FD92, 0x00FDC7}, {0x00FDCF, 0x00FDCF}, {0x00FDF0, 0x00FE19},
    {0x00FE20, 0x00FE52}, {0x00FE54, 0x00FE66}, {0x00FE68, 0x00FE6B}, {0x00FE70, 0x00FE74},
    {0x00FE76, 0x00FEFC}, {0x00FEFF, 0x00FEFF}, {0x00FF01, 0x00FFBE}, {0x00FFC2, 0x00FFC7},
    {0x00FFCA, 0x00FFCF}, {0x00FFD2, 0x00FFD7}, {0x00FFDA, 0x00FFDC}, {0x00FFE0, 0x00FFE6},
    {0x00FFE8, 0x00FFEE}, {0x00FFF9, 0x00FFFD}, {0x010000, 0x01000B}, {0x01000D, 0x010026},
    {0x010028, 0x01003A}, {0x01003C, 0x01003D}, {0x01003F, 0x01004D}, {0x010050, 0x01005D},
    {0x010080, 0x0100FA}, {0x010100, 0x010102}, {0x010107, 0x010133}, {0x010137, 0x01018E},
    {0x010190, 0x01019C}, {0x0101A0, 0x0101A0}, {0x0101D0, 0x0101FD}, {0x010280, 0x01029C},
    {0x0102A0, 0x0102D0}, {0x0102E0, 0x0102FB}, {0x010300, 0x010323}, {0x01032D, 0x01034A},
    {0x010350, 0x01037A}, {0x010380, 0x01039D}, {0x01039F, 0x0103C3}, {0x0103C8, 0x0103D5},
    {0x010400, 0x01049D}, {0x0104A0, 0x0104A9}, {0x0104B0, 0x0104D3}, {0x0104D8, 0x0104FB},
    {0x010500, 0x010527}, {0x010530, 0x010563}, {0x01056F, 0x01057A}, {0x01057C, 0x01058A},
    {0x01058C, 0x010592}, {0x010594, 0x010595}, {0x010597, 0x0105A1}, {0x0105A3, 0x0105B1},
    {0x0105B3, 0x0105B9}, {0x0105BB, 0x0105BC}, {0x0105C0, 0x0105F3}, {0x010600, 0x010736},
    {0x010740, 0x010755}, {0x010760, 0x010767}, {0x010780, 0x010785}, {0x010787, 0x0107B0},
    {0x0107B2, 0x0107BA}, {0x010800, 0x010805}, {0x010808, 0x010808}, {0x01080A, 0x010835},
    {0x010837, 0x010838}, {0x01083C, 0x01083C}, {0x01083F, 0x010855}, {0x010857, 0x01089E},
    {0x0108A7, 0x0108AF}, {0x0108E0, 0x0108F2}, {0x0108F4, 0x0108F5}, {0x0108FB, 0x01091B},
    {0x01091F, 0x010939}, {0x01093F, 0x01093F}, {0x010980, 0x0109B7}, {0x0109BC, 0x0109CF},
    {0x0109D2, 0x010A03}, {0x010A05, 0x010A06}, {0x010A0C, 0x010A13}, {0x010A15, 0x010A17},
    {0x010A19, 0x010A35}, {0x010A38, 0x010A3A}, {0x010A3F, 0x010A48}, {0x010A50, 0x010A58},
    {0x010A60, 0x010A9F}, {0x010AC0, 0x010AE6}, {0x010AEB, 0x010AF6}, {0x010B00, 0x010B35},
    {0x010B39, 0x010B55}, {0x010B58, 0x010B72}, {0x010B78, 0x010B91}, {0x010B99, 0x010B9C},
    {0x010BA9, 0x010BAF}, {0x010C00, 0x010C48}, {0x010C80, 0x010CB2}, {0x010CC0, 0x010CF2},
    {0x010CFA, 0x010D27}, {0x010D30, 0x010D39}, {0x010D40, 0x010D65}, {0x010D69, 0x010D85},
    {0x010D8E, 0x010D8F}, {0x010E60, 0x010E7E}, {0x010E80, 0x010EA9}, {0x010EAB, 0x010EAD},
    {0x010EB0, 0x010EB1}, {0x010EC2, 0x010EC4}, {0x010EFC, 0x010F27}, {0x010F30, 0x010F59},
    {0x010F70, 0x010F89}, {0x010FB0, 0x010FCB}, {0x010FE0, 0x010FF6}, {0x011000, 0x01104D},
    {0x011052, 0x011075}, {0x01107F, 0x0110C2}, {0x0110CD, 0x0110CD}, {0x0110D0, 0x0110E8},
    {0x0110F0, 0x0110F9}, {0x011100, 0x011134}, {0x011136, 0x011147}, {0x011150, 0x011176},
    {0x011180, 0x0111DF}, {0x0111E1, 0x0111F4}, {0x011200, 0x011211}, {0x011213, 0x011241},
    {0x011280, 0x011286}, {0x011288, 0x011288}, {0x01128A, 0x01128D}, {0x01128F, 0x01129D},
    {0x01129F, 0x0112A9}, {0x0112B0, 0x0112EA}, {0x0112F0, 0x0112F9}, {0x011300, 0x011303},
    {0x011305, 0x01130C}, {0x01130F, 0x011310}, {0x011313, 0x011328}, {0x01132A, 0x011330},
    {0x011332, 0x011333}, {0x011335, 0x011339}, {0x01133B, 0x011344}, {0x011347, 0x011348},
    {0x01134B, 0x01134D}, {0x011350, 0x011350}, {0x011357, 0x011357}, {0x01135D, 0x011363},
    {0x011366, 0x01136C}, {0x011370, 0x011374}, {0x011380, 0x011389}, {0x01138B, 0x01138B},
    {0x01138E, 0x01138E}, {0x011390, 0x0113B5}, {0x0113B7, 0x0113C0}, {0x0113C2, 0x0113C2},
    {0x0113C5, 0x0113C5}, {0x0113C7, 0x0113CA}, {0x0113CC, 0x0113D5}, {0x0113D7, 0x0113D8},
    {0x0113E1, 0x0113E2}, {0x011400, 0x01145B}, {0x01145D, 0x011461}, {0x011480, 0x0114C7},
    {0x0114D0, 0x0114D9}, {0x011580, 0x0115B5}, {0x0115B8, 0x0115DD}, {0x011600, 0x011644},
    {0x011650, 0x011659}, {0x011660, 0x01166C}, {0x011680, 0x0116B9}, {0x0116C0, 0x0116C9},
    {0x0116D0, 0x0116E3}, {0x011700, 0x01171A}, {0x01171D, 0x01172B}, {0x011730, 0x011746},
    {0x011800, 0x01183B}, {0x0118A0, 0x0118F2}, {0x0118FF, 0x011906}, {0x011909, 0x011909},
    {0x01190C, 0x011913}, {0x011915, 0x011916}, {0x011918, 0x011935}, {0x011937, 0x011938},
    {0x01193B, 0x011946}, {0x011950, 0x011959}, {0x0119A0, 0x0119A7}, {0x0119AA, 0x0119D7},
    {0x0119DA, 0x0119E4}, {0x011A00, 0x011A47}, {0x011A50, 0x011AA2}, {0x011AB0, 0x011AF8},
    {0x011B00, 0x011B09}, {0x011BC0, 0x011BE1}, {0x011BF0, 0x011BF9}, {0x011C00, 0x011C08},
    {0x011C0A, 0x011C36}, {0x011C38, 0x011C45}, {0x011C50, 0x011C6C}, {0x011C70, 0x011C8F},
    {0x011C92, 0x011CA7}, {0x011CA9, 0x011CB6}, {0x011D00, 0x011D06}, {0x011D08, 0x011D09},
    {0x011D0B, 0x011D36}, {0x011D3A, 0x011D3A}, {0x011D3C, 0x011D3D}, {0x011D3F, 0x011D47},
    {0x011D50, 0x011D59}, {0x011D60, 0x011D65}, {0x011D67, 0x011D68}, {0x011D6A, 0x011D8E},
    {0x011D90, 0x011D91}, {0x011D93, 0x011D98}, {0x011DA0, 0x011DA9}, {0x011EE0, 0x011EF8},
    {0x011F00, 0x011F10}, {0x011F12, 0x011F3A}, {0x011F3E, 0x011F5A}, {0x011FB0, 0x011FB0},
    {0x011FC0, 0x011FF1}, {0x011FFF, 0x012399}, {0x012400, 0x01246E}, {0x012470, 0x012474},
    {0x012480, 0x012543}, {0x012F90, 0x012FF2}, {0x013000, 0x013455}, {0x013460, 0x0143FA},
    {0x014400, 0x014646}, {0x016100, 0x016139}, {0x016800, 0x016A38}, {0x016A40, 0x016A5E},
    {0x016A60, 0x016A69}, {0x016A6E, 0x016ABE}, {0x016AC0, 0x016AC9}, {0x016AD0, 0x016AED},
    {0x016AF0, 0x016AF5}, {0x016B00, 0x016B45}, {0x016B50, 0x016B59}, {0x016B5B, 0x016B61},
    {0x016B63, 0x016B77}, {0x016B7D, 0x016B8F}, {0x016D40, 0x016D79}, {0x016E40, 0x016E9A},
    {0x016F00, 0x016F4A}, {0x016F4F, 0x016F87}, {0x016F8F, 0x016F9F}, {0x016FE0, 0x016FE4},
    {0x016FF0, 0x016FF1}, {0x017000, 0x0187F7}, {0x018800, 0x018CD5}, {0x018CFF, 0x018D08},
    {0x01AFF0, 0x01AFF3}, {0x01AFF5, 0x01AFFB}, {0x01AFFD, 0x01AFFE}, {0x01B000, 0x01B122},
    {0x01B132, 0x01B132}, {0x01B150, 0x01B152}, {0x01B155, 0x01B155}, {0x01B164, 0x01B167},
    {0x01B170, 0x01B2FB}, {0x01BC00, 0x01BC6A}, {0x01BC70, 0x01BC7C}, {0x01BC80, 0x01BC88},
    {0x01BC90, 0x01BC99}, {0x01BC9C, 0x01BCA3}, {0x01CC00, 0x01CCF9}, {0x01CD00, 0x01CEB3},
    {0x01CF00, 0x01CF2D}, {0x01CF30, 0x01CF46}, {0x01CF50, 0x01CFC3}, {0x01D000, 0x01D0F5},
    {0x01D100, 0x01D126}, {0x01D129, 0x01D1EA}, {0x01D200, 0x01D245}, {0x01D2C0, 0x01D2D3},
    {0x01D2E0, 0x01D2F3}, {0x01D300, 0x01D356}, {0x01D360, 0x01D378}, {0x01D400, 0x01D454},
    {0x01D456, 0x01D49C}, {0x01D49E, 0x01D49F}, {0x01D4A2, 0x01D4A2}, {0x01D4A5, 0x01D4A6},
    {0x01D4A9, 0x01D4AC}, {0x01D4AE, 0x01D4B9}, {0x01D4BB, 0x01D4BB}, {0x01D4BD, 0x01D4C3},
    {0x01D4C5, 0x01D505}, {0x01D507, 0x01D50A}, {0x01D50D, 0x01D514}, {0x01D516, 0x01D51C},
    {0x01D51E, 0x01D539}, {0x01D53B, 0x01D53E}, {0x01D540, 0x01D544}, {0x01D546, 0x01D546},
    {0x01D54A, 0x01D550}, {0x01D552, 0x01D6A5}, {0x01D6A8, 0x01D7CB}, {0x01D7CE, 0x01DA8B},
    {0x01DA9B, 0x01DA9F}, {0x01DAA1, 0x01DAAF}, {0x01DF00, 0x01DF1E}, {0x01DF25, 0x01DF2A},
    {0x01E000, 0x01E006}, {0x01E008, 0x01E018}, {0x01E01B, 0x01E021}, {0x01E023, 0x01E024},
    {0x01E026, 0x01E02A}, {0x01E030, 0x01E06D}, {0x01E08F, 0x01E08F}, {0x01E100, 0x01E12C},
    {0x01E130, 0x01E13D}, {0x01E140, 0x01E149}, {0x01E14E, 0x01E14F}, {0x01E290, 0x01E2AE},
    {0x01E2C0, 0x01E2F9}, {0x01E2FF, 0x01E2FF}, {0x01E4D0, 0x01E4F9}, {0x01E5D0, 0x01E5FA},
    {0x01E5FF, 0x01E5FF}, {0x01E7E0, 0x01E7E6}, {0x01E7E8, 0x01E7EB}, {0x01E7ED, 0x01E7EE},
    {0x01E7F0, 0x01E7FE}, {0x01E800, 0x01E8C4}, {0x01E8C7, 0x01E8D6}, {0x01E900, 0x01E94B},
    {0x01E950, 0x01E959}, {0x01E95E, 0x01E95F}, {0x01EC71, 0x01ECB4}, {0x01ED01, 0x01ED3D},
    {0x01EE00, 0x01EE03}, {0x01EE05, 0x01EE1F}, {0x01EE21, 0x01EE22}, {0x01EE24, 0x01EE24},
    {0x01EE27, 0x01EE27}, {0x01EE29, 0x01EE32}, {0x01EE34, 0x01EE37}, {0x01EE39, 0x01EE39},
    {0x01EE3B, 0x01EE3B}, {0x01EE42, 0x01EE42}, {0x01EE47, 0x01EE47}, {0x01EE49, 0x01EE49},
    {0x01EE4B, 0x01EE4B}, {0x01EE4D, 0x01EE4F}, {0x01EE51, 0x01EE52}, {0x01EE54, 0x01EE54},
    {0x01EE57, 0x01EE57}, {0x01EE59, 0x01EE59}, {0x01EE5B, 0x01EE5B}, {0x01EE5D, 0x01EE5D},
    {0x01EE5F, 0x01EE5F}, {0x01EE61, 0x01EE62}, {0x01EE64, 0x01EE64}, {0x01EE67, 0x01EE6A},
    {0x01EE6C, 0x01EE72}, {0x01EE74, 0x01EE77}, {0x01EE79, 0x01EE7C}, {0x01EE7E, 0x01EE7E},
    {0x01EE80, 0x01EE89}, {0x01EE8B, 0x01EE9B}, {0x01EEA1, 0x01EEA3}, {0x01EEA5, 0x01EEA9},
    {0x01EEAB, 0x01EEBB}, {0x01EEF0, 0x01EEF1}, {0x01F000, 0x01F02B}, {0x01F030, 0x01F093},
    {0x01F0A0, 0x01F0AE}, {0x01F0B1, 0x01F0BF}, {0x01F0C1, 0x01F0CF}, {0x01F0D1, 0x01F0F5},
    {0x01F100, 0x01F1AD}, {0x01F1E6, 0x01F202}, {0x01F210, 0x01F23B}, {0x01F240, 0x01F248},
    {0x01F250, 0x01F251}, {0x01F260, 0x01F265}, {0x01F300, 0x01F6D7}, {0x01F6DC, 0x01F6EC},
    {0x01F6F0, 0x01F6FC}, {0x01F700, 0x01F776}, {0x01F77B, 0x01F7D9}, {0x01F7E0, 0x01F7EB},
    {0x01F7F0, 0x01F7F0}, {0x01F800, 0x01F80B}, {0x01F810, 0x01F847}, {0x01F850, 0x01F859},
    {0x01F860, 0x01F887}, {0x01F890, 0x01F8AD}, {0x01F8B0, 0x01F8BB}, {0x01F8C0, 0x01F8C1},
    {0x01F900, 0x01FA53}, {0x01FA60, 0x01FA6D}, {0x01FA70, 0x01FA7C}, {0x01FA80, 0x01FA89},
    {0x01FA8F, 0x01FAC6}, {0x01FACE, 0x01FADC}, {0x01FADF, 0x01FAE9}, {0x01FAF0, 0x01FAF8},
    {0x01FB00, 0x01FB92}, {0x01FB94, 0x01FBF9}, {0x020000, 0x02A6DF}, {0x02A700, 0x02B739},
    {0x02B740, 0x02B81D}, {0x02B820, 0x02CEA1}, {0x02CEB0, 0x02EBE0}, {0x02EBF0, 0x02EE5D},
    {0x02F800, 0x02FA1D}, {0x030000, 0x03134A}, {0x031350, 0x0323AF}, {0x0E0001, 0x0E0001},
    {0x0E0020, 0x0E007F}, {0x0E0100, 0x0E01EF}, {0x0F0000, 0x0FFFFD}, {0x100000, 0x10FFFD},
    {0x000000, 0x00007F}, {0x01E900, 0x01E94B}, {0x01E950, 0x01E959}, {0x01E95E, 0x01E95F},
    {0x010530, 0x010563}, {0x01056F, 0x01056F}, {0x011700, 0x01171A}, {0x01171D, 0x01172B},
    {0x011730, 0x011746}, {0x014400, 0x014646}, {0x000600, 0x000604}, {0x000606, 0x00060B},
    {0x00060D, 0x00061A}, {0x00061C, 0x00061E}, {0x000620, 0x00063F}, {0x000641, 0x00064A},
    {0x000656, 0x00066F}, {0x000671, 0x0006DC}, {0x0006DE, 0x0006FF}, {0x000750, 0x00077F},
    {0x000870, 0x00088E}, {0x000890, 0x000891}, {0x000897, 0x0008E1}, {0x0008E3, 0x0008FF},
    {0x00FB50, 0x00FBC2}, {0x00FBD3, 0x00FD3D}, {0x00FD40, 0x00FD8F}, {0x00FD92, 0x00FDC7},
    {0x00FDCF, 0x00FDCF}, {0x00FDF0, 0x00FDFF}, {0x00FE70, 0x00FE74}, {0x00FE76, 0x00FEFC},
    {0x010E60, 0x010E7E}, {0x010EC2, 0x010EC4}, {0x010EFC, 0x010EFF}, {0x01EE00, 0x01EE03},
    {0x01EE05, 0x01EE1F}, {0x01EE21, 0x01EE22}, {0x01EE24, 0x01EE24}, {0x01EE27, 0x01EE27},
    {0x01EE29, 0x01EE32}, {0x01EE34, 0x01EE37}, {0x01EE39, 0x01EE39}, {0x01EE3B, 0x01EE3B},
    {0x01EE42, 0x01EE42}, {0x01EE47, 0x01EE47}, {0x01EE49, 0x01EE49}, {0x01EE4B, 0x01EE4B},
    {0x01EE4D, 0x01EE4F}, {0x01EE51, 0x01EE52}, {0x01EE54, 0x01EE54}, {0x01EE57, 0x01EE57},
    {0x01EE59, 0x01EE59}, {0x01EE5B, 0x01EE5B}, {0x01EE5D, 0x01EE5D}, {0x01EE5F, 0x01EE5F},
    {0x01EE61, 0x01EE62}, {0x01EE64, 0x01EE64}, {0x01EE67, 0x01EE6A}, {0x01EE6C, 0x01EE72},
    {0x01EE74, 0x01EE77}, {0x01EE79, 0x01EE7C}, {0x01EE7E, 0x01EE7E}, {0x01EE80, 0x01EE89},
    {0x01EE8B, 0x01EE9B}, {0x01EEA1, 0x01EEA3}, {0x01EEA5, 0x01EEA9}, {0x01EEAB, 0x01EEBB},
    {0x01EEF0, 0x01EEF1}, {0x000531, 0x000556}, {0x000559, 0x00058A}, {0x00058D, 0x00058F},
    {0x00FB13, 0x00FB17}, {0x010840, 0x010855}, {0x010857, 0x01085F}, {0x010B00, 0x010B35},
    {0x010B39, 0x010B3F}, {0x001B00, 0x001B4C}, {0x001B4E, 0x001B7F}, {0x00A6A0, 0x00A6F7},
    {0x016800, 0x016A38}, {0x016AD0, 0x016AED}, {0x016AF0, 0x016AF5}, {0x001BC0, 0x001BF3},
    {0x001BFC, 0x001BFF}, {0x000980, 0x000983}, {0x000985, 0x00098C}, {0x00098F, 0x000990},
    {0x000993, 0x0009A8}, {0x0009AA, 0x0009B0}, {0x0009B2, 0x0009B2}, {0x0009B6, 0x0009B9},
    {0x0009BC, 0x0009C4}, {0x0009C7, 0x0009C8}, {0x0009CB, 0x0009CE}, {0x0009D7, 0x0009D7},
    {0x0009DC, 0x0009DD}, {0x0009DF, 0x0009E3}, {0x0009E6, 0x0009FE}, {0x011C00, 0x011C08},
    {0x011C0A, 0x011C36}, {0x011C38, 0x011C45}, {0x011C50, 0x011C6C}, {0x0002EA, 0x0002EB},
    {0x003105, 0x00312F}, {0x0031A0, 0x0031BF}, {0x011000, 0x01104D}, {0x011052, 0x011075},
    {0x01107F, 0x01107F}, {0x002800, 0x0028FF}, {0x001A00, 0x001A1B}, {0x001A1E, 0x001A1F},
    {0x001740, 0x001753}, {0x011100, 0x011134}, {0x011136, 0x011147}, {0x001400, 0x00167F},
    {0x0018B0, 0x0018F5}, {0x011AB0, 0x011ABF}, {0x0102A0, 0x0102D0}, {0x00AA00, 0x00AA36},
    {0x00AA40, 0x00AA4D}, {0x00AA50, 0x00AA59}, {0x00AA5C, 0x00AA5F}, {0x0013A0, 0x0013F5},
    {0x0013F8, 0x0013FD}, {0x00AB70, 0x00ABBF}, {0x010FB0, 0x010FCB}, {0x000000, 0x000040},
    {0x00005B, 0x000060}, {0x00007B, 0x0000A9}, {0x0000AB, 0x0000B9}, {0x0000BB, 0x0000BF},
    {0x0000D7, 0x0000D7}, {0x0000F7, 0x0000F7}, {0x0002B9, 0x0002DF}, {0x0002E5, 0x0002E9},
    {0x0002EC, 0x0002FF}, {0x000374, 0x000374}, {0x00037E, 0x00037E}, {0x000385, 0x000385},
    {0x000387, 0x000387}, {0x000605, 0x000605}, {0x00060C, 0x00060C}, {0x00061B, 0x00061B},
    {0x00061F, 0x00061F}, {0x000640, 0x000640}, {0x0006DD, 0x0006DD}, {0x0008E2, 0x0008E2},
    {0x000964, 0x000965}, {0x000E3F, 0x000E3F}, {0x000FD5, 0x000FD8}, {0x0010FB, 0x0010FB},
    {0x0016EB, 0x0016ED}, {0x001735, 0x001736}, {0x001802, 0x001803}, {0x001805, 0x001805},
    {0x001CD3, 0x001CD3}, {0x001CE1, 0x001CE1}, {0x001CE9, 0x001CEC}, {0x001CEE, 0x001CF3},
    {0x001CF5, 0x001CF7}, {0x001CFA, 0x001CFA}, {0x002000, 0x00200B}, {0x00200E, 0x002064},
    {0x002066, 0x002070}, {0x002074, 0x00207E}, {0x002080, 0x00208E}, {0x0020A0, 0x0020C0},
    {0x002100, 0x002125}, {0x002127, 0x002129}, {0x00212C, 0x002131}, {0x002133, 0x00214D},
    {0x00214F, 0x00215F}, {0x002189, 0x00218B}, {0x002190, 0x002429}, {0x002440, 0x00244A},
    {0x002460, 0x0027FF}, {0x002900, 0x002B73}, {0x002B76, 0x002B95}, {0x002B97, 0x002BFF},
    {0x002E00, 0x002E5D}, {0x002FF0, 0x003004}, {0x003006, 0x003006}, {0x003008, 0x003020},
    {0x003030, 0x003037}, {0x00303C, 0x00303F}, {0x00309B, 0x00309C}, {0x0030A0, 0x0030A0},
    {0x0030FB, 0x0030FC}, {0x003190, 0x00319F}, {0x0031C0, 0x0031E5}, {0x0031EF, 0x0031EF},
    {0x003220, 0x00325F}, {0x00327F, 0x0032CF}, {0x0032FF, 0x0032FF}, {0x003358, 0x0033FF},
    {0x004DC0, 0x004DFF}, {0x00A700, 0x00A721}, {0x00A788, 0x00A78A}, {0x00A830, 0x00A839},
    {0x00A92E, 0x00A92E}, {0x00A9CF, 0x00A9CF}, {0x00AB5B, 0x00AB5B}, {0x00AB6A, 0x00AB6B},
    {0x00FD3E, 0x00FD3F}, {0x00FE10, 0x00FE19}, {0x00FE30, 0x00FE52}, {0x00FE54, 0x00FE66},
    {0x00FE68, 0x00FE6B}, {0x00FEFF, 0x00FEFF}, {0x00FF01, 0x00FF20}, {0x00FF3B, 0x00FF40},
    {0x00FF5B, 0x00FF65}, {0x00FF70, 0x00FF70}, {0x00FF9E, 0x00FF9F}, {0x00FFE0, 0x00FFE6},
    {0x00FFE8, 0x00FFEE}, {0x00FFF9, 0x00FFFD}, {0x010100, 0x010102}, {0x010107, 0x010133},
    {0x010137, 0x01013F}, {0x010190, 0x01019C}, {0x0101D0, 0x0101FC}, {0x0102E1, 0x0102FB},
    {0x01BCA0, 0x01BCA3}, {0x01CC00, 0x01CCF9}, {0x01CD00, 0x01CEB3}, {0x01CF50, 0x01CFC3},
    {0x01D000, 0x01D0F5}, {0x01D100, 0x01D126}, {0x01D129, 0x01D166}, {0x01D16A, 0x01D17A},
    {0x01D183, 0x01D184}, {0x01D18C, 0x01D1A9}, {0x01D1AE, 0x01D1EA}, {0x01D2C0, 0x01D2D3},
    {0x01D2E0, 0x01D2F3}, {0x01D300, 0x01D356}, {0x01D360, 0x01D378}, {0x01D400, 0x01D454},
    {0x01D456, 0x01D49C}, {0x01D49E, 0x01D49F}, {0x01D4A2, 0x01D4A2}, {0x01D4A5, 0x01D4A6},
    {0x01D4A9, 0x01D4AC}, {0x01D4AE, 0x01D4B9}, {0x01D4BB, 0x01D4BB}, {0x01D4BD, 0x01D4C3},
    {0x01D4C5, 0x01D505}, {0x01D507, 0x01D50A}, {0x01D50D, 0x01D514}, {0x01D516, 0x01D51C},
    {0x01D51E, 0x01D539}, {0x01D53B, 0x01D53E}, {0x01D540, 0x01D544}, {0x01D546, 0x01D546},
    {0x01D54A, 0x01D550}, {0x01D552, 0x01D6A5}, {0x01D6A8, 0x01D7CB}, {0x01D7CE, 0x01D7FF},
    {0x01EC71, 0x01ECB4}, {0x01ED01, 0x01ED3D}, {0x01F000, 0x01F02B}, {0x01F030, 0x01F093},
    {0x01F0A0, 0x01F0AE}, {0x01F0B1, 0x01F0BF}, {0x01F0C1, 0x01F0CF}, {0x01F0D1, 0x01F0F5},
    {0x01F100, 0x01F1AD}, {0x01F1E6, 0x01F1FF}, {0x01F201, 0x01F202}, {0x01F210, 0x01F23B},
    {0x01F240, 0x01F248}, {0x01F250, 0x01F251}, {0x01F260, 0x01F265}, {0x01F300, 0x01F6D7},
    {0x01F6DC, 0x01F6EC}, {0x01F6F0, 0x01F6FC}, {0x01F700, 0x01F776}, {0x01F77B, 0x01F7D9},
    {0x01F7E0, 0x01F7EB}, {0x01F7F0, 0x01F7F0}, {0x01F800, 0x01F80B}, {0x01F810, 0x01F847},
    {0x01F850, 0x01F859}, {0x01F860, 0x01F887}, {0x01F890, 0x01F8AD}, {0x01F8B0, 0x01F8BB},
    {0x01F8C0, 0x01F8C1}, {0x01F900, 0x01FA53}, {0x01FA60, 0x01FA6D}, {0x01FA70, 0x01FA7C},
    {0x01FA80, 0x01FA89}, {0x01FA8F, 0x01FAC6}, {0x01FACE, 0x01FADC}, {0x01FADF, 0x01FAE9},
    {0x01FAF0, 0x01FAF8}, {0x01FB00, 0x01FB92}, {0x01FB94, 0x01FBF9}, {0x0E0001, 0x0E0001},
    {0x0E0020, 0x0E007F}, {0x0003E2, 0x0003EF}, {0x002C80, 0x002CF3}, {0x002CF9, 0x002CFF},
    {0x012F90, 0x012FF2}, {0x010800, 0x010805}, {0x010808, 0x010808}, {0x01080A, 0x010835},
    {0x010837, 0x010838}, {0x01083C, 0x01083C}, {0x01083F, 0x01083F}, {0x012000, 0x012399},
    {0x012400, 0x01246E}, {0x012470, 0x012474}, {0x012480, 0x012543}, {0x000400, 0x000484},
    {0x000487, 0x00052F}, {0x001C80, 0x001C8A}, {0x001D2B, 0x001D2B}, {0x001D78, 0x001D78},
    {0x002DE0, 0x002DFF}, {0x00A640, 0x00A69F}, {0x00FE2E, 0x00FE2F}, {0x01E030, 0x01E06D},
    {0x01E08F, 0x01E08F}, {0x010400, 0x01044F}, {0x000900, 0x000950}, {0x000955, 0x000963},
    {0x000966, 0x00097F}, {0x00A8E0, 0x00A8FF}, {0x011B00, 0x011B09}, {0x011900, 0x011906},
    {0x011909, 0x011909}, {0x01190C, 0x011913}, {0x011915, 0x011916}, {0x011918, 0x011935},
    {0x011937, 0x011938}, {0x01193B, 0x011946}, {0x011950, 0x011959}, {0x011800, 0x01183B},
    {0x01BC00, 0x01BC6A}, {0x01BC70, 0x01BC7C}, {0x01BC80, 0x01BC88}, {0x01BC90, 0x01BC99},
    {0x01BC9C, 0x01BC9F}, {0x013000, 0x013455}, {0x013460, 0x0143FA}, {0x010500, 0x010527},
    {0x010FE0, 0x010FF6}, {0x001200, 0x001248}, {0x00124A, 0x00124D}, {0x001250, 0x001256},
    {0x001258, 0x001258}, {0x00125A, 0x00125D}, {0x001260, 0x001288}, {0x00128A, 0x00128D},
    {0x001290, 0x0012B0}, {0x0012B2, 0x0012B5}, {0x0012B8, 0x0012BE}, {0x0012C0, 0x0012C0},
    {0x0012C2, 0x0012C5}, {0x0012C8, 0x0012D6}, {0x0012D8, 0x001310}, {0x001312, 0x001315},
    {0x001318, 0x00135A}, {0x00135D, 0x00137C}, {0x001380, 0x001399}, {0x002D80, 0x002D96},
    {0x002DA0, 0x002DA6}, {0x002DA8, 0x002DAE}, {0x002DB0, 0x002DB6}, {0x002DB8, 0x002DBE},
    {0x002DC0, 0x002DC6}, {0x002DC8, 0x002DCE}, {0x002DD0, 0x002DD6}, {0x002DD8, 0x002DDE},
    {0x00AB01, 0x00AB06}, {0x00AB09, 0x00AB0E}, {0x00AB11, 0x00AB16}, {0x00AB20, 0x00AB26},
    {0x00AB28, 0x00AB2E}, {0x01E7E0, 0x01E7E6}, {0x01E7E8, 0x01E7EB}, {0x01E7ED, 0x01E7EE},
    {0x01E7F0, 0x01E7FE}, {0x010D40, 0x010D65}, {0x010D69, 0x010D85}, {0x010D8E, 0x010D8F},
    {0x0010A0, 0x0010C5}, {0x0010C7, 0x0010C7}, {0x0010CD, 0x0010CD}, {0x0010D0, 0x0010FA},
    {0x0010FC, 0x0010FF}, {0x001C90, 0x001CBA}, {0x001CBD, 0x001CBF}, {0x002D00, 0x002D25},
    {0x002D27, 0x002D27}, {0x002D2D, 0x002D2D}, {0x002C00, 0x002C5F}, {0x01E000, 0x01E006},
    {0x01E008, 0x01E018}, {0x01E01B, 0x01E021}, {0x01E023, 0x01E024}, {0x01E026, 0x01E02A},
    {0x011D60, 0x011D65}, {0x011D67, 0x011D68}, {0x011D6A, 0x011D8E}, {0x011D90, 0x011D91},
    {0x011D93, 0x011D98}, {0x011DA0, 0x011DA9}, {0x011D00, 0x011D06}, {0x011D08, 0x011D09},
    {0x011D0B, 0x011D36}, {0x011D3A, 0x011D3A}, {0x011D3C, 0x011D3D}, {0x011D3F, 0x011D47},
    {0x011D50, 0x011D59}, {0x010330, 0x01034A}, {0x011300, 0x011303}, {0x011305, 0x01130C},
    {0x01130F, 0x011310}, {0x011313, 0x011328}, {0x01132A, 0x011330}, {0x011332, 0x011333},
    {0x011335, 0x011339}, {0x01133C, 0x011344}, {0x011347, 0x011348}, {0x01134B, 0x01134D},
    {0x011350, 0x011350}, {0x011357, 0x011357}, {0x01135D, 0x011363}, {0x011366, 0x01136C},
    {0x011370, 0x011374}, {0x000370, 0x000373}, {0x000375, 0x000377}, {0x00037A, 0x00037D},
    {0x00037F, 0x00037F}, {0x000384, 0x000384}, {0x000386, 0x000386}, {0x000388, 0x00038A},
    {0x00038C, 0x00038C}, {0x00038E, 0x0003A1}, {0x0003A3, 0x0003E1}, {0x0003F0, 0x0003FF},
    {0x001D26, 0x001D2A}, {0x001D5D, 0x001D61}, {0x001D66, 0x001D6A}, {0x001DBF, 0x001DBF},
    {0x001F00, 0x001F15}, {0x001F18, 0x001F1D}, {0x001F20, 0x001F45}, {0x001F48, 0x001F4D},
    {0x001F50, 0x001F57}, {0x001F59, 0x001F59}, {0x001F5B, 0x001F5B}, {0x001F5D, 0x001F5D},
    {0x001F5F, 0x001F7D}, {0x001F80, 0x001FB4}, {0x001FB6, 0x001FC4}, {0x001FC6, 0x001FD3},
    {0x001FD6, 0x001FDB}, {0x001FDD, 0x001FEF}, {0x001FF2, 0x001FF4}, {0x001FF6, 0x001FFE},
    {0x002126, 0x002126}, {0x00AB65, 0x00AB65}, {0x010140, 0x01018E}, {0x0101A0, 0x0101A0},
    {0x01D200, 0x01D245}, {0x000A81, 0x000A83}, {0x000A85, 0x000A8D}, {0x000A8F, 0x000A91},
    {0x000A93, 0x000AA8}, {0x000AAA, 0x000AB0}, {0x000AB2, 0x000AB3}, {0x000AB5, 0x000AB9},
    {0x000ABC, 0x000AC5}, {0x000AC7, 0x000AC9}, {0x000ACB, 0x000ACD}, {0x000AD0, 0x000AD0},
    {0x000AE0, 0x000AE3}, {0x000AE6, 0x000AF1}, {0x000AF9, 0x000AFF}, {0x016100, 0x016139},
    {0x000A01, 0x000A03}, {0x000A05, 0x000A0A}, {0x000A0F, 0x000A10}, {0x000A13, 0x000A28},
    {0x000A2A, 0x000A30}, {0x000A32, 0x000A33}, {0x000A35, 0x000A36}, {0x000A38, 0x000A39},
    {0x000A3C, 0x000A3C}, {0x000A3E, 0x000A42}, {0x000A47, 0x000A48}, {0x000A4B, 0x000A4D},
    {0x000A51, 0x000A51}, {0x000A59, 0x000A5C}, {0x000A5E, 0x000A5E}, {0x000A66, 0x000A76},
    {0x002E80, 0x002E99}, {0x002E9B, 0x002EF3}, {0x002F00, 0x002FD5}, {0x003005, 0x003005},
    {0x003007, 0x003007}, {0x003021, 0x003029}, {0x003038, 0x00303B}, {0x003400, 0x004DBF},
    {0x004E00, 0x009FFF}, {0x00F900, 0x00FA6D}, {0x00FA70, 0x00FAD9}, {0x016FE2, 0x016FE3},
    {0x016FF0, 0x016FF1}, {0x020000, 0x02A6DF}, {0x02A700, 0x02B739}, {0x02B740, 0x02B81D},
    {0x02B820, 0x02CEA1}, {0x02CEB0, 0x02EBE0}, {0x02EBF0, 0x02EE5D}, {0x02F800, 0x02FA1D},
    {0x030000, 0x03134A}, {0x031350, 0x0323AF}, {0x001100, 0x0011FF}, {0x00302E, 0x00302F},
    {0x003131, 0x00318E}, {0x003200, 0x00321E}, {0x003260, 0x00327E}, {0x00A960, 0x00A97C},
    {0x00AC00, 0x00D7A3}, {0x00D7B0, 0x00D7C6}, {0x00D7CB, 0x00D7FB}, {0x00FFA0, 0x00FFBE},
    {0x00FFC2, 0x00FFC7}, {0x00FFCA, 0x00FFCF}, {0x00FFD2, 0x00FFD7}, {0x00FFDA, 0x00FFDC},
    {0x010D00, 0x010D27}, {0x010D30, 0x010D39}, {0x001720, 0x001734}, {0x0108E0, 0x0108F2},
    {0x0108F4, 0x0108F5}, {0x0108FB, 0x0108FF}, {0x000591, 0x0005C7}, {0x0005D0, 0x0005EA},
    {0x0005EF, 0x0005F4}, {0x00FB1D, 0x00FB36}, {0x00FB38, 0x00FB3C}, {0x00FB3E, 0x00FB3E},
    {0x00FB40, 0x00FB41}, {0x00FB43, 0x00FB44}, {0x00FB46, 0x00FB4F}, {0x003041, 0x003096},
    {0x00309D, 0x00309F}, {0x01B001, 0x01B11F}, {0x01B132, 0x01B132}, {0x01B150, 0x01B152},
    {0x01F200, 0x01F200}, {0x016B00, 0x016B45}, {0x016B50, 0x016B59}, {0x016B5B, 0x016B61},
    {0x016B63, 0x016B77}, {0x016B7D, 0x016B8F}, {0x01E100, 0x01E12C}, {0x01E130, 0x01E13D},
    {0x01E140, 0x01E149}, {0x01E14E, 0x01E14F}, {0x010C80, 0x010CB2}, {0x010CC0, 0x010CF2},
    {0x010CFA, 0x010CFF}, {0x000300, 0x00036F}, {0x000485, 0x000486}, {0x00064B, 0x000655},
    {0x000670, 0x000670}, {0x000951, 0x000954}, {0x001AB0, 0x001ACE}, {0x001CD0, 0x001CD2},
    {0x001CD4, 0x001CE0}, {0x001CE2, 0x001CE8}, {0x001CED, 0x001CED}, {0x001CF4, 0x001CF4},
    {0x001CF8, 0x001CF9}, {0x001DC0, 0x001DFF}, {0x00200C, 0x00200D}, {0x0020D0, 0x0020F0},
    {0x00302A, 0x00302D}, {0x003099, 0x00309A}, {0x00FE00, 0x00FE0F}, {0x00FE20, 0x00FE2D},
    {0x0101FD, 0x0101FD}, {0x0102E0, 0x0102E0}, {0x01133B, 0x01133B}, {0x01CF00, 0x01CF2D},
    {0x01CF30, 0x01CF46}, {0x01D167, 0x01D169}, {0x01D17B, 0x01D182}, {0x01D185, 0x01D18B},
    {0x01D1AA, 0x01D1AD}, {0x0E0100, 0x0E01EF}, {0x010B60, 0x010B72}, {0x010B78, 0x010B7F},
    {0x010B40, 0x010B55}, {0x010B58, 0x010B5F}, {0x010300, 0x010323}, {0x01032D, 0x01032F},
    {0x00A980, 0x00A9CD}, {0x00A9D0, 0x00A9D9}, {0x00A9DE, 0x00A9DF}, {0x011080, 0x0110C2},
    {0x0110CD, 0x0110CD}, {0x00A900, 0x00A92D}, {0x00A92F, 0x00A92F}, {0x0030A1, 0x0030FA},
    {0x0030FD, 0x0030FF}, {0x0031F0, 0x0031FF}, {0x0032D0, 0x0032FE}, {0x003300, 0x003357},
    {0x00FF66, 0x00FF6F}, {0x00FF71, 0x00FF9D}, {0x01AFF0, 0x01AFF3}, {0x01AFF5, 0x01AFFB},
    {0x01AFFD, 0x01AFFE}, {0x01B000, 0x01B000}, {0x01B120, 0x01B122}, {0x01B155, 0x01B155},
    {0x01B164, 0x01B167}, {0x000C80, 0x000C8C}, {0x000C8E, 0x000C90}, {0x000C92, 0x000CA8},
    {0x000CAA, 0x000CB3}, {0x000CB5, 0x000CB9}, {0x000CBC, 0x000CC4}, {0x000CC6, 0x000CC8},
    {0x000CCA, 0x000CCD}, {0x000CD5, 0x000CD6}, {0x000CDD, 0x000CDE}, {0x000CE0, 0x000CE3},
    {0x000CE6, 0x000CEF}, {0x000CF1, 0x000CF3}, {0x011F00, 0x011F10}, {0x011F12, 0x011F3A},
    {0x011F3E, 0x011F5A}, {0x010A00, 0x010A03}, {0x010A05, 0x010A06}, {0x010A0C, 0x010A13},
    {0x010A15, 0x010A17}, {0x010A19, 0x010A35}, {0x010A38, 0x010A3A}, {0x010A3F, 0x010A48},
    {0x010A50, 0x010A58}, {0x016FE4, 0x016FE4}, {0x018B00, 0x018CD5}, {0x018CFF, 0x018CFF},
    {0x001780, 0x0017DD}, {0x0017E0, 0x0017E9}, {0x0017F0, 0x0017F9}, {0x0019E0, 0x0019FF},
    {0x011200, 0x011211}, {0x011213, 0x011241}, {0x0112B0, 0x0112EA}, {0x0112F0, 0x0112F9},
    {0x016D40, 0x016D79}, {0x001A20, 0x001A5E}, {0x001A60, 0x001A7C}, {0x001A7F, 0x001A89},
    {0x001A90, 0x001A99}, {0x001AA0, 0x001AAD}, {0x000E81, 0x000E82}, {0x000E84, 0x000E84},
    {0x000E86, 0x000E8A}, {0x000E8C, 0x000EA3}, {0x000EA5, 0x000EA5}, {0x000EA7, 0x000EBD},
    {0x000EC0, 0x000EC4}, {0x000EC6, 0x000EC6}, {0x000EC8, 0x000ECE}, {0x000ED0, 0x000ED9},
    {0x000EDC, 0x000EDF}, {0x000041, 0x00005A}, {0x000061, 0x00007A}, {0x0000AA, 0x0000AA},
    {0x0000BA, 0x0000BA}, {0x0000C0, 0x0000D6}, {0x0000D8, 0x0000F6}, {0x0000F8, 0x0002B8},
    {0x0002E0, 0x0002E4}, {0x001D00, 0x001D25}, {0x001D2C, 0x001D5C}, {0x001D62, 0x001D65},
    {0x001D6B, 0x001D77}, {0x001D79, 0x001DBE}, {0x001E00, 0x001EFF}, {0x002071, 0x002071},
    {0x00207F, 0x00207F}, {0x002090, 0x00209C}, {0x00212A, 0x00212B}, {0x002132, 0x002132},
    {0x00214E, 0x00214E}, {0x002160, 0x002188}, {0x002C60, 0x002C7F}, {0x00A722, 0x00A787},
    {0x00A78B, 0x00A7CD}, {0x00A7D0, 0x00A7D1}, {0x00A7D3, 0x00A7D3}, {0x00A7D5, 0x00A7DC},
    {0x00A7F2, 0x00A7FF}, {0x00AB30, 0x00AB5A}, {0x00AB5C, 0x00AB64}, {0x00AB66, 0x00AB69},
    {0x00FB00, 0x00FB06}, {0x00FF21, 0x00FF3A}, {0x00FF41, 0x00FF5A}, {0x010780, 0x010785},
    {0x010787, 0x0107B0}, {0x0107B2, 0x0107BA}, {0x01DF00, 0x01DF1E}, {0x01DF25, 0x01DF2A},
    {0x001C00, 0x001C37}, {0x001C3B, 0x001C49}, {0x001C4D, 0x001C4F}, {0x001900, 0x00191E},
    {0x001920, 0x00192B}, {0x001930, 0x00193B}, {0x001940, 0x001940}, {0x001944, 0x00194F},
    {0x010600, 0x010736}, {0x010740, 0x010755}, {0x010760, 0x010767}, {0x010000, 0x01000B},
    {0x01000D, 0x010026}, {0x010028, 0x01003A}, {0x01003C, 0x01003D}, {0x01003F, 0x01004D},
    {0x010050, 0x01005D}, {0x010080, 0x0100FA}, {0x00A4D0, 0x00A4FF}, {0x011FB0, 0x011FB0},
    {0x010280, 0x01029C}, {0x010920, 0x010939}, {0x01093F, 0x01093F}, {0x011150, 0x011176},
    {0x011EE0, 0x011EF8}, {0x000D00, 0x000D0C}, {0x000D0E, 0x000D10}, {0x000D12, 0x000D44},
    {0x000D46, 0x000D48}, {0x000D4A, 0x000D4F}, {0x000D54, 0x000D63}, {0x000D66, 0x000D7F},
    {0x000840, 0x00085B}, {0x00085E, 0x00085E}, {0x010AC0, 0x010AE6}, {0x010AEB, 0x010AF6},
    {0x011C70, 0x011C8F}, {0x011C92, 0x011CA7}, {0x011CA9, 0x011CB6}, {0x016E40, 0x016E9A},
    {0x00AAE0, 0x00AAF6}, {0x00ABC0, 0x00ABED}, {0x00ABF0, 0x00ABF9}, {0x01E800, 0x01E8C4},
    {0x01E8C7, 0x01E8D6}, {0x0109A0, 0x0109B7}, {0x0109BC, 0x0109CF}, {0x0109D2, 0x0109FF},
    {0x010980, 0x01099F}, {0x016F00, 0x016F4A}, {0x016F4F, 0x016F87}, {0x016F8F, 0x016F9F},
    {0x011600, 0x011644}, {0x011650, 0x011659}, {0x001800, 0x001801}, {0x001804, 0x001804},
    {0x001806, 0x001819}, {0x001820, 0x001878}, {0x001880, 0x0018AA}, {0x011660, 0x01166C},
    {0x016A40, 0x016A5E}, {0x016A60, 0x016A69}, {0x016A6E, 0x016A6F}, {0x011280, 0x011286},
    {0x011288, 0x011288}, {0x01128A, 0x01128D}, {0x01128F, 0x01129D}, {0x01129F, 0x0112A9},
    {0x001000, 0x00109F}, {0x00A9E0, 0x00A9FE}, {0x00AA60, 0x00AA7F}, {0x0116D0, 0x0116E3},
    {0x010880, 0x01089E}, {0x0108A7, 0x0108AF}, {0x01E4D0, 0x01E4F9}, {0x0119A0, 0x0119A7},
    {0x0119AA, 0x0119D7}, {0x0119DA, 0x0119E4}, {0x010A80, 0x010A9F}, {0x011400, 0x01145B},
    {0x01145D, 0x011461}, {0x001980, 0x0019AB}, {0x0019B0, 0x0019C9}, {0x0019D0, 0x0019DA},
    {0x0019DE, 0x0019DF}, {0x0007C0, 0x0007FA}, {0x0007FD, 0x0007FF}, {0x016FE1, 0x016FE1},
    {0x01B170, 0x01B2FB}, {0x001680, 0x00169C}, {0x001C50, 0x001C7F}, {0x010350, 0x01037A},
    {0x0103A0, 0x0103C3}, {0x0103C8, 0x0103D5}, {0x010F00, 0x010F27}, {0x010A60, 0x010A7F},
    {0x010C00, 0x010C48}, {0x010F70, 0x010F89}, {0x01E5D0, 0x01E5FA}, {0x01E5FF, 0x01E5FF},
    {0x000B01, 0x000B03}, {0x000B05, 0x000B0C}, {0x000B0F, 0x000B10}, {0x000B13, 0x000B28},
    {0x000B2A, 0x000B30}, {0x000B32, 0x000B33}, {0x000B35, 0x000B39}, {0x000B3C, 0x000B44},
    {0x000B47, 0x000B48}, {0x000B4B, 0x000B4D}, {0x000B55, 0x000B57}, {0x000B5C, 0x000B5D},
    {0x000B5F, 0x000B63}, {0x000B66, 0x000B77}, {0x0104B0, 0x0104D3}, {0x0104D8, 0x0104FB},
    {0x010480, 0x01049D}, {0x0104A0, 0x0104A9}, {0x010860, 0x01087F}, {0x011AC0, 0x011AF8},
    {0x00A840, 0x00A877}, {0x010B80, 0x010B91}, {0x010B99, 0x010B9C}, {0x010BA9, 0x010BAF},
    {0x010900, 0x01091B}, {0x01091F, 0x01091F}, {0x00A930, 0x00A953}, {0x00A95F, 0x00A95F},
    {0x0016A0, 0x0016EA}, {0x0016EE, 0x0016F8}, {0x000800, 0x00082D}, {0x000830, 0x00083E},
    {0x00A880, 0x00A8C5}, {0x00A8CE, 0x00A8D9}, {0x01D800, 0x01DA8B}, {0x01DA9B, 0x01DA9F},
    {0x01DAA1, 0x01DAAF}, {0x011180, 0x0111DF}, {0x010450, 0x01047F}, {0x011580, 0x0115B5},
    {0x0115B8, 0x0115DD}, {0x000D81, 0x000D83}, {0x000D85, 0x000D96}, {0x000D9A, 0x000DB1},
    {0x000DB3, 0x000DBB}, {0x000DBD, 0x000DBD}, {0x000DC0, 0x000DC6}, {0x000DCA, 0x000DCA},
    {0x000DCF, 0x000DD4}, {0x000DD6, 0x000DD6}, {0x000DD8, 0x000DDF}, {0x000DE6, 0x000DEF},
    {0x000DF2, 0x000DF4}, {0x0111E1, 0x0111F4}, {0x010F30, 0x010F59}, {0x0110D0, 0x0110E8},
    {0x0110F0, 0x0110F9}, {0x011A50, 0x011AA2}, {0x001B80, 0x001BBF}, {0x001CC0, 0x001CC7},
    {0x011BC0, 0x011BE1}, {0x011BF0, 0x011BF9}, {0x00A800, 0x00A82C}, {0x000700, 0x00070D},
    {0x00070F, 0x00074A}, {0x00074D, 0x00074F}, {0x000860, 0x00086A}, {0x001700, 0x001715},
    {0x00171F, 0x00171F}, {0x001760, 0x00176C}, {0x00176E, 0x001770}, {0x001772, 0x001773},
    {0x001950, 0x00196D}, {0x001970, 0x001974}, {0x00AA80, 0x00AAC2}, {0x00AADB, 0x00AADF},
    {0x011680, 0x0116B9}, {0x0116C0, 0x0116C9}, {0x000B82, 0x000B83}, {0x000B85, 0x000B8A},
    {0x000B8E, 0x000B90}, {0x000B92, 0x000B95}, {0x000B99, 0x000B9A}, {0x000B9C, 0x000B9C},
    {0x000B9E, 0x000B9F}, {0x000BA3, 0x000BA4}, {0x000BA8, 0x000BAA}, {0x000BAE, 0x000BB9},
    {0x000BBE, 0x000BC2}, {0x000BC6, 0x000BC8}, {0x000BCA, 0x000BCD}, {0x000BD0, 0x000BD0},
    {0x000BD7, 0x000BD7}, {0x000BE6, 0x000BFA}, {0x011FC0, 0x011FF1}, {0x011FFF, 0x011FFF},
    {0x016FE0, 0x016FE0}, {0x017000, 0x0187F7}, {0x018800, 0x018AFF}, {0x018D00, 0x018D08},
    {0x016A70, 0x016ABE}, {0x016AC0, 0x016AC9}, {0x000C00, 0x000C0C}, {0x000C0E, 0x000C10},
    {0x000C12, 0x000C28}, {0x000C2A, 0x000C39}, {0x000C3C, 0x000C44}, {0x000C46, 0x000C48},
    {0x000C4A, 0x000C4D}, {0x000C55, 0x000C56}, {0x000C58, 0x000C5A}, {0x000C5D, 0x000C5D},
    {0x000C60, 0x000C63}, {0x000C66, 0x000C6F}, {0x000C77, 0x000C7F}, {0x002D30, 0x002D67},
    {0x002D6F, 0x002D70}, {0x002D7F, 0x002D7F}, {0x000780, 0x0007B1}, {0x000E01, 0x000E3A},
    {0x000E40, 0x000E5B}, {0x000F00, 0x000F47}, {0x000F49, 0x000F6C}, {0x000F71, 0x000F97},
    {0x000F99, 0x000FBC}, {0x000FBE, 0x000FCC}, {0x000FCE, 0x000FD4}, {0x000FD9, 0x000FDA},
    {0x011480, 0x0114C7}, {0x0114D0, 0x0114D9}, {0x0105C0, 0x0105F3}, {0x01E290, 0x01E2AE},
    {0x011380, 0x011389}, {0x01138B, 0x01138B}, {0x01138E, 0x01138E}, {0x011390, 0x0113B5},
    {0x0113B7, 0x0113C0}, {0x0113C2, 0x0113C2}, {0x0113C5, 0x0113C5}, {0x0113C7, 0x0113CA},
    {0x0113CC, 0x0113D5}, {0x0113D7, 0x0113D8}, {0x0113E1, 0x0113E2}, {0x010380, 0x01039D},
    {0x01039F, 0x01039F}, {0x00A500, 0x00A62B}, {0x010570, 0x01057A}, {0x01057C, 0x01058A},
    {0x01058C, 0x010592}, {0x010594, 0x010595}, {0x010597, 0x0105A1}, {0x0105A3, 0x0105B1},
    {0x0105B3, 0x0105B9}, {0x0105BB, 0x0105BC}, {0x01E2C0, 0x01E2F9}, {0x01E2FF, 0x01E2FF},
    {0x0118A0, 0x0118F2}, {0x0118FF, 0x0118FF}, {0x010E80, 0x010EA9}, {0x010EAB, 0x010EAD},
    {0x010EB0, 0x010EB1}, {0x00A000, 0x00A48C}, {0x00A490, 0x00A4C6}, {0x011A00, 0x011A47},
    {0x000000, 0x0001F5}, {0x0001FA, 0x000217}, {0x000250, 0x0002A8}, {0x0002B0, 0x0002DE},
    {0x0002E0, 0x0002E9}, {0x000300, 0x000345}, {0x000360, 0x000361}, {0x000374, 0x000375},
    {0x00037A, 0x00037A}, {0x00037E, 0x00037E}, {0x000384, 0x00038A}, {0x00038C, 0x00038C},
    {0x00038E, 0x0003A1}, {0x0003A3, 0x0003CE}, {0x0003D0, 0x0003D6}, {0x0003DA, 0x0003DA},
    {0x0003DC, 0x0003DC}, {0x0003DE, 0x0003DE}, {0x0003E0, 0x0003E0}, {0x0003E2, 0x0003F3},
    {0x000401, 0x00040C}, {0x00040E, 0x00044F}, {0x000451, 0x00045C}, {0x00045E, 0x000486},
    {0x000490, 0x0004C4}, {0x0004C7, 0x0004C8}, {0x0004CB, 0x0004CC}, {0x0004D0, 0x0004EB},
    {0x0004EE, 0x0004F5}, {0x0004F8, 0x0004F9}, {0x000531, 0x000556}, {0x000559, 0x00055F},
    {0x000561, 0x000587}, {0x000589, 0x000589}, {0x0005B0, 0x0005B9}, {0x0005BB, 0x0005C3},
    {0x0005D0, 0x0005EA}, {0x0005F0, 0x0005F4}, {0x00060C, 0x00060C}, {0x00061B, 0x00061B},
    {0x00061F, 0x00061F}, {0x000621, 0x00063A}, {0x000640, 0x000652}, {0x000660, 0x00066D},
    {0x000670, 0x0006B7}, {0x0006BA, 0x0006BE}, {0x0006C0, 0x0006CE}, {0x0006D0, 0x0006ED},
    {0x0006F0, 0x0006F9}, {0x000901, 0x000903}, {0x000905, 0x000939}, {0x00093C, 0x00094D},
    {0x000950, 0x000954}, {0x000958, 0x000970}, {0x000981, 0x000983}, {0x000985, 0x00098C},
    {0x00098F, 0x000990}, {0x000993, 0x0009A8}, {0x0009AA, 0x0009B0}, {0x0009B2, 0x0009B2},
    {0x0009B6, 0x0009B9}, {0x0009BC, 0x0009BC}, {0x0009BE, 0x0009C4}, {0x0009C7, 0x0009C8},
    {0x0009CB, 0x0009CD}, {0x0009D7, 0x0009D7}, {0x0009DC, 0x0009DD}, {0x0009DF, 0x0009E3},
    {0x0009E6, 0x0009FA}, {0x000A02, 0x000A02}, {0x000A05, 0x000A0A}, {0x000A0F, 0x000A10},
    {0x000A13, 0x000A28}, {0x000A2A, 0x000A30}, {0x000A32, 0x000A33}, {0x000A35, 0x000A36},
    {0x000A38, 0x000A39}, {0x000A3C, 0x000A3C}, {0x000A3E, 0x000A42}, {0x000A47, 0x000A48},
    {0x000A4B, 0x000A4D}, {0x000A59, 0x000A5C}, {0x000A5E, 0x000A5E}, {0x000A66, 0x000A74},
    {0x000A81, 0x000A83}, {0x000A85, 0x000A8B}, {0x000A8D, 0x000A8D}, {0x000A8F, 0x000A91},
    {0x000A93, 0x000AA8}, {0x000AAA, 0x000AB0}, {0x000AB2, 0x000AB3}, {0x000AB5, 0x000AB9},
    {0x000ABC, 0x000AC5}, {0x000AC7, 0x000AC9}, {0x000ACB, 0x000ACD}, {0x000AD0, 0x000AD0},
    {0x000AE0, 0x000AE0}, {0x000AE6, 0x000AEF}, {0x000B01, 0x000B03}, {0x000B05, 0x000B0C},
    {0x000B0F, 0x000B10}, {0x000B13, 0x000B28}, {0x000B2A, 0x000B30}, {0x000B32, 0x000B33},
    {0x000B36, 0x000B39}, {0x000B3C, 0x000B43}, {0x000B47, 0x000B48}, {0x000B4B, 0x000B4D},
    {0x000B56, 0x000B57}, {0x000B5C, 0x000B5D}, {0x000B5F, 0x000B61}, {0x000B66, 0x000B70},
    {0x000B82, 0x000B83}, {0x000B85, 0x000B8A}, {0x000B8E, 0x000B90}, {0x000B92, 0x000B95},
    {0x000B99, 0x000B9A}, {0x000B9C, 0x000B9C}, {0x000B9E, 0x000B9F}, {0x000BA3, 0x000BA4},
    {0x000BA8, 0x000BAA}, {0x000BAE, 0x000BB5}, {0x000BB7, 0x000BB9}, {0x000BBE, 0x000BC2},
    {0x000BC6, 0x000BC8}, {0x000BCA, 0x000BCD}, {0x000BD7, 0x000BD7}, {0x000BE7, 0x000BF2},
    {0x000C01, 0x000C03}, {0x000C05, 0x000C0C}, {0x000C0E, 0x000C10}, {0x000C12, 0x000C28},
    {0x000C2A, 0x000C33}, {0x000C35, 0x000C39}, {0x000C3E, 0x000C44}, {0x000C46, 0x000C48},
    {0x000C4A, 0x000C4D}, {0x000C55, 0x000C56}, {0x000C60, 0x000C61}, {0x000C66, 0x000C6F},
    {0x000C82, 0x000C83}, {0x000C85, 0x000C8C}, {0x000C8E, 0x000C90}, {0x000C92, 0x000CA8},
    {0x000CAA, 0x000CB3}, {0x000CB5, 0x000CB9}, {0x000CBE, 0x000CC4}, {0x000CC6, 0x000CC8},
    {0x000CCA, 0x000CCD}, {0x000CD5, 0x000CD6}, {0x000CDE, 0x000CDE}, {0x000CE0, 0x000CE1},
    {0x000CE6, 0x000CEF}, {0x000D02, 0x000D03}, {0x000D05, 0x000D0C}, {0x000D0E, 0x000D10},
    {0x000D12, 0x000D28}, {0x000D2A, 0x000D39}, {0x000D3E, 0x000D43}, {0x000D46, 0x000D48},
    {0x000D4A, 0x000D4D}, {0x000D57, 0x000D57}, {0x000D60, 0x000D61}, {0x000D66, 0x000D6F},
    {0x000E01, 0x000E3A}, {0x000E3F, 0x000E5B}, {0x000E81, 0x000E82}, {0x000E84, 0x000E84},
    {0x000E87, 0x000E88}, {0x000E8A, 0x000E8A}, {0x000E8D, 0x000E8D}, {0x000E94, 0x000E97},
    {0x000E99, 0x000E9F}, {0x000EA1, 0x000EA3}, {0x000EA5, 0x000EA5}, {0x000EA7, 0x000EA7},
    {0x000EAA, 0x000EAB}, {0x000EAD, 0x000EB9}, {0x000EBB, 0x000EBD}, {0x000EC0, 0x000EC4},
    {0x000EC6, 0x000EC6}, {0x000EC8, 0x000ECD}, {0x000ED0, 0x000ED9}, {0x000EDC, 0x000EDD},
    {0x0010A0, 0x0010C5}, {0x0010D0, 0x0010F6}, {0x0010FB, 0x0010FB}, {0x001100, 0x001159},
    {0x00115F, 0x0011A2}, {0x0011A8, 0x0011F9}, {0x001E00, 0x001E9A}, {0x001EA0, 0x001EF9},
    {0x001F00, 0x001F15}, {0x001F18, 0x001F1D}, {0x001F20, 0x001F45}, {0x001F48, 0x001F4D},
    {0x001F50, 0x001F57}, {0x001F59, 0x001F59}, {0x001F5B, 0x001F5B}, {0x001F5D, 0x001F5D},
    {0x001F5F, 0x001F7D}, {0x001F80, 0x001FB4}, {0x001FB6, 0x001FC4}, {0x001FC6, 0x001FD3},
    {0x001FD6, 0x001FDB}, {0x001FDD, 0x001FEF}, {0x001FF2, 0x001FF4}, {0x001FF6, 0x001FFE},
    {0x002000, 0x00202E}, {0x002030, 0x002046}, {0x00206A, 0x002070}, {0x002074, 0x00208E},
    {0x0020A0, 0x0020AA}, {0x0020D0, 0x0020E1}, {0x002100, 0x002138}, {0x002153, 0x002182},
    {0x002190, 0x0021EA}, {0x002200, 0x0022F1}, {0x002300, 0x002300}, {0x002302, 0x00237A},
    {0x002400, 0x002424}, {0x002440, 0x00244A}, {0x002460, 0x0024EA}, {0x002500, 0x002595},
    {0x0025A0, 0x0025EF}, {0x002600, 0x002613}, {0x00261A, 0x00266F}, {0x002701, 0x002704},
    {0x002706, 0x002709}, {0x00270C, 0x002727}, {0x002729, 0x00274B}, {0x00274D, 0x00274D},
    {0x00274F, 0x002752}, {0x002756, 0x002756}, {0x002758, 0x00275E}, {0x002761, 0x002767},
    {0x002776, 0x002794}, {0x002798, 0x0027AF}, {0x0027B1, 0x0027BE}, {0x003000, 0x003037},
    {0x00303F, 0x00303F}, {0x003041, 0x003094}, {0x003099, 0x00309E}, {0x0030A1, 0x0030FE},
    {0x003105, 0x00312C}, {0x003131, 0x00318E}, {0x003190, 0x00319F}, {0x003200, 0x00321C},
    {0x003220, 0x003243}, {0x003260, 0x00327B}, {0x00327F, 0x0032B0}, {0x0032C0, 0x0032CB},
    {0x0032D0, 0x0032FE}, {0x003300, 0x003376}, {0x00337B, 0x0033DD}, {0x0033E0, 0x0033FE},
    {0x004E00, 0x009FA5}, {0x00E000, 0x00FA2D}, {0x00FB00, 0x00FB06}, {0x00FB13, 0x00FB17},
    {0x00FB1E, 0x00FB36}, {0x00FB38, 0x00FB3C}, {0x00FB3E, 0x00FB3E}, {0x00FB40, 0x00FB41},
    {0x00FB43, 0x00FB44}, {0x00FB46, 0x00FBB1}, {0x00FBD3, 0x00FD3F}, {0x00FD50, 0x00FD8F},
    {0x00FD92, 0x00FDC7}, {0x00FDF0, 0x00FDFB}, {0x00FE20, 0x00FE23}, {0x00FE30, 0x00FE44},
    {0x00FE49, 0x00FE52}, {0x00FE54, 0x00FE66}, {0x00FE68, 0x00FE6B}, {0x00FE70, 0x00FE72},
    {0x00FE74, 0x00FE74}, {0x00FE76, 0x00FEFC}, {0x00FEFF, 0x00FEFF}, {0x00FF01, 0x00FF5E},
    {0x00FF61, 0x00FFBE}, {0x00FFC2, 0x00FFC7}, {0x00FFCA, 0x00FFCF}, {0x00FFD2, 0x00FFD7},
    {0x00FFDA, 0x00FFDC}, {0x00FFE0, 0x00FFE6}, {0x00FFE8, 0x00FFEE}, {0x00FFFD, 0x00FFFF},
    {0x000000, 0x000377}, {0x00037A, 0x00037F}, {0x000384, 0x00038A}, {0x00038C, 0x00038C},
    {0x00038E, 0x0003A1}, {0x0003A3, 0x00052F}, {0x000531, 0x000556}, {0x000559, 0x00055F},
    {0x000561, 0x000587}, {0x000589, 0x00058A}, {0x00058D, 0x00058F}, {0x000591, 0x0005C7},
    {0x0005D0, 0x0005EA}, {0x0005F0, 0x0005F4}, {0x000600, 0x00061C}, {0x00061E, 0x00070D},
    {0x00070F, 0x00074A}, {0x00074D, 0x0007B1}, {0x0007C0, 0x0007FA}, {0x000800, 0x00082D},
    {0x000830, 0x00083E}, {0x000840, 0x00085B}, {0x00085E, 0x00085E}, {0x000860, 0x00086A},
    {0x0008A0, 0x0008B4}, {0x0008B6, 0x0008BD}, {0x0008D4, 0x000983}, {0x000985, 0x00098C},
    {0x00098F, 0x000990}, {0x000993, 0x0009A8}, {0x0009AA, 0x0009B0}, {0x0009B2, 0x0009B2},
    {0x0009B6, 0x0009B9}, {0x0009BC, 0x0009C4}, {0x0009C7, 0x0009C8}, {0x0009CB, 0x0009CE},
    {0x0009D7, 0x0009D7}, {0x0009DC, 0x0009DD}, {0x0009DF, 0x0009E3}, {0x0009E6, 0x0009FD},
    {0x000A01, 0x000A03}, {0x000A05, 0x000A0A}, {0x000A0F, 0x000A10}, {0x000A13, 0x000A28},
    {0x000A2A, 0x000A30}, {0x000A32, 0x000A33}, {0x000A35, 0x000A36}, {0x000A38, 0x000A39},
    {0x000A3C, 0x000A3C}, {0x000A3E, 0x000A42}, {0x000A47, 0x000A48}, {0x000A4B, 0x000A4D},
    {0x000A51, 0x000A51}, {0x000A59, 0x000A5C}, {0x000A5E, 0x000A5E}, {0x000A66, 0x000A75},
    {0x000A81, 0x000A83}, {0x000A85, 0x000A8D}, {0x000A8F, 0x000A91}, {0x000A93, 0x000AA8},
    {0x000AAA, 0x000AB0}, {0x000AB2, 0x000AB3}, {0x000AB5, 0x000AB9}, {0x000ABC, 0x000AC5},
    {0x000AC7, 0x000AC9}, {0x000ACB, 0x000ACD}, {0x000AD0, 0x000AD0}, {0x000AE0, 0x000AE3},
    {0x000AE6, 0x000AF1}, {0x000AF9, 0x000AFF}, {0x000B01, 0x000B03}, {0x000B05, 0x000B0C},
    {0x000B0F, 0x000B10}, {0x000B13, 0x000B28}, {0x000B2A, 0x000B30}, {0x000B32, 0x000B33},
    {0x000B35, 0x000B39}, {0x000B3C, 0x000B44}, {0x000B47, 0x000B48}, {0x000B4B, 0x000B4D},
    {0x000B56, 0x000B57}, {0x000B5C, 0x000B5D}, {0x000B5F, 0x000B63}, {0x000B66, 0x000B77},
    {0x000B82, 0x000B83}, {0x000B85, 0x000B8A}, {0x000B8E, 0x000B90}, {0x000B92, 0x000B95},
    {0x000B99, 0x000B9A}, {0x000B9C, 0x000B9C}, {0x000B9E, 0x000B9F}, {0x000BA3, 0x000BA4},
    {0x000BA8, 0x000BAA}, {0x000BAE, 0x000BB9}, {0x000BBE, 0x000BC2}, {0x000BC6, 0x000BC8},
    {0x000BCA, 0x000BCD}, {0x000BD0, 0x000BD0}, {0x000BD7, 0x000BD7}, {0x000BE6, 0x000BFA},
    {0x000C00, 0x000C03}, {0x000C05, 0x000C0C}, {0x000C0E, 0x000C10}, {0x000C12, 0x000C28},
    {0x000C2A, 0x000C39}, {0x000C3D, 0x000C44}, {0x000C46, 0x000C48}, {0x000C4A, 0x000C4D},
    {0x000C55, 0x000C56}, {0x000C58, 0x000C5A}, {0x000C60, 0x000C63}, {0x000C66, 0x000C6F},
    {0x000C78, 0x000C83}, {0x000C85, 0x000C8C}, {0x000C8E, 0x000C90}, {0x000C92, 0x000CA8},
    {0x000CAA, 0x000CB3}, {0x000CB5, 0x000CB9}, {0x000CBC, 0x000CC4}, {0x000CC6, 0x000CC8},
    {0x000CCA, 0x000CCD}, {0x000CD5, 0x000CD6}, {0x000CDE, 0x000CDE}, {0x000CE0, 0x000CE3},
    {0x000CE6, 0x000CEF}, {0x000CF1, 0x000CF2}, {0x000D00, 0x000D03}, {0x000D05, 0x000D0C},
    {0x000D0E, 0x000D10}, {0x000D12, 0x000D44}, {0x000D46, 0x000D48}, {0x000D4A, 0x000D4F},
    {0x000D54, 0x000D63}, {0x000D66, 0x000D7F}, {0x000D82, 0x000D83}, {0x000D85, 0x000D96},
    {0x000D9A, 0x000DB1}, {0x000DB3, 0x000DBB}, {0x000DBD, 0x000DBD}, {0x000DC0, 0x000DC6},
    {0x000DCA, 0x000DCA}, {0x000DCF, 0x000DD4}, {0x000DD6, 0x000DD6}, {0x000DD8, 0x000DDF},
    {0x000DE6, 0x000DEF}, {0x000DF2, 0x000DF4}, {0x000E01, 0x000E3A}, {0x000E3F, 0x000E5B},
    {0x000E81, 0x000E82}, {0x000E84, 0x000E84}, {0x000E87, 0x000E88}, {0x000E8A, 0x000E8A},
    {0x000E8D, 0x000E8D}, {0x000E94, 0x000E97}, {0x000E99, 0x000E9F}, {0x000EA1, 0x000EA3},
    {0x000EA5, 0x000EA5}, {0x000EA7, 0x000EA7}, {0x000EAA, 0x000EAB}, {0x000EAD, 0x000EB9},
    {0x000EBB, 0x000EBD}, {0x000EC0, 0x000EC4}, {0x000EC6, 0x000EC6}, {0x000EC8, 0x000ECD},
    {0x000ED0, 0x000ED9}, {0x000EDC, 0x000EDF}, {0x000F00, 0x000F47}, {0x000F49, 0x000F6C},
    {0x000F71, 0x000F97}, {0x000F99, 0x000FBC}, {0x000FBE, 0x000FCC}, {0x000FCE, 0x000FDA},
    {0x001000, 0x0010C5}, {0x0010C7, 0x0010C7}, {0x0010CD, 0x0010CD}, {0x0010D0, 0x001248},
    {0x00124A, 0x00124D}, {0x001250, 0x001256}, {0x001258, 0x001258}, {0x00125A, 0x00125D},
    {0x001260, 0x001288}, {0x00128A, 0x00128D}, {0x001290, 0x0012B0}, {0x0012B2, 0x0012B5},
    {0x0012B8, 0x0012BE}, {0x0012C0, 0x0012C0}, {0x0012C2, 0x0012C5}, {0x0012C8, 0x0012D6},
    {0x0012D8, 0x001310}, {0x001312, 0x001315}, {0x001318, 0x00135A}, {0x00135D, 0x00137C},
    {0x001380, 0x001399}, {0x0013A0, 0x0013F5}, {0x0013F8, 0x0013FD}, {0x001400, 0x00169C},
    {0x0016A0, 0x0016F8}, {0x001700, 0x00170C}, {0x00170E, 0x001714}, {0x001720, 0x001736},
    {0x001740, 0x001753}, {0x001760, 0x00176C}, {0x00176E, 0x001770}, {0x001772, 0x001773},
    {0x001780, 0x0017DD}, {0x0017E0, 0x0017E9}, {0x0017F0, 0x0017F9}, {0x001800, 0x00180E},
    {0x001810, 0x001819}, {0x001820, 0x001877}, {0x001880, 0x0018AA}, {0x0018B0, 0x0018F5},
    {0x001900, 0x00191E}, {0x001920, 0x00192B}, {0x001930, 0x00193B}, {0x001940, 0x001940},
    {0x001944, 0x00196D}, {0x001970, 0x001974}, {0x001980, 0x0019AB}, {0x0019B0, 0x0019C9},
    {0x0019D0, 0x0019DA}, {0x0019DE, 0x001A1B}, {0x001A1E, 0x001A5E}, {0x001A60, 0x001A7C},
    {0x001A7F, 0x001A89}, {0x001A90, 0x001A99}, {0x001AA0, 0x001AAD}, {0x001AB0, 0x001ABE},
    {0x001B00, 0x001B4B}, {0x001B50, 0x001B7C}, {0x001B80, 0x001BF3}, {0x001BFC, 0x001C37},
    {0x001C3B, 0x001C49}, {0x001C4D, 0x001C88}, {0x001CC0, 0x001CC7}, {0x001CD0, 0x001CF9},
    {0x001D00, 0x001DF9}, {0x001DFB, 0x001F15}, {0x001F18, 0x001F1D}, {0x001F20, 0x001F45},
    {0x001F48, 0x001F4D}, {0x001F50, 0x001F57}, {0x001F59, 0x001F59}, {0x001F5B, 0x001F5B},
    {0x001F5D, 0x001F5D}, {0x001F5F, 0x001F7D}, {0x001F80, 0x001FB4}, {0x001FB6, 0x001FC4},
    {0x001FC6, 0x001FD3}, {0x001FD6, 0x001FDB}, {0x001FDD, 0x001FEF}, {0x001FF2, 0x001FF4},
    {0x001FF6, 0x001FFE}, {0x002000, 0x002064}, {0x002066, 0x002071}, {0x002074, 0x00208E},
    {0x002090, 0x00209C}, {0x0020A0, 0x0020BF}, {0x0020D0, 0x0020F0}, {0x002100, 0x00218B},
    {0x002190, 0x002426}, {0x002440, 0x00244A}, {0x002460, 0x002B73}, {0x002B76, 0x002B95},
    {0x002B98, 0x002BB9}, {0x002BBD, 0x002BC8}, {0x002BCA, 0x002BD2}, {0x002BEC, 0x002BEF},
    {0x002C00, 0x002C2E}, {0x002C30, 0x002C5E}, {0x002C60, 0x002CF3}, {0x002CF9, 0x002D25},
    {0x002D27, 0x002D27}, {0x002D2D, 0x002D2D}, {0x002D30, 0x002D67}, {0x002D6F, 0x002D70},
    {0x002D7F, 0x002D96}, {0x002DA0, 0x002DA6}, {0x002DA8, 0x002DAE}, {0x002DB0, 0x002DB6},
    {0x002DB8, 0x002DBE}, {0x002DC0, 0x002DC6}, {0x002DC8, 0x002DCE}, {0x002DD0, 0x002DD6},
    {0x002DD8, 0x002DDE}, {0x002DE0, 0x002E49}, {0x002E80, 0x002E99}, {0x002E9B, 0x002EF3},
    {0x002F00, 0x002FD5}, {0x002FF0, 0x002FFB}, {0x003000, 0x00303F}, {0x003041, 0x003096},
    {0x003099, 0x0030FF}, {0x003105, 0x00312E}, {0x003131, 0x00318E}, {0x003190, 0x0031BA},
    {0x0031C0, 0x0031E3}, {0x0031F0, 0x00321E}, {0x003220, 0x0032FE}, {0x003300, 0x004DB5},
    {0x004DC0, 0x009FEA}, {0x00A000, 0x00A48C}, {0x00A490, 0x00A4C6}, {0x00A4D0, 0x00A62B},
    {0x00A640, 0x00A6F7}, {0x00A700, 0x00A7AE}, {0x00A7B0, 0x00A7B7}, {0x00A7F7, 0x00A82B},
    {0x00A830, 0x00A839}, {0x00A840, 0x00A877}, {0x00A880, 0x00A8C5}, {0x00A8CE, 0x00A8D9},
    {0x00A8E0, 0x00A8FD}, {0x00A900, 0x00A953}, {0x00A95F, 0x00A97C}, {0x00A980, 0x00A9CD},
    {0x00A9CF, 0x00A9D9}, {0x00A9DE, 0x00A9FE}, {0x00AA00, 0x00AA36}, {0x00AA40, 0x00AA4D},
    {0x00AA50, 0x00AA59}, {0x00AA5C, 0x00AAC2}, {0x00AADB, 0x00AAF6}, {0x00AB01, 0x00AB06},
    {0x00AB09, 0x00AB0E}, {0x00AB11, 0x00AB16}, {0x00AB20, 0x00AB26}, {0x00AB28, 0x00AB2E},
    {0x00AB30, 0x00AB65}, {0x00AB70, 0x00ABED}, {0x00ABF0, 0x00ABF9}, {0x00AC00, 0x00D7A3},
    {0x00D7B0, 0x00D7C6}, {0x00D7CB, 0x00D7FB}, {0x00E000, 0x00FA6D}, {0x00FA70, 0x00FAD9},
    {0x00FB00, 0x00FB06}, {0x00FB13, 0x00FB17}, {0x00FB1D, 0x00FB36}, {0x00FB38, 0x00FB3C},
    {0x00FB3E, 0x00FB3E}, {0x00FB40, 0x00FB41}, {0x00FB43, 0x00FB44}, {0x00FB46, 0x00FBC1},
    {0x00FBD3, 0x00FD3F}, {0x00FD50, 0x00FD8F}, {0x00FD92, 0x00FDC7}, {0x00FDD0, 0x00FDFD},
    {0x00FE00, 0x00FE19}, {0x00FE20, 0x00FE52}, {0x00FE54, 0x00FE66}, {0x00FE68, 0x00FE6B},
    {0x00FE70, 0x00FE74}, {0x00FE76, 0x00FEFC}, {0x00FEFF, 0x00FEFF}, {0x00FF01, 0x00FFBE},
    {0x00FFC2, 0x00FFC7}, {0x00FFCA, 0x00FFCF}, {0x00FFD2, 0x00FFD7}, {0x00FFDA, 0x00FFDC},
    {0x00FFE0, 0x00FFE6}, {0x00FFE8, 0x00FFEE}, {0x00FFF9, 0x01000B}, {0x01000D, 0x010026},
    {0x010028, 0x01003A}, {0x01003C, 0x01003D}, {0x01003F, 0x01004D}, {0x010050, 0x01005D},
    {0x010080, 0x0100FA}, {0x010100, 0x010102}, {0x010107, 0x010133}, {0x010137, 0x01018E},
    {0x010190, 0x01019B}, {0x0101A0, 0x0101A0}, {0x0101D0, 0x0101FD}, {0x010280, 0x01029C},
    {0x0102A0, 0x0102D0}, {0x0102E0, 0x0102FB}, {0x010300, 0x010323}, {0x01032D, 0x01034A},
    {0x010350, 0x01037A}, {0x010380, 0x01039D}, {0x01039F, 0x0103C3}, {0x0103C8, 0x0103D5},
    {0x010400, 0x01049D}, {0x0104A0, 0x0104A9}, {0x0104B0, 0x0104D3}, {0x0104D8, 0x0104FB},
    {0x010500, 0x010527}, {0x010530, 0x010563}, {0x01056F, 0x01056F}, {0x010600, 0x010736},
    {0x010740, 0x010755}, {0x010760, 0x010767}, {0x010800, 0x010805}, {0x010808, 0x010808},
    {0x01080A, 0x010835}, {0x010837, 0x010838}, {0x01083C, 0x01083C}, {0x01083F, 0x010855},
    {0x010857, 0x01089E}, {0x0108A7, 0x0108AF}, {0x0108E0, 0x0108F2}, {0x0108F4, 0x0108F5},
    {0x0108FB, 0x01091B}, {0x01091F, 0x010939}, {0x01093F, 0x01093F}, {0x010980, 0x0109B7},
    {0x0109BC, 0x0109CF}, {0x0109D2, 0x010A03}, {0x010A05, 0x010A06}, {0x010A0C, 0x010A13},
    {0x010A15, 0x010A17}, {0x010A19, 0x010A33}, {0x010A38, 0x010A3A}, {0x010A3F, 0x010A47},
    {0x010A50, 0x010A58}, {0x010A60, 0x010A9F}, {0x010AC0, 0x010AE6}, {0x010AEB, 0x010AF6},
    {0x010B00, 0x010B35}, {0x010B39, 0x010B55}, {0x010B58, 0x010B72}, {0x010B78, 0x010B91},
    {0x010B99, 0x010B9C}, {0x010BA9, 0x010BAF}, {0x010C00, 0x010C48}, {0x010C80, 0x010CB2},
    {0x010CC0, 0x010CF2}, {0x010CFA, 0x010CFF}, {0x010E60, 0x010E7E}, {0x011000, 0x01104D},
    {0x011052, 0x01106F}, {0x01107F, 0x0110C1}, {0x0110D0, 0x0110E8}, {0x0110F0, 0x0110F9},
    {0x011100, 0x011134}, {0x011136, 0x011143}, {0x011150, 0x011176}, {0x011180, 0x0111CD},
    {0x0111D0, 0x0111DF}, {0x0111E1, 0x0111F4}, {0x011200, 0x011211}, {0x011213, 0x01123E},
    {0x011280, 0x011286}, {0x011288, 0x011288}, {0x01128A, 0x01128D}, {0x01128F, 0x01129D},
    {0x01129F, 0x0112A9}, {0x0112B0, 0x0112EA}, {0x0112F0, 0x0112F9}, {0x011300, 0x011303},
    {0x011305, 0x01130C}, {0x01130F, 0x011310}, {0x011313, 0x011328}, {0x01132A, 0x011330},
    {0x011332, 0x011333}, {0x011335, 0x011339}, {0x01133C, 0x011344}, {0x011347, 0x011348},
    {0x01134B, 0x01134D}, {0x011350, 0x011350}, {0x011357, 0x011357}, {0x01135D, 0x011363},
    {0x011366, 0x01136C}, {0x011370, 0x011374}, {0x011400, 0x011459}, {0x01145B, 0x01145B},
    {0x01145D, 0x01145D}, {0x011480, 0x0114C7}, {0x0114D0, 0x0114D9}, {0x011580, 0x0115B5},
    {0x0115B8, 0x0115DD}, {0x011600, 0x011644}, {0x011650, 0x011659}, {0x011660, 0x01166C},
    {0x011680, 0x0116B7}, {0x0116C0, 0x0116C9}, {0x011700, 0x011719}, {0x01171D, 0x01172B},
    {0x011730, 0x01173F}, {0x0118A0, 0x0118F2}, {0x0118FF, 0x0118FF}, {0x011A00, 0x011A47},
    {0x011A50, 0x011A83}, {0x011A86, 0x011A9C}, {0x011A9E, 0x011AA2}, {0x011AC0, 0x011AF8},
    {0x011C00, 0x011C08}, {0x011C0A, 0x011C36}, {0x011C38, 0x011C45}, {0x011C50, 0x011C6C},
    {0x011C70, 0x011C8F}, {0x011C92, 0x011CA7}, {0x011CA9, 0x011CB6}, {0x011D00, 0x011D06},
    {0x011D08, 0x011D09}, {0x011D0B, 0x011D36}, {0x011D3A, 0x011D3A}, {0x011D3C, 0x011D3D},
    {0x011D3F, 0x011D47}, {0x011D50, 0x011D59}, {0x012000, 0x012399}, {0x012400, 0x01246E},
    {0x012470, 0x012474}, {0x012480, 0x012543}, {0x013000, 0x01342E}, {0x014400, 0x014646},
    {0x016800, 0x016A38}, {0x016A40, 0x016A5E}, {0x016A60, 0x016A69}, {0x016A6E, 0x016A6F},
    {0x016AD0, 0x016AED}, {0x016AF0, 0x016AF5}, {0x016B00, 0x016B45}, {0x016B50, 0x016B59},
    {0x016B5B, 0x016B61}, {0x016B63, 0x016B77}, {0x016B7D, 0x016B8F}, {0x016F00, 0x016F44},
    {0x016F50, 0x016F7E}, {0x016F8F, 0x016F9F}, {0x016FE0, 0x016FE1}, {0x017000, 0x0187EC},
    {0x018800, 0x018AF2}, {0x01B000, 0x01B11E}, {0x01B170, 0x01B2FB}, {0x01BC00, 0x01BC6A},
    {0x01BC70, 0x01BC7C}, {0x01BC80, 0x01BC88}, {0x01BC90, 0x01BC99}, {0x01BC9C, 0x01BCA3},
    {0x01D000, 0x01D0F5}, {0x01D100, 0x01D126}, {0x01D129, 0x01D1E8}, {0x01D200, 0x01D245},
    {0x01D300, 0x01D356}, {0x01D360, 0x01D371}, {0x01D400, 0x01D454}, {0x01D456, 0x01D49C},
    {0x01D49E, 0x01D49F}, {0x01D4A2, 0x01D4A2}, {0x01D4A5, 0x01D4A6}, {0x01D4A9, 0x01D4AC},
    {0x01D4AE, 0x01D4B9}, {0x01D4BB, 0x01D4BB}, {0x01D4BD, 0x01D4C3}, {0x01D4C5, 0x01D505},
    {0x01D507, 0x01D50A}, {0x01D50D, 0x01D514}, {0x01D516, 0x01D51C}, {0x01D51E, 0x01D539},
    {0x01D53B, 0x01D53E}, {0x01D540, 0x01D544}, {0x01D546, 0x01D546}, {0x01D54A, 0x01D550},
    {0x01D552, 0x01D6A5}, {0x01D6A8, 0x01D7CB}, {0x01D7CE, 0x01DA8B}, {0x01DA9B, 0x01DA9F},
    {0x01DAA1, 0x01DAAF}, {0x01E000, 0x01E006}, {0x01E008, 0x01E018}, {0x01E01B, 0x01E021},
    {0x01E023, 0x01E024}, {0x01E026, 0x01E02A}, {0x01E800, 0x01E8C4}, {0x01E8C7, 0x01E8D6},
    {0x01E900, 0x01E94A}, {0x01E950, 0x01E959}, {0x01E95E, 0x01E95F}, {0x01EE00, 0x01EE03},
    {0x01EE05, 0x01EE1F}, {0x01EE21, 0x01EE22}, {0x01EE24, 0x01EE24}, {0x01EE27, 0x01EE27},
    {0x01EE29, 0x01EE32}, {0x01EE34, 0x01EE37}, {0x01EE39, 0x01EE39}, {0x01EE3B, 0x01EE3B},
    {0x01EE42, 0x01EE42}, {0x01EE47, 0x01EE47}, {0x01EE49, 0x01EE49}, {0x01EE4B, 0x01EE4B},
    {0x01EE4D, 0x01EE4F}, {0x01EE51, 0x01EE52}, {0x01EE54, 0x01EE54}, {0x01EE57, 0x01EE57},
    {0x01EE59, 0x01EE59}, {0x01EE5B, 0x01EE5B}, {0x01EE5D, 0x01EE5D}, {0x01EE5F, 0x01EE5F},
    {0x01EE61, 0x01EE62}, {0x01EE64, 0x01EE64}, {0x01EE67, 0x01EE6A}, {0x01EE6C, 0x01EE72},
    {0x01EE74, 0x01EE77}, {0x01EE79, 0x01EE7C}, {0x01EE7E, 0x01EE7E}, {0x01EE80, 0x01EE89},
    {0x01EE8B, 0x01EE9B}, {0x01EEA1, 0x01EEA3}, {0x01EEA5, 0x01EEA9}, {0x01EEAB, 0x01EEBB},
    {0x01EEF0, 0x01EEF1}, {0x01F000, 0x01F02B}, {0x01F030, 0x01F093}, {0x01F0A0, 0x01F0AE},
    {0x01F0B1, 0x01F0BF}, {0x01F0C1, 0x01F0CF}, {0x01F0D1, 0x01F0F5}, {0x01F100, 0x01F10C},
    {0x01F110, 0x01F12E}, {0x01F130, 0x01F16B}, {0x01F170, 0x01F1AC}, {0x01F1E6, 0x01F202},
    {0x01F210, 0x01F23B}, {0x01F240, 0x01F248}, {0x01F250, 0x01F251}, {0x01F260, 0x01F265},
    {0x01F300, 0x01F6D4}, {0x01F6E0, 0x01F6EC}, {0x01F6F0, 0x01F6F8}, {0x01F700, 0x01F773},
    {0x01F780, 0x01F7D4}, {0x01F800, 0x01F80B}, {0x01F810, 0x01F847}, {0x01F850, 0x01F859},
    {0x01F860, 0x01F887}, {0x01F890, 0x01F8AD}, {0x01F900, 0x01F90B}, {0x01F910, 0x01F93E},
    {0x01F940, 0x01F94C}, {0x01F950, 0x01F96B}, {0x01F980, 0x01F997}, {0x01F9C0, 0x01F9C0},
    {0x01F9D0, 0x01F9E6}, {0x01FFFE, 0x02A6D6}, {0x02A700, 0x02B734}, {0x02B740, 0x02B81D},
    {0x02B820, 0x02CEA1}, {0x02CEB0, 0x02EBE0}, {0x02F800, 0x02FA1D}, {0x02FFFE, 0x02FFFF},
    {0x03FFFE, 0x03FFFF}, {0x04FFFE, 0x04FFFF}, {0x05FFFE, 0x05FFFF}, {0x06FFFE, 0x06FFFF},
    {0x07FFFE, 0x07FFFF}, {0x08FFFE, 0x08FFFF}, {0x09FFFE, 0x09FFFF}, {0x0AFFFE, 0x0AFFFF},
    {0x0BFFFE, 0x0BFFFF}, {0x0CFFFE, 0x0CFFFF}, {0x0DFFFE, 0x0DFFFF}, {0x0E0001, 0x0E0001},
    {0x0E0020, 0x0E007F}, {0x0E0100, 0x0E01EF}, {0x0EFFFE, 0x10FFFF}, {0x000000, 0x000377},
    {0x00037A, 0x00037F}, {0x000384, 0x00038A}, {0x00038C, 0x00038C}, {0x00038E, 0x0003A1},
    {0x0003A3, 0x00052F}, {0x000531, 0x000556}, {0x000559, 0x00058A}, {0x00058D, 0x00058F},
    {0x000591, 0x0005C7}, {0x0005D0, 0x0005EA}, {0x0005EF, 0x0005F4}, {0x000600, 0x00061C},
    {0x00061E, 0x00070D}, {0x00070F, 0x00074A}, {0x00074D, 0x0007B1}, {0x0007C0, 0x0007FA},
    {0x0007FD, 0x00082D}, {0x000830, 0x00083E}, {0x000840, 0x00085B}, {0x00085E, 0x00085E},
    {0x000860, 0x00086A}, {0x0008A0, 0x0008B4}, {0x0008B6, 0x0008BD}, {0x0008D3, 0x000983},
    {0x000985, 0x00098C}, {0x00098F, 0x000990}, {0x000993, 0x0009A8}, {0x0009AA, 0x0009B0},
    {0x0009B2, 0x0009B2}, {0x0009B6, 0x0009B9}, {0x0009BC, 0x0009C4}, {0x0009C7, 0x0009C8},
    {0x0009CB, 0x0009CE}, {0x0009D7, 0x0009D7}, {0x0009DC, 0x0009DD}, {0x0009DF, 0x0009E3},
    {0x0009E6, 0x0009FE}, {0x000A01, 0x000A03}, {0x000A05, 0x000A0A}, {0x000A0F, 0x000A10},
    {0x000A13, 0x000A28}, {0x000A2A, 0x000A30}, {0x000A32, 0x000A33}, {0x000A35, 0x000A36},
    {0x000A38, 0x000A39}, {0x000A3C, 0x000A3C}, {0x000A3E, 0x000A42}, {0x000A47, 0x000A48},
    {0x000A4B, 0x000A4D}, {0x000A51, 0x000A51}, {0x000A59, 0x000A5C}, {0x000A5E, 0x000A5E},
    {0x000A66, 0x000A76}, {0x000A81, 0x000A83}, {0x000A85, 0x000A8D}, {0x000A8F, 0x000A91},
    {0x000A93, 0x000AA8}, {0x000AAA, 0x000AB0}, {0x000AB2, 0x000AB3}, {0x000AB5, 0x000AB9},
    {0x000ABC, 0x000AC5}, {0x000AC7, 0x000AC9}, {0x000ACB, 0x000ACD}, {0x000AD0, 0x000AD0},
    {0x000AE0, 0x000AE3}, {0x000AE6, 0x000AF1}, {0x000AF9, 0x000AFF}, {0x000B01, 0x000B03},
    {0x000B05, 0x000B0C}, {0x000B0F, 0x000B10}, {0x000B13, 0x000B28}, {0x000B2A, 0x000B30},
    {0x000B32, 0x000B33}, {0x000B35, 0x000B39}, {0x000B3C, 0x000B44}, {0x000B47, 0x000B48},
    {0x000B4B, 0x000B4D}, {0x000B56, 0x000B57}, {0x000B5C, 0x000B5D}, {0x000B5F, 0x000B63},
    {0x000B66, 0x000B77}, {0x000B82, 0x000B83}, {0x000B85, 0x000B8A}, {0x000B8E, 0x000B90},
    {0x000B92, 0x000B95}, {0x000B99, 0x000B9A}, {0x000B9C, 0x000B9C}, {0x000B9E, 0x000B9F},
    {0x000BA3, 0x000BA4}, {0x000BA8, 0x000BAA}, {0x000BAE, 0x000BB9}, {0x000BBE, 0x000BC2},
    {0x000BC6, 0x000BC8}, {0x000BCA, 0x000BCD}, {0x000BD0, 0x000BD0}, {0x000BD7, 0x000BD7},
    {0x000BE6, 0x000BFA}, {0x000C00, 0x000C0C}, {0x000C0E, 0x000C10}, {0x000C12, 0x000C28},
    {0x000C2A, 0x000C39}, {0x000C3D, 0x000C44}, {0x000C46, 0x000C48}, {0x000C4A, 0x000C4D},
    {0x000C55, 0x000C56}, {0x000C58, 0x000C5A}, {0x000C60, 0x000C63}, {0x000C66, 0x000C6F},
    {0x000C78, 0x000C8C}, {0x000C8E, 0x000C90}, {0x000C92, 0x000CA8}, {0x000CAA, 0x000CB3},
    {0x000CB5, 0x000CB9}, {0x000CBC, 0x000CC4}, {0x000CC6, 0x000CC8}, {0x000CCA, 0x000CCD},
    {0x000CD5, 0x000CD6}, {0x000CDE, 0x000CDE}, {0x000CE0, 0x000CE3}, {0x000CE6, 0x000CEF},
    {0x000CF1, 0x000CF2}, {0x000D00, 0x000D03}, {0x000D05, 0x000D0C}, {0x000D0E, 0x000D10},
    {0x000D12, 0x000D44}, {0x000D46, 0x000D48}, {0x000D4A, 0x000D4F}, {0x000D54, 0x000D63},
    {0x000D66, 0x000D7F}, {0x000D82, 0x000D83}, {0x000D85, 0x000D96}, {0x000D9A, 0x000DB1},
    {0x000DB3, 0x000DBB}, {0x000DBD, 0x000DBD}, {0x000DC0, 0x000DC6}, {0x000DCA, 0x000DCA},
    {0x000DCF, 0x000DD4}, {0x000DD6, 0x000DD6}, {0x000DD8, 0x000DDF}, {0x000DE6, 0x000DEF},
    {0x000DF2, 0x000DF4}, {0x000E01, 0x000E3A}, {0x000E3F, 0x000E5B}, {0x000E81, 0x000E82},
    {0x000E84, 0x000E84}, {0x000E87, 0x000E88}, {0x000E8A, 0x000E8A}, {0x000E8D, 0x000E8D},
    {0x000E94, 0x000E97}, {0x000E99, 0x000E9F}, {0x000EA1, 0x000EA3}, {0x000EA5, 0x000EA5},
    {0x000EA7, 0x000EA7}, {0x000EAA, 0x000EAB}, {0x000EAD, 0x000EB9}, {0x000EBB, 0x000EBD},
    {0x000EC0, 0x000EC4}, {0x000EC6, 0x000EC6}, {0x000EC8, 0x000ECD}, {0x000ED0, 0x000ED9},
    {0x000EDC, 0x000EDF}, {0x000F00, 0x000F47}, {0x000F49, 0x000F6C}, {0x000F71, 0x000F97},
    {0x000F99, 0x000FBC}, {0x000FBE, 0x000FCC}, {0x000FCE, 0x000FDA}, {0x001000, 0x0010C5},
    {0x0010C7, 0x0010C7}, {0x0010CD, 0x0010CD}, {0x0010D0, 0x001248}, {0x00124A, 0x00124D},
    {0x001250, 0x001256}, {0x001258, 0x001258}, {0x00125A, 0x00125D}, {0x001260, 0x001288},
    {0x00128A, 0x00128D}, {0x001290, 0x0012B0}, {0x0012B2, 0x0012B5}, {0x0012B8, 0x0012BE},
    {0x0012C0, 0x0012C0}, {0x0012C2, 0x0012C5}, {0x0012C8, 0x0012D6}, {0x0012D8, 0x001310},
    {0x001312, 0x001315}, {0x001318, 0x00135A}, {0x00135D, 0x00137C}, {0x001380, 0x001399},
    {0x0013A0, 0x0013F5}, {0x0013F8, 0x0013FD}, {0x001400, 0x00169C}, {0x0016A0, 0x0016F8},
    {0x001700, 0x00170C}, {0x00170E, 0x001714}, {0x001720, 0x001736}, {0x001740, 0x001753},
    {0x001760, 0x00176C}, {0x00176E, 0x001770}, {0x001772, 0x001773}, {0x001780, 0x0017DD},
    {0x0017E0, 0x0017E9}, {0x0017F0, 0x0017F9}, {0x001800, 0x00180E}, {0x001810, 0x001819},
    {0x001820, 0x001878}, {0x001880, 0x0018AA}, {0x0018B0, 0x0018F5}, {0x001900, 0x00191E},
    {0x001920, 0x00192B}, {0x001930, 0x00193B}, {0x001940, 0x001940}, {0x001944, 0x00196D},
    {0x001970, 0x001974}, {0x001980, 0x0019AB}, {0x0019B0, 0x0019C9}, {0x0019D0, 0x0019DA},
    {0x0019DE, 0x001A1B}, {0x001A1E, 0x001A5E}, {0x001A60, 0x001A7C}, {0x001A7F, 0x001A89},
    {0x001A90, 0x001A99}, {0x001AA0, 0x001AAD}, {0x001AB0, 0x001ABE}, {0x001B00, 0x001B4B},
    {0x001B50, 0x001B7C}, {0x001B80, 0x001BF3}, {0x001BFC, 0x001C37}, {0x001C3B, 0x001C49},
    {0x001C4D, 0x001C88}, {0x001C90, 0x001CBA}, {0x001CBD, 0x001CC7}, {0x001CD0, 0x001CF9},
    {0x001D00, 0x001DF9}, {0x001DFB, 0x001F15}, {0x001F18, 0x001F1D}, {0x001F20, 0x001F45},
    {0x001F48, 0x001F4D}, {0x001F50, 0x001F57}, {0x001F59, 0x001F59}, {0x001F5B, 0x001F5B},
    {0x001F5D, 0x001F5D}, {0x001F5F, 0x001F7D}, {0x001F80, 0x001FB4}, {0x001FB6, 0x001FC4},
    {0x001FC6, 0x001FD3}, {0x001FD6, 0x001FDB}, {0x001FDD, 0x001FEF}, {0x001FF2, 0x001FF4},
    {0x001FF6, 0x001FFE}, {0x002000, 0x002064}, {0x002066, 0x002071}, {0x002074, 0x00208E},
    {0x002090, 0x00209C}, {0x0020A0, 0x0020BF}, {0x0020D0, 0x0020F0}, {0x002100, 0x00218B},
    {0x002190, 0x002426}, {0x002440, 0x00244A}, {0x002460, 0x002B73}, {0x002B76, 0x002B95},
    {0x002B98, 0x002BC8}, {0x002BCA, 0x002BFE}, {0x002C00, 0x002C2E}, {0x002C30, 0x002C5E},
    {0x002C60, 0x002CF3}, {0x002CF9, 0x002D25}, {0x002D27, 0x002D27}, {0x002D2D, 0x002D2D},
    {0x002D30, 0x002D67}, {0x002D6F, 0x002D70}, {0x002D7F, 0x002D96}, {0x002DA0, 0x002DA6},
    {0x002DA8, 0x002DAE}, {0x002DB0, 0x002DB6}, {0x002DB8, 0x002DBE}, {0x002DC0, 0x002DC6},
    {0x002DC8, 0x002DCE}, {0x002DD0, 0x002DD6}, {0x002DD8, 0x002DDE}, {0x002DE0, 0x002E4E},
    {0x002E80, 0x002E99}, {0x002E9B, 0x002EF3}, {0x002F00, 0x002FD5}, {0x002FF0, 0x002FFB},
    {0x003000, 0x00303F}, {0x003041, 0x003096}, {0x003099, 0x0030FF}, {0x003105, 0x00312F},
    {0x003131, 0x00318E}, {0x003190, 0x0031BA}, {0x0031C0, 0x0031E3}, {0x0031F0, 0x00321E},
    {0x003220, 0x0032FE}, {0x003300, 0x004DB5}, {0x004DC0, 0x009FEF}, {0x00A000, 0x00A48C},
    {0x00A490, 0x00A4C6}, {0x00A4D0, 0x00A62B}, {0x00A640, 0x00A6F7}, {0x00A700, 0x00A7B9},
    {0x00A7F7, 0x00A82B}, {0x00A830, 0x00A839}, {0x00A840, 0x00A877}, {0x00A880, 0x00A8C5},
    {0x00A8CE, 0x00A8D9}, {0x00A8E0, 0x00A953}, {0x00A95F, 0x00A97C}, {0x00A980, 0x00A9CD},
    {0x00A9CF, 0x00A9D9}, {0x00A9DE, 0x00A9FE}, {0x00AA00, 0x00AA36}, {0x00AA40, 0x00AA4D},
    {0x00AA50, 0x00AA59}, {0x00AA5C, 0x00AAC2}, {0x00AADB, 0x00AAF6}, {0x00AB01, 0x00AB06},
    {0x00AB09, 0x00AB0E}, {0x00AB11, 0x00AB16}, {0x00AB20, 0x00AB26}, {0x00AB28, 0x00AB2E},
    {0x00AB30, 0x00AB65}, {0x00AB70, 0x00ABED}, {0x00ABF0, 0x00ABF9}, {0x00AC00, 0x00D7A3},
    {0x00D7B0, 0x00D7C6}, {0x00D7CB, 0x00D7FB}, {0x00E000, 0x00FA6D}, {0x00FA70, 0x00FAD9},
    {0x00FB00, 0x00FB06}, {0x00FB13, 0x00FB17}, {0x00FB1D, 0x00FB36}, {0x00FB38, 0x00FB3C},
    {0x00FB3E, 0x00FB3E}, {0x00FB40, 0x00FB41}, {0x00FB43, 0x00FB44}, {0x00FB46, 0x00FBC1},
    {0x00FBD3, 0x00FD3F}, {0x00FD50, 0x00FD8F}, {0x00FD92, 0x00FDC7}, {0x00FDD0, 0x00FDFD},
    {0x00FE00, 0x00FE19}, {0x00FE20, 0x00FE52}, {0x00FE54, 0x00FE66}, {0x00FE68, 0x00FE6B},
    {0x00FE70, 0x00FE74}, {0x00FE76, 0x00FEFC}, {0x00FEFF, 0x00FEFF}, {0x00FF01, 0x00FFBE},
    {0x00FFC2, 0x00FFC7}, {0x00FFCA, 0x00FFCF}, {0x00FFD2, 0x00FFD7}, {0x00FFDA, 0x00FFDC},
    {0x00FFE0, 0x00FFE6}, {0x00FFE8, 0x00FFEE}, {0x00FFF9, 0x01000B}, {0x01000D, 0x010026},
    {0x010028, 0x01003A}, {0x01003C, 0x01003D}, {0x01003F, 0x01004D}, {0x010050, 0x01005D},
    {0x010080, 0x0100FA}, {0x010100, 0x010102}, {0x010107, 0x010133}, {0x010137, 0x01018E},
    {0x010190, 0x01019B}, {0x0101A0, 0x0101A0}, {0x0101D0, 0x0101FD}, {0x010280, 0x01029C},
    {0x0102A0, 0x0102D0}, {0x0102E0, 0x0102FB}, {0x010300, 0x010323}, {0x01032D, 0x01034A},
    {0x010350, 0x01037A}, {0x010380, 0x01039D}, {0x01039F, 0x0103C3}, {0x0103C8, 0x0103D5},
    {0x010400, 0x01049D}, {0x0104A0, 0x0104A9}, {0x0104B0, 0x0104D3}, {0x0104D8, 0x0104FB},
    {0x010500, 0x010527}, {0x010530, 0x010563}, {0x01056F, 0x01056F}, {0x010600, 0x010736},
    {0x010740, 0x010755}, {0x010760, 0x010767}, {0x010800, 0x010805}, {0x010808, 0x010808},
    {0x01080A, 0x010835}, {0x010837, 0x010838}, {0x01083C, 0x01083C}, {0x01083F, 0x010855},
    {0x010857, 0x01089E}, {0x0108A7, 0x0108AF}, {0x0108E0, 0x0108F2}, {0x0108F4, 0x0108F5},
    {0x0108FB, 0x01091B}, {0x01091F, 0x010939}, {0x01093F, 0x01093F}, {0x010980, 0x0109B7},
    {0x0109BC, 0x0109CF}, {0x0109D2, 0x010A03}, {0x010A05, 0x010A06}, {0x010A0C, 0x010A13},
    {0x010A15, 0x010A17}, {0x010A19, 0x010A35}, {0x010A38, 0x010A3A}, {0x010A3F, 0x010A48},
    {0x010A50, 0x010A58}, {0x010A60, 0x010A9F}, {0x010AC0, 0x010AE6}, {0x010AEB, 0x010AF6},
    {0x010B00, 0x010B35}, {0x010B39, 0x010B55}, {0x010B58, 0x010B72}, {0x010B78, 0x010B91},
    {0x010B99, 0x010B9C}, {0x010BA9, 0x010BAF}, {0x010C00, 0x010C48}, {0x010C80, 0x010CB2},
    {0x010CC0, 0x010CF2}, {0x010CFA, 0x010D27}, {0x010D30, 0x010D39}, {0x010E60, 0x010E7E},
    {0x010F00, 0x010F27}, {0x010F30, 0x010F59}, {0x011000, 0x01104D}, {0x011052, 0x01106F},
    {0x01107F, 0x0110C1}, {0x0110CD, 0x0110CD}, {0x0110D0, 0x0110E8}, {0x0110F0, 0x0110F9},
    {0x011100, 0x011134}, {0x011136, 0x011146}, {0x011150, 0x011176}, {0x011180, 0x0111CD},
    {0x0111D0, 0x0111DF}, {0x0111E1, 0x0111F4}, {0x011200, 0x011211}, {0x011213, 0x01123E},
    {0x011280, 0x011286}, {0x011288, 0x011288}, {0x01128A, 0x01128D}, {0x01128F, 0x01129D},
    {0x01129F, 0x0112A9}, {0x0112B0, 0x0112EA}, {0x0112F0, 0x0112F9}, {0x011300, 0x011303},
    {0x011305, 0x01130C}, {0x01130F, 0x011310}, {0x011313, 0x011328}, {0x01132A, 0x011330},
    {0x011332, 0x011333}, {0x011335, 0x011339}, {0x01133B, 0x011344}, {0x011347, 0x011348},
    {0x01134B, 0x01134D}, {0x011350, 0x011350}, {0x011357, 0x011357}, {0x01135D, 0x011363},
    {0x011366, 0x01136C}, {0x011370, 0x011374}, {0x011400, 0x011459}, {0x01145B, 0x01145B},
    {0x01145D, 0x01145E}, {0x011480, 0x0114C7}, {0x0114D0, 0x0114D9}, {0x011580, 0x0115B5},
    {0x0115B8, 0x0115DD}, {0x011600, 0x011644}, {0x011650, 0x011659}, {0x011660, 0x01166C},
    {0x011680, 0x0116B7}, {0x0116C0, 0x0116C9}, {0x011700, 0x01171A}, {0x01171D, 0x01172B},
    {0x011730, 0x01173F}, {0x011800, 0x01183B}, {0x0118A0, 0x0118F2}, {0x0118FF, 0x0118FF},
    {0x011A00, 0x011A47}, {0x011A50, 0x011A83}, {0x011A86, 0x011AA2}, {0x011AC0, 0x011AF8},
    {0x011C00, 0x011C08}, {0x011C0A, 0x011C36}, {0x011C38, 0x011C45}, {0x011C50, 0x011C6C},
    {0x011C70, 0x011C8F}, {0x011C92, 0x011CA7}, {0x011CA9, 0x011CB6}, {0x011D00, 0x011D06},
    {0x011D08, 0x011D09}, {0x011D0B, 0x011D36}, {0x011D3A, 0x011D3A}, {0x011D3C, 0x011D3D},
    {0x011D3F, 0x011D47}, {0x011D50, 0x011D59}, {0x011D60, 0x011D65}, {0x011D67, 0x011D68},
    {0x011D6A, 0x011D8E}, {0x011D90, 0x011D91}, {0x011D93, 0x011D98}, {0x011DA0, 0x011DA9},
    {0x011EE0, 0x011EF8}, {0x012000, 0x012399}, {0x012400, 0x01246E}, {0x012470, 0x012474},
    {0x012480, 0x012543}, {0x013000, 0x01342E}, {0x014400, 0x014646}, {0x016800, 0x016A38},
    {0x016A40, 0x016A5E}, {0x016A60, 0x016A69}, {0x016A6E, 0x016A6F}, {0x016AD0, 0x016AED},
    {0x016AF0, 0x016AF5}, {0x016B00, 0x016B45}, {0x016B50, 0x016B59}, {0x016B5B, 0x016B61},
    {0x016B63, 0x016B77}, {0x016B7D, 0x016B8F}, {0x016E40, 0x016E9A}, {0x016F00, 0x016F44},
    {0x016F50, 0x016F7E}, {0x016F8F, 0x016F9F}, {0x016FE0, 0x016FE1}, {0x017000, 0x0187F1},
    {0x018800, 0x018AF2}, {0x01B000, 0x01B11E}, {0x01B170, 0x01B2FB}, {0x01BC00, 0x01BC6A},
    {0x01BC70, 0x01BC7C}, {0x01BC80, 0x01BC88}, {0x01BC90, 0x01BC99}, {0x01BC9C, 0x01BCA3},
    {0x01D000, 0x01D0F5}, {0x01D100, 0x01D126}, {0x01D129, 0x01D1E8}, {0x01D200, 0x01D245},
    {0x01D2E0, 0x01D2F3}, {0x01D300, 0x01D356}, {0x01D360, 0x01D378}, {0x01D400, 0x01D454},
    {0x01D456, 0x01D49C}, {0x01D49E, 0x01D49F}, {0x01D4A2, 0x01D4A2}, {0x01D4A5, 0x01D4A6},
    {0x01D4A9, 0x01D4AC}, {0x01D4AE, 0x01D4B9}, {0x01D4BB, 0x01D4BB}, {0x01D4BD, 0x01D4C3},
    {0x01D4C5, 0x01D505}, {0x01D507, 0x01D50A}, {0x01D50D, 0x01D514}, {0x01D516, 0x01D51C},
    {0x01D51E, 0x01D539}, {0x01D53B, 0x01D53E}, {0x01D540, 0x01D544}, {0x01D546, 0x01D546},
    {0x01D54A, 0x01D550}, {0x01D552, 0x01D6A5}, {0x01D6A8, 0x01D7CB}, {0x01D7CE, 0x01DA8B},
    {0x01DA9B, 0x01DA9F}, {0x01DAA1, 0x01DAAF}, {0x01E000, 0x01E006}, {0x01E008, 0x01E018},
    {0x01E01B, 0x01E021}, {0x01E023, 0x01E024}, {0x01E026, 0x01E02A}, {0x01E800, 0x01E8C4},
    {0x01E8C7, 0x01E8D6}, {0x01E900, 0x01E94A}, {0x01E950, 0x01E959}, {0x01E95E, 0x01E95F},
    {0x01EC71, 0x01ECB4}, {0x01EE00, 0x01EE03}, {0x01EE05, 0x01EE1F}, {0x01EE21, 0x01EE22},
    {0x01EE24, 0x01EE24}, {0x01EE27, 0x01EE27}, {0x01EE29, 0x01EE32}, {0x01EE34, 0x01EE37},
    {0x01EE39, 0x01EE39}, {0x01EE3B, 0x01EE3B}, {0x01EE42, 0x01EE42}, {0x01EE47, 0x01EE47},
    {0x01EE49, 0x01EE49}, {0x01EE4B, 0x01EE4B}, {0x01EE4D, 0x01EE4F}, {0x01EE51, 0x01EE52},
    {0x01EE54, 0x01EE54}, {0x01EE57, 0x01EE57}, {0x01EE59, 0x01EE59}, {0x01EE5B, 0x01EE5B},
    {0x01EE5D, 0x01EE5D}, {0x01EE5F, 0x01EE5F}, {0x01EE61, 0x01EE62}, {0x01EE64, 0x01EE64},
    {0x01EE67, 0x01EE6A}, {0x01EE6C, 0x01EE72}, {0x01EE74, 0x01EE77}, {0x01EE79, 0x01EE7C},
    {0x01EE7E, 0x01EE7E}, {0x01EE80, 0x01EE89}, {0x01EE8B, 0x01EE9B}, {0x01EEA1, 0x01EEA3},
    {0x01EEA5, 0x01EEA9}, {0x01EEAB, 0x01EEBB}, {0x01EEF0, 0x01EEF1}, {0x01F000, 0x01F02B},
    {0x01F030, 0x01F093}, {0x01F0A0, 0x01F0AE}, {0x01F0B1, 0x01F0BF}, {0x01F0C1, 0x01F0CF},
    {0x01F0D1, 0x01F0F5}, {0x01F100, 0x01F10C}, {0x01F110, 0x01F16B}, {0x01F170, 0x01F1AC},
    {0x01F1E6, 0x01F202}, {0x01F210, 0x01F23B}, {0x01F240, 0x01F248}, {0x01F250, 0x01F251},
    {0x01F260, 0x01F265}, {0x01F300, 0x01F6D4}, {0x01F6E0, 0x01F6EC}, {0x01F6F0, 0x01F6F9},
    {0x01F700, 0x01F773}, {0x01F780, 0x01F7D8}, {0x01F800, 0x01F80B}, {0x01F810, 0x01F847},
    {0x01F850, 0x01F859}, {0x01F860, 0x01F887}, {0x01F890, 0x01F8AD}, {0x01F900, 0x01F90B},
    {0x01F910, 0x01F93E}, {0x01F940, 0x01F970}, {0x01F973, 0x01F976}, {0x01F97A, 0x01F97A},
    {0x01F97C, 0x01F9A2}, {0x01F9B0, 0x01F9B9}, {0x01F9C0, 0x01F9C2}, {0x01F9D0, 0x01F9FF},
    {0x01FA60, 0x01FA6D}, {0x01FFFE, 0x02A6D6}, {0x02A700, 0x02B734}, {0x02B740, 0x02B81D},
    {0x02B820, 0x02CEA1}, {0x02CEB0, 0x02EBE0}, {0x02F800, 0x02FA1D}, {0x02FFFE, 0x02FFFF},
    {0x03FFFE, 0x03FFFF}, {0x04FFFE, 0x04FFFF}, {0x05FFFE, 0x05FFFF}, {0x06FFFE, 0x06FFFF},
    {0x07FFFE, 0x07FFFF}, {0x08FFFE, 0x08FFFF}, {0x09FFFE, 0x09FFFF}, {0x0AFFFE, 0x0AFFFF},
    {0x0BFFFE, 0x0BFFFF}, {0x0CFFFE, 0x0CFFFF}, {0x0DFFFE, 0x0DFFFF}, {0x0E0001, 0x0E0001},
    {0x0E0020, 0x0E007F}, {0x0E0100, 0x0E01EF}, {0x0EFFFE, 0x10FFFF}, {0x000000, 0x000377},
    {0x00037A, 0x00037F}, {0x000384, 0x00038A}, {0x00038C, 0x00038C}, {0x00038E, 0x0003A1},
    {0x0003A3, 0x00052F}, {0x000531, 0x000556}, {0x000559, 0x00058A}, {0x00058D, 0x00058F},
    {0x000591, 0x0005C7}, {0x0005D0, 0x0005EA}, {0x0005EF, 0x0005F4}, {0x000600, 0x00061C},
    {0x00061E, 0x00070D}, {0x00070F, 0x00074A}, {0x00074D, 0x0007B1}, {0x0007C0, 0x0007FA},
    {0x0007FD, 0x00082D}, {0x000830, 0x00083E}, {0x000840, 0x00085B}, {0x00085E, 0x00085E},
    {0x000860, 0x00086A}, {0x0008A0, 0x0008B4}, {0x0008B6, 0x0008BD}, {0x0008D3, 0x000983},
    {0x000985, 0x00098C}, {0x00098F, 0x000990}, {0x000993, 0x0009A8}, {0x0009AA, 0x0009B0},
    {0x0009B2, 0x0009B2}, {0x0009B6, 0x0009B9}, {0x0009BC, 0x0009C4}, {0x0009C7, 0x0009C8},
    {0x0009CB, 0x0009CE}, {0x0009D7, 0x0009D7}, {0x0009DC, 0x0009DD}, {0x0009DF, 0x0009E3},
    {0x0009E6, 0x0009FE}, {0x000A01, 0x000A03}, {0x000A05, 0x000A0A}, {0x000A0F, 0x000A10},
    {0x000A13, 0x000A28}, {0x000A2A, 0x000A30}, {0x000A32, 0x000A33}, {0x000A35, 0x000A36},
    {0x000A38, 0x000A39}, {0x000A3C, 0x000A3C}, {0x000A3E, 0x000A42}, {0x000A47, 0x000A48},
    {0x000A4B, 0x000A4D}, {0x000A51, 0x000A51}, {0x000A59, 0x000A5C}, {0x000A5E, 0x000A5E},
    {0x000A66, 0x000A76}, {0x000A81, 0x000A83}, {0x000A85, 0x000A8D}, {0x000A8F, 0x000A91},
    {0x000A93, 0x000AA8}, {0x000AAA, 0x000AB0}, {0x000AB2, 0x000AB3}, {0x000AB5, 0x000AB9},
    {0x000ABC, 0x000AC5}, {0x000AC7, 0x000AC9}, {0x000ACB, 0x000ACD}, {0x000AD0, 0x000AD0},
    {0x000AE0, 0x000AE3}, {0x000AE6, 0x000AF1}, {0x000AF9, 0x000AFF}, {0x000B01, 0x000B03},
    {0x000B05, 0x000B0C}, {0x000B0F, 0x000B10}, {0x000B13, 0x000B28}, {0x000B2A, 0x000B30},
    {0x000B32, 0x000B33}, {0x000B35, 0x000B39}, {0x000B3C, 0x000B44}, {0x000B47, 0x000B48},
    {0x000B4B, 0x000B4D}, {0x000B56, 0x000B57}, {0x000B5C, 0x000B5D}, {0x000B5F, 0x000B63},
    {0x000B66, 0x000B77}, {0x000B82, 0x000B83}, {0x000B85, 0x000B8A}, {0x000B8E, 0x000B90},
    {0x000B92, 0x000B95}, {0x000B99, 0x000B9A}, {0x000B9C, 0x000B9C}, {0x000B9E, 0x000B9F},
    {0x000BA3, 0x000BA4}, {0x000BA8, 0x000BAA}, {0x000BAE, 0x000BB9}, {0x000BBE, 0x000BC2},
    {0x000BC6, 0x000BC8}, {0x000BCA, 0x000BCD}, {0x000BD0, 0x000BD0}, {0x000BD7, 0x000BD7},
    {0x000BE6, 0x000BFA}, {0x000C00, 0x000C0C}, {0x000C0E, 0x000C10}, {0x000C12, 0x000C28},
    {0x000C2A, 0x000C39}, {0x000C3D, 0x000C44}, {0x000C46, 0x000C48}, {0x000C4A, 0x000C4D},
    {0x000C55, 0x000C56}, {0x000C58, 0x000C5A}, {0x000C60, 0x000C63}, {0x000C66, 0x000C6F},
    {0x000C77, 0x000C8C}, {0x000C8E, 0x000C90}, {0x000C92, 0x000CA8}, {0x000CAA, 0x000CB3},
    {0x000CB5, 0x000CB9}, {0x000CBC, 0x000CC4}, {0x000CC6, 0x000CC8}, {0x000CCA, 0x000CCD},
    {0x000CD5, 0x000CD6}, {0x000CDE, 0x000CDE}, {0x000CE0, 0x000CE3}, {0x000CE6, 0x000CEF},
    {0x000CF1, 0x000CF2}, {0x000D00, 0x000D03}, {0x000D05, 0x000D0C}, {0x000D0E, 0x000D10},
    {0x000D12, 0x000D44}, {0x000D46, 0x000D48}, {0x000D4A, 0x000D4F}, {0x000D54, 0x000D63},
    {0x000D66, 0x000D7F}, {0x000D82, 0x000D83}, {0x000D85, 0x000D96}, {0x000D9A, 0x000DB1},
    {0x000DB3, 0x000DBB}, {0x000DBD, 0x000DBD}, {0x000DC0, 0x000DC6}, {0x000DCA, 0x000DCA},
    {0x000DCF, 0x000DD4}, {0x000DD6, 0x000DD6}, {0x000DD8, 0x000DDF}, {0x000DE6, 0x000DEF},
    {0x000DF2, 0x000DF4}, {0x000E01, 0x000E3A}, {0x000E3F, 0x000E5B}, {0x000E81, 0x000E82},
    {0x000E84, 0x000E84}, {0x000E86, 0x000E8A}, {0x000E8C, 0x000EA3}, {0x000EA5, 0x000EA5},
    {0x000EA7, 0x000EBD}, {0x000EC0, 0x000EC4}, {0x000EC6, 0x000EC6}, {0x000EC8, 0x000ECD},
    {0x000ED0, 0x000ED9}, {0x000EDC, 0x000EDF}, {0x000F00, 0x000F47}, {0x000F49, 0x000F6C},
    {0x000F71, 0x000F97}, {0x000F99, 0x000FBC}, {0x000FBE, 0x000FCC}, {0x000FCE, 0x000FDA},
    {0x001000, 0x0010C5}, {0x0010C7, 0x0010C7}, {0x0010CD, 0x0010CD}, {0x0010D0, 0x001248},
    {0x00124A, 0x00124D}, {0x001250, 0x001256}, {0x001258, 0x001258}, {0x00125A, 0x00125D},
    {0x001260, 0x001288}, {0x00128A, 0x00128D}, {0x001290, 0x0012B0}, {0x0012B2, 0x0012B5},
    {0x0012B8, 0x0012BE}, {0x0012C0, 0x0012C0}, {0x0012C2, 0x0012C5}, {0x0012C8, 0x0012D6},
    {0x0012D8, 0x001310}, {0x001312, 0x001315}, {0x001318, 0x00135A}, {0x00135D, 0x00137C},
    {0x001380, 0x001399}, {0x0013A0, 0x0013F5}, {0x0013F8, 0x0013FD}, {0x001400, 0x00169C},
    {0x0016A0, 0x0016F8}, {0x001700, 0x00170C}, {0x00170E, 0x001714}, {0x001720, 0x001736},
    {0x001740, 0x001753}, {0x001760, 0x00176C}, {0x00176E, 0x001770}, {0x001772, 0x001773},
    {0x001780, 0x0017DD}, {0x0017E0, 0x0017E9}, {0x0017F0, 0x0017F9}, {0x001800, 0x00180E},
    {0x001810, 0x001819}, {0x001820, 0x001878}, {0x001880, 0x0018AA}, {0x0018B0, 0x0018F5},
    {0x001900, 0x00191E}, {0x001920, 0x00192B}, {0x001930, 0x00193B}, {0x001940, 0x001940},
    {0x001944, 0x00196D}, {0x001970, 0x001974}, {0x001980, 0x0019AB}, {0x0019B0, 0x0019C9},
    {0x0019D0, 0x0019DA}, {0x0019DE, 0x001A1B}, {0x001A1E, 0x001A5E}, {0x001A60, 0x001A7C},
    {0x001A7F, 0x001A89}, {0x001A90, 0x001A99}, {0x001AA0, 0x001AAD}, {0x001AB0, 0x001ABE},
    {0x001B00, 0x001B4B}, {0x001B50, 0x001B7C}, {0x001B80, 0x001BF3}, {0x001BFC, 0x001C37},
    {0x001C3B, 0x001C49}, {0x001C4D, 0x001C88}, {0x001C90, 0x001CBA}, {0x001CBD, 0x001CC7},
    {0x001CD0, 0x001CFA}, {0x001D00, 0x001DF9}, {0x001DFB, 0x001F15}, {0x001F18, 0x001F1D},
    {0x001F20, 0x001F45}, {0x001F48, 0x001F4D}, {0x001F50, 0x001F57}, {0x001F59, 0x001F59},
    {0x001F5B, 0x001F5B}, {0x001F5D, 0x001F5D}, {0x001F5F, 0x001F7D}, {0x001F80, 0x001FB4},
    {0x001FB6, 0x001FC4}, {0x001FC6, 0x001FD3}, {0x001FD6, 0x001FDB}, {0x001FDD, 0x001FEF},
    {0x001FF2, 0x001FF4}, {0x001FF6, 0x001FFE}, {0x002000, 0x002064}, {0x002066, 0x002071},
    {0x002074, 0x00208E}, {0x002090, 0x00209C}, {0x0020A0, 0x0020BF}, {0x0020D0, 0x0020F0},
    {0x002100, 0x00218B}, {0x002190, 0x002426}, {0x002440, 0x00244A}, {0x002460, 0x002B73},
    {0x002B76, 0x002B95}, {0x002B98, 0x002C2E}, {0x002C30, 0x002C5E}, {0x002C60, 0x002CF3},
    {0x002CF9, 0x002D25}, {0x002D27, 0x002D27}, {0x002D2D, 0x002D2D}, {0x002D30, 0x002D67},
    {0x002D6F, 0x002D70}, {0x002D7F, 0x002D96}, {0x002DA0, 0x002DA6}, {0x002DA8, 0x002DAE},
    {0x002DB0, 0x002DB6}, {0x002DB8, 0x002DBE}, {0x002DC0, 0x002DC6}, {0x002DC8, 0x002DCE},
    {0x002DD0, 0x002DD6}, {0x002DD8, 0x002DDE}, {0x002DE0, 0x002E4F}, {0x002E80, 0x002E99},
    {0x002E9B, 0x002EF3}, {0x002F00, 0x002FD5}, {0x002FF0, 0x002FFB}, {0x003000, 0x00303F},
    {0x003041, 0x003096}, {0x003099, 0x0030FF}, {0x003105, 0x00312F}, {0x003131, 0x00318E},
    {0x003190, 0x0031BA}, {0x0031C0, 0x0031E3}, {0x0031F0, 0x00321E}, {0x003220, 0x0032FE},
    {0x003300, 0x004DB5}, {0x004DC0, 0x009FEF}, {0x00A000, 0x00A48C}, {0x00A490, 0x00A4C6},
    {0x00A4D0, 0x00A62B}, {0x00A640, 0x00A6F7}, {0x00A700, 0x00A7BF}, {0x00A7C2, 0x00A7C6},
    {0x00A7F7, 0x00A82B}, {0x00A830, 0x00A839}, {0x00A840, 0x00A877}, {0x00A880, 0x00A8C5},
    {0x00A8CE, 0x00A8D9}, {0x00A8E0, 0x00A953}, {0x00A95F, 0x00A97C}, {0x00A980, 0x00A9CD},
    {0x00A9CF, 0x00A9D9}, {0x00A9DE, 0x00A9FE}, {0x00AA00, 0x00AA36}, {0x00AA40, 0x00AA4D},
    {0x00AA50, 0x00AA59}, {0x00AA5C, 0x00AAC2}, {0x00AADB, 0x00AAF6}, {0x00AB01, 0x00AB06},
    {0x00AB09, 0x00AB0E}, {0x00AB11, 0x00AB16}, {0x00AB20, 0x00AB26}, {0x00AB28, 0x00AB2E},
    {0x00AB30, 0x00AB67}, {0x00AB70, 0x00ABED}, {0x00ABF0, 0x00ABF9}, {0x00AC00, 0x00D7A3},
    {0x00D7B0, 0x00D7C6}, {0x00D7CB, 0x00D7FB}, {0x00E000, 0x00FA6D}, {0x00FA70, 0x00FAD9},
    {0x00FB00, 0x00FB06}, {0x00FB13, 0x00FB17}, {0x00FB1D, 0x00FB36}, {0x00FB38, 0x00FB3C},
    {0x00FB3E, 0x00FB3E}, {0x00FB40, 0x00FB41}, {0x00FB43, 0x00FB44}, {0x00FB46, 0x00FBC1},
    {0x00FBD3, 0x00FD3F}, {0x00FD50, 0x00FD8F}, {0x00FD92, 0x00FDC7}, {0x00FDD0, 0x00FDFD},
    {0x00FE00, 0x00FE19}, {0x00FE20, 0x00FE52}, {0x00FE54, 0x00FE66}, {0x00FE68, 0x00FE6B},
    {0x00FE70, 0x00FE74}, {0x00FE76, 0x00FEFC}, {0x00FEFF, 0x00FEFF}, {0x00FF01, 0x00FFBE},
    {0x00FFC2, 0x00FFC7}, {0x00FFCA, 0x00FFCF}, {0x00FFD2, 0x00FFD7}, {0x00FFDA, 0x00FFDC},
    {0x00FFE0, 0x00FFE6}, {0x00FFE8, 0x00FFEE}, {0x00FFF9, 0x01000B}, {0x01000D, 0x010026},
    {0x010028, 0x01003A}, {0x01003C, 0x01003D}, {0x01003F, 0x01004D}, {0x010050, 0x01005D},
    {0x010080, 0x0100FA}, {0x010100, 0x010102}, {0x010107, 0x010133}, {0x010137, 0x01018E},
    {0x010190, 0x01019B}, {0x0101A0, 0x0101A0}, {0x0101D0, 0x0101FD}, {0x010280, 0x01029C},
    {0x0102A0, 0x0102D0}, {0x0102E0, 0x0102FB}, {0x010300, 0x010323}, {0x01032D, 0x01034A},
    {0x010350, 0x01037A}, {0x010380, 0x01039D}, {0x01039F, 0x0103C3}, {0x0103C8, 0x0103D5},
    {0x010400, 0x01049D}, {0x0104A0, 0x0104A9}, {0x0104B0, 0x0104D3}, {0x0104D8, 0x0104FB},
    {0x010500, 0x010527}, {0x010530, 0x010563}, {0x01056F, 0x01056F}, {0x010600, 0x010736},
    {0x010740, 0x010755}, {0x010760, 0x010767}, {0x010800, 0x010805}, {0x010808, 0x010808},
    {0x01080A, 0x010835}, {0x010837, 0x010838}, {0x01083C, 0x01083C}, {0x01083F, 0x010855},
    {0x010857, 0x01089E}, {0x0108A7, 0x0108AF}, {0x0108E0, 0x0108F2}, {0x0108F4, 0x0108F5},
    {0x0108FB, 0x01091B}, {0x01091F, 0x010939}, {0x01093F, 0x01093F}, {0x010980, 0x0109B7},
    {0x0109BC, 0x0109CF}, {0x0109D2, 0x010A03}, {0x010A05, 0x010A06}, {0x010A0C, 0x010A13},
    {0x010A15, 0x010A17}, {0x010A19, 0x010A35}, {0x010A38, 0x010A3A}, {0x010A3F, 0x010A48},
    {0x010A50, 0x010A58}, {0x010A60, 0x010A9F}, {0x010AC0, 0x010AE6}, {0x010AEB, 0x010AF6},
    {0x010B00, 0x010B35}, {0x010B39, 0x010B55}, {0x010B58, 0x010B72}, {0x010B78, 0x010B91},
    {0x010B99, 0x010B9C}, {0x010BA9, 0x010BAF}, {0x010C00, 0x010C48}, {0x010C80, 0x010CB2},
    {0x010CC0, 0x010CF2}, {0x010CFA, 0x010D27}, {0x010D30, 0x010D39}, {0x010E60, 0x010E7E},
    {0x010F00, 0x010F27}, {0x010F30, 0x010F59}, {0x010FE0, 0x010FF6}, {0x011000, 0x01104D},
    {0x011052, 0x01106F}, {0x01107F, 0x0110C1}, {0x0110CD, 0x0110CD}, {0x0110D0, 0x0110E8},
    {0x0110F0, 0x0110F9}, {0x011100, 0x011134}, {0x011136, 0x011146}, {0x011150, 0x011176},
    {0x011180, 0x0111CD}, {0x0111D0, 0x0111DF}, {0x0111E1, 0x0111F4}, {0x011200, 0x011211},
    {0x011213, 0x01123E}, {0x011280, 0x011286}, {0x011288, 0x011288}, {0x01128A, 0x01128D},
    {0x01128F, 0x01129D}, {0x01129F, 0x0112A9}, {0x0112B0, 0x0112EA}, {0x0112F0, 0x0112F9},
    {0x011300, 0x011303}, {0x011305, 0x01130C}, {0x01130F, 0x011310}, {0x011313, 0x011328},
    {0x01132A, 0x011330}, {0x011332, 0x011333}, {0x011335, 0x011339}, {0x01133B, 0x011344},
    {0x011347, 0x011348}, {0x01134B, 0x01134D}, {0x011350, 0x011350}, {0x011357, 0x011357},
    {0x01135D, 0x011363}, {0x011366, 0x01136C}, {0x011370, 0x011374}, {0x011400, 0x011459},
    {0x01145B, 0x01145B}, {0x01145D, 0x01145F}, {0x011480, 0x0114C7}, {0x0114D0, 0x0114D9},
    {0x011580, 0x0115B5}, {0x0115B8, 0x0115DD}, {0x011600, 0x011644}, {0x011650, 0x011659},
    {0x011660, 0x01166C}, {0x011680, 0x0116B8}, {0x0116C0, 0x0116C9}, {0x011700, 0x01171A},
    {0x01171D, 0x01172B}, {0x011730, 0x01173F}, {0x011800, 0x01183B}, {0x0118A0, 0x0118F2},
    {0x0118FF, 0x0118FF}, {0x0119A0, 0x0119A7}, {0x0119AA, 0x0119D7}, {0x0119DA, 0x0119E4},
    {0x011A00, 0x011A47}, {0x011A50, 0x011AA2}, {0x011AC0, 0x011AF8}, {0x011C00, 0x011C08},
    {0x011C0A, 0x011C36}, {0x011C38, 0x011C45}, {0x011C50, 0x011C6C}, {0x011C70, 0x011C8F},
    {0x011C92, 0x011CA7}, {0x011CA9, 0x011CB6}, {0x011D00, 0x011D06}, {0x011D08, 0x011D09},
    {0x011D0B, 0x011D36}, {0x011D3A, 0x011D3A}, {0x011D3C, 0x011D3D}, {0x011D3F, 0x011D47},
    {0x011D50, 0x011D59}, {0x011D60, 0x011D65}, {0x011D67, 0x011D68}, {0x011D6A, 0x011D8E},
    {0x011D90, 0x011D91}, {0x011D93, 0x011D98}, {0x011DA0, 0x011DA9}, {0x011EE0, 0x011EF8},
    {0x011FC0, 0x011FF1}, {0x011FFF, 0x012399}, {0x012400, 0x01246E}, {0x012470, 0x012474},
    {0x012480, 0x012543}, {0x013000, 0x01342E}, {0x013430, 0x013438}, {0x014400, 0x014646},
    {0x016800, 0x016A38}, {0x016A40, 0x016A5E}, {0x016A60, 0x016A69}, {0x016A6E, 0x016A6F},
    {0x016AD0, 0x016AED}, {0x016AF0, 0x016AF5}, {0x016B00, 0x016B45}, {0x016B50, 0x016B59},
    {0x016B5B, 0x016B61}, {0x016B63, 0x016B77}, {0x016B7D, 0x016B8F}, {0x016E40, 0x016E9A},
    {0x016F00, 0x016F4A}, {0x016F4F, 0x016F87}, {0x016F8F, 0x016F9F}, {0x016FE0, 0x016FE3},
    {0x017000, 0x0187F7}, {0x018800, 0x018AF2}, {0x01B000, 0x01B11E}, {0x01B150, 0x01B152},
    {0x01B164, 0x01B167}, {0x01B170, 0x01B2FB}, {0x01BC00, 0x01BC6A}, {0x01BC70, 0x01BC7C},
    {0x01BC80, 0x01BC88}, {0x01BC90, 0x01BC99}, {0x01BC9C, 0x01BCA3}, {0x01D000, 0x01D0F5},
    {0x01D100, 0x01D126}, {0x01D129, 0x01D1E8}, {0x01D200, 0x01D245}, {0x01D2E0, 0x01D2F3},
    {0x01D300, 0x01D356}, {0x01D360, 0x01D378}, {0x01D400, 0x01D454}, {0x01D456, 0x01D49C},
    {0x01D49E, 0x01D49F}, {0x01D4A2, 0x01D4A2}, {0x01D4A5, 0x01D4A6}, {0x01D4A9, 0x01D4AC},
    {0x01D4AE, 0x01D4B9}, {0x01D4BB, 0x01D4BB}, {0x01D4BD, 0x01D4C3}, {0x01D4C5, 0x01D505},
    {0x01D507, 0x01D50A}, {0x01D50D, 0x01D514}, {0x01D516, 0x01D51C}, {0x01D51E, 0x01D539},
    {0x01D53B, 0x01D53E}, {0x01D540, 0x01D544}, {0x01D546, 0x01D546}, {0x01D54A, 0x01D550},
    {0x01D552, 0x01D6A5}, {0x01D6A8, 0x01D7CB}, {0x01D7CE, 0x01DA8B}, {0x01DA9B, 0x01DA9F},
    {0x01DAA1, 0x01DAAF}, {0x01E000, 0x01E006}, {0x01E008, 0x01E018}, {0x01E01B, 0x01E021},
    {0x01E023, 0x01E024}, {0x01E026, 0x01E02A}, {0x01E100, 0x01E12C}, {0x01E130, 0x01E13D},
    {0x01E140, 0x01E149}, {0x01E14E, 0x01E14F}, {0x01E2C0, 0x01E2F9}, {0x01E2FF, 0x01E2FF},
    {0x01E800, 0x01E8C4}, {0x01E8C7, 0x01E8D6}, {0x01E900, 0x01E94B}, {0x01E950, 0x01E959},
    {0x01E95E, 0x01E95F}, {0x01EC71, 0x01ECB4}, {0x01ED01, 0x01ED3D}, {0x01EE00, 0x01EE03},
    {0x01EE05, 0x01EE1F}, {0x01EE21, 0x01EE22}, {0x01EE24, 0x01EE24}, {0x01EE27, 0x01EE27},
    {0x01EE29, 0x01EE32}, {0x01EE34, 0x01EE37}, {0x01EE39, 0x01EE39}, {0x01EE3B, 0x01EE3B},
    {0x01EE42, 0x01EE42}, {0x01EE47, 0x01EE47}, {0x01EE49, 0x01EE49}, {0x01EE4B, 0x01EE4B},
    {0x01EE4D, 0x01EE4F}, {0x01EE51, 0x01EE52}, {0x01EE54, 0x01EE54}, {0x01EE57, 0x01EE57},
    {0x01EE59, 0x01EE59}, {0x01EE5B, 0x01EE5B}, {0x01EE5D, 0x01EE5D}, {0x01EE5F, 0x01EE5F},
    {0x01EE61, 0x01EE62}, {0x01EE64, 0x01EE64}, {0x01EE67, 0x01EE6A}, {0x01EE6C, 0x01EE72},
    {0x01EE74, 0x01EE77}, {0x01EE79, 0x01EE7C}, {0x01EE7E, 0x01EE7E}, {0x01EE80, 0x01EE89},
    {0x01EE8B, 0x01EE9B}, {0x01EEA1, 0x01EEA3}, {0x01EEA5, 0x01EEA9}, {0x01EEAB, 0x01EEBB},
    {0x01EEF0, 0x01EEF1}, {0x01F000, 0x01F02B}, {0x01F030, 0x01F093}, {0x01F0A0, 0x01F0AE},
    {0x01F0B1, 0x01F0BF}, {0x01F0C1, 0x01F0CF}, {0x01F0D1, 0x01F0F5}, {0x01F100, 0x01F10C},
    {0x01F110, 0x01F16C}, {0x01F170, 0x01F1AC}, {0x01F1E6, 0x01F202}, {0x01F210, 0x01F23B},
    {0x01F240, 0x01F248}, {0x01F250, 0x01F251}, {0x01F260, 0x01F265}, {0x01F300, 0x01F6D5},
    {0x01F6E0, 0x01F6EC}, {0x01F6F0, 0x01F6FA}, {0x01F700, 0x01F773}, {0x01F780, 0x01F7D8},
    {0x01F7E0, 0x01F7EB}, {0x01F800, 0x01F80B}, {0x01F810, 0x01F847}, {0x01F850, 0x01F859},
    {0x01F860, 0x01F887}, {0x01F890, 0x01F8AD}, {0x01F900, 0x01F90B}, {0x01F90D, 0x01F971},
    {0x01F973, 0x01F976}, {0x01F97A, 0x01F9A2}, {0x01F9A5, 0x01F9AA}, {0x01F9AE, 0x01F9CA},
    {0x01F9CD, 0x01FA53}, {0x01FA60, 0x01FA6D}, {0x01FA70, 0x01FA73}, {0x01FA78, 0x01FA7A},
    {0x01FA80, 0x01FA82}, {0x01FA90, 0x01FA95}, {0x01FFFE, 0x02A6D6}, {0x02A700, 0x02B734},
    {0x02B740, 0x02B81D}, {0x02B820, 0x02CEA1}, {0x02CEB0, 0x02EBE0}, {0x02F800, 0x02FA1D},
    {0x02FFFE, 0x02FFFF}, {0x03FFFE, 0x03FFFF}, {0x04FFFE, 0x04FFFF}, {0x05FFFE, 0x05FFFF},
    {0x06FFFE, 0x06FFFF}, {0x07FFFE, 0x07FFFF}, {0x08FFFE, 0x08FFFF}, {0x09FFFE, 0x09FFFF},
    {0x0AFFFE, 0x0AFFFF}, {0x0BFFFE, 0x0BFFFF}, {0x0CFFFE, 0x0CFFFF}, {0x0DFFFE, 0x0DFFFF},
    {0x0E0001, 0x0E0001}, {0x0E0020, 0x0E007F}, {0x0E0100, 0x0E01EF}, {0x0EFFFE, 0x10FFFF},
    {0x000000, 0x000377}, {0x00037A, 0x00037F}, {0x000384, 0x00038A}, {0x00038C, 0x00038C},
    {0x00038E, 0x0003A1}, {0x0003A3, 0x00052F}, {0x000531, 0x000556}, {0x000559, 0x00058A},
    {0x00058D, 0x00058F}, {0x000591, 0x0005C7}, {0x0005D0, 0x0005EA}, {0x0005EF, 0x0005F4},
    {0x000600, 0x00061C}, {0x00061E, 0x00070D}, {0x00070F, 0x00074A}, {0x00074D, 0x0007B1},
    {0x0007C0, 0x0007FA}, {0x0007FD, 0x00082D}, {0x000830, 0x00083E}, {0x000840, 0x00085B},
    {0x00085E, 0x00085E}, {0x000860, 0x00086A}, {0x0008A0, 0x0008B4}, {0x0008B6, 0x0008BD},
    {0x0008D3, 0x000983}, {0x000985, 0x00098C}, {0x00098F, 0x000990}, {0x000993, 0x0009A8},
    {0x0009AA, 0x0009B0}, {0x0009B2, 0x0009B2}, {0x0009B6, 0x0009B9}, {0x0009BC, 0x0009C4},
    {0x0009C7, 0x0009C8}, {0x0009CB, 0x0009CE}, {0x0009D7, 0x0009D7}, {0x0009DC, 0x0009DD},
    {0x0009DF, 0x0009E3}, {0x0009E6, 0x0009FE}, {0x000A01, 0x000A03}, {0x000A05, 0x000A0A},
    {0x000A0F, 0x000A10}, {0x000A13, 0x000A28}, {0x000A2A, 0x000A30}, {0x000A32, 0x000A33},
    {0x000A35, 0x000A36}, {0x000A38, 0x000A39}, {0x000A3C, 0x000A3C}, {0x000A3E, 0x000A42},
    {0x000A47, 0x000A48}, {0x000A4B, 0x000A4D}, {0x000A51, 0x000A51}, {0x000A59, 0x000A5C},
    {0x000A5E, 0x000A5E}, {0x000A66, 0x000A76}, {0x000A81, 0x000A83}, {0x000A85, 0x000A8D},
    {0x000A8F, 0x000A91}, {0x000A93, 0x000AA8}, {0x000AAA, 0x000AB0}, {0x000AB2, 0x000AB3},
    {0x000AB5, 0x000AB9}, {0x000ABC, 0x000AC5}, {0x000AC7, 0x000AC9}, {0x000ACB, 0x000ACD},
    {0x000AD0, 0x000AD0}, {0x000AE0, 0x000AE3}, {0x000AE6, 0x000AF1}, {0x000AF9, 0x000AFF},
    {0x000B01, 0x000B03}, {0x000B05, 0x000B0C}, {0x000B0F, 0x000B10}, {0x000B13, 0x000B28},
    {0x000B2A, 0x000B30}, {0x000B32, 0x000B33}, {0x000B35, 0x000B39}, {0x000B3C, 0x000B44},
    {0x000B47, 0x000B48}, {0x000B4B, 0x000B4D}, {0x000B56, 0x000B57}, {0x000B5C, 0x000B5D},
    {0x000B5F, 0x000B63}, {0x000B66, 0x000B77}, {0x000B82, 0x000B83}, {0x000B85, 0x000B8A},
    {0x000B8E, 0x000B90}, {0x000B92, 0x000B95}, {0x000B99, 0x000B9A}, {0x000B9C, 0x000B9C},
    {0x000B9E, 0x000B9F}, {0x000BA3, 0x000BA4}, {0x000BA8, 0x000BAA}, {0x000BAE, 0x000BB9},
    {0x000BBE, 0x000BC2}, {0x000BC6, 0x000BC8}, {0x000BCA, 0x000BCD}, {0x000BD0, 0x000BD0},
    {0x000BD7, 0x000BD7}, {0x000BE6, 0x000BFA}, {0x000C00, 0x000C0C}, {0x000C0E, 0x000C10},
    {0x000C12, 0x000C28}, {0x000C2A, 0x000C39}, {0x000C3D, 0x000C44}, {0x000C46, 0x000C48},
    {0x000C4A, 0x000C4D}, {0x000C55, 0x000C56}, {0x000C58, 0x000C5A}, {0x000C60, 0x000C63},
    {0x000C66, 0x000C6F}, {0x000C77, 0x000C8C}, {0x000C8E, 0x000C90}, {0x000C92, 0x000CA8},
    {0x000CAA, 0x000CB3}, {0x000CB5, 0x000CB9}, {0x000CBC, 0x000CC4}, {0x000CC6, 0x000CC8},
    {0x000CCA, 0x000CCD}, {0x000CD5, 0x000CD6}, {0x000CDE, 0x000CDE}, {0x000CE0, 0x000CE3},
    {0x000CE6, 0x000CEF}, {0x000CF1, 0x000CF2}, {0x000D00, 0x000D03}, {0x000D05, 0x000D0C},
    {0x000D0E, 0x000D10}, {0x000D12, 0x000D44}, {0x000D46, 0x000D48}, {0x000D4A, 0x000D4F},
    {0x000D54, 0x000D63}, {0x000D66, 0x000D7F}, {0x000D82, 0x000D83}, {0x000D85, 0x000D96},
    {0x000D9A, 0x000DB1}, {0x000DB3, 0x000DBB}, {0x000DBD, 0x000DBD}, {0x000DC0, 0x000DC6},
    {0x000DCA, 0x000DCA}, {0x000DCF, 0x000DD4}, {0x000DD6, 0x000DD6}, {0x000DD8, 0x000DDF},
    {0x000DE6, 0x000DEF}, {0x000DF2, 0x000DF4}, {0x000E01, 0x000E3A}, {0x000E3F, 0x000E5B},
    {0x000E81, 0x000E82}, {0x000E84, 0x000E84}, {0x000E86, 0x000E8A}, {0x000E8C, 0x000EA3},
    {0x000EA5, 0x000EA5}, {0x000EA7, 0x000EBD}, {0x000EC0, 0x000EC4}, {0x000EC6, 0x000EC6},
    {0x000EC8, 0x000ECD}, {0x000ED0, 0x000ED9}, {0x000EDC, 0x000EDF}, {0x000F00, 0x000F47},
    {0x000F49, 0x000F6C}, {0x000F71, 0x000F97}, {0x000F99, 0x000FBC}, {0x000FBE, 0x000FCC},
    {0x000FCE, 0x000FDA}, {0x001000, 0x0010C5}, {0x0010C7, 0x0010C7}, {0x0010CD, 0x0010CD},
    {0x0010D0, 0x001248}, {0x00124A, 0x00124D}, {0x001250, 0x001256}, {0x001258, 0x001258},
    {0x00125A, 0x00125D}, {0x001260, 0x001288}, {0x00128A, 0x00128D}, {0x001290, 0x0012B0},
    {0x0012B2, 0x0012B5}, {0x0012B8, 0x0012BE}, {0x0012C0, 0x0012C0}, {0x0012C2, 0x0012C5},
    {0x0012C8, 0x0012D6}, {0x0012D8, 0x001310}, {0x001312, 0x001315}, {0x001318, 0x00135A},
    {0x00135D, 0x00137C}, {0x001380, 0x001399}, {0x0013A0, 0x0013F5}, {0x0013F8, 0x0013FD},
    {0x001400, 0x00169C}, {0x0016A0, 0x0016F8}, {0x001700, 0x00170C}, {0x00170E, 0x001714},
    {0x001720, 0x001736}, {0x001740, 0x001753}, {0x001760, 0x00176C}, {0x00176E, 0x001770},
    {0x001772, 0x001773}, {0x001780, 0x0017DD}, {0x0017E0, 0x0017E9}, {0x0017F0, 0x0017F9},
    {0x001800, 0x00180E}, {0x001810, 0x001819}, {0x001820, 0x001878}, {0x001880, 0x0018AA},
    {0x0018B0, 0x0018F5}, {0x001900, 0x00191E}, {0x001920, 0x00192B}, {0x001930, 0x00193B},
    {0x001940, 0x001940}, {0x001944, 0x00196D}, {0x001970, 0x001974}, {0x001980, 0x0019AB},
    {0x0019B0, 0x0019C9}, {0x0019D0, 0x0019DA}, {0x0019DE, 0x001A1B}, {0x001A1E, 0x001A5E},
    {0x001A60, 0x001A7C}, {0x001A7F, 0x001A89}, {0x001A90, 0x001A99}, {0x001AA0, 0x001AAD},
    {0x001AB0, 0x001ABE}, {0x001B00, 0x001B4B}, {0x001B50, 0x001B7C}, {0x001B80, 0x001BF3},
    {0x001BFC, 0x001C37}, {0x001C3B, 0x001C49}, {0x001C4D, 0x001C88}, {0x001C90, 0x001CBA},
    {0x001CBD, 0x001CC7}, {0x001CD0, 0x001CFA}, {0x001D00, 0x001DF9}, {0x001DFB, 0x001F15},
    {0x001F18, 0x001F1D}, {0x001F20, 0x001F45}, {0x001F48, 0x001F4D}, {0x001F50, 0x001F57},
    {0x001F59, 0x001F59}, {0x001F5B, 0x001F5B}, {0x001F5D, 0x001F5D}, {0x001F5F, 0x001F7D},
    {0x001F80, 0x001FB4}, {0x001FB6, 0x001FC4}, {0x001FC6, 0x001FD3}, {0x001FD6, 0x001FDB},
    {0x001FDD, 0x001FEF}, {0x001FF2, 0x001FF4}, {0x001FF6, 0x001FFE}, {0x002000, 0x002064},
    {0x002066, 0x002071}, {0x002074, 0x00208E}, {0x002090, 0x00209C}, {0x0020A0, 0x0020BF},
    {0x0020D0, 0x0020F0}, {0x002100, 0x00218B}, {0x002190, 0x002426}, {0x002440, 0x00244A},
    {0x002460, 0x002B73}, {0x002B76, 0x002B95}, {0x002B98, 0x002C2E}, {0x002C30, 0x002C5E},
    {0x002C60, 0x002CF3}, {0x002CF9, 0x002D25}, {0x002D27, 0x002D27}, {0x002D2D, 0x002D2D},
    {0x002D30, 0x002D67}, {0x002D6F, 0x002D70}, {0x002D7F, 0x002D96}, {0x002DA0, 0x002DA6},
    {0x002DA8, 0x002DAE}, {0x002DB0, 0x002DB6}, {0x002DB8, 0x002DBE}, {0x002DC0, 0x002DC6},
    {0x002DC8, 0x002DCE}, {0x002DD0, 0x002DD6}, {0x002DD8, 0x002DDE}, {0x002DE0, 0x002E4F},
    {0x002E80, 0x002E99}, {0x002E9B, 0x002EF3}, {0x002F00, 0x002FD5}, {0x002FF0, 0x002FFB},
    {0x003000, 0x00303F}, {0x003041, 0x003096}, {0x003099, 0x0030FF}, {0x003105, 0x00312F},
    {0x003131, 0x00318E}, {0x003190, 0x0031BA}, {0x0031C0, 0x0031E3}, {0x0031F0, 0x00321E},
    {0x003220, 0x004DB5}, {0x004DC0, 0x009FEF}, {0x00A000, 0x00A48C}, {0x00A490, 0x00A4C6},
    {0x00A4D0, 0x00A62B}, {0x00A640, 0x00A6F7}, {0x00A700, 0x00A7BF}, {0x00A7C2, 0x00A7C6},
    {0x00A7F7, 0x00A82B}, {0x00A830, 0x00A839}, {0x00A840, 0x00A877}, {0x00A880, 0x00A8C5},
    {0x00A8CE, 0x00A8D9}, {0x00A8E0, 0x00A953}, {0x00A95F, 0x00A97C}, {0x00A980, 0x00A9CD},
    {0x00A9CF, 0x00A9D9}, {0x00A9DE, 0x00A9FE}, {0x00AA00, 0x00AA36}, {0x00AA40, 0x00AA4D},
    {0x00AA50, 0x00AA59}, {0x00AA5C, 0x00AAC2}, {0x00AADB, 0x00AAF6}, {0x00AB01, 0x00AB06},
    {0x00AB09, 0x00AB0E}, {0x00AB11, 0x00AB16}, {0x00AB20, 0x00AB26}, {0x00AB28, 0x00AB2E},
    {0x00AB30, 0x00AB67}, {0x00AB70, 0x00ABED}, {0x00ABF0, 0x00ABF9}, {0x00AC00, 0x00D7A3},
    {0x00D7B0, 0x00D7C6}, {0x00D7CB, 0x00D7FB}, {0x00E000, 0x00FA6D}, {0x00FA70, 0x00FAD9},
    {0x00FB00, 0x00FB06}, {0x00FB13, 0x00FB17}, {0x00FB1D, 0x00FB36}, {0x00FB38, 0x00FB3C},
    {0x00FB3E, 0x00FB3E}, {0x00FB40, 0x00FB41}, {0x00FB43, 0x00FB44}, {0x00FB46, 0x00FBC1},
    {0x00FBD3, 0x00FD3F}, {0x00FD50, 0x00FD8F}, {0x00FD92, 0x00FDC7}, {0x00FDD0, 0x00FDFD},
    {0x00FE00, 0x00FE19}, {0x00FE20, 0x00FE52}, {0x00FE54, 0x00FE66}, {0x00FE68, 0x00FE6B},
    {0x00FE70, 0x00FE74}, {0x00FE76, 0x00FEFC}, {0x00FEFF, 0x00FEFF}, {0x00FF01, 0x00FFBE},
    {0x00FFC2, 0x00FFC7}, {0x00FFCA, 0x00FFCF}, {0x00FFD2, 0x00FFD7}, {0x00FFDA, 0x00FFDC},
    {0x00FFE0, 0x00FFE6}, {0x00FFE8, 0x00FFEE}, {0x00FFF9, 0x01000B}, {0x01000D, 0x010026},
    {0x010028, 0x01003A}, {0x01003C, 0x01003D}, {0x01003F, 0x01004D}, {0x010050, 0x01005D},
    {0x010080, 0x0100FA}, {0x010100, 0x010102}, {0x010107, 0x010133}, {0x010137, 0x01018E},
    {0x010190, 0x01019B}, {0x0101A0, 0x0101A0}, {0x0101D0, 0x0101FD}, {0x010280, 0x01029C},
    {0x0102A0, 0x0102D0}, {0x0102E0, 0x0102FB}, {0x010300, 0x010323}, {0x01032D, 0x01034A},
    {0x010350, 0x01037A}, {0x010380, 0x01039D}, {0x01039F, 0x0103C3}, {0x0103C8, 0x0103D5},
    {0x010400, 0x01049D}, {0x0104A0, 0x0104A9}, {0x0104B0, 0x0104D3}, {0x0104D8, 0x0104FB},
    {0x010500, 0x010527}, {0x010530, 0x010563}, {0x01056F, 0x01056F}, {0x010600, 0x010736},
    {0x010740, 0x010755}, {0x010760, 0x010767}, {0x010800, 0x010805}, {0x010808, 0x010808},
    {0x01080A, 0x010835}, {0x010837, 0x010838}, {0x01083C, 0x01083C}, {0x01083F, 0x010855},
    {0x010857, 0x01089E}, {0x0108A7, 0x0108AF}, {0x0108E0, 0x0108F2}, {0x0108F4, 0x0108F5},
    {0x0108FB, 0x01091B}, {0x01091F, 0x010939}, {0x01093F, 0x01093F}, {0x010980, 0x0109B7},
    {0x0109BC, 0x0109CF}, {0x0109D2, 0x010A03}, {0x010A05, 0x010A06}, {0x010A0C, 0x010A13},
    {0x010A15, 0x010A17}, {0x010A19, 0x010A35}, {0x010A38, 0x010A3A}, {0x010A3F, 0x010A48},
    {0x010A50, 0x010A58}, {0x010A60, 0x010A9F}, {0x010AC0, 0x010AE6}, {0x010AEB, 0x010AF6},
    {0x010B00, 0x010B35}, {0x010B39, 0x010B55}, {0x010B58, 0x010B72}, {0x010B78, 0x010B91},
    {0x010B99, 0x010B9C}, {0x010BA9, 0x010BAF}, {0x010C00, 0x010C48}, {0x010C80, 0x010CB2},
    {0x010CC0, 0x010CF2}, {0x010CFA, 0x010D27}, {0x010D30, 0x010D39}, {0x010E60, 0x010E7E},
    {0x010F00, 0x010F27}, {0x010F30, 0x010F59}, {0x010FE0, 0x010FF6}, {0x011000, 0x01104D},
    {0x011052, 0x01106F}, {0x01107F, 0x0110C1}, {0x0110CD, 0x0110CD}, {0x0110D0, 0x0110E8},
    {0x0110F0, 0x0110F9}, {0x011100, 0x011134}, {0x011136, 0x011146}, {0x011150, 0x011176},
    {0x011180, 0x0111CD}, {0x0111D0, 0x0111DF}, {0x0111E1, 0x0111F4}, {0x011200, 0x011211},
    {0x011213, 0x01123E}, {0x011280, 0x011286}, {0x011288, 0x011288}, {0x01128A, 0x01128D},
    {0x01128F, 0x01129D}, {0x01129F, 0x0112A9}, {0x0112B0, 0x0112EA}, {0x0112F0, 0x0112F9},
    {0x011300, 0x011303}, {0x011305, 0x01130C}, {0x01130F, 0x011310}, {0x011313, 0x011328},
    {0x01132A, 0x011330}, {0x011332, 0x011333}, {0x011335, 0x011339}, {0x01133B, 0x011344},
    {0x011347, 0x011348}, {0x01134B, 0x01134D}, {0x011350, 0x011350}, {0x011357, 0x011357},
    {0x01135D, 0x011363}, {0x011366, 0x01136C}, {0x011370, 0x011374}, {0x011400, 0x011459},
    {0x01145B, 0x01145B}, {0x01145D, 0x01145F}, {0x011480, 0x0114C7}, {0x0114D0, 0x0114D9},
    {0x011580, 0x0115B5}, {0x0115B8, 0x0115DD}, {0x011600, 0x011644}, {0x011650, 0x011659},
    {0x011660, 0x01166C}, {0x011680, 0x0116B8}, {0x0116C0, 0x0116C9}, {0x011700, 0x01171A},
    {0x01171D, 0x01172B}, {0x011730, 0x01173F}, {0x011800, 0x01183B}, {0x0118A0, 0x0118F2},
    {0x0118FF, 0x0118FF}, {0x0119A0, 0x0119A7}, {0x0119AA, 0x0119D7}, {0x0119DA, 0x0119E4},
    {0x011A00, 0x011A47}, {0x011A50, 0x011AA2}, {0x011AC0, 0x011AF8}, {0x011C00, 0x011C08},
    {0x011C0A, 0x011C36}, {0x011C38, 0x011C45}, {0x011C50, 0x011C6C}, {0x011C70, 0x011C8F},
    {0x011C92, 0x011CA7}, {0x011CA9, 0x011CB6}, {0x011D00, 0x011D06}, {0x011D08, 0x011D09},
    {0x011D0B, 0x011D36}, {0x011D3A, 0x011D3A}, {0x011D3C, 0x011D3D}, {0x011D3F, 0x011D47},
    {0x011D50, 0x011D59}, {0x011D60, 0x011D65}, {0x011D67, 0x011D68}, {0x011D6A, 0x011D8E},
    {0x011D90, 0x011D91}, {0x011D93, 0x011D98}, {0x011DA0, 0x011DA9}, {0x011EE0, 0x011EF8},
    {0x011FC0, 0x011FF1}, {0x011FFF, 0x012399}, {0x012400, 0x01246E}, {0x012470, 0x012474},
    {0x012480, 0x012543}, {0x013000, 0x01342E}, {0x013430, 0x013438}, {0x014400, 0x014646},
    {0x016800, 0x016A38}, {0x016A40, 0x016A5E}, {0x016A60, 0x016A69}, {0x016A6E, 0x016A6F},
    {0x016AD0, 0x016AED}, {0x016AF0, 0x016AF5}, {0x016B00, 0x016B45}, {0x016B50, 0x016B59},
    {0x016B5B, 0x016B61}, {0x016B63, 0x016B77}, {0x016B7D, 0x016B8F}, {0x016E40, 0x016E9A},
    {0x016F00, 0x016F4A}, {0x016F4F, 0x016F87}, {0x016F8F, 0x016F9F}, {0x016FE0, 0x016FE3},
    {0x017000, 0x0187F7}, {0x018800, 0x018AF2}, {0x01B000, 0x01B11E}, {0x01B150, 0x01B152},
    {0x01B164, 0x01B167}, {0x01B170, 0x01B2FB}, {0x01BC00, 0x01BC6A}, {0x01BC70, 0x01BC7C},
    {0x01BC80, 0x01BC88}, {0x01BC90, 0x01BC99}, {0x01BC9C, 0x01BCA3}, {0x01D000, 0x01D0F5},
    {0x01D100, 0x01D126}, {0x01D129, 0x01D1E8}, {0x01D200, 0x01D245}, {0x01D2E0, 0x01D2F3},
    {0x01D300, 0x01D356}, {0x01D360, 0x01D378}, {0x01D400, 0x01D454}, {0x01D456, 0x01D49C},
    {0x01D49E, 0x01D49F}, {0x01D4A2, 0x01D4A2}, {0x01D4A5, 0x01D4A6}, {0x01D4A9, 0x01D4AC},
    {0x01D4AE, 0x01D4B9}, {0x01D4BB, 0x01D4BB}, {0x01D4BD, 0x01D4C3}, {0x01D4C5, 0x01D505},
    {0x01D507, 0x01D50A}, {0x01D50D, 0x01D514}, {0x01D516, 0x01D51C}, {0x01D51E, 0x01D539},
    {0x01D53B, 0x01D53E}, {0x01D540, 0x01D544}, {0x01D546, 0x01D546}, {0x01D54A, 0x01D550},
    {0x01D552, 0x01D6A5}, {0x01D6A8, 0x01D7CB}, {0x01D7CE, 0x01DA8B}, {0x01DA9B, 0x01DA9F},
    {0x01DAA1, 0x01DAAF}, {0x01E000, 0x01E006}, {0x01E008, 0x01E018}, {0x01E01B, 0x01E021},
    {0x01E023, 0x01E024}, {0x01E026, 0x01E02A}, {0x01E100, 0x01E12C}, {0x01E130, 0x01E13D},
    {0x01E140, 0x01E149}, {0x01E14E, 0x01E14F}, {0x01E2C0, 0x01E2F9}, {0x01E2FF, 0x01E2FF},
    {0x01E800, 0x01E8C4}, {0x01E8C7, 0x01E8D6}, {0x01E900, 0x01E94B}, {0x01E950, 0x01E959},
    {0x01E95E, 0x01E95F}, {0x01EC71, 0x01ECB4}, {0x01ED01, 0x01ED3D}, {0x01EE00, 0x01EE03},
    {0x01EE05, 0x01EE1F}, {0x01EE21, 0x01EE22}, {0x01EE24, 0x01EE24}, {0x01EE27, 0x01EE27},
    {0x01EE29, 0x01EE32}, {0x01EE34, 0x01EE37}, {0x01EE39, 0x01EE39}, {0x01EE3B, 0x01EE3B},
    {0x01EE42, 0x01EE42}, {0x01EE47, 0x01EE47}, {0x01EE49, 0x01EE49}, {0x01EE4B, 0x01EE4B},
    {0x01EE4D, 0x01EE4F}, {0x01EE51, 0x01EE52}, {0x01EE54, 0x01EE54}, {0x01EE57, 0x01EE57},
    {0x01EE59, 0x01EE59}, {0x01EE5B, 0x01EE5B}, {0x01EE5D, 0x01EE5D}, {0x01EE5F, 0x01EE5F},
    {0x01EE61, 0x01EE62}, {0x01EE64, 0x01EE64}, {0x01EE67, 0x01EE6A}, {0x01EE6C, 0x01EE72},
    {0x01EE74, 0x01EE77}, {0x01EE79, 0x01EE7C}, {0x01EE7E, 0x01EE7E}, {0x01EE80, 0x01EE89},
    {0x01EE8B, 0x01EE9B}, {0x01EEA1, 0x01EEA3}, {0x01EEA5, 0x01EEA9}, {0x01EEAB, 0x01EEBB},
    {0x01EEF0, 0x01EEF1}, {0x01F000, 0x01F02B}, {0x01F030, 0x01F093}, {0x01F0A0, 0x01F0AE},
    {0x01F0B1, 0x01F0BF}, {0x01F0C1, 0x01F0CF}, {0x01F0D1, 0x01F0F5}, {0x01F100, 0x01F10C},
    {0x01F110, 0x01F16C}, {0x01F170, 0x01F1AC}, {0x01F1E6, 0x01F202}, {0x01F210, 0x01F23B},
    {0x01F240, 0x01F248}, {0x01F250, 0x01F251}, {0x01F260, 0x01F265}, {0x01F300, 0x01F6D5},
    {0x01F6E0, 0x01F6EC}, {0x01F6F0, 0x01F6FA}, {0x01F700, 0x01F773}, {0x01F780, 0x01F7D8},
    {0x01F7E0, 0x01F7EB}, {0x01F800, 0x01F80B}, {0x01F810, 0x01F847}, {0x01F850, 0x01F859},
    {0x01F860, 0x01F887}, {0x01F890, 0x01F8AD}, {0x01F900, 0x01F90B}, {0x01F90D, 0x01F971},
    {0x01F973, 0x01F976}, {0x01F97A, 0x01F9A2}, {0x01F9A5, 0x01F9AA}, {0x01F9AE, 0x01F9CA},
    {0x01F9CD, 0x01FA53}, {0x01FA60, 0x01FA6D}, {0x01FA70, 0x01FA73}, {0x01FA78, 0x01FA7A},
    {0x01FA80, 0x01FA82}, {0x01FA90, 0x01FA95}, {0x01FFFE, 0x02A6D6}, {0x02A700, 0x02B734},
    {0x02B740, 0x02B81D}, {0x02B820, 0x02CEA1}, {0x02CEB0, 0x02EBE0}, {0x02F800, 0x02FA1D},
    {0x02FFFE, 0x02FFFF}, {0x03FFFE, 0x03FFFF}, {0x04FFFE, 0x04FFFF}, {0x05FFFE, 0x05FFFF},
    {0x06FFFE, 0x06FFFF}, {0x07FFFE, 0x07FFFF}, {0x08FFFE, 0x08FFFF}, {0x09FFFE, 0x09FFFF},
    {0x0AFFFE, 0x0AFFFF}, {0x0BFFFE, 0x0BFFFF}, {0x0CFFFE, 0x0CFFFF}, {0x0DFFFE, 0x0DFFFF},
    {0x0E0001, 0x0E0001}, {0x0E0020, 0x0E007F}, {0x0E0100, 0x0E01EF}, {0x0EFFFE, 0x10FFFF},
    {0x000000, 0x000377}, {0x00037A, 0x00037F}, {0x000384, 0x00038A}, {0x00038C, 0x00038C},
    {0x00038E, 0x0003A1}, {0x0003A3, 0x00052F}, {0x000531, 0x000556}, {0x000559, 0x00058A},
    {0x00058D, 0x00058F}, {0x000591, 0x0005C7}, {0x0005D0, 0x0005EA}, {0x0005EF, 0x0005F4},
    {0x000600, 0x00061C}, {0x00061E, 0x00070D}, {0x00070F, 0x00074A}, {0x00074D, 0x0007B1},
    {0x0007C0, 0x0007FA}, {0x0007FD, 0x00082D}, {0x000830, 0x00083E}, {0x000840, 0x00085B},
    {0x00085E, 0x00085E}, {0x000860, 0x00086A}, {0x0008A0, 0x0008B4}, {0x0008B6, 0x0008C7},
    {0x0008D3, 0x000983}, {0x000985, 0x00098C}, {0x00098F, 0x000990}, {0x000993, 0x0009A8},
    {0x0009AA, 0x0009B0}, {0x0009B2, 0x0009B2}, {0x0009B6, 0x0009B9}, {0x0009BC, 0x0009C4},
    {0x0009C7, 0x0009C8}, {0x0009CB, 0x0009CE}, {0x0009D7, 0x0009D7}, {0x0009DC, 0x0009DD},
    {0x0009DF, 0x0009E3}, {0x0009E6, 0x0009FE}, {0x000A01, 0x000A03}, {0x000A05, 0x000A0A},
    {0x000A0F, 0x000A10}, {0x000A13, 0x000A28}, {0x000A2A, 0x000A30}, {0x000A32, 0x000A33},
    {0x000A35, 0x000A36}, {0x000A38, 0x000A39}, {0x000A3C, 0x000A3C}, {0x000A3E, 0x000A42},
    {0x000A47, 0x000A48}, {0x000A4B, 0x000A4D}, {0x000A51, 0x000A51}, {0x000A59, 0x000A5C},
    {0x000A5E, 0x000A5E}, {0x000A66, 0x000A76}, {0x000A81, 0x000A83}, {0x000A85, 0x000A8D},
    {0x000A8F, 0x000A91}, {0x000A93, 0x000AA8}, {0x000AAA, 0x000AB0}, {0x000AB2, 0x000AB3},
    {0x000AB5, 0x000AB9}, {0x000ABC, 0x000AC5}, {0x000AC7, 0x000AC9}, {0x000ACB, 0x000ACD},
    {0x000AD0, 0x000AD0}, {0x000AE0, 0x000AE3}, {0x000AE6, 0x000AF1}, {0x000AF9, 0x000AFF},
    {0x000B01, 0x000B03}, {0x000B05, 0x000B0C}, {0x000B0F, 0x000B10}, {0x000B13, 0x000B28},
    {0x000B2A, 0x000B30}, {0x000B32, 0x000B33}, {0x000B35, 0x000B39}, {0x000B3C, 0x000B44},
    {0x000B47, 0x000B48}, {0x000B4B, 0x000B4D}, {0x000B55, 0x000B57}, {0x000B5C, 0x000B5D},
    {0x000B5F, 0x000B63}, {0x000B66, 0x000B77}, {0x000B82, 0x000B83}, {0x000B85, 0x000B8A},
    {0x000B8E, 0x000B90}, {0x000B92, 0x000B95}, {0x000B99, 0x000B9A}, {0x000B9C, 0x000B9C},
    {0x000B9E, 0x000B9F}, {0x000BA3, 0x000BA4}, {0x000BA8, 0x000BAA}, {0x000BAE, 0x000BB9},
    {0x000BBE, 0x000BC2}, {0x000BC6, 0x000BC8}, {0x000BCA, 0x000BCD}, {0x000BD0, 0x000BD0},
    {0x000BD7, 0x000BD7}, {0x000BE6, 0x000BFA}, {0x000C00, 0x000C0C}, {0x000C0E, 0x000C10},
    {0x000C12, 0x000C28}, {0x000C2A, 0x000C39}, {0x000C3D, 0x000C44}, {0x000C46, 0x000C48},
    {0x000C4A, 0x000C4D}, {0x000C55, 0x000C56}, {0x000C58, 0x000C5A}, {0x000C60, 0x000C63},
    {0x000C66, 0x000C6F}, {0x000C77, 0x000C8C}, {0x000C8E, 0x000C90}, {0x000C92, 0x000CA8},
    {0x000CAA, 0x000CB3}, {0x000CB5, 0x000CB9}, {0x000CBC, 0x000CC4}, {0x000CC6, 0x000CC8},
    {0x000CCA, 0x000CCD}, {0x000CD5, 0x000CD6}, {0x000CDE, 0x000CDE}, {0x000CE0, 0x000CE3},
    {0x000CE6, 0x000CEF}, {0x000CF1, 0x000CF2}, {0x000D00, 0x000D0C}, {0x000D0E, 0x000D10},
    {0x000D12, 0x000D44}, {0x000D46, 0x000D48}, {0x000D4A, 0x000D4F}, {0x000D54, 0x000D63},
    {0x000D66, 0x000D7F}, {0x000D81, 0x000D83}, {0x000D85, 0x000D96}, {0x000D9A, 0x000DB1},
    {0x000DB3, 0x000DBB}, {0x000DBD, 0x000DBD}, {0x000DC0, 0x000DC6}, {0x000DCA, 0x000DCA},
    {0x000DCF, 0x000DD4}, {0x000DD6, 0x000DD6}, {0x000DD8, 0x000DDF}, {0x000DE6, 0x000DEF},
    {0x000DF2, 0x000DF4}, {0x000E01, 0x000E3A}, {0x000E3F, 0x000E5B}, {0x000E81, 0x000E82},
    {0x000E84, 0x000E84}, {0x000E86, 0x000E8A}, {0x000E8C, 0x000EA3}, {0x000EA5, 0x000EA5},
    {0x000EA7, 0x000EBD}, {0x000EC0, 0x000EC4}, {0x000EC6, 0x000EC6}, {0x000EC8, 0x000ECD},
    {0x000ED0, 0x000ED9}, {0x000EDC, 0x000EDF}, {0x000F00, 0x000F47}, {0x000F49, 0x000F6C},
    {0x000F71, 0x000F97}, {0x000F99, 0x000FBC}, {0x000FBE, 0x000FCC}, {0x000FCE, 0x000FDA},
    {0x001000, 0x0010C5}, {0x0010C7, 0x0010C7}, {0x0010CD, 0x0010CD}, {0x0010D0, 0x001248},
    {0x00124A, 0x00124D}, {0x001250, 0x001256}, {0x001258, 0x001258}, {0x00125A, 0x00125D},
    {0x001260, 0x001288}, {0x00128A, 0x00128D}, {0x001290, 0x0012B0}, {0x0012B2, 0x0012B5},
    {0x0012B8, 0x0012BE}, {0x0012C0, 0x0012C0}, {0x0012C2, 0x0012C5}, {0x0012C8, 0x0012D6},
    {0x0012D8, 0x001310}, {0x001312, 0x001315}, {0x001318, 0x00135A}, {0x00135D, 0x00137C},
    {0x001380, 0x001399}, {0x0013A0, 0x0013F5}, {0x0013F8, 0x0013FD}, {0x001400, 0x00169C},
    {0x0016A0, 0x0016F8}, {0x001700, 0x00170C}, {0x00170E, 0x001714}, {0x001720, 0x001736},
    {0x001740, 0x001753}, {0x001760, 0x00176C}, {0x00176E, 0x001770}, {0x001772, 0x001773},
    {0x001780, 0x0017DD}, {0x0017E0, 0x0017E9}, {0x0017F0, 0x0017F9}, {0x001800, 0x00180E},
    {0x001810, 0x001819}, {0x001820, 0x001878}, {0x001880, 0x0018AA}, {0x0018B0, 0x0018F5},
    {0x001900, 0x00191E}, {0x001920, 0x00192B}, {0x001930, 0x00193B}, {0x001940, 0x001940},
    {0x001944, 0x00196D}, {0x001970, 0x001974}, {0x001980, 0x0019AB}, {0x0019B0, 0x0019C9},
    {0x0019D0, 0x0019DA}, {0x0019DE, 0x001A1B}, {0x001A1E, 0x001A5E}, {0x001A60, 0x001A7C},
    {0x001A7F, 0x001A89}, {0x001A90, 0x001A99}, {0x001AA0, 0x001AAD}, {0x001AB0, 0x001AC0},
    {0x001B00, 0x001B4B}, {0x001B50, 0x001B7C}, {0x001B80, 0x001BF3}, {0x001BFC, 0x001C37},
    {0x001C3B, 0x001C49}, {0x001C4D, 0x001C88}, {0x001C90, 0x001CBA}, {0x001CBD, 0x001CC7},
    {0x001CD0, 0x001CFA}, {0x001D00, 0x001DF9}, {0x001DFB, 0x001F15}, {0x001F18, 0x001F1D},
    {0x001F20, 0x001F45}, {0x001F48, 0x001F4D}, {0x001F50, 0x001F57}, {0x001F59, 0x001F59},
    {0x001F5B, 0x001F5B}, {0x001F5D, 0x001F5D}, {0x001F5F, 0x001F7D}, {0x001F80, 0x001FB4},
    {0x001FB6, 0x001FC4}, {0x001FC6, 0x001FD3}, {0x001FD6, 0x001FDB}, {0x001FDD, 0x001FEF},
    {0x001FF2, 0x001FF4}, {0x001FF6, 0x001FFE}, {0x002000, 0x002064}, {0x002066, 0x002071},
    {0x002074, 0x00208E}, {0x002090, 0x00209C}, {0x0020A0, 0x0020BF}, {0x0020D0, 0x0020F0},
    {0x002100, 0x00218B}, {0x002190, 0x002426}, {0x002440, 0x00244A}, {0x002460, 0x002B73},
    {0x002B76, 0x002B95}, {0x002B97, 0x002C2E}, {0x002C30, 0x002C5E}, {0x002C60, 0x002CF3},
    {0x002CF9, 0x002D25}, {0x002D27, 0x002D27}, {0x002D2D, 0x002D2D}, {0x002D30, 0x002D67},
    {0x002D6F, 0x002D70}, {0x002D7F, 0x002D96}, {0x002DA0, 0x002DA6}, {0x002DA8, 0x002DAE},
    {0x002DB0, 0x002DB6}, {0x002DB8, 0x002DBE}, {0x002DC0, 0x002DC6}, {0x002DC8, 0x002DCE},
    {0x002DD0, 0x002DD6}, {0x002DD8, 0x002DDE}, {0x002DE0, 0x002E52}, {0x002E80, 0x002E99},
    {0x002E9B, 0x002EF3}, {0x002F00, 0x002FD5}, {0x002FF0, 0x002FFB}, {0x003000, 0x00303F},
    {0x003041, 0x003096}, {0x003099, 0x0030FF}, {0x003105, 0x00312F}, {0x003131, 0x00318E},
    {0x003190, 0x0031E3}, {0x0031F0, 0x00321E}, {0x003220, 0x009FFC}, {0x00A000, 0x00A48C},
    {0x00A490, 0x00A4C6}, {0x00A4D0, 0x00A62B}, {0x00A640, 0x00A6F7}, {0x00A700, 0x00A7BF},
    {0x00A7C2, 0x00A7CA}, {0x00A7F5, 0x00A82C}, {0x00A830, 0x00A839}, {0x00A840, 0x00A877},
    {0x00A880, 0x00A8C5}, {0x00A8CE, 0x00A8D9}, {0x00A8E0, 0x00A953}, {0x00A95F, 0x00A97C},
    {0x00A980, 0x00A9CD}, {0x00A9CF, 0x00A9D9}, {0x00A9DE, 0x00A9FE}, {0x00AA00, 0x00AA36},
    {0x00AA40, 0x00AA4D}, {0x00AA50, 0x00AA59}, {0x00AA5C, 0x00AAC2}, {0x00AADB, 0x00AAF6},
    {0x00AB01, 0x00AB06}, {0x00AB09, 0x00AB0E}, {0x00AB11, 0x00AB16}, {0x00AB20, 0x00AB26},
    {0x00AB28, 0x00AB2E}, {0x00AB30, 0x00AB6B}, {0x00AB70, 0x00ABED}, {0x00ABF0, 0x00ABF9},
    {0x00AC00, 0x00D7A3}, {0x00D7B0, 0x00D7C6}, {0x00D7CB, 0x00D7FB}, {0x00E000, 0x00FA6D},
    {0x00FA70, 0x00FAD9}, {0x00FB00, 0x00FB06}, {0x00FB13, 0x00FB17}, {0x00FB1D, 0x00FB36},
    {0x00FB38, 0x00FB3C}, {0x00FB3E, 0x00FB3E}, {0x00FB40, 0x00FB41}, {0x00FB43, 0x00FB44},
    {0x00FB46, 0x00FBC1}, {0x00FBD3, 0x00FD3F}, {0x00FD50, 0x00FD8F}, {0x00FD92, 0x00FDC7},
    {0x00FDD0, 0x00FDFD}, {0x00FE00, 0x00FE19}, {0x00FE20, 0x00FE52}, {0x00FE54, 0x00FE66},
    {0x00FE68, 0x00FE6B}, {0x00FE70, 0x00FE74}, {0x00FE76, 0x00FEFC}, {0x00FEFF, 0x00FEFF},
    {0x00FF01, 0x00FFBE}, {0x00FFC2, 0x00FFC7}, {0x00FFCA, 0x00FFCF}, {0x00FFD2, 0x00FFD7},
    {0x00FFDA, 0x00FFDC}, {0x00FFE0, 0x00FFE6}, {0x00FFE8, 0x00FFEE}, {0x00FFF9, 0x01000B},
    {0x01000D, 0x010026}, {0x010028, 0x01003A}, {0x01003C, 0x01003D}, {0x01003F, 0x01004D},
    {0x010050, 0x01005D}, {0x010080, 0x0100FA}, {0x010100, 0x010102}, {0x010107, 0x010133},
    {0x010137, 0x01018E}, {0x010190, 0x01019C}, {0x0101A0, 0x0101A0}, {0x0101D0, 0x0101FD},
    {0x010280, 0x01029C}, {0x0102A0, 0x0102D0}, {0x0102E0, 0x0102FB}, {0x010300, 0x010323},
    {0x01032D, 0x01034A}, {0x010350, 0x01037A}, {0x010380, 0x01039D}, {0x01039F, 0x0103C3},
    {0x0103C8, 0x0103D5}, {0x010400, 0x01049D}, {0x0104A0, 0x0104A9}, {0x0104B0, 0x0104D3},
    {0x0104D8, 0x0104FB}, {0x010500, 0x010527}, {0x010530, 0x010563}, {0x01056F, 0x01056F},
    {0x010600, 0x010736}, {0x010740, 0x010755}, {0x010760, 0x010767}, {0x010800, 0x010805},
    {0x010808, 0x010808}, {0x01080A, 0x010835}, {0x010837, 0x010838}, {0x01083C, 0x01083C},
    {0x01083F, 0x010855}, {0x010857, 0x01089E}, {0x0108A7, 0x0108AF}, {0x0108E0, 0x0108F2},
    {0x0108F4, 0x0108F5}, {0x0108FB, 0x01091B}, {0x01091F, 0x010939}, {0x01093F, 0x01093F},
    {0x010980, 0x0109B7}, {0x0109BC, 0x0109CF}, {0x0109D2, 0x010A03}, {0x010A05, 0x010A06},
    {0x010A0C, 0x010A13}, {0x010A15, 0x010A17}, {0x010A19, 0x010A35}, {0x010A38, 0x010A3A},
    {0x010A3F, 0x010A48}, {0x010A50, 0x010A58}, {0x010A60, 0x010A9F}, {0x010AC0, 0x010AE6},
    {0x010AEB, 0x010AF6}, {0x010B00, 0x010B35}, {0x010B39, 0x010B55}, {0x010B58, 0x010B72},
    {0x010B78, 0x010B91}, {0x010B99, 0x010B9C}, {0x010BA9, 0x010BAF}, {0x010C00, 0x010C48},
    {0x010C80, 0x010CB2}, {0x010CC0, 0x010CF2}, {0x010CFA, 0x010D27}, {0x010D30, 0x010D39},
    {0x010E60, 0x010E7E}, {0x010E80, 0x010EA9}, {0x010EAB, 0x010EAD}, {0x010EB0, 0x010EB1},
    {0x010F00, 0x010F27}, {0x010F30, 0x010F59}, {0x010FB0, 0x010FCB}, {0x010FE0, 0x010FF6},
    {0x011000, 0x01104D}, {0x011052, 0x01106F}, {0x01107F, 0x0110C1}, {0x0110CD, 0x0110CD},
    {0x0110D0, 0x0110E8}, {0x0110F0, 0x0110F9}, {0x011100, 0x011134}, {0x011136, 0x011147},
    {0x011150, 0x011176}, {0x011180, 0x0111DF}, {0x0111E1, 0x0111F4}, {0x011200, 0x011211},
    {0x011213, 0x01123E}, {0x011280, 0x011286}, {0x011288, 0x011288}, {0x01128A, 0x01128D},
    {0x01128F, 0x01129D}, {0x01129F, 0x0112A9}, {0x0112B0, 0x0112EA}, {0x0112F0, 0x0112F9},
    {0x011300, 0x011303}, {0x011305, 0x01130C}, {0x01130F, 0x011310}, {0x011313, 0x011328},
    {0x01132A, 0x011330}, {0x011332, 0x011333}, {0x011335, 0x011339}, {0x01133B, 0x011344},
    {0x011347, 0x011348}, {0x01134B, 0x01134D}, {0x011350, 0x011350}, {0x011357, 0x011357},
    {0x01135D, 0x011363}, {0x011366, 0x01136C}, {0x011370, 0x011374}, {0x011400, 0x01145B},
    {0x01145D, 0x011461}, {0x011480, 0x0114C7}, {0x0114D0, 0x0114D9}, {0x011580, 0x0115B5},
    {0x0115B8, 0x0115DD}, {0x011600, 0x011644}, {0x011650, 0x011659}, {0x011660, 0x01166C},
    {0x011680, 0x0116B8}, {0x0116C0, 0x0116C9}, {0x011700, 0x01171A}, {0x01171D, 0x01172B},
    {0x011730, 0x01173F}, {0x011800, 0x01183B}, {0x0118A0, 0x0118F2}, {0x0118FF, 0x011906},
    {0x011909, 0x011909}, {0x01190C, 0x011913}, {0x011915, 0x011916}, {0x011918, 0x011935},
    {0x011937, 0x011938}, {0x01193B, 0x011946}, {0x011950, 0x011959}, {0x0119A0, 0x0119A7},
    {0x0119AA, 0x0119D7}, {0x0119DA, 0x0119E4}, {0x011A00, 0x011A47}, {0x011A50, 0x011AA2},
    {0x011AC0, 0x011AF8}, {0x011C00, 0x011C08}, {0x011C0A, 0x011C36}, {0x011C38, 0x011C45},
    {0x011C50, 0x011C6C}, {0x011C70, 0x011C8F}, {0x011C92, 0x011CA7}, {0x011CA9, 0x011CB6},
    {0x011D00, 0x011D06}, {0x011D08, 0x011D09}, {0x011D0B, 0x011D36}, {0x011D3A, 0x011D3A},
    {0x011D3C, 0x011D3D}, {0x011D3F, 0x011D47}, {0x011D50, 0x011D59}, {0x011D60, 0x011D65},
    {0x011D67, 0x011D68}, {0x011D6A, 0x011D8E}, {0x011D90, 0x011D91}, {0x011D93, 0x011D98},
    {0x011DA0, 0x011DA9}, {0x011EE0, 0x011EF8}, {0x011FB0, 0x011FB0}, {0x011FC0, 0x011FF1},
    {0x011FFF, 0x012399}, {0x012400, 0x01246E}, {0x012470, 0x012474}, {0x012480, 0x012543},
    {0x013000, 0x01342E}, {0x013430, 0x013438}, {0x014400, 0x014646}, {0x016800, 0x016A38},
    {0x016A40, 0x016A5E}, {0x016A60, 0x016A69}, {0x016A6E, 0x016A6F}, {0x016AD0, 0x016AED},
    {0x016AF0, 0x016AF5}, {0x016B00, 0x016B45}, {0x016B50, 0x016B59}, {0x016B5B, 0x016B61},
    {0x016B63, 0x016B77}, {0x016B7D, 0x016B8F}, {0x016E40, 0x016E9A}, {0x016F00, 0x016F4A},
    {0x016F4F, 0x016F87}, {0x016F8F, 0x016F9F}, {0x016FE0, 0x016FE4}, {0x016FF0, 0x016FF1},
    {0x017000, 0x0187F7}, {0x018800, 0x018CD5}, {0x018D00, 0x018D08}, {0x01B000, 0x01B11E},
    {0x01B150, 0x01B152}, {0x01B164, 0x01B167}, {0x01B170, 0x01B2FB}, {0x01BC00, 0x01BC6A},
    {0x01BC70, 0x01BC7C}, {0x01BC80, 0x01BC88}, {0x01BC90, 0x01BC99}, {0x01BC9C, 0x01BCA3},
    {0x01D000, 0x01D0F5}, {0x01D100, 0x01D126}, {0x01D129, 0x01D1E8}, {0x01D200, 0x01D245},
    {0x01D2E0, 0x01D2F3}, {0x01D300, 0x01D356}, {0x01D360, 0x01D378}, {0x01D400, 0x01D454},
    {0x01D456, 0x01D49C}, {0x01D49E, 0x01D49F}, {0x01D4A2, 0x01D4A2}, {0x01D4A5, 0x01D4A6},
    {0x01D4A9, 0x01D4AC}, {0x01D4AE, 0x01D4B9}, {0x01D4BB, 0x01D4BB}, {0x01D4BD, 0x01D4C3},
    {0x01D4C5, 0x01D505}, {0x01D507, 0x01D50A}, {0x01D50D, 0x01D514}, {0x01D516, 0x01D51C},
    {0x01D51E, 0x01D539}, {0x01D53B, 0x01D53E}, {0x01D540, 0x01D544}, {0x01D546, 0x01D546},
    {0x01D54A, 0x01D550}, {0x01D552, 0x01D6A5}, {0x01D6A8, 0x01D7CB}, {0x01D7CE, 0x01DA8B},
    {0x01DA9B, 0x01DA9F}, {0x01DAA1, 0x01DAAF}, {0x01E000, 0x01E006}, {0x01E008, 0x01E018},
    {0x01E01B, 0x01E021}, {0x01E023, 0x01E024}, {0x01E026, 0x01E02A}, {0x01E100, 0x01E12C},
    {0x01E130, 0x01E13D}, {0x01E140, 0x01E149}, {0x01E14E, 0x01E14F}, {0x01E2C0, 0x01E2F9},
    {0x01E2FF, 0x01E2FF}, {0x01E800, 0x01E8C4}, {0x01E8C7, 0x01E8D6}, {0x01E900, 0x01E94B},
    {0x01E950, 0x01E959}, {0x01E95E, 0x01E95F}, {0x01EC71, 0x01ECB4}, {0x01ED01, 0x01ED3D},
    {0x01EE00, 0x01EE03}, {0x01EE05, 0x01EE1F}, {0x01EE21, 0x01EE22}, {0x01EE24, 0x01EE24},
    {0x01EE27, 0x01EE27}, {0x01EE29, 0x01EE32}, {0x01EE34, 0x01EE37}, {0x01EE39, 0x01EE39},
    {0x01EE3B, 0x01EE3B}, {0x01EE42, 0x01EE42}, {0x01EE47, 0x01EE47}, {0x01EE49, 0x01EE49},
    {0x01EE4B, 0x01EE4B}, {0x01EE4D, 0x01EE4F}, {0x01EE51, 0x01EE52}, {0x01EE54, 0x01EE54},
    {0x01EE57, 0x01EE57}, {0x01EE59, 0x01EE59}, {0x01EE5B, 0x01EE5B}, {0x01EE5D, 0x01EE5D},
    {0x01EE5F, 0x01EE5F}, {0x01EE61, 0x01EE62}, {0x01EE64, 0x01EE64}, {0x01EE67, 0x01EE6A},
    {0x01EE6C, 0x01EE72}, {0x01EE74, 0x01EE77}, {0x01EE79, 0x01EE7C}, {0x01EE7E, 0x01EE7E},
    {0x01EE80, 0x01EE89}, {0x01EE8B, 0x01EE9B}, {0x01EEA1, 0x01EEA3}, {0x01EEA5, 0x01EEA9},
    {0x01EEAB, 0x01EEBB}, {0x01EEF0, 0x01EEF1}, {0x01F000, 0x01F02B}, {0x01F030, 0x01F093},
    {0x01F0A0, 0x01F0AE}, {0x01F0B1, 0x01F0BF}, {0x01F0C1, 0x01F0CF}, {0x01F0D1, 0x01F0F5},
    {0x01F100, 0x01F1AD}, {0x01F1E6, 0x01F202}, {0x01F210, 0x01F23B}, {0x01F240, 0x01F248},
    {0x01F250, 0x01F251}, {0x01F260, 0x01F265}, {0x01F300, 0x01F6D7}, {0x01F6E0, 0x01F6EC},
    {0x01F6F0, 0x01F6FC}, {0x01F700, 0x01F773}, {0x01F780, 0x01F7D8}, {0x01F7E0, 0x01F7EB},
    {0x01F800, 0x01F80B}, {0x01F810, 0x01F847}, {0x01F850, 0x01F859}, {0x01F860, 0x01F887},
    {0x01F890, 0x01F8AD}, {0x01F8B0, 0x01F8B1}, {0x01F900, 0x01F978}, {0x01F97A, 0x01F9CB},
    {0x01F9CD, 0x01FA53}, {0x01FA60, 0x01FA6D}, {0x01FA70, 0x01FA74}, {0x01FA78, 0x01FA7A},
    {0x01FA80, 0x01FA86}, {0x01FA90, 0x01FAA8}, {0x01FAB0, 0x01FAB6}, {0x01FAC0, 0x01FAC2},
    {0x01FAD0, 0x01FAD6}, {0x01FB00, 0x01FB92}, {0x01FB94, 0x01FBCA}, {0x01FBF0, 0x01FBF9},
    {0x01FFFE, 0x02A6DD}, {0x02A700, 0x02B734}, {0x02B740, 0x02B81D}, {0x02B820, 0x02CEA1},
    {0x02CEB0, 0x02EBE0}, {0x02F800, 0x02FA1D}, {0x02FFFE, 0x03134A}, {0x03FFFE, 0x03FFFF},
    {0x04FFFE, 0x04FFFF}, {0x05FFFE, 0x05FFFF}, {0x06FFFE, 0x06FFFF}, {0x07FFFE, 0x07FFFF},
    {0x08FFFE, 0x08FFFF}, {0x09FFFE, 0x09FFFF}, {0x0AFFFE, 0x0AFFFF}, {0x0BFFFE, 0x0BFFFF},
    {0x0CFFFE, 0x0CFFFF}, {0x0DFFFE, 0x0DFFFF}, {0x0E0001, 0x0E0001}, {0x0E0020, 0x0E007F},
    {0x0E0100, 0x0E01EF}, {0x0EFFFE, 0x10FFFF}, {0x000000, 0x000377}, {0x00037A, 0x00037F},
    {0x000384, 0x00038A}, {0x00038C, 0x00038C}, {0x00038E, 0x0003A1}, {0x0003A3, 0x00052F},
    {0x000531, 0x000556}, {0x000559, 0x00058A}, {0x00058D, 0x00058F}, {0x000591, 0x0005C7},
    {0x0005D0, 0x0005EA}, {0x0005EF, 0x0005F4}, {0x000600, 0x00070D}, {0x00070F, 0x00074A},
    {0x00074D, 0x0007B1}, {0x0007C0, 0x0007FA}, {0x0007FD, 0x00082D}, {0x000830, 0x00083E},
    {0x000840, 0x00085B}, {0x00085E, 0x00085E}, {0x000860, 0x00086A}, {0x000870, 0x00088E},
    {0x000890, 0x000891}, {0x000898, 0x000983}, {0x000985, 0x00098C}, {0x00098F, 0x000990},
    {0x000993, 0x0009A8}, {0x0009AA, 0x0009B0}, {0x0009B2, 0x0009B2}, {0x0009B6, 0x0009B9},
    {0x0009BC, 0x0009C4}, {0x0009C7, 0x0009C8}, {0x0009CB, 0x0009CE}, {0x0009D7, 0x0009D7},
    {0x0009DC, 0x0009DD}, {0x0009DF, 0x0009E3}, {0x0009E6, 0x0009FE}, {0x000A01, 0x000A03},
    {0x000A05, 0x000A0A}, {0x000A0F, 0x000A10}, {0x000A13, 0x000A28}, {0x000A2A, 0x000A30},
    {0x000A32, 0x000A33}, {0x000A35, 0x000A36}, {0x000A38, 0x000A39}, {0x000A3C, 0x000A3C},
    {0x000A3E, 0x000A42}, {0x000A47, 0x000A48}, {0x000A4B, 0x000A4D}, {0x000A51, 0x000A51},
    {0x000A59, 0x000A5C}, {0x000A5E, 0x000A5E}, {0x000A66, 0x000A76}, {0x000A81, 0x000A83},
    {0x000A85, 0x000A8D}, {0x000A8F, 0x000A91}, {0x000A93, 0x000AA8}, {0x000AAA, 0x000AB0},
    {0x000AB2, 0x000AB3}, {0x000AB5, 0x000AB9}, {0x000ABC, 0x000AC5}, {0x000AC7, 0x000AC9},
    {0x000ACB, 0x000ACD}, {0x000AD0, 0x000AD0}, {0x000AE0, 0x000AE3}, {0x000AE6, 0x000AF1},
    {0x000AF9, 0x000AFF}, {0x000B01, 0x000B03}, {0x000B05, 0x000B0C}, {0x000B0F, 0x000B10},
    {0x000B13, 0x000B28}, {0x000B2A, 0x000B30}, {0x000B32, 0x000B33}, {0x000B35, 0x000B39},
    {0x000B3C, 0x000B44}, {0x000B47, 0x000B48}, {0x000B4B, 0x000B4D}, {0x000B55, 0x000B57},
    {0x000B5C, 0x000B5D}, {0x000B5F, 0x000B63}, {0x000B66, 0x000B77}, {0x000B82, 0x000B83},
    {0x000B85, 0x000B8A}, {0x000B8E, 0x000B90}, {0x000B92, 0x000B95}, {0x000B99, 0x000B9A},
    {0x000B9C, 0x000B9C}, {0x000B9E, 0x000B9F}, {0x000BA3, 0x000BA4}, {0x000BA8, 0x000BAA},
    {0x000BAE, 0x000BB9}, {0x000BBE, 0x000BC2}, {0x000BC6, 0x000BC8}, {0x000BCA, 0x000BCD},
    {0x000BD0, 0x000BD0}, {0x000BD7, 0x000BD7}, {0x000BE6, 0x000BFA}, {0x000C00, 0x000C0C},
    {0x000C0E, 0x000C10}, {0x000C12, 0x000C28}, {0x000C2A, 0x000C39}, {0x000C3C, 0x000C44},
    {0x000C46, 0x000C48}, {0x000C4A, 0x000C4D}, {0x000C55, 0x000C56}, {0x000C58, 0x000C5A},
    {0x000C5D, 0x000C5D}, {0x000C60, 0x000C63}, {0x000C66, 0x000C6F}, {0x000C77, 0x000C8C},
    {0x000C8E, 0x000C90}, {0x000C92, 0x000CA8}, {0x000CAA, 0x000CB3}, {0x000CB5, 0x000CB9},
    {0x000CBC, 0x000CC4}, {0x000CC6, 0x000CC8}, {0x000CCA, 0x000CCD}, {0x000CD5, 0x000CD6},
    {0x000CDD, 0x000CDE}, {0x000CE0, 0x000CE3}, {0x000CE6, 0x000CEF}, {0x000CF1, 0x000CF2},
    {0x000D00, 0x000D0C}, {0x000D0E, 0x000D10}, {0x000D12, 0x000D44}, {0x000D46, 0x000D48},
    {0x000D4A, 0x000D4F}, {0x000D54, 0x000D63}, {0x000D66, 0x000D7F}, {0x000D81, 0x000D83},
    {0x000D85, 0x000D96}, {0x000D9A, 0x000DB1}, {0x000DB3, 0x000DBB}, {0x000DBD, 0x000DBD},
    {0x000DC0, 0x000DC6}, {0x000DCA, 0x000DCA}, {0x000DCF, 0x000DD4}, {0x000DD6, 0x000DD6},
    {0x000DD8, 0x000DDF}, {0x000DE6, 0x000DEF}, {0x000DF2, 0x000DF4}, {0x000E01, 0x000E3A},
    {0x000E3F, 0x000E5B}, {0x000E81, 0x000E82}, {0x000E84, 0x000E84}, {0x000E86, 0x000E8A},
    {0x000E8C, 0x000EA3}, {0x000EA5, 0x000EA5}, {0x000EA7, 0x000EBD}, {0x000EC0, 0x000EC4},
    {0x000EC6, 0x000EC6}, {0x000EC8, 0x000ECD}, {0x000ED0, 0x000ED9}, {0x000EDC, 0x000EDF},
    {0x000F00, 0x000F47}, {0x000F49, 0x000F6C}, {0x000F71, 0x000F97}, {0x000F99, 0x000FBC},
    {0x000FBE, 0x000FCC}, {0x000FCE, 0x000FDA}, {0x001000, 0x0010C5}, {0x0010C7, 0x0010C7},
    {0x0010CD, 0x0010CD}, {0x0010D0, 0x001248}, {0x00124A, 0x00124D}, {0x001250, 0x001256},
    {0x001258, 0x001258}, {0x00125A, 0x00125D}, {0x001260, 0x001288}, {0x00128A, 0x00128D},
    {0x001290, 0x0012B0}, {0x0012B2, 0x0012B5}, {0x0012B8, 0x0012BE}, {0x0012C0, 0x0012C0},
    {0x0012C2, 0x0012C5}, {0x0012C8, 0x0012D6}, {0x0012D8, 0x001310}, {0x001312, 0x001315},
    {0x001318, 0x00135A}, {0x00135D, 0x00137C}, {0x001380, 0x001399}, {0x0013A0, 0x0013F5},
    {0x0013F8, 0x0013FD}, {0x001400, 0x00169C}, {0x0016A0, 0x0016F8}, {0x001700, 0x001715},
    {0x00171F, 0x001736}, {0x001740, 0x001753}, {0x001760, 0x00176C}, {0x00176E, 0x001770},
    {0x001772, 0x001773}, {0x001780, 0x0017DD}, {0x0017E0, 0x0017E9}, {0x0017F0, 0x0017F9},
    {0x001800, 0x001819}, {0x001820, 0x001878}, {0x001880, 0x0018AA}, {0x0018B0, 0x0018F5},
    {0x001900, 0x00191E}, {0x001920, 0x00192B}, {0x001930, 0x00193B}, {0x001940, 0x001940},
    {0x001944, 0x00196D}, {0x001970, 0x001974}, {0x001980, 0x0019AB}, {0x0019B0, 0x0019C9},
    {0x0019D0, 0x0019DA}, {0x0019DE, 0x001A1B}, {0x001A1E, 0x001A5E}, {0x001A60, 0x001A7C},
    {0x001A7F, 0x001A89}, {0x001A90, 0x001A99}, {0x001AA0, 0x001AAD}, {0x001AB0, 0x001ACE},
    {0x001B00, 0x001B4C}, {0x001B50, 0x001B7E}, {0x001B80, 0x001BF3}, {0x001BFC, 0x001C37},
    {0x001C3B, 0x001C49}, {0x001C4D, 0x001C88}, {0x001C90, 0x001CBA}, {0x001CBD, 0x001CC7},
    {0x001CD0, 0x001CFA}, {0x001D00, 0x001F15}, {0x001F18, 0x001F1D}, {0x001F20, 0x001F45},
    {0x001F48, 0x001F4D}, {0x001F50, 0x001F57}, {0x001F59, 0x001F59}, {0x001F5B, 0x001F5B},
    {0x001F5D, 0x001F5D}, {0x001F5F, 0x001F7D}, {0x001F80, 0x001FB4}, {0x001FB6, 0x001FC4},
    {0x001FC6, 0x001FD3}, {0x001FD6, 0x001FDB}, {0x001FDD, 0x001FEF}, {0x001FF2, 0x001FF4},
    {0x001FF6, 0x001FFE}, {0x002000, 0x002064}, {0x002066, 0x002071}, {0x002074, 0x00208E},
    {0x002090, 0x00209C}, {0x0020A0, 0x0020C0}, {0x0020D0, 0x0020F0}, {0x002100, 0x00218B},
    {0x002190, 0x002426}, {0x002440, 0x00244A}, {0x002460, 0x002B73}, {0x002B76, 0x002B95},
    {0x002B97, 0x002CF3}, {0x002CF9, 0x002D25}, {0x002D27, 0x002D27}, {0x002D2D, 0x002D2D},
    {0x002D30, 0x002D67}, {0x002D6F, 0x002D70}, {0x002D7F, 0x002D96}, {0x002DA0, 0x002DA6},
    {0x002DA8, 0x002DAE}, {0x002DB0, 0x002DB6}, {0x002DB8, 0x002DBE}, {0x002DC0, 0x002DC6},
    {0x002DC8, 0x002DCE}, {0x002DD0, 0x002DD6}, {0x002DD8, 0x002DDE}, {0x002DE0, 0x002E5D},
    {0x002E80, 0x002E99}, {0x002E9B, 0x002EF3}, {0x002F00, 0x002FD5}, {0x002FF0, 0x002FFB},
    {0x003000, 0x00303F}, {0x003041, 0x003096}, {0x003099, 0x0030FF}, {0x003105, 0x00312F},
    {0x003131, 0x00318E}, {0x003190, 0x0031E3}, {0x0031F0, 0x00321E}, {0x003220, 0x00A48C},
    {0x00A490, 0x00A4C6}, {0x00A4D0, 0x00A62B}, {0x00A640, 0x00A6F7}, {0x00A700, 0x00A7CA},
    {0x00A7D0, 0x00A7D1}, {0x00A7D3, 0x00A7D3}, {0x00A7D5, 0x00A7D9}, {0x00A7F2, 0x00A82C},
    {0x00A830, 0x00A839}, {0x00A840, 0x00A877}, {0x00A880, 0x00A8C5}, {0x00A8CE, 0x00A8D9},
    {0x00A8E0, 0x00A953}, {0x00A95F, 0x00A97C}, {0x00A980, 0x00A9CD}, {0x00A9CF, 0x00A9D9},
    {0x00A9DE, 0x00A9FE}, {0x00AA00, 0x00AA36}, {0x00AA40, 0x00AA4D}, {0x00AA50, 0x00AA59},
    {0x00AA5C, 0x00AAC2}, {0x00AADB, 0x00AAF6}, {0x00AB01, 0x00AB06}, {0x00AB09, 0x00AB0E},
    {0x00AB11, 0x00AB16}, {0x00AB20, 0x00AB26}, {0x00AB28, 0x00AB2E}, {0x00AB30, 0x00AB6B},
    {0x00AB70, 0x00ABED}, {0x00ABF0, 0x00ABF9}, {0x00AC00, 0x00D7A3}, {0x00D7B0, 0x00D7C6},
    {0x00D7CB, 0x00D7FB}, {0x00E000, 0x00FA6D}, {0x00FA70, 0x00FAD9}, {0x00FB00, 0x00FB06},
    {0x00FB13, 0x00FB17}, {0x00FB1D, 0x00FB36}, {0x00FB38, 0x00FB3C}, {0x00FB3E, 0x00FB3E},
    {0x00FB40, 0x00FB41}, {0x00FB43, 0x00FB44}, {0x00FB46, 0x00FBC2}, {0x00FBD3, 0x00FD8F},
    {0x00FD92, 0x00FDC7}, {0x00FDCF, 0x00FE19}, {0x00FE20, 0x00FE52}, {0x00FE54, 0x00FE66},
    {0x00FE68, 0x00FE6B}, {0x00FE70, 0x00FE74}, {0x00FE76, 0x00FEFC}, {0x00FEFF, 0x00FEFF},
    {0x00FF01, 0x00FFBE}, {0x00FFC2, 0x00FFC7}, {0x00FFCA, 0x00FFCF}, {0x00FFD2, 0x00FFD7},
    {0x00FFDA, 0x00FFDC}, {0x00FFE0, 0x00FFE6}, {0x00FFE8, 0x00FFEE}, {0x00FFF9, 0x01000B},
    {0x01000D, 0x010026}, {0x010028, 0x01003A}, {0x01003C, 0x01003D}, {0x01003F, 0x01004D},
    {0x010050, 0x01005D}, {0x010080, 0x0100FA}, {0x010100, 0x010102}, {0x010107, 0x010133},
    {0x010137, 0x01018E}, {0x010190, 0x01019C}, {0x0101A0, 0x0101A0}, {0x0101D0, 0x0101FD},
    {0x010280, 0x01029C}, {0x0102A0, 0x0102D0}, {0x0102E0, 0x0102FB}, {0x010300, 0x010323},
    {0x01032D, 0x01034A}, {0x010350, 0x01037A}, {0x010380, 0x01039D}, {0x01039F, 0x0103C3},
    {0x0103C8, 0x0103D5}, {0x010400, 0x01049D}, {0x0104A0, 0x0104A9}, {0x0104B0, 0x0104D3},
    {0x0104D8, 0x0104FB}, {0x010500, 0x010527}, {0x010530, 0x010563}, {0x01056F, 0x01057A},
    {0x01057C, 0x01058A}, {0x01058C, 0x010592}, {0x010594, 0x010595}, {0x010597, 0x0105A1},
    {0x0105A3, 0x0105B1}, {0x0105B3, 0x0105B9}, {0x0105BB, 0x0105BC}, {0x010600, 0x010736},
    {0x010740, 0x010755}, {0x010760, 0x010767}, {0x010780, 0x010785}, {0x010787, 0x0107B0},
    {0x0107B2, 0x0107BA}, {0x010800, 0x010805}, {0x010808, 0x010808}, {0x01080A, 0x010835},
    {0x010837, 0x010838}, {0x01083C, 0x01083C}, {0x01083F, 0x010855}, {0x010857, 0x01089E},
    {0x0108A7, 0x0108AF}, {0x0108E0, 0x0108F2}, {0x0108F4, 0x0108F5}, {0x0108FB, 0x01091B},
    {0x01091F, 0x010939}, {0x01093F, 0x01093F}, {0x010980, 0x0109B7}, {0x0109BC, 0x0109CF},
    {0x0109D2, 0x010A03}, {0x010A05, 0x010A06}, {0x010A0C, 0x010A13}, {0x010A15, 0x010A17},
    {0x010A19, 0x010A35}, {0x010A38, 0x010A3A}, {0x010A3F, 0x010A48}, {0x010A50, 0x010A58},
    {0x010A60, 0x010A9F}, {0x010AC0, 0x010AE6}, {0x010AEB, 0x010AF6}, {0x010B00, 0x010B35},
    {0x010B39, 0x010B55}, {0x010B58, 0x010B72}, {0x010B78, 0x010B91}, {0x010B99, 0x010B9C},
    {0x010BA9, 0x010BAF}, {0x010C00, 0x010C48}, {0x010C80, 0x010CB2}, {0x010CC0, 0x010CF2},
    {0x010CFA, 0x010D27}, {0x010D30, 0x010D39}, {0x010E60, 0x010E7E}, {0x010E80, 0x010EA9},
    {0x010EAB, 0x010EAD}, {0x010EB0, 0x010EB1}, {0x010F00, 0x010F27}, {0x010F30, 0x010F59},
    {0x010F70, 0x010F89}, {0x010FB0, 0x010FCB}, {0x010FE0, 0x010FF6}, {0x011000, 0x01104D},
    {0x011052, 0x011075}, {0x01107F, 0x0110C2}, {0x0110CD, 0x0110CD}, {0x0110D0, 0x0110E8},
    {0x0110F0, 0x0110F9}, {0x011100, 0x011134}, {0x011136, 0x011147}, {0x011150, 0x011176},
    {0x011180, 0x0111DF}, {0x0111E1, 0x0111F4}, {0x011200, 0x011211}, {0x011213, 0x01123E},
    {0x011280, 0x011286}, {0x011288, 0x011288}, {0x01128A, 0x01128D}, {0x01128F, 0x01129D},
    {0x01129F, 0x0112A9}, {0x0112B0, 0x0112EA}, {0x0112F0, 0x0112F9}, {0x011300, 0x011303},
    {0x011305, 0x01130C}, {0x01130F, 0x011310}, {0x011313, 0x011328}, {0x01132A, 0x011330},
    {0x011332, 0x011333}, {0x011335, 0x011339}, {0x01133B, 0x011344}, {0x011347, 0x011348},
    {0x01134B, 0x01134D}, {0x011350, 0x011350}, {0x011357, 0x011357}, {0x01135D, 0x011363},
    {0x011366, 0x01136C}, {0x011370, 0x011374}, {0x011400, 0x01145B}, {0x01145D, 0x011461},
    {0x011480, 0x0114C7}, {0x0114D0, 0x0114D9}, {0x011580, 0x0115B5}, {0x0115B8, 0x0115DD},
    {0x011600, 0x011644}, {0x011650, 0x011659}, {0x011660, 0x01166C}, {0x011680, 0x0116B9},
    {0x0116C0, 0x0116C9}, {0x011700, 0x01171A}, {0x01171D, 0x01172B}, {0x011730, 0x011746},
    {0x011800, 0x01183B}, {0x0118A0, 0x0118F2}, {0x0118FF, 0x011906}, {0x011909, 0x011909},
    {0x01190C, 0x011913}, {0x011915, 0x011916}, {0x011918, 0x011935}, {0x011937, 0x011938},
    {0x01193B, 0x011946}, {0x011950, 0x011959}, {0x0119A0, 0x0119A7}, {0x0119AA, 0x0119D7},
    {0x0119DA, 0x0119E4}, {0x011A00, 0x011A47}, {0x011A50, 0x011AA2}, {0x011AB0, 0x011AF8},
    {0x011C00, 0x011C08}, {0x011C0A, 0x011C36}, {0x011C38, 0x011C45}, {0x011C50, 0x011C6C},
    {0x011C70, 0x011C8F}, {0x011C92, 0x011CA7}, {0x011CA9, 0x011CB6}, {0x011D00, 0x011D06},
    {0x011D08, 0x011D09}, {0x011D0B, 0x011D36}, {0x011D3A, 0x011D3A}, {0x011D3C, 0x011D3D},
    {0x011D3F, 0x011D47}, {0x011D50, 0x011D59}, {0x011D60, 0x011D65}, {0x011D67, 0x011D68},
    {0x011D6A, 0x011D8E}, {0x011D90, 0x011D91}, {0x011D93, 0x011D98}, {0x011DA0, 0x011DA9},
    {0x011EE0, 0x011EF8}, {0x011FB0, 0x011FB0}, {0x011FC0, 0x011FF1}, {0x011FFF, 0x012399},
    {0x012400, 0x01246E}, {0x012470, 0x012474}, {0x012480, 0x012543}, {0x012F90, 0x012FF2},
    {0x013000, 0x01342E}, {0x013430, 0x013438}, {0x014400, 0x014646}, {0x016800, 0x016A38},
    {0x016A40, 0x016A5E}, {0x016A60, 0x016A69}, {0x016A6E, 0x016ABE}, {0x016AC0, 0x016AC9},
    {0x016AD0, 0x016AED}, {0x016AF0, 0x016AF5}, {0x016B00, 0x016B45}, {0x016B50, 0x016B59},
    {0x016B5B, 0x016B61}, {0x016B63, 0x016B77}, {0x016B7D, 0x016B8F}, {0x016E40, 0x016E9A},
    {0x016F00, 0x016F4A}, {0x016F4F, 0x016F87}, {0x016F8F, 0x016F9F}, {0x016FE0, 0x016FE4},
    {0x016FF0, 0x016FF1}, {0x017000, 0x0187F7}, {0x018800, 0x018CD5}, {0x018D00, 0x018D08},
    {0x01AFF0, 0x01AFF3}, {0x01AFF5, 0x01AFFB}, {0x01AFFD, 0x01AFFE}, {0x01B000, 0x01B122},
    {0x01B150, 0x01B152}, {0x01B164, 0x01B167}, {0x01B170, 0x01B2FB}, {0x01BC00, 0x01BC6A},
    {0x01BC70, 0x01BC7C}, {0x01BC80, 0x01BC88}, {0x01BC90, 0x01BC99}, {0x01BC9C, 0x01BCA3},
    {0x01CF00, 0x01CF2D}, {0x01CF30, 0x01CF46}, {0x01CF50, 0x01CFC3}, {0x01D000, 0x01D0F5},
    {0x01D100, 0x01D126}, {0x01D129, 0x01D1EA}, {0x01D200, 0x01D245}, {0x01D2E0, 0x01D2F3},
    {0x01D300, 0x01D356}, {0x01D360, 0x01D378}, {0x01D400, 0x01D454}, {0x01D456, 0x01D49C},
    {0x01D49E, 0x01D49F}, {0x01D4A2, 0x01D4A2}, {0x01D4A5, 0x01D4A6}, {0x01D4A9, 0x01D4AC},
    {0x01D4AE, 0x01D4B9}, {0x01D4BB, 0x01D4BB}, {0x01D4BD, 0x01D4C3}, {0x01D4C5, 0x01D505},
    {0x01D507, 0x01D50A}, {0x01D50D, 0x01D514}, {0x01D516, 0x01D51C}, {0x01D51E, 0x01D539},
    {0x01D53B, 0x01D53E}, {0x01D540, 0x01D544}, {0x01D546, 0x01D546}, {0x01D54A, 0x01D550},
    {0x01D552, 0x01D6A5}, {0x01D6A8, 0x01D7CB}, {0x01D7CE, 0x01DA8B}, {0x01DA9B, 0x01DA9F},
    {0x01DAA1, 0x01DAAF}, {0x01DF00, 0x01DF1E}, {0x01E000, 0x01E006}, {0x01E008, 0x01E018},
    {0x01E01B, 0x01E021}, {0x01E023, 0x01E024}, {0x01E026, 0x01E02A}, {0x01E100, 0x01E12C},
    {0x01E130, 0x01E13D}, {0x01E140, 0x01E149}, {0x01E14E, 0x01E14F}, {0x01E290, 0x01E2AE},
    {0x01E2C0, 0x01E2F9}, {0x01E2FF, 0x01E2FF}, {0x01E7E0, 0x01E7E6}, {0x01E7E8, 0x01E7EB},
    {0x01E7ED, 0x01E7EE}, {0x01E7F0, 0x01E7FE}, {0x01E800, 0x01E8C4}, {0x01E8C7, 0x01E8D6},
    {0x01E900, 0x01E94B}, {0x01E950, 0x01E959}, {0x01E95E, 0x01E95F}, {0x01EC71, 0x01ECB4},
    {0x01ED01, 0x01ED3D}, {0x01EE00, 0x01EE03}, {0x01EE05, 0x01EE1F}, {0x01EE21, 0x01EE22},
    {0x01EE24, 0x01EE24}, {0x01EE27, 0x01EE27}, {0x01EE29, 0x01EE32}, {0x01EE34, 0x01EE37},
    {0x01EE39, 0x01EE39}, {0x01EE3B, 0x01EE3B}, {0x01EE42, 0x01EE42}, {0x01EE47, 0x01EE47},
    {0x01EE49, 0x01EE49}, {0x01EE4B, 0x01EE4B}, {0x01EE4D, 0x01EE4F}, {0x01EE51, 0x01EE52},
    {0x01EE54, 0x01EE54}, {0x01EE57, 0x01EE57}, {0x01EE59, 0x01EE59}, {0x01EE5B, 0x01EE5B},
    {0x01EE5D, 0x01EE5D}, {0x01EE5F, 0x01EE5F}, {0x01EE61, 0x01EE62}, {0x01EE64, 0x01EE64},
    {0x01EE67, 0x01EE6A}, {0x01EE6C, 0x01EE72}, {0x01EE74, 0x01EE77}, {0x01EE79, 0x01EE7C},
    {0x01EE7E, 0x01EE7E}, {0x01EE80, 0x01EE89}, {0x01EE8B, 0x01EE9B}, {0x01EEA1, 0x01EEA3},
    {0x01EEA5, 0x01EEA9}, {0x01EEAB, 0x01EEBB}, {0x01EEF0, 0x01EEF1}, {0x01F000, 0x01F02B},
    {0x01F030, 0x01F093}, {0x01F0A0, 0x01F0AE}, {0x01F0B1, 0x01F0BF}, {0x01F0C1, 0x01F0CF},
    {0x01F0D1, 0x01F0F5}, {0x01F100, 0x01F1AD}, {0x01F1E6, 0x01F202}, {0x01F210, 0x01F23B},
    {0x01F240, 0x01F248}, {0x01F250, 0x01F251}, {0x01F260, 0x01F265}, {0x01F300, 0x01F6D7},
    {0x01F6DD, 0x01F6EC}, {0x01F6F0, 0x01F6FC}, {0x01F700, 0x01F773}, {0x01F780, 0x01F7D8},
    {0x01F7E0, 0x01F7EB}, {0x01F7F0, 0x01F7F0}, {0x01F800, 0x01F80B}, {0x01F810, 0x01F847},
    {0x01F850, 0x01F859}, {0x01F860, 0x01F887}, {0x01F890, 0x01F8AD}, {0x01F8B0, 0x01F8B1},
    {0x01F900, 0x01FA53}, {0x01FA60, 0x01FA6D}, {0x01FA70, 0x01FA74}, {0x01FA78, 0x01FA7C},
    {0x01FA80, 0x01FA86}, {0x01FA90, 0x01FAAC}, {0x01FAB0, 0x01FABA}, {0x01FAC0, 0x01FAC5},
    {0x01FAD0, 0x01FAD9}, {0x01FAE0, 0x01FAE7}, {0x01FAF0, 0x01FAF6}, {0x01FB00, 0x01FB92},
    {0x01FB94, 0x01FBCA}, {0x01FBF0, 0x01FBF9}, {0x01FFFE, 0x02A6DF}, {0x02A700, 0x02B738},
    {0x02B740, 0x02B81D}, {0x02B820, 0x02CEA1}, {0x02CEB0, 0x02EBE0}, {0x02F800, 0x02FA1D},
    {0x02FFFE, 0x03134A}, {0x03FFFE, 0x03FFFF}, {0x04FFFE, 0x04FFFF}, {0x05FFFE, 0x05FFFF},
    {0x06FFFE, 0x06FFFF}, {0x07FFFE, 0x07FFFF}, {0x08FFFE, 0x08FFFF}, {0x09FFFE, 0x09FFFF},
    {0x0AFFFE, 0x0AFFFF}, {0x0BFFFE, 0x0BFFFF}, {0x0CFFFE, 0x0CFFFF}, {0x0DFFFE, 0x0DFFFF},
    {0x0E0001, 0x0E0001}, {0x0E0020, 0x0E007F}, {0x0E0100, 0x0E01EF}, {0x0EFFFE, 0x10FFFF},
    {0x000000, 0x000377}, {0x00037A, 0x00037F}, {0x000384, 0x00038A}, {0x00038C, 0x00038C},
    {0x00038E, 0x0003A1}, {0x0003A3, 0x00052F}, {0x000531, 0x000556}, {0x000559, 0x00058A},
    {0x00058D, 0x00058F}, {0x000591, 0x0005C7}, {0x0005D0, 0x0005EA}, {0x0005EF, 0x0005F4},
    {0x000600, 0x00070D}, {0x00070F, 0x00074A}, {0x00074D, 0x0007B1}, {0x0007C0, 0x0007FA},
    {0x0007FD, 0x00082D}, {0x000830, 0x00083E}, {0x000840, 0x00085B}, {0x00085E, 0x00085E},
    {0x000860, 0x00086A}, {0x000870, 0x00088E}, {0x000890, 0x000891}, {0x000898, 0x000983},
    {0x000985, 0x00098C}, {0x00098F, 0x000990}, {0x000993, 0x0009A8}, {0x0009AA, 0x0009B0},
    {0x0009B2, 0x0009B2}, {0x0009B6, 0x0009B9}, {0x0009BC, 0x0009C4}, {0x0009C7, 0x0009C8},
    {0x0009CB, 0x0009CE}, {0x0009D7, 0x0009D7}, {0x0009DC, 0x0009DD}, {0x0009DF, 0x0009E3},
    {0x0009E6, 0x0009FE}, {0x000A01, 0x000A03}, {0x000A05, 0x000A0A}, {0x000A0F, 0x000A10},
    {0x000A13, 0x000A28}, {0x000A2A, 0x000A30}, {0x000A32, 0x000A33}, {0x000A35, 0x000A36},
    {0x000A38, 0x000A39}, {0x000A3C, 0x000A3C}, {0x000A3E, 0x000A42}, {0x000A47, 0x000A48},
    {0x000A4B, 0x000A4D}, {0x000A51, 0x000A51}, {0x000A59, 0x000A5C}, {0x000A5E, 0x000A5E},
    {0x000A66, 0x000A76}, {0x000A81, 0x000A83}, {0x000A85, 0x000A8D}, {0x000A8F, 0x000A91},
    {0x000A93, 0x000AA8}, {0x000AAA, 0x000AB0}, {0x000AB2, 0x000AB3}, {0x000AB5, 0x000AB9},
    {0x000ABC, 0x000AC5}, {0x000AC7, 0x000AC9}, {0x000ACB, 0x000ACD}, {0x000AD0, 0x000AD0},
    {0x000AE0, 0x000AE3}, {0x000AE6, 0x000AF1}, {0x000AF9, 0x000AFF}, {0x000B01, 0x000B03},
    {0x000B05, 0x000B0C}, {0x000B0F, 0x000B10}, {0x000B13, 0x000B28}, {0x000B2A, 0x000B30},
    {0x000B32, 0x000B33}, {0x000B35, 0x000B39}, {0x000B3C, 0x000B44}, {0x000B47, 0x000B48},
    {0x000B4B, 0x000B4D}, {0x000B55, 0x000B57}, {0x000B5C, 0x000B5D}, {0x000B5F, 0x000B63},
    {0x000B66, 0x000B77}, {0x000B82, 0x000B83}, {0x000B85, 0x000B8A}, {0x000B8E, 0x000B90},
    {0x000B92, 0x000B95}, {0x000B99, 0x000B9A}, {0x000B9C, 0x000B9C}, {0x000B9E, 0x000B9F},
    {0x000BA3, 0x000BA4}, {0x000BA8, 0x000BAA}, {0x000BAE, 0x000BB9}, {0x000BBE, 0x000BC2},
    {0x000BC6, 0x000BC8}, {0x000BCA, 0x000BCD}, {0x000BD0, 0x000BD0}, {0x000BD7, 0x000BD7},
    {0x000BE6, 0x000BFA}, {0x000C00, 0x000C0C}, {0x000C0E, 0x000C10}, {0x000C12, 0x000C28},
    {0x000C2A, 0x000C39}, {0x000C3C, 0x000C44}, {0x000C46, 0x000C48}, {0x000C4A, 0x000C4D},
    {0x000C55, 0x000C56}, {0x000C58, 0x000C5A}, {0x000C5D, 0x000C5D}, {0x000C60, 0x000C63},
    {0x000C66, 0x000C6F}, {0x000C77, 0x000C8C}, {0x000C8E, 0x000C90}, {0x000C92, 0x000CA8},
    {0x000CAA, 0x000CB3}, {0x000CB5, 0x000CB9}, {0x000CBC, 0x000CC4}, {0x000CC6, 0x000CC8},
    {0x000CCA, 0x000CCD}, {0x000CD5, 0x000CD6}, {0x000CDD, 0x000CDE}, {0x000CE0, 0x000CE3},
    {0x000CE6, 0x000CEF}, {0x000CF1, 0x000CF3}, {0x000D00, 0x000D0C}, {0x000D0E, 0x000D10},
    {0x000D12, 0x000D44}, {0x000D46, 0x000D48}, {0x000D4A, 0x000D4F}, {0x000D54, 0x000D63},
    {0x000D66, 0x000D7F}, {0x000D81, 0x000D83}, {0x000D85, 0x000D96}, {0x000D9A, 0x000DB1},
    {0x000DB3, 0x000DBB}, {0x000DBD, 0x000DBD}, {0x000DC0, 0x000DC6}, {0x000DCA, 0x000DCA},
    {0x000DCF, 0x000DD4}, {0x000DD6, 0x000DD6}, {0x000DD8, 0x000DDF}, {0x000DE6, 0x000DEF},
    {0x000DF2, 0x000DF4}, {0x000E01, 0x000E3A}, {0x000E3F, 0x000E5B}, {0x000E81, 0x000E82},
    {0x000E84, 0x000E84}, {0x000E86, 0x000E8A}, {0x000E8C, 0x000EA3}, {0x000EA5, 0x000EA5},
    {0x000EA7, 0x000EBD}, {0x000EC0, 0x000EC4}, {0x000EC6, 0x000EC6}, {0x000EC8, 0x000ECE},
    {0x000ED0, 0x000ED9}, {0x000EDC, 0x000EDF}, {0x000F00, 0x000F47}, {0x000F49, 0x000F6C},
    {0x000F71, 0x000F97}, {0x000F99, 0x000FBC}, {0x000FBE, 0x000FCC}, {0x000FCE, 0x000FDA},
    {0x001000, 0x0010C5}, {0x0010C7, 0x0010C7}, {0x0010CD, 0x0010CD}, {0x0010D0, 0x001248},
    {0x00124A, 0x00124D}, {0x001250, 0x001256}, {0x001258, 0x001258}, {0x00125A, 0x00125D},
    {0x001260, 0x001288}, {0x00128A, 0x00128D}, {0x001290, 0x0012B0}, {0x0012B2, 0x0012B5},
    {0x0012B8, 0x0012BE}, {0x0012C0, 0x0012C0}, {0x0012C2, 0x0012C5}, {0x0012C8, 0x0012D6},
    {0x0012D8, 0x001310}, {0x001312, 0x001315}, {0x001318, 0x00135A}, {0x00135D, 0x00137C},
    {0x001380, 0x001399}, {0x0013A0, 0x0013F5}, {0x0013F8, 0x0013FD}, {0x001400, 0x00169C},
    {0x0016A0, 0x0016F8}, {0x001700, 0x001715}, {0x00171F, 0x001736}, {0x001740, 0x001753},
    {0x001760, 0x00176C}, {0x00176E, 0x001770}, {0x001772, 0x001773}, {0x001780, 0x0017DD},
    {0x0017E0, 0x0017E9}, {0x0017F0, 0x0017F9}, {0x001800, 0x001819}, {0x001820, 0x001878},
    {0x001880, 0x0018AA}, {0x0018B0, 0x0018F5}, {0x001900, 0x00191E}, {0x001920, 0x00192B},
    {0x001930, 0x00193B}, {0x001940, 0x001940}, {0x001944, 0x00196D}, {0x001970, 0x001974},
    {0x001980, 0x0019AB}, {0x0019B0, 0x0019C9}, {0x0019D0, 0x0019DA}, {0x0019DE, 0x001A1B},
    {0x001A1E, 0x001A5E}, {0x001A60, 0x001A7C}, {0x001A7F, 0x001A89}, {0x001A90, 0x001A99},
    {0x001AA0, 0x001AAD}, {0x001AB0, 0x001ACE}, {0x001B00, 0x001B4C}, {0x001B50, 0x001B7E},
    {0x001B80, 0x001BF3}, {0x001BFC, 0x001C37}, {0x001C3B, 0x001C49}, {0x001C4D, 0x001C88},
    {0x001C90, 0x001CBA}, {0x001CBD, 0x001CC7}, {0x001CD0, 0x001CFA}, {0x001D00, 0x001F15},
    {0x001F18, 0x001F1D}, {0x001F20, 0x001F45}, {0x001F48, 0x001F4D}, {0x001F50, 0x001F57},
    {0x001F59, 0x001F59}, {0x001F5B, 0x001F5B}, {0x001F5D, 0x001F5D}, {0x001F5F, 0x001F7D},
    {0x001F80, 0x001FB4}, {0x001FB6, 0x001FC4}, {0x001FC6, 0x001FD3}, {0x001FD6, 0x001FDB},
    {0x001FDD, 0x001FEF}, {0x001FF2, 0x001FF4}, {0x001FF6, 0x001FFE}, {0x002000, 0x002064},
    {0x002066, 0x002071}, {0x002074, 0x00208E}, {0x002090, 0x00209C}, {0x0020A0, 0x0020C0},
    {0x0020D0, 0x0020F0}, {0x002100, 0x00218B}, {0x002190, 0x002426}, {0x002440, 0x00244A},
    {0x002460, 0x002B73}, {0x002B76, 0x002B95}, {0x002B97, 0x002CF3}, {0x002CF9, 0x002D25},
    {0x002D27, 0x002D27}, {0x002D2D, 0x002D2D}, {0x002D30, 0x002D67}, {0x002D6F, 0x002D70},
    {0x002D7F, 0x002D96}, {0x002DA0, 0x002DA6}, {0x002DA8, 0x002DAE}, {0x002DB0, 0x002DB6},
    {0x002DB8, 0x002DBE}, {0x002DC0, 0x002DC6}, {0x002DC8, 0x002DCE}, {0x002DD0, 0x002DD6},
    {0x002DD8, 0x002DDE}, {0x002DE0, 0x002E5D}, {0x002E80, 0x002E99}, {0x002E9B, 0x002EF3},
    {0x002F00, 0x002FD5}, {0x002FF0, 0x002FFB}, {0x003000, 0x00303F}, {0x003041, 0x003096},
    {0x003099, 0x0030FF}, {0x003105, 0x00312F}, {0x003131, 0x00318E}, {0x003190, 0x0031E3},
    {0x0031F0, 0x00321E}, {0x003220, 0x00A48C}, {0x00A490, 0x00A4C6}, {0x00A4D0, 0x00A62B},
    {0x00A640, 0x00A6F7}, {0x00A700, 0x00A7CA}, {0x00A7D0, 0x00A7D1}, {0x00A7D3, 0x00A7D3},
    {0x00A7D5, 0x00A7D9}, {0x00A7F2, 0x00A82C}, {0x00A830, 0x00A839}, {0x00A840, 0x00A877},
    {0x00A880, 0x00A8C5}, {0x00A8CE, 0x00A8D9}, {0x00A8E0, 0x00A953}, {0x00A95F, 0x00A97C},
    {0x00A980, 0x00A9CD}, {0x00A9CF, 0x00A9D9}, {0x00A9DE, 0x00A9FE}, {0x00AA00, 0x00AA36},
    {0x00AA40, 0x00AA4D}, {0x00AA50, 0x00AA59}, {0x00AA5C, 0x00AAC2}, {0x00AADB, 0x00AAF6},
    {0x00AB01, 0x00AB06}, {0x00AB09, 0x00AB0E}, {0x00AB11, 0x00AB16}, {0x00AB20, 0x00AB26},
    {0x00AB28, 0x00AB2E}, {0x00AB30, 0x00AB6B}, {0x00AB70, 0x00ABED}, {0x00ABF0, 0x00ABF9},
    {0x00AC00, 0x00D7A3}, {0x00D7B0, 0x00D7C6}, {0x00D7CB, 0x00D7FB}, {0x00E000, 0x00FA6D},
    {0x00FA70, 0x00FAD9}, {0x00FB00, 0x00FB06}, {0x00FB13, 0x00FB17}, {0x00FB1D, 0x00FB36},
    {0x00FB38, 0x00FB3C}, {0x00FB3E, 0x00FB3E}, {0x00FB40, 0x00FB41}, {0x00FB43, 0x00FB44},
    {0x00FB46, 0x00FBC2}, {0x00FBD3, 0x00FD8F}, {0x00FD92, 0x00FDC7}, {0x00FDCF, 0x00FE19},
    {0x00FE20, 0x00FE52}, {0x00FE54, 0x00FE66}, {0x00FE68, 0x00FE6B}, {0x00FE70, 0x00FE74},
    {0x00FE76, 0x00FEFC}, {0x00FEFF, 0x00FEFF}, {0x00FF01, 0x00FFBE}, {0x00FFC2, 0x00FFC7},
    {0x00FFCA, 0x00FFCF}, {0x00FFD2, 0x00FFD7}, {0x00FFDA, 0x00FFDC}, {0x00FFE0, 0x00FFE6},
    {0x00FFE8, 0x00FFEE}, {0x00FFF9, 0x01000B}, {0x01000D, 0x010026}, {0x010028, 0x01003A},
    {0x01003C, 0x01003D}, {0x01003F, 0x01004D}, {0x010050, 0x01005D}, {0x010080, 0x0100FA},
    {0x010100, 0x010102}, {0x010107, 0x010133}, {0x010137, 0x01018E}, {0x010190, 0x01019C},
    {0x0101A0, 0x0101A0}, {0x0101D0, 0x0101FD}, {0x010280, 0x01029C}, {0x0102A0, 0x0102D0},
    {0x0102E0, 0x0102FB}, {0x010300, 0x010323}, {0x01032D, 0x01034A}, {0x010350, 0x01037A},
    {0x010380, 0x01039D}, {0x01039F, 0x0103C3}, {0x0103C8, 0x0103D5}, {0x010400, 0x01049D},
    {0x0104A0, 0x0104A9}, {0x0104B0, 0x0104D3}, {0x0104D8, 0x0104FB}, {0x010500, 0x010527},
    {0x010530, 0x010563}, {0x01056F, 0x01057A}, {0x01057C, 0x01058A}, {0x01058C, 0x010592},
    {0x010594, 0x010595}, {0x010597, 0x0105A1}, {0x0105A3, 0x0105B1}, {0x0105B3, 0x0105B9},
    {0x0105BB, 0x0105BC}, {0x010600, 0x010736}, {0x010740, 0x010755}, {0x010760, 0x010767},
    {0x010780, 0x010785}, {0x010787, 0x0107B0}, {0x0107B2, 0x0107BA}, {0x010800, 0x010805},
    {0x010808, 0x010808}, {0x01080A, 0x010835}, {0x010837, 0x010838}, {0x01083C, 0x01083C},
    {0x01083F, 0x010855}, {0x010857, 0x01089E}, {0x0108A7, 0x0108AF}, {0x0108E0, 0x0108F2},
    {0x0108F4, 0x0108F5}, {0x0108FB, 0x01091B}, {0x01091F, 0x010939}, {0x01093F, 0x01093F},
    {0x010980, 0x0109B7}, {0x0109BC, 0x0109CF}, {0x0109D2, 0x010A03}, {0x010A05, 0x010A06},
    {0x010A0C, 0x010A13}, {0x010A15, 0x010A17}, {0x010A19, 0x010A35}, {0x010A38, 0x010A3A},
    {0x010A3F, 0x010A48}, {0x010A50, 0x010A58}, {0x010A60, 0x010A9F}, {0x010AC0, 0x010AE6},
    {0x010AEB, 0x010AF6}, {0x010B00, 0x010B35}, {0x010B39, 0x010B55}, {0x010B58, 0x010B72},
    {0x010B78, 0x010B91}, {0x010B99, 0x010B9C}, {0x010BA9, 0x010BAF}, {0x010C00, 0x010C48},
    {0x010C80, 0x010CB2}, {0x010CC0, 0x010CF2}, {0x010CFA, 0x010D27}, {0x010D30, 0x010D39},
    {0x010E60, 0x010E7E}, {0x010E80, 0x010EA9}, {0x010EAB, 0x010EAD}, {0x010EB0, 0x010EB1},
    {0x010EFD, 0x010F27}, {0x010F30, 0x010F59}, {0x010F70, 0x010F89}, {0x010FB0, 0x010FCB},
    {0x010FE0, 0x010FF6}, {0x011000, 0x01104D}, {0x011052, 0x011075}, {0x01107F, 0x0110C2},
    {0x0110CD, 0x0110CD}, {0x0110D0, 0x0110E8}, {0x0110F0, 0x0110F9}, {0x011100, 0x011134},
    {0x011136, 0x011147}, {0x011150, 0x011176}, {0x011180, 0x0111DF}, {0x0111E1, 0x0111F4},
    {0x011200, 0x011211}, {0x011213, 0x011241}, {0x011280, 0x011286}, {0x011288, 0x011288},
    {0x01128A, 0x01128D}, {0x01128F, 0x01129D}, {0x01129F, 0x0112A9}, {0x0112B0, 0x0112EA},
    {0x0112F0, 0x0112F9}, {0x011300, 0x011303}, {0x011305, 0x01130C}, {0x01130F, 0x011310},
    {0x011313, 0x011328}, {0x01132A, 0x011330}, {0x011332, 0x011333}, {0x011335, 0x011339},
    {0x01133B, 0x011344}, {0x011347, 0x011348}, {0x01134B, 0x01134D}, {0x011350, 0x011350},
    {0x011357, 0x011357}, {0x01135D, 0x011363}, {0x011366, 0x01136C}, {0x011370, 0x011374},
    {0x011400, 0x01145B}, {0x01145D, 0x011461}, {0x011480, 0x0114C7}, {0x0114D0, 0x0114D9},
    {0x011580, 0x0115B5}, {0x0115B8, 0x0115DD}, {0x011600, 0x011644}, {0x011650, 0x011659},
    {0x011660, 0x01166C}, {0x011680, 0x0116B9}, {0x0116C0, 0x0116C9}, {0x011700, 0x01171A},
    {0x01171D, 0x01172B}, {0x011730, 0x011746}, {0x011800, 0x01183B}, {0x0118A0, 0x0118F2},
    {0x0118FF, 0x011906}, {0x011909, 0x011909}, {0x01190C, 0x011913}, {0x011915, 0x011916},
    {0x011918, 0x011935}, {0x011937, 0x011938}, {0x01193B, 0x011946}, {0x011950, 0x011959},
    {0x0119A0, 0x0119A7}, {0x0119AA, 0x0119D7}, {0x0119DA, 0x0119E4}, {0x011A00, 0x011A47},
    {0x011A50, 0x011AA2}, {0x011AB0, 0x011AF8}, {0x011B00, 0x011B09}, {0x011C00, 0x011C08},
    {0x011C0A, 0x011C36}, {0x011C38, 0x011C45}, {0x011C50, 0x011C6C}, {0x011C70, 0x011C8F},
    {0x011C92, 0x011CA7}, {0x011CA9, 0x011CB6}, {0x011D00, 0x011D06}, {0x011D08, 0x011D09},
    {0x011D0B, 0x011D36}, {0x011D3A, 0x011D3A}, {0x011D3C, 0x011D3D}, {0x011D3F, 0x011D47},
    {0x011D50, 0x011D59}, {0x011D60, 0x011D65}, {0x011D67, 0x011D68}, {0x011D6A, 0x011D8E},
    {0x011D90, 0x011D91}, {0x011D93, 0x011D98}, {0x011DA0, 0x011DA9}, {0x011EE0, 0x011EF8},
    {0x011F00, 0x011F10}, {0x011F12, 0x011F3A}, {0x011F3E, 0x011F59}, {0x011FB0, 0x011FB0},
    {0x011FC0, 0x011FF1}, {0x011FFF, 0x012399}, {0x012400, 0x01246E}, {0x012470, 0x012474},
    {0x012480, 0x012543}, {0x012F90, 0x012FF2}, {0x013000, 0x013455}, {0x014400, 0x014646},
    {0x016800, 0x016A38}, {0x016A40, 0x016A5E}, {0x016A60, 0x016A69}, {0x016A6E, 0x016ABE},
    {0x016AC0, 0x016AC9}, {0x016AD0, 0x016AED}, {0x016AF0, 0x016AF5}, {0x016B00, 0x016B45},
    {0x016B50, 0x016B59}, {0x016B5B, 0x016B61}, {0x016B63, 0x016B77}, {0x016B7D, 0x016B8F},
    {0x016E40, 0x016E9A}, {0x016F00, 0x016F4A}, {0x016F4F, 0x016F87}, {0x016F8F, 0x016F9F},
    {0x016FE0, 0x016FE4}, {0x016FF0, 0x016FF1}, {0x017000, 0x0187F7}, {0x018800, 0x018CD5},
    {0x018D00, 0x018D08}, {0x01AFF0, 0x01AFF3}, {0x01AFF5, 0x01AFFB}, {0x01AFFD, 0x01AFFE},
    {0x01B000, 0x01B122}, {0x01B132, 0x01B132}, {0x01B150, 0x01B152}, {0x01B155, 0x01B155},
    {0x01B164, 0x01B167}, {0x01B170, 0x01B2FB}, {0x01BC00, 0x01BC6A}, {0x01BC70, 0x01BC7C},
    {0x01BC80, 0x01BC88}, {0x01BC90, 0x01BC99}, {0x01BC9C, 0x01BCA3}, {0x01CF00, 0x01CF2D},
    {0x01CF30, 0x01CF46}, {0x01CF50, 0x01CFC3}, {0x01D000, 0x01D0F5}, {0x01D100, 0x01D126},
    {0x01D129, 0x01D1EA}, {0x01D200, 0x01D245}, {0x01D2C0, 0x01D2D3}, {0x01D2E0, 0x01D2F3},
    {0x01D300, 0x01D356}, {0x01D360, 0x01D378}, {0x01D400, 0x01D454}, {0x01D456, 0x01D49C},
    {0x01D49E, 0x01D49F}, {0x01D4A2, 0x01D4A2}, {0x01D4A5, 0x01D4A6}, {0x01D4A9, 0x01D4AC},
    {0x01D4AE, 0x01D4B9}, {0x01D4BB, 0x01D4BB}, {0x01D4BD, 0x01D4C3}, {0x01D4C5, 0x01D505},
    {0x01D507, 0x01D50A}, {0x01D50D, 0x01D514}, {0x01D516, 0x01D51C}, {0x01D51E, 0x01D539},
    {0x01D53B, 0x01D53E}, {0x01D540, 0x01D544}, {0x01D546, 0x01D546}, {0x01D54A, 0x01D550},
    {0x01D552, 0x01D6A5}, {0x01D6A8, 0x01D7CB}, {0x01D7CE, 0x01DA8B}, {0x01DA9B, 0x01DA9F},
    {0x01DAA1, 0x01DAAF}, {0x01DF00, 0x01DF1E}, {0x01DF25, 0x01DF2A}, {0x01E000, 0x01E006},
    {0x01E008, 0x01E018}, {0x01E01B, 0x01E021}, {0x01E023, 0x01E024}, {0x01E026, 0x01E02A},
    {0x01E030, 0x01E06D}, {0x01E08F, 0x01E08F}, {0x01E100, 0x01E12C}, {0x01E130, 0x01E13D},
    {0x01E140, 0x01E149}, {0x01E14E, 0x01E14F}, {0x01E290, 0x01E2AE}, {0x01E2C0, 0x01E2F9},
    {0x01E2FF, 0x01E2FF}, {0x01E4D0, 0x01E4F9}, {0x01E7E0, 0x01E7E6}, {0x01E7E8, 0x01E7EB},
    {0x01E7ED, 0x01E7EE}, {0x01E7F0, 0x01E7FE}, {0x01E800, 0x01E8C4}, {0x01E8C7, 0x01E8D6},
    {0x01E900, 0x01E94B}, {0x01E950, 0x01E959}, {0x01E95E, 0x01E95F}, {0x01EC71, 0x01ECB4},
    {0x01ED01, 0x01ED3D}, {0x01EE00, 0x01EE03}, {0x01EE05, 0x01EE1F}, {0x01EE21, 0x01EE22},
    {0x01EE24, 0x01EE24}, {0x01EE27, 0x01EE27}, {0x01EE29, 0x01EE32}, {0x01EE34, 0x01EE37},
    {0x01EE39, 0x01EE39}, {0x01EE3B, 0x01EE3B}, {0x01EE42, 0x01EE42}, {0x01EE47, 0x01EE47},
    {0x01EE49, 0x01EE49}, {0x01EE4B, 0x01EE4B}, {0x01EE4D, 0x01EE4F}, {0x01EE51, 0x01EE52},
    {0x01EE54, 0x01EE54}, {0x01EE57, 0x01EE57}, {0x01EE59, 0x01EE59}, {0x01EE5B, 0x01EE5B},
    {0x01EE5D, 0x01EE5D}, {0x01EE5F, 0x01EE5F}, {0x01EE61, 0x01EE62}, {0x01EE64, 0x01EE64},
    {0x01EE67, 0x01EE6A}, {0x01EE6C, 0x01EE72}, {0x01EE74, 0x01EE77}, {0x01EE79, 0x01EE7C},
    {0x01EE7E, 0x01EE7E}, {0x01EE80, 0x01EE89}, {0x01EE8B, 0x01EE9B}, {0x01EEA1, 0x01EEA3},
    {0x01EEA5, 0x01EEA9}, {0x01EEAB, 0x01EEBB}, {0x01EEF0, 0x01EEF1}, {0x01F000, 0x01F02B},
    {0x01F030, 0x01F093}, {0x01F0A0, 0x01F0AE}, {0x01F0B1, 0x01F0BF}, {0x01F0C1, 0x01F0CF},
    {0x01F0D1, 0x01F0F5}, {0x01F100, 0x01F1AD}, {0x01F1E6, 0x01F202}, {0x01F210, 0x01F23B},
    {0x01F240, 0x01F248}, {0x01F250, 0x01F251}, {0x01F260, 0x01F265}, {0x01F300, 0x01F6D7},
    {0x01F6DC, 0x01F6EC}, {0x01F6F0, 0x01F6FC}, {0x01F700, 0x01F776}, {0x01F77B, 0x01F7D9},
    {0x01F7E0, 0x01F7EB}, {0x01F7F0, 0x01F7F0}, {0x01F800, 0x01F80B}, {0x01F810, 0x01F847},
    {0x01F850, 0x01F859}, {0x01F860, 0x01F887}, {0x01F890, 0x01F8AD}, {0x01F8B0, 0x01F8B1},
    {0x01F900, 0x01FA53}, {0x01FA60, 0x01FA6D}, {0x01FA70, 0x01FA7C}, {0x01FA80, 0x01FA88},
    {0x01FA90, 0x01FABD}, {0x01FABF, 0x01FAC5}, {0x01FACE, 0x01FADB}, {0x01FAE0, 0x01FAE8},
    {0x01FAF0, 0x01FAF8}, {0x01FB00, 0x01FB92}, {0x01FB94, 0x01FBCA}, {0x01FBF0, 0x01FBF9},
    {0x01FFFE, 0x02A6DF}, {0x02A700, 0x02B739}, {0x02B740, 0x02B81D}, {0x02B820, 0x02CEA1},
    {0x02CEB0, 0x02EBE0}, {0x02F800, 0x02FA1D}, {0x02FFFE, 0x03134A}, {0x031350, 0x0323AF},
    {0x03FFFE, 0x03FFFF}, {0x04FFFE, 0x04FFFF}, {0x05FFFE, 0x05FFFF}, {0x06FFFE, 0x06FFFF},
    {0x07FFFE, 0x07FFFF}, {0x08FFFE, 0x08FFFF}, {0x09FFFE, 0x09FFFF}, {0x0AFFFE, 0x0AFFFF},
    {0x0BFFFE, 0x0BFFFF}, {0x0CFFFE, 0x0CFFFF}, {0x0DFFFE, 0x0DFFFF}, {0x0E0001, 0x0E0001},
    {0x0E0020, 0x0E007F}, {0x0E0100, 0x0E01EF}, {0x0EFFFE, 0x10FFFF}, {0x000000, 0x000377},
    {0x00037A, 0x00037F}, {0x000384, 0x00038A}, {0x00038C, 0x00038C}, {0x00038E, 0x0003A1},
    {0x0003A3, 0x00052F}, {0x000531, 0x000556}, {0x000559, 0x00058A}, {0x00058D, 0x00058F},
    {0x000591, 0x0005C7}, {0x0005D0, 0x0005EA}, {0x0005EF, 0x0005F4}, {0x000600, 0x00070D},
    {0x00070F, 0x00074A}, {0x00074D, 0x0007B1}, {0x0007C0, 0x0007FA}, {0x0007FD, 0x00082D},
    {0x000830, 0x00083E}, {0x000840, 0x00085B}, {0x00085E, 0x00085E}, {0x000860, 0x00086A},
    {0x000870, 0x00088E}, {0x000890, 0x000891}, {0x000898, 0x000983}, {0x000985, 0x00098C},
    {0x00098F, 0x000990}, {0x000993, 0x0009A8}, {0x0009AA, 0x0009B0}, {0x0009B2, 0x0009B2},
    {0x0009B6, 0x0009B9}, {0x0009BC, 0x0009C4}, {0x0009C7, 0x0009C8}, {0x0009CB, 0x0009CE},
    {0x0009D7, 0x0009D7}, {0x0009DC, 0x0009DD}, {0x0009DF, 0x0009E3}, {0x0009E6, 0x0009FE},
    {0x000A01, 0x000A03}, {0x000A05, 0x000A0A}, {0x000A0F, 0x000A10}, {0x000A13, 0x000A28},
    {0x000A2A, 0x000A30}, {0x000A32, 0x000A33}, {0x000A35, 0x000A36}, {0x000A38, 0x000A39},
    {0x000A3C, 0x000A3C}, {0x000A3E, 0x000A42}, {0x000A47, 0x000A48}, {0x000A4B, 0x000A4D},
    {0x000A51, 0x000A51}, {0x000A59, 0x000A5C}, {0x000A5E, 0x000A5E}, {0x000A66, 0x000A76},
    {0x000A81, 0x000A83}, {0x000A85, 0x000A8D}, {0x000A8F, 0x000A91}, {0x000A93, 0x000AA8},
    {0x000AAA, 0x000AB0}, {0x000AB2, 0x000AB3}, {0x000AB5, 0x000AB9}, {0x000ABC, 0x000AC5},
    {0x000AC7, 0x000AC9}, {0x000ACB, 0x000ACD}, {0x000AD0, 0x000AD0}, {0x000AE0, 0x000AE3},
    {0x000AE6, 0x000AF1}, {0x000AF9, 0x000AFF}, {0x000B01, 0x000B03}, {0x000B05, 0x000B0C},
    {0x000B0F, 0x000B10}, {0x000B13, 0x000B28}, {0x000B2A, 0x000B30}, {0x000B32, 0x000B33},
    {0x000B35, 0x000B39}, {0x000B3C, 0x000B44}, {0x000B47, 0x000B48}, {0x000B4B, 0x000B4D},
    {0x000B55, 0x000B57}, {0x000B5C, 0x000B5D}, {0x000B5F, 0x000B63}, {0x000B66, 0x000B77},
    {0x000B82, 0x000B83}, {0x000B85, 0x000B8A}, {0x000B8E, 0x000B90}, {0x000B92, 0x000B95},
    {0x000B99, 0x000B9A}, {0x000B9C, 0x000B9C}, {0x000B9E, 0x000B9F}, {0x000BA3, 0x000BA4},
    {0x000BA8, 0x000BAA}, {0x000BAE, 0x000BB9}, {0x000BBE, 0x000BC2}, {0x000BC6, 0x000BC8},
    {0x000BCA, 0x000BCD}, {0x000BD0, 0x000BD0}, {0x000BD7, 0x000BD7}, {0x000BE6, 0x000BFA},
    {0x000C00, 0x000C0C}, {0x000C0E, 0x000C10}, {0x000C12, 0x000C28}, {0x000C2A, 0x000C39},
    {0x000C3C, 0x000C44}, {0x000C46, 0x000C48}, {0x000C4A, 0x000C4D}, {0x000C55, 0x000C56},
    {0x000C58, 0x000C5A}, {0x000C5D, 0x000C5D}, {0x000C60, 0x000C63}, {0x000C66, 0x000C6F},
    {0x000C77, 0x000C8C}, {0x000C8E, 0x000C90}, {0x000C92, 0x000CA8}, {0x000CAA, 0x000CB3},
    {0x000CB5, 0x000CB9}, {0x000CBC, 0x000CC4}, {0x000CC6, 0x000CC8}, {0x000CCA, 0x000CCD},
    {0x000CD5, 0x000CD6}, {0x000CDD, 0x000CDE}, {0x000CE0, 0x000CE3}, {0x000CE6, 0x000CEF},
    {0x000CF1, 0x000CF3}, {0x000D00, 0x000D0C}, {0x000D0E, 0x000D10}, {0x000D12, 0x000D44},
    {0x000D46, 0x000D48}, {0x000D4A, 0x000D4F}, {0x000D54, 0x000D63}, {0x000D66, 0x000D7F},
    {0x000D81, 0x000D83}, {0x000D85, 0x000D96}, {0x000D9A, 0x000DB1}, {0x000DB3, 0x000DBB},
    {0x000DBD, 0x000DBD}, {0x000DC0, 0x000DC6}, {0x000DCA, 0x000DCA}, {0x000DCF, 0x000DD4},
    {0x000DD6, 0x000DD6}, {0x000DD8, 0x000DDF}, {0x000DE6, 0x000DEF}, {0x000DF2, 0x000DF4},
    {0x000E01, 0x000E3A}, {0x000E3F, 0x000E5B}, {0x000E81, 0x000E82}, {0x000E84, 0x000E84},
    {0x000E86, 0x000E8A}, {0x000E8C, 0x000EA3}, {0x000EA5, 0x000EA5}, {0x000EA7, 0x000EBD},
    {0x000EC0, 0x000EC4}, {0x000EC6, 0x000EC6}, {0x000EC8, 0x000ECE}, {0x000ED0, 0x000ED9},
    {0x000EDC, 0x000EDF}, {0x000F00, 0x000F47}, {0x000F49, 0x000F6C}, {0x000F71, 0x000F97},
    {0x000F99, 0x000FBC}, {0x000FBE, 0x000FCC}, {0x000FCE, 0x000FDA}, {0x001000, 0x0010C5},
    {0x0010C7, 0x0010C7}, {0x0010CD, 0x0010CD}, {0x0010D0, 0x001248}, {0x00124A, 0x00124D},
    {0x001250, 0x001256}, {0x001258, 0x001258}, {0x00125A, 0x00125D}, {0x001260, 0x001288},
    {0x00128A, 0x00128D}, {0x001290, 0x0012B0}, {0x0012B2, 0x0012B5}, {0x0012B8, 0x0012BE},
    {0x0012C0, 0x0012C0}, {0x0012C2, 0x0012C5}, {0x0012C8, 0x0012D6}, {0x0012D8, 0x001310},
    {0x001312, 0x001315}, {0x001318, 0x00135A}, {0x00135D, 0x00137C}, {0x001380, 0x001399},
    {0x0013A0, 0x0013F5}, {0x0013F8, 0x0013FD}, {0x001400, 0x00169C}, {0x0016A0, 0x0016F8},
    {0x001700, 0x001715}, {0x00171F, 0x001736}, {0x001740, 0x001753}, {0x001760, 0x00176C},
    {0x00176E, 0x001770}, {0x001772, 0x001773}, {0x001780, 0x0017DD}, {0x0017E0, 0x0017E9},
    {0x0017F0, 0x0017F9}, {0x001800, 0x001819}, {0x001820, 0x001878}, {0x001880, 0x0018AA},
    {0x0018B0, 0x0018F5}, {0x001900, 0x00191E}, {0x001920, 0x00192B}, {0x001930, 0x00193B},
    {0x001940, 0x001940}, {0x001944, 0x00196D}, {0x001970, 0x001974}, {0x001980, 0x0019AB},
    {0x0019B0, 0x0019C9}, {0x0019D0, 0x0019DA}, {0x0019DE, 0x001A1B}, {0x001A1E, 0x001A5E},
    {0x001A60, 0x001A7C}, {0x001A7F, 0x001A89}, {0x001A90, 0x001A99}, {0x001AA0, 0x001AAD},
    {0x001AB0, 0x001ACE}, {0x001B00, 0x001B4C}, {0x001B50, 0x001B7E}, {0x001B80, 0x001BF3},
    {0x001BFC, 0x001C37}, {0x001C3B, 0x001C49}, {0x001C4D, 0x001C88}, {0x001C90, 0x001CBA},
    {0x001CBD, 0x001CC7}, {0x001CD0, 0x001CFA}, {0x001D00, 0x001F15}, {0x001F18, 0x001F1D},
    {0x001F20, 0x001F45}, {0x001F48, 0x001F4D}, {0x001F50, 0x001F57}, {0x001F59, 0x001F59},
    {0x001F5B, 0x001F5B}, {0x001F5D, 0x001F5D}, {0x001F5F, 0x001F7D}, {0x001F80, 0x001FB4},
    {0x001FB6, 0x001FC4}, {0x001FC6, 0x001FD3}, {0x001FD6, 0x001FDB}, {0x001FDD, 0x001FEF},
    {0x001FF2, 0x001FF4}, {0x001FF6, 0x001FFE}, {0x002000, 0x002064}, {0x002066, 0x002071},
    {0x002074, 0x00208E}, {0x002090, 0x00209C}, {0x0020A0, 0x0020C0}, {0x0020D0, 0x0020F0},
    {0x002100, 0x00218B}, {0x002190, 0x002426}, {0x002440, 0x00244A}, {0x002460, 0x002B73},
    {0x002B76, 0x002B95}, {0x002B97, 0x002CF3}, {0x002CF9, 0x002D25}, {0x002D27, 0x002D27},
    {0x002D2D, 0x002D2D}, {0x002D30, 0x002D67}, {0x002D6F, 0x002D70}, {0x002D7F, 0x002D96},
    {0x002DA0, 0x002DA6}, {0x002DA8, 0x002DAE}, {0x002DB0, 0x002DB6}, {0x002DB8, 0x002DBE},
    {0x002DC0, 0x002DC6}, {0x002DC8, 0x002DCE}, {0x002DD0, 0x002DD6}, {0x002DD8, 0x002DDE},
    {0x002DE0, 0x002E5D}, {0x002E80, 0x002E99}, {0x002E9B, 0x002EF3}, {0x002F00, 0x002FD5},
    {0x002FF0, 0x00303F}, {0x003041, 0x003096}, {0x003099, 0x0030FF}, {0x003105, 0x00312F},
    {0x003131, 0x00318E}, {0x003190, 0x0031E3}, {0x0031EF, 0x00321E}, {0x003220, 0x00A48C},
    {0x00A490, 0x00A4C6}, {0x00A4D0, 0x00A62B}, {0x00A640, 0x00A6F7}, {0x00A700, 0x00A7CA},
    {0x00A7D0, 0x00A7D1}, {0x00A7D3, 0x00A7D3}, {0x00A7D5, 0x00A7D9}, {0x00A7F2, 0x00A82C},
    {0x00A830, 0x00A839}, {0x00A840, 0x00A877}, {0x00A880, 0x00A8C5}, {0x00A8CE, 0x00A8D9},
    {0x00A8E0, 0x00A953}, {0x00A95F, 0x00A97C}, {0x00A980, 0x00A9CD}, {0x00A9CF, 0x00A9D9},
    {0x00A9DE, 0x00A9FE}, {0x00AA00, 0x00AA36}, {0x00AA40, 0x00AA4D}, {0x00AA50, 0x00AA59},
    {0x00AA5C, 0x00AAC2}, {0x00AADB, 0x00AAF6}, {0x00AB01, 0x00AB06}, {0x00AB09, 0x00AB0E},
    {0x00AB11, 0x00AB16}, {0x00AB20, 0x00AB26}, {0x00AB28, 0x00AB2E}, {0x00AB30, 0x00AB6B},
    {0x00AB70, 0x00ABED}, {0x00ABF0, 0x00ABF9}, {0x00AC00, 0x00D7A3}, {0x00D7B0, 0x00D7C6},
    {0x00D7CB, 0x00D7FB}, {0x00E000, 0x00FA6D}, {0x00FA70, 0x00FAD9}, {0x00FB00, 0x00FB06},
    {0x00FB13, 0x00FB17}, {0x00FB1D, 0x00FB36}, {0x00FB38, 0x00FB3C}, {0x00FB3E, 0x00FB3E},
    {0x00FB40, 0x00FB41}, {0x00FB43, 0x00FB44}, {0x00FB46, 0x00FBC2}, {0x00FBD3, 0x00FD8F},
    {0x00FD92, 0x00FDC7}, {0x00FDCF, 0x00FE19}, {0x00FE20, 0x00FE52}, {0x00FE54, 0x00FE66},
    {0x00FE68, 0x00FE6B}, {0x00FE70, 0x00FE74}, {0x00FE76, 0x00FEFC}, {0x00FEFF, 0x00FEFF},
    {0x00FF01, 0x00FFBE}, {0x00FFC2, 0x00FFC7}, {0x00FFCA, 0x00FFCF}, {0x00FFD2, 0x00FFD7},
    {0x00FFDA, 0x00FFDC}, {0x00FFE0, 0x00FFE6}, {0x00FFE8, 0x00FFEE}, {0x00FFF9, 0x01000B},
    {0x01000D, 0x010026}, {0x010028, 0x01003A}, {0x01003C, 0x01003D}, {0x01003F, 0x01004D},
    {0x010050, 0x01005D}, {0x010080, 0x0100FA}, {0x010100, 0x010102}, {0x010107, 0x010133},
    {0x010137, 0x01018E}, {0x010190, 0x01019C}, {0x0101A0, 0x0101A0}, {0x0101D0, 0x0101FD},
    {0x010280, 0x01029C}, {0x0102A0, 0x0102D0}, {0x0102E0, 0x0102FB}, {0x010300, 0x010323},
    {0x01032D, 0x01034A}, {0x010350, 0x01037A}, {0x010380, 0x01039D}, {0x01039F, 0x0103C3},
    {0x0103C8, 0x0103D5}, {0x010400, 0x01049D}, {0x0104A0, 0x0104A9}, {0x0104B0, 0x0104D3},
    {0x0104D8, 0x0104FB}, {0x010500, 0x010527}, {0x010530, 0x010563}, {0x01056F, 0x01057A},
    {0x01057C, 0x01058A}, {0x01058C, 0x010592}, {0x010594, 0x010595}, {0x010597, 0x0105A1},
    {0x0105A3, 0x0105B1}, {0x0105B3, 0x0105B9}, {0x0105BB, 0x0105BC}, {0x010600, 0x010736},
    {0x010740, 0x010755}, {0x010760, 0x010767}, {0x010780, 0x010785}, {0x010787, 0x0107B0},
    {0x0107B2, 0x0107BA}, {0x010800, 0x010805}, {0x010808, 0x010808}, {0x01080A, 0x010835},
    {0x010837, 0x010838}, {0x01083C, 0x01083C}, {0x01083F, 0x010855}, {0x010857, 0x01089E},
    {0x0108A7, 0x0108AF}, {0x0108E0, 0x0108F2}, {0x0108F4, 0x0108F5}, {0x0108FB, 0x01091B},
    {0x01091F, 0x010939}, {0x01093F, 0x01093F}, {0x010980, 0x0109B7}, {0x0109BC, 0x0109CF},
    {0x0109D2, 0x010A03}, {0x010A05, 0x010A06}, {0x010A0C, 0x010A13}, {0x010A15, 0x010A17},
    {0x010A19, 0x010A35}, {0x010A38, 0x010A3A}, {0x010A3F, 0x010A48}, {0x010A50, 0x010A58},
    {0x010A60, 0x010A9F}, {0x010AC0, 0x010AE6}, {0x010AEB, 0x010AF6}, {0x010B00, 0x010B35},
    {0x010B39, 0x010B55}, {0x010B58, 0x010B72}, {0x010B78, 0x010B91}, {0x010B99, 0x010B9C},
    {0x010BA9, 0x010BAF}, {0x010C00, 0x010C48}, {0x010C80, 0x010CB2}, {0x010CC0, 0x010CF2},
    {0x010CFA, 0x010D27}, {0x010D30, 0x010D39}, {0x010E60, 0x010E7E}, {0x010E80, 0x010EA9},
    {0x010EAB, 0x010EAD}, {0x010EB0, 0x010EB1}, {0x010EFD, 0x010F27}, {0x010F30, 0x010F59},
    {0x010F70, 0x010F89}, {0x010FB0, 0x010FCB}, {0x010FE0, 0x010FF6}, {0x011000, 0x01104D},
    {0x011052, 0x011075}, {0x01107F, 0x0110C2}, {0x0110CD, 0x0110CD}, {0x0110D0, 0x0110E8},
    {0x0110F0, 0x0110F9}, {0x011100, 0x011134}, {0x011136, 0x011147}, {0x011150, 0x011176},
    {0x011180, 0x0111DF}, {0x0111E1, 0x0111F4}, {0x011200, 0x011211}, {0x011213, 0x011241},
    {0x011280, 0x011286}, {0x011288, 0x011288}, {0x01128A, 0x01128D}, {0x01128F, 0x01129D},
    {0x01129F, 0x0112A9}, {0x0112B0, 0x0112EA}, {0x0112F0, 0x0112F9}, {0x011300, 0x011303},
    {0x011305, 0x01130C}, {0x01130F, 0x011310}, {0x011313, 0x011328}, {0x01132A, 0x011330},
    {0x011332, 0x011333}, {0x011335, 0x011339}, {0x01133B, 0x011344}, {0x011347, 0x011348},
    {0x01134B, 0x01134D}, {0x011350, 0x011350}, {0x011357, 0x011357}, {0x01135D, 0x011363},
    {0x011366, 0x01136C}, {0x011370, 0x011374}, {0x011400, 0x01145B}, {0x01145D, 0x011461},
    {0x011480, 0x0114C7}, {0x0114D0, 0x0114D9}, {0x011580, 0x0115B5}, {0x0115B8, 0x0115DD},
    {0x011600, 0x011644}, {0x011650, 0x011659}, {0x011660, 0x01166C}, {0x011680, 0x0116B9},
    {0x0116C0, 0x0116C9}, {0x011700, 0x01171A}, {0x01171D, 0x01172B}, {0x011730, 0x011746},
    {0x011800, 0x01183B}, {0x0118A0, 0x0118F2}, {0x0118FF, 0x011906}, {0x011909, 0x011909},
    {0x01190C, 0x011913}, {0x011915, 0x011916}, {0x011918, 0x011935}, {0x011937, 0x011938},
    {0x01193B, 0x011946}, {0x011950, 0x011959}, {0x0119A0, 0x0119A7}, {0x0119AA, 0x0119D7},
    {0x0119DA, 0x0119E4}, {0x011A00, 0x011A47}, {0x011A50, 0x011AA2}, {0x011AB0, 0x011AF8},
    {0x011B00, 0x011B09}, {0x011C00, 0x011C08}, {0x011C0A, 0x011C36}, {0x011C38, 0x011C45},
    {0x011C50, 0x011C6C}, {0x011C70, 0x011C8F}, {0x011C92, 0x011CA7}, {0x011CA9, 0x011CB6},
    {0x011D00, 0x011D06}, {0x011D08, 0x011D09}, {0x011D0B, 0x011D36}, {0x011D3A, 0x011D3A},
    {0x011D3C, 0x011D3D}, {0x011D3F, 0x011D47}, {0x011D50, 0x011D59}, {0x011D60, 0x011D65},
    {0x011D67, 0x011D68}, {0x011D6A, 0x011D8E}, {0x011D90, 0x011D91}, {0x011D93, 0x011D98},
    {0x011DA0, 0x011DA9}, {0x011EE0, 0x011EF8}, {0x011F00, 0x011F10}, {0x011F12, 0x011F3A},
    {0x011F3E, 0x011F59}, {0x011FB0, 0x011FB0}, {0x011FC0, 0x011FF1}, {0x011FFF, 0x012399},
    {0x012400, 0x01246E}, {0x012470, 0x012474}, {0x012480, 0x012543}, {0x012F90, 0x012FF2},
    {0x013000, 0x013455}, {0x014400, 0x014646}, {0x016800, 0x016A38}, {0x016A40, 0x016A5E},
    {0x016A60, 0x016A69}, {0x016A6E, 0x016ABE}, {0x016AC0, 0x016AC9}, {0x016AD0, 0x016AED},
    {0x016AF0, 0x016AF5}, {0x016B00, 0x016B45}, {0x016B50, 0x016B59}, {0x016B5B, 0x016B61},
    {0x016B63, 0x016B77}, {0x016B7D, 0x016B8F}, {0x016E40, 0x016E9A}, {0x016F00, 0x016F4A},
    {0x016F4F, 0x016F87}, {0x016F8F, 0x016F9F}, {0x016FE0, 0x016FE4}, {0x016FF0, 0x016FF1},
    {0x017000, 0x0187F7}, {0x018800, 0x018CD5}, {0x018D00, 0x018D08}, {0x01AFF0, 0x01AFF3},
    {0x01AFF5, 0x01AFFB}, {0x01AFFD, 0x01AFFE}, {0x01B000, 0x01B122}, {0x01B132, 0x01B132},
    {0x01B150, 0x01B152}, {0x01B155, 0x01B155}, {0x01B164, 0x01B167}, {0x01B170, 0x01B2FB},
    {0x01BC00, 0x01BC6A}, {0x01BC70, 0x01BC7C}, {0x01BC80, 0x01BC88}, {0x01BC90, 0x01BC99},
    {0x01BC9C, 0x01BCA3}, {0x01CF00, 0x01CF2D}, {0x01CF30, 0x01CF46}, {0x01CF50, 0x01CFC3},
    {0x01D000, 0x01D0F5}, {0x01D100, 0x01D126}, {0x01D129, 0x01D1EA}, {0x01D200, 0x01D245},
    {0x01D2C0, 0x01D2D3}, {0x01D2E0, 0x01D2F3}, {0x01D300, 0x01D356}, {0x01D360, 0x01D378},
    {0x01D400, 0x01D454}, {0x01D456, 0x01D49C}, {0x01D49E, 0x01D49F}, {0x01D4A2, 0x01D4A2},
    {0x01D4A5, 0x01D4A6}, {0x01D4A9, 0x01D4AC}, {0x01D4AE, 0x01D4B9}, {0x01D4BB, 0x01D4BB},
    {0x01D4BD, 0x01D4C3}, {0x01D4C5, 0x01D505}, {0x01D507, 0x01D50A}, {0x01D50D, 0x01D514},
    {0x01D516, 0x01D51C}, {0x01D51E, 0x01D539}, {0x01D53B, 0x01D53E}, {0x01D540, 0x01D544},
    {0x01D546, 0x01D546}, {0x01D54A, 0x01D550}, {0x01D552, 0x01D6A5}, {0x01D6A8, 0x01D7CB},
    {0x01D7CE, 0x01DA8B}, {0x01DA9B, 0x01DA9F}, {0x01DAA1, 0x01DAAF}, {0x01DF00, 0x01DF1E},
    {0x01DF25, 0x01DF2A}, {0x01E000, 0x01E006}, {0x01E008, 0x01E018}, {0x01E01B, 0x01E021},
    {0x01E023, 0x01E024}, {0x01E026, 0x01E02A}, {0x01E030, 0x01E06D}, {0x01E08F, 0x01E08F},
    {0x01E100, 0x01E12C}, {0x01E130, 0x01E13D}, {0x01E140, 0x01E149}, {0x01E14E, 0x01E14F},
    {0x01E290, 0x01E2AE}, {0x01E2C0, 0x01E2F9}, {0x01E2FF, 0x01E2FF}, {0x01E4D0, 0x01E4F9},
    {0x01E7E0, 0x01E7E6}, {0x01E7E8, 0x01E7EB}, {0x01E7ED, 0x01E7EE}, {0x01E7F0, 0x01E7FE},
    {0x01E800, 0x01E8C4}, {0x01E8C7, 0x01E8D6}, {0x01E900, 0x01E94B}, {0x01E950, 0x01E959},
    {0x01E95E, 0x01E95F}, {0x01EC71, 0x01ECB4}, {0x01ED01, 0x01ED3D}, {0x01EE00, 0x01EE03},
    {0x01EE05, 0x01EE1F}, {0x01EE21, 0x01EE22}, {0x01EE24, 0x01EE24}, {0x01EE27, 0x01EE27},
    {0x01EE29, 0x01EE32}, {0x01EE34, 0x01EE37}, {0x01EE39, 0x01EE39}, {0x01EE3B, 0x01EE3B},
    {0x01EE42, 0x01EE42}, {0x01EE47, 0x01EE47}, {0x01EE49, 0x01EE49}, {0x01EE4B, 0x01EE4B},
    {0x01EE4D, 0x01EE4F}, {0x01EE51, 0x01EE52}, {0x01EE54, 0x01EE54}, {0x01EE57, 0x01EE57},
    {0x01EE59, 0x01EE59}, {0x01EE5B, 0x01EE5B}, {0x01EE5D, 0x01EE5D}, {0x01EE5F, 0x01EE5F},
    {0x01EE61, 0x01EE62}, {0x01EE64, 0x01EE64}, {0x01EE67, 0x01EE6A}, {0x01EE6C, 0x01EE72},
    {0x01EE74, 0x01EE77}, {0x01EE79, 0x01EE7C}, {0x01EE7E, 0x01EE7E}, {0x01EE80, 0x01EE89},
    {0x01EE8B, 0x01EE9B}, {0x01EEA1, 0x01EEA3}, {0x01EEA5, 0x01EEA9}, {0x01EEAB, 0x01EEBB},
    {0x01EEF0, 0x01EEF1}, {0x01F000, 0x01F02B}, {0x01F030, 0x01F093}, {0x01F0A0, 0x01F0AE},
    {0x01F0B1, 0x01F0BF}, {0x01F0C1, 0x01F0CF}, {0x01F0D1, 0x01F0F5}, {0x01F100, 0x01F1AD},
    {0x01F1E6, 0x01F202}, {0x01F210, 0x01F23B}, {0x01F240, 0x01F248}, {0x01F250, 0x01F251},
    {0x01F260, 0x01F265}, {0x01F300, 0x01F6D7}, {0x01F6DC, 0x01F6EC}, {0x01F6F0, 0x01F6FC},
    {0x01F700, 0x01F776}, {0x01F77B, 0x01F7D9}, {0x01F7E0, 0x01F7EB}, {0x01F7F0, 0x01F7F0},
    {0x01F800, 0x01F80B}, {0x01F810, 0x01F847}, {0x01F850, 0x01F859}, {0x01F860, 0x01F887},
    {0x01F890, 0x01F8AD}, {0x01F8B0, 0x01F8B1}, {0x01F900, 0x01FA53}, {0x01FA60, 0x01FA6D},
    {0x01FA70, 0x01FA7C}, {0x01FA80, 0x01FA88}, {0x01FA90, 0x01FABD}, {0x01FABF, 0x01FAC5},
    {0x01FACE, 0x01FADB}, {0x01FAE0, 0x01FAE8}, {0x01FAF0, 0x01FAF8}, {0x01FB00, 0x01FB92},
    {0x01FB94, 0x01FBCA}, {0x01FBF0, 0x01FBF9}, {0x01FFFE, 0x02A6DF}, {0x02A700, 0x02B739},
    {0x02B740, 0x02B81D}, {0x02B820, 0x02CEA1}, {0x02CEB0, 0x02EBE0}, {0x02EBF0, 0x02EE5D},
    {0x02F800, 0x02FA1D}, {0x02FFFE, 0x03134A}, {0x031350, 0x0323AF}, {0x03FFFE, 0x03FFFF},
    {0x04FFFE, 0x04FFFF}, {0x05FFFE, 0x05FFFF}, {0x06FFFE, 0x06FFFF}, {0x07FFFE, 0x07FFFF},
    {0x08FFFE, 0x08FFFF}, {0x09FFFE, 0x09FFFF}, {0x0AFFFE, 0x0AFFFF}, {0x0BFFFE, 0x0BFFFF},
    {0x0CFFFE, 0x0CFFFF}, {0x0DFFFE, 0x0DFFFF}, {0x0E0001, 0x0E0001}, {0x0E0020, 0x0E007F},
    {0x0E0100, 0x0E01EF}, {0x0EFFFE, 0x10FFFF}, {0x000000, 0x000377}, {0x00037A, 0x00037F},
    {0x000384, 0x00038A}, {0x00038C, 0x00038C}, {0x00038E, 0x0003A1}, {0x0003A3, 0x00052F},
    {0x000531, 0x000556}, {0x000559, 0x00058A}, {0x00058D, 0x00058F}, {0x000591, 0x0005C7},
    {0x0005D0, 0x0005EA}, {0x0005EF, 0x0005F4}, {0x000600, 0x00070D}, {0x00070F, 0x00074A},
    {0x00074D, 0x0007B1}, {0x0007C0, 0x0007FA}, {0x0007FD, 0x00082D}, {0x000830, 0x00083E},
    {0x000840, 0x00085B}, {0x00085E, 0x00085E}, {0x000860, 0x00086A}, {0x000870, 0x00088E},
    {0x000890, 0x000891}, {0x000897, 0x000983}, {0x000985, 0x00098C}, {0x00098F, 0x000990},
    {0x000993, 0x0009A8}, {0x0009AA, 0x0009B0}, {0x0009B2, 0x0009B2}, {0x0009B6, 0x0009B9},
    {0x0009BC, 0x0009C4}, {0x0009C7, 0x0009C8}, {0x0009CB, 0x0009CE}, {0x0009D7, 0x0009D7},
    {0x0009DC, 0x0009DD}, {0x0009DF, 0x0009E3}, {0x0009E6, 0x0009FE}, {0x000A01, 0x000A03},
    {0x000A05, 0x000A0A}, {0x000A0F, 0x000A10}, {0x000A13, 0x000A28}, {0x000A2A, 0x000A30},
    {0x000A32, 0x000A33}, {0x000A35, 0x000A36}, {0x000A38, 0x000A39}, {0x000A3C, 0x000A3C},
    {0x000A3E, 0x000A42}, {0x000A47, 0x000A48}, {0x000A4B, 0x000A4D}, {0x000A51, 0x000A51},
    {0x000A59, 0x000A5C}, {0x000A5E, 0x000A5E}, {0x000A66, 0x000A76}, {0x000A81, 0x000A83},
    {0x000A85, 0x000A8D}, {0x000A8F, 0x000A91}, {0x000A93, 0x000AA8}, {0x000AAA, 0x000AB0},
    {0x000AB2, 0x000AB3}, {0x000AB5, 0x000AB9}, {0x000ABC, 0x000AC5}, {0x000AC7, 0x000AC9},
    {0x000ACB, 0x000ACD}, {0x000AD0, 0x000AD0}, {0x000AE0, 0x000AE3}, {0x000AE6, 0x000AF1},
    {0x000AF9, 0x000AFF}, {0x000B01, 0x000B03}, {0x000B05, 0x000B0C}, {0x000B0F, 0x000B10},
    {0x000B13, 0x000B28}, {0x000B2A, 0x000B30}, {0x000B32, 0x000B33}, {0x000B35, 0x000B39},
    {0x000B3C, 0x000B44}, {0x000B47, 0x000B48}, {0x000B4B, 0x000B4D}, {0x000B55, 0x000B57},
    {0x000B5C, 0x000B5D}, {0x000B5F, 0x000B63}, {0x000B66, 0x000B77}, {0x000B82, 0x000B83},
    {0x000B85, 0x000B8A}, {0x000B8E, 0x000B90}, {0x000B92, 0x000B95}, {0x000B99, 0x000B9A},
    {0x000B9C, 0x000B9C}, {0x000B9E, 0x000B9F}, {0x000BA3, 0x000BA4}, {0x000BA8, 0x000BAA},
    {0x000BAE, 0x000BB9}, {0x000BBE, 0x000BC2}, {0x000BC6, 0x000BC8}, {0x000BCA, 0x000BCD},
    {0x000BD0, 0x000BD0}, {0x000BD7, 0x000BD7}, {0x000BE6, 0x000BFA}, {0x000C00, 0x000C0C},
    {0x000C0E, 0x000C10}, {0x000C12, 0x000C28}, {0x000C2A, 0x000C39}, {0x000C3C, 0x000C44},
    {0x000C46, 0x000C48}, {0x000C4A, 0x000C4D}, {0x000C55, 0x000C56}, {0x000C58, 0x000C5A},
    {0x000C5D, 0x000C5D}, {0x000C60, 0x000C63}, {0x000C66, 0x000C6F}, {0x000C77, 0x000C8C},
    {0x000C8E, 0x000C90}, {0x000C92, 0x000CA8}, {0x000CAA, 0x000CB3}, {0x000CB5, 0x000CB9},
    {0x000CBC, 0x000CC4}, {0x000CC6, 0x000CC8}, {0x000CCA, 0x000CCD}, {0x000CD5, 0x000CD6},
    {0x000CDD, 0x000CDE}, {0x000CE0, 0x000CE3}, {0x000CE6, 0x000CEF}, {0x000CF1, 0x000CF3},
    {0x000D00, 0x000D0C}, {0x000D0E, 0x000D10}, {0x000D12, 0x000D44}, {0x000D46, 0x000D48},
    {0x000D4A, 0x000D4F}, {0x000D54, 0x000D63}, {0x000D66, 0x000D7F}, {0x000D81, 0x000D83},
    {0x000D85, 0x000D96}, {0x000D9A, 0x000DB1}, {0x000DB3, 0x000DBB}, {0x000DBD, 0x000DBD},
    {0x000DC0, 0x000DC6}, {0x000DCA, 0x000DCA}, {0x000DCF, 0x000DD4}, {0x000DD6, 0x000DD6},
    {0x000DD8, 0x000DDF}, {0x000DE6, 0x000DEF}, {0x000DF2, 0x000DF4}, {0x000E01, 0x000E3A},
    {0x000E3F, 0x000E5B}, {0x000E81, 0x000E82}, {0x000E84, 0x000E84}, {0x000E86, 0x000E8A},
    {0x000E8C, 0x000EA3}, {0x000EA5, 0x000EA5}, {0x000EA7, 0x000EBD}, {0x000EC0, 0x000EC4},
    {0x000EC6, 0x000EC6}, {0x000EC8, 0x000ECE}, {0x000ED0, 0x000ED9}, {0x000EDC, 0x000EDF},
    {0x000F00, 0x000F47}, {0x000F49, 0x000F6C}, {0x000F71, 0x000F97}, {0x000F99, 0x000FBC},
    {0x000FBE, 0x000FCC}, {0x000FCE, 0x000FDA}, {0x001000, 0x0010C5}, {0x0010C7, 0x0010C7},
    {0x0010CD, 0x0010CD}, {0x0010D0, 0x001248}, {0x00124A, 0x00124D}, {0x001250, 0x001256},
    {0x001258, 0x001258}, {0x00125A, 0x00125D}, {0x001260, 0x001288}, {0x00128A, 0x00128D},
    {0x001290, 0x0012B0}, {0x0012B2, 0x0012B5}, {0x0012B8, 0x0012BE}, {0x0012C0, 0x0012C0},
    {0x0012C2, 0x0012C5}, {0x0012C8, 0x0012D6}, {0x0012D8, 0x001310}, {0x001312, 0x001315},
    {0x001318, 0x00135A}, {0x00135D, 0x00137C}, {0x001380, 0x001399}, {0x0013A0, 0x0013F5},
    {0x0013F8, 0x0013FD}, {0x001400, 0x00169C}, {0x0016A0, 0x0016F8}, {0x001700, 0x001715},
    {0x00171F, 0x001736}, {0x001740, 0x001753}, {0x001760, 0x00176C}, {0x00176E, 0x001770},
    {0x001772, 0x001773}, {0x001780, 0x0017DD}, {0x0017E0, 0x0017E9}, {0x0017F0, 0x0017F9},
    {0x001800, 0x001819}, {0x001820, 0x001878}, {0x001880, 0x0018AA}, {0x0018B0, 0x0018F5},
    {0x001900, 0x00191E}, {0x001920, 0x00192B}, {0x001930, 0x00193B}, {0x001940, 0x001940},
    {0x001944, 0x00196D}, {0x001970, 0x001974}, {0x001980, 0x0019AB}, {0x0019B0, 0x0019C9},
    {0x0019D0, 0x0019DA}, {0x0019DE, 0x001A1B}, {0x001A1E, 0x001A5E}, {0x001A60, 0x001A7C},
    {0x001A7F, 0x001A89}, {0x001A90, 0x001A99}, {0x001AA0, 0x001AAD}, {0x001AB0, 0x001ACE},
    {0x001B00, 0x001B4C}, {0x001B4E, 0x001BF3}, {0x001BFC, 0x001C37}, {0x001C3B, 0x001C49},
    {0x001C4D, 0x001C8A}, {0x001C90, 0x001CBA}, {0x001CBD, 0x001CC7}, {0x001CD0, 0x001CFA},
    {0x001D00, 0x001F15}, {0x001F18, 0x001F1D}, {0x001F20, 0x001F45}, {0x001F48, 0x001F4D},
    {0x001F50, 0x001F57}, {0x001F59, 0x001F59}, {0x001F5B, 0x001F5B}, {0x001F5D, 0x001F5D},
    {0x001F5F, 0x001F7D}, {0x001F80, 0x001FB4}, {0x001FB6, 0x001FC4}, {0x001FC6, 0x001FD3},
    {0x001FD6, 0x001FDB}, {0x001FDD, 0x001FEF}, {0x001FF2, 0x001FF4}, {0x001FF6, 0x001FFE},
    {0x002000, 0x002064}, {0x002066, 0x002071}, {0x002074, 0x00208E}, {0x002090, 0x00209C},
    {0x0020A0, 0x0020C0}, {0x0020D0, 0x0020F0}, {0x002100, 0x00218B}, {0x002190, 0x002429},
    {0x002440, 0x00244A}, {0x002460, 0x002B73}, {0x002B76, 0x002B95}, {0x002B97, 0x002CF3},
    {0x002CF9, 0x002D25}, {0x002D27, 0x002D27}, {0x002D2D, 0x002D2D}, {0x002D30, 0x002D67},
    {0x002D6F, 0x002D70}, {0x002D7F, 0x002D96}, {0x002DA0, 0x002DA6}, {0x002DA8, 0x002DAE},
    {0x002DB0, 0x002DB6}, {0x002DB8, 0x002DBE}, {0x002DC0, 0x002DC6}, {0x002DC8, 0x002DCE},
    {0x002DD0, 0x002DD6}, {0x002DD8, 0x002DDE}, {0x002DE0, 0x002E5D}, {0x002E80, 0x002E99},
    {0x002E9B, 0x002EF3}, {0x002F00, 0x002FD5}, {0x002FF0, 0x00303F}, {0x003041, 0x003096},
    {0x003099, 0x0030FF}, {0x003105, 0x00312F}, {0x003131, 0x00318E}, {0x003190, 0x0031E5},
    {0x0031EF, 0x00321E}, {0x003220, 0x00A48C}, {0x00A490, 0x00A4C6}, {0x00A4D0, 0x00A62B},
    {0x00A640, 0x00A6F7}, {0x00A700, 0x00A7CD}, {0x00A7D0, 0x00A7D1}, {0x00A7D3, 0x00A7D3},
    {0x00A7D5, 0x00A7DC}, {0x00A7F2, 0x00A82C}, {0x00A830, 0x00A839}, {0x00A840, 0x00A877},
    {0x00A880, 0x00A8C5}, {0x00A8CE, 0x00A8D9}, {0x00A8E0, 0x00A953}, {0x00A95F, 0x00A97C},
    {0x00A980, 0x00A9CD}, {0x00A9CF, 0x00A9D9}, {0x00A9DE, 0x00A9FE}, {0x00AA00, 0x00AA36},
    {0x00AA40, 0x00AA4D}, {0x00AA50, 0x00AA59}, {0x00AA5C, 0x00AAC2}, {0x00AADB, 0x00AAF6},
    {0x00AB01, 0x00AB06}, {0x00AB09, 0x00AB0E}, {0x00AB11, 0x00AB16}, {0x00AB20, 0x00AB26},
    {0x00AB28, 0x00AB2E}, {0x00AB30, 0x00AB6B}, {0x00AB70, 0x00ABED}, {0x00ABF0, 0x00ABF9},
    {0x00AC00, 0x00D7A3}, {0x00D7B0, 0x00D7C6}, {0x00D7CB, 0x00D7FB}, {0x00E000, 0x00FA6D},
    {0x00FA70, 0x00FAD9}, {0x00FB00, 0x00FB06}, {0x00FB13, 0x00FB17}, {0x00FB1D, 0x00FB36},
    {0x00FB38, 0x00FB3C}, {0x00FB3E, 0x00FB3E}, {0x00FB40, 0x00FB41}, {0x00FB43, 0x00FB44},
    {0x00FB46, 0x00FBC2}, {0x00FBD3, 0x00FD8F}, {0x00FD92, 0x00FDC7}, {0x00FDCF, 0x00FE19},
    {0x00FE20, 0x00FE52}, {0x00FE54, 0x00FE66}, {0x00FE68, 0x00FE6B}, {0x00FE70, 0x00FE74},
    {0x00FE76, 0x00FEFC}, {0x00FEFF, 0x00FEFF}, {0x00FF01, 0x00FFBE}, {0x00FFC2, 0x00FFC7},
    {0x00FFCA, 0x00FFCF}, {0x00FFD2, 0x00FFD7}, {0x00FFDA, 0x00FFDC}, {0x00FFE0, 0x00FFE6},
    {0x00FFE8, 0x00FFEE}, {0x00FFF9, 0x01000B}, {0x01000D, 0x010026}, {0x010028, 0x01003A},
    {0x01003C, 0x01003D}, {0x01003F, 0x01004D}, {0x010050, 0x01005D}, {0x010080, 0x0100FA},
    {0x010100, 0x010102}, {0x010107, 0x010133}, {0x010137, 0x01018E}, {0x010190, 0x01019C},
    {0x0101A0, 0x0101A0}, {0x0101D0, 0x0101FD}, {0x010280, 0x01029C}, {0x0102A0, 0x0102D0},
    {0x0102E0, 0x0102FB}, {0x010300, 0x010323}, {0x01032D, 0x01034A}, {0x010350, 0x01037A},
    {0x010380, 0x01039D}, {0x01039F, 0x0103C3}, {0x0103C8, 0x0103D5}, {0x010400, 0x01049D},
    {0x0104A0, 0x0104A9}, {0x0104B0, 0x0104D3}, {0x0104D8, 0x0104FB}, {0x010500, 0x010527},
    {0x010530, 0x010563}, {0x01056F, 0x01057A}, {0x01057C, 0x01058A}, {0x01058C, 0x010592},
    {0x010594, 0x010595}, {0x010597, 0x0105A1}, {0x0105A3, 0x0105B1}, {0x0105B3, 0x0105B9},
    {0x0105BB, 0x0105BC}, {0x0105C0, 0x0105F3}, {0x010600, 0x010736}, {0x010740, 0x010755},
    {0x010760, 0x010767}, {0x010780, 0x010785}, {0x010787, 0x0107B0}, {0x0107B2, 0x0107BA},
    {0x010800, 0x010805}, {0x010808, 0x010808}, {0x01080A, 0x010835}, {0x010837, 0x010838},
    {0x01083C, 0x01083C}, {0x01083F, 0x010855}, {0x010857, 0x01089E}, {0x0108A7, 0x0108AF},
    {0x0108E0, 0x0108F2}, {0x0108F4, 0x0108F5}, {0x0108FB, 0x01091B}, {0x01091F, 0x010939},
    {0x01093F, 0x01093F}, {0x010980, 0x0109B7}, {0x0109BC, 0x0109CF}, {0x0109D2, 0x010A03},
    {0x010A05, 0x010A06}, {0x010A0C, 0x010A13}, {0x010A15, 0x010A17}, {0x010A19, 0x010A35},
    {0x010A38, 0x010A3A}, {0x010A3F, 0x010A48}, {0x010A50, 0x010A58}, {0x010A60, 0x010A9F},
    {0x010AC0, 0x010AE6}, {0x010AEB, 0x010AF6}, {0x010B00, 0x010B35}, {0x010B39, 0x010B55},
    {0x010B58, 0x010B72}, {0x010B78, 0x010B91}, {0x010B99, 0x010B9C}, {0x010BA9, 0x010BAF},
    {0x010C00, 0x010C48}, {0x010C80, 0x010CB2}, {0x010CC0, 0x010CF2}, {0x010CFA, 0x010D27},
    {0x010D30, 0x010D39}, {0x010D40, 0x010D65}, {0x010D69, 0x010D85}, {0x010D8E, 0x010D8F},
    {0x010E60, 0x010E7E}, {0x010E80, 0x010EA9}, {0x010EAB, 0x010EAD}, {0x010EB0, 0x010EB1},
    {0x010EC2, 0x010EC4}, {0x010EFC, 0x010F27}, {0x010F30, 0x010F59}, {0x010F70, 0x010F89},
    {0x010FB0, 0x010FCB}, {0x010FE0, 0x010FF6}, {0x011000, 0x01104D}, {0x011052, 0x011075},
    {0x01107F, 0x0110C2}, {0x0110CD, 0x0110CD}, {0x0110D0, 0x0110E8}, {0x0110F0, 0x0110F9},
    {0x011100, 0x011134}, {0x011136, 0x011147}, {0x011150, 0x011176}, {0x011180, 0x0111DF},
    {0x0111E1, 0x0111F4}, {0x011200, 0x011211}, {0x011213, 0x011241}, {0x011280, 0x011286},
    {0x011288, 0x011288}, {0x01128A, 0x01128D}, {0x01128F, 0x01129D}, {0x01129F, 0x0112A9},
    {0x0112B0, 0x0112EA}, {0x0112F0, 0x0112F9}, {0x011300, 0x011303}, {0x011305, 0x01130C},
    {0x01130F, 0x011310}, {0x011313, 0x011328}, {0x01132A, 0x011330}, {0x011332, 0x011333},
    {0x011335, 0x011339}, {0x01133B, 0x011344}, {0x011347, 0x011348}, {0x01134B, 0x01134D},
    {0x011350, 0x011350}, {0x011357, 0x011357}, {0x01135D, 0x011363}, {0x011366, 0x01136C},
    {0x011370, 0x011374}, {0x011380, 0x011389}, {0x01138B, 0x01138B}, {0x01138E, 0x01138E},
    {0x011390, 0x0113B5}, {0x0113B7, 0x0113C0}, {0x0113C2, 0x0113C2}, {0x0113C5, 0x0113C5},
    {0x0113C7, 0x0113CA}, {0x0113CC, 0x0113D5}, {0x0113D7, 0x0113D8}, {0x0113E1, 0x0113E2},
    {0x011400, 0x01145B}, {0x01145D, 0x011461}, {0x011480, 0x0114C7}, {0x0114D0, 0x0114D9},
    {0x011580, 0x0115B5}, {0x0115B8, 0x0115DD}, {0x011600, 0x011644}, {0x011650, 0x011659},
    {0x011660, 0x01166C}, {0x011680, 0x0116B9}, {0x0116C0, 0x0116C9}, {0x0116D0, 0x0116E3},
    {0x011700, 0x01171A}, {0x01171D, 0x01172B}, {0x011730, 0x011746}, {0x011800, 0x01183B},
    {0x0118A0, 0x0118F2}, {0x0118FF, 0x011906}, {0x011909, 0x011909}, {0x01190C, 0x011913},
    {0x011915, 0x011916}, {0x011918, 0x011935}, {0x011937, 0x011938}, {0x01193B, 0x011946},
    {0x011950, 0x011959}, {0x0119A0, 0x0119A7}, {0x0119AA, 0x0119D7}, {0x0119DA, 0x0119E4},
    {0x011A00, 0x011A47}, {0x011A50, 0x011AA2}, {0x011AB0, 0x011AF8}, {0x011B00, 0x011B09},
    {0x011BC0, 0x011BE1}, {0x011BF0, 0x011BF9}, {0x011C00, 0x011C08}, {0x011C0A, 0x011C36},
    {0x011C38, 0x011C45}, {0x011C50, 0x011C6C}, {0x011C70, 0x011C8F}, {0x011C92, 0x011CA7},
    {0x011CA9, 0x011CB6}, {0x011D00, 0x011D06}, {0x011D08, 0x011D09}, {0x011D0B, 0x011D36},
    {0x011D3A, 0x011D3A}, {0x011D3C, 0x011D3D}, {0x011D3F, 0x011D47}, {0x011D50, 0x011D59},
    {0x011D60, 0x011D65}, {0x011D67, 0x011D68}, {0x011D6A, 0x011D8E}, {0x011D90, 0x011D91},
    {0x011D93, 0x011D98}, {0x011DA0, 0x011DA9}, {0x011EE0, 0x011EF8}, {0x011F00, 0x011F10},
    {0x011F12, 0x011F3A}, {0x011F3E, 0x011F5A}, {0x011FB0, 0x011FB0}, {0x011FC0, 0x011FF1},
    {0x011FFF, 0x012399}, {0x012400, 0x01246E}, {0x012470, 0x012474}, {0x012480, 0x012543},
    {0x012F90, 0x012FF2}, {0x013000, 0x013455}, {0x013460, 0x0143FA}, {0x014400, 0x014646},
    {0x016100, 0x016139}, {0x016800, 0x016A38}, {0x016A40, 0x016A5E}, {0x016A60, 0x016A69},
    {0x016A6E, 0x016ABE}, {0x016AC0, 0x016AC9}, {0x016AD0, 0x016AED}, {0x016AF0, 0x016AF5},
    {0x016B00, 0x016B45}, {0x016B50, 0x016B59}, {0x016B5B, 0x016B61}, {0x016B63, 0x016B77},
    {0x016B7D, 0x016B8F}, {0x016D40, 0x016D79}, {0x016E40, 0x016E9A}, {0x016F00, 0x016F4A},
    {0x016F4F, 0x016F87}, {0x016F8F, 0x016F9F}, {0x016FE0, 0x016FE4}, {0x016FF0, 0x016FF1},
    {0x017000, 0x0187F7}, {0x018800, 0x018CD5}, {0x018CFF, 0x018D08}, {0x01AFF0, 0x01AFF3},
    {0x01AFF5, 0x01AFFB}, {0x01AFFD, 0x01AFFE}, {0x01B000, 0x01B122}, {0x01B132, 0x01B132},
    {0x01B150, 0x01B152}, {0x01B155, 0x01B155}, {0x01B164, 0x01B167}, {0x01B170, 0x01B2FB},
    {0x01BC00, 0x01BC6A}, {0x01BC70, 0x01BC7C}, {0x01BC80, 0x01BC88}, {0x01BC90, 0x01BC99},
    {0x01BC9C, 0x01BCA3}, {0x01CC00, 0x01CCF9}, {0x01CD00, 0x01CEB3}, {0x01CF00, 0x01CF2D},
    {0x01CF30, 0x01CF46}, {0x01CF50, 0x01CFC3}, {0x01D000, 0x01D0F5}, {0x01D100, 0x01D126},
    {0x01D129, 0x01D1EA}, {0x01D200, 0x01D245}, {0x01D2C0, 0x01D2D3}, {0x01D2E0, 0x01D2F3},
    {0x01D300, 0x01D356}, {0x01D360, 0x01D378}, {0x01D400, 0x01D454}, {0x01D456, 0x01D49C},
    {0x01D49E, 0x01D49F}, {0x01D4A2, 0x01D4A2}, {0x01D4A5, 0x01D4A6}, {0x01D4A9, 0x01D4AC},
    {0x01D4AE, 0x01D4B9}, {0x01D4BB, 0x01D4BB}, {0x01D4BD, 0x01D4C3}, {0x01D4C5, 0x01D505},
    {0x01D507, 0x01D50A}, {0x01D50D, 0x01D514}, {0x01D516, 0x01D51C}, {0x01D51E, 0x01D539},
    {0x01D53B, 0x01D53E}, {0x01D540, 0x01D544}, {0x01D546, 0x01D546}, {0x01D54A, 0x01D550},
    {0x01D552, 0x01D6A5}, {0x01D6A8, 0x01D7CB}, {0x01D7CE, 0x01DA8B}, {0x01DA9B, 0x01DA9F},
    {0x01DAA1, 0x01DAAF}, {0x01DF00, 0x01DF1E}, {0x01DF25, 0x01DF2A}, {0x01E000, 0x01E006},
    {0x01E008, 0x01E018}, {0x01E01B, 0x01E021}, {0x01E023, 0x01E024}, {0x01E026, 0x01E02A},
    {0x01E030, 0x01E06D}, {0x01E08F, 0x01E08F}, {0x01E100, 0x01E12C}, {0x01E130, 0x01E13D},
    {0x01E140, 0x01E149}, {0x01E14E, 0x01E14F}, {0x01E290, 0x01E2AE}, {0x01E2C0, 0x01E2F9},
    {0x01E2FF, 0x01E2FF}, {0x01E4D0, 0x01E4F9}, {0x01E5D0, 0x01E5FA}, {0x01E5FF, 0x01E5FF},
    {0x01E7E0, 0x01E7E6}, {0x01E7E8, 0x01E7EB}, {0x01E7ED, 0x01E7EE}, {0x01E7F0, 0x01E7FE},
    {0x01E800, 0x01E8C4}, {0x01E8C7, 0x01E8D6}, {0x01E900, 0x01E94B}, {0x01E950, 0x01E959},
    {0x01E95E, 0x01E95F}, {0x01EC71, 0x01ECB4}, {0x01ED01, 0x01ED3D}, {0x01EE00, 0x01EE03},
    {0x01EE05, 0x01EE1F}, {0x01EE21, 0x01EE22}, {0x01EE24, 0x01EE24}, {0x01EE27, 0x01EE27},
    {0x01EE29, 0x01EE32}, {0x01EE34, 0x01EE37}, {0x01EE39, 0x01EE39}, {0x01EE3B, 0x01EE3B},
    {0x01EE42, 0x01EE42}, {0x01EE47, 0x01EE47}, {0x01EE49, 0x01EE49}, {0x01EE4B, 0x01EE4B},
    {0x01EE4D, 0x01EE4F}, {0x01EE51, 0x01EE52}, {0x01EE54, 0x01EE54}, {0x01EE57, 0x01EE57},
    {0x01EE59, 0x01EE59}, {0x01EE5B, 0x01EE5B}, {0x01EE5D, 0x01EE5D}, {0x01EE5F, 0x01EE5F},
    {0x01EE61, 0x01EE62}, {0x01EE64, 0x01EE64}, {0x01EE67, 0x01EE6A}, {0x01EE6C, 0x01EE72},
    {0x01EE74, 0x01EE77}, {0x01EE79, 0x01EE7C}, {0x01EE7E, 0x01EE7E}, {0x01EE80, 0x01EE89},
    {0x01EE8B, 0x01EE9B}, {0x01EEA1, 0x01EEA3}, {0x01EEA5, 0x01EEA9}, {0x01EEAB, 0x01EEBB},
    {0x01EEF0, 0x01EEF1}, {0x01F000, 0x01F02B}, {0x01F030, 0x01F093}, {0x01F0A0, 0x01F0AE},
    {0x01F0B1, 0x01F0BF}, {0x01F0C1, 0x01F0CF}, {0x01F0D1, 0x01F0F5}, {0x01F100, 0x01F1AD},
    {0x01F1E6, 0x01F202}, {0x01F210, 0x01F23B}, {0x01F240, 0x01F248}, {0x01F250, 0x01F251},
    {0x01F260, 0x01F265}, {0x01F300, 0x01F6D7}, {0x01F6DC, 0x01F6EC}, {0x01F6F0, 0x01F6FC},
    {0x01F700, 0x01F776}, {0x01F77B, 0x01F7D9}, {0x01F7E0, 0x01F7EB}, {0x01F7F0, 0x01F7F0},
    {0x01F800, 0x01F80B}, {0x01F810, 0x01F847}, {0x01F850, 0x01F859}, {0x01F860, 0x01F887},
    {0x01F890, 0x01F8AD}, {0x01F8B0, 0x01F8BB}, {0x01F8C0, 0x01F8C1}, {0x01F900, 0x01FA53},
    {0x01FA60, 0x01FA6D}, {0x01FA70, 0x01FA7C}, {0x01FA80, 0x01FA89}, {0x01FA8F, 0x01FAC6},
    {0x01FACE, 0x01FADC}, {0x01FADF, 0x01FAE9}, {0x01FAF0, 0x01FAF8}, {0x01FB00, 0x01FB92},
    {0x01FB94, 0x01FBF9}, {0x01FFFE, 0x02A6DF}, {0x02A700, 0x02B739}, {0x02B740, 0x02B81D},
    {0x02B820, 0x02CEA1}, {0x02CEB0, 0x02EBE0}, {0x02EBF0, 0x02EE5D}, {0x02F800, 0x02FA1D},
    {0x02FFFE, 0x03134A}, {0x031350, 0x0323AF}, {0x03FFFE, 0x03FFFF}, {0x04FFFE, 0x04FFFF},
    {0x05FFFE, 0x05FFFF}, {0x06FFFE, 0x06FFFF}, {0x07FFFE, 0x07FFFF}, {0x08FFFE, 0x08FFFF},
    {0x09FFFE, 0x09FFFF}, {0x0AFFFE, 0x0AFFFF}, {0x0BFFFE, 0x0BFFFF}, {0x0CFFFE, 0x0CFFFF},
    {0x0DFFFE, 0x0DFFFF}, {0x0E0001, 0x0E0001}, {0x0E0020, 0x0E007F}, {0x0E0100, 0x0E01EF},
    {0x0EFFFE, 0x10FFFF}, {0x000000, 0x0001F5}, {0x0001FA, 0x000217}, {0x000250, 0x0002A8},
    {0x0002B0, 0x0002DE}, {0x0002E0, 0x0002E9}, {0x000300, 0x000345}, {0x000360, 0x000361},
    {0x000374, 0x000375}, {0x00037A, 0x00037A}, {0x00037E, 0x00037E}, {0x000384, 0x00038A},
    {0x00038C, 0x00038C}, {0x00038E, 0x0003A1}, {0x0003A3, 0x0003CE}, {0x0003D0, 0x0003D6},
    {0x0003DA, 0x0003DA}, {0x0003DC, 0x0003DC}, {0x0003DE, 0x0003DE}, {0x0003E0, 0x0003E0},
    {0x0003E2, 0x0003F3}, {0x000401, 0x00040C}, {0x00040E, 0x00044F}, {0x000451, 0x00045C},
    {0x00045E, 0x000486}, {0x000490, 0x0004C4}, {0x0004C7, 0x0004C8}, {0x0004CB, 0x0004CC},
    {0x0004D0, 0x0004EB}, {0x0004EE, 0x0004F5}, {0x0004F8, 0x0004F9}, {0x000531, 0x000556},
    {0x000559, 0x00055F}, {0x000561, 0x000587}, {0x000589, 0x000589}, {0x000591, 0x0005A1},
    {0x0005A3, 0x0005B9}, {0x0005BB, 0x0005C4}, {0x0005D0, 0x0005EA}, {0x0005F0, 0x0005F4},
    {0x00060C, 0x00060C}, {0x00061B, 0x00061B}, {0x00061F, 0x00061F}, {0x000621, 0x00063A},
    {0x000640, 0x000652}, {0x000660, 0x00066D}, {0x000670, 0x0006B7}, {0x0006BA, 0x0006BE},
    {0x0006C0, 0x0006CE}, {0x0006D0, 0x0006ED}, {0x0006F0, 0x0006F9}, {0x000901, 0x000903},
    {0x000905, 0x000939}, {0x00093C, 0x00094D}, {0x000950, 0x000954}, {0x000958, 0x000970},
    {0x000981, 0x000983}, {0x000985, 0x00098C}, {0x00098F, 0x000990}, {0x000993, 0x0009A8},
    {0x0009AA, 0x0009B0}, {0x0009B2, 0x0009B2}, {0x0009B6, 0x0009B9}, {0x0009BC, 0x0009BC},
    {0x0009BE, 0x0009C4}, {0x0009C7, 0x0009C8}, {0x0009CB, 0x0009CD}, {0x0009D7, 0x0009D7},
    {0x0009DC, 0x0009DD}, {0x0009DF, 0x0009E3}, {0x0009E6, 0x0009FA}, {0x000A02, 0x000A02},
    {0x000A05, 0x000A0A}, {0x000A0F, 0x000A10}, {0x000A13, 0x000A28}, {0x000A2A, 0x000A30},
    {0x000A32, 0x000A33}, {0x000A35, 0x000A36}, {0x000A38, 0x000A39}, {0x000A3C, 0x000A3C},
    {0x000A3E, 0x000A42}, {0x000A47, 0x000A48}, {0x000A4B, 0x000A4D}, {0x000A59, 0x000A5C},
    {0x000A5E, 0x000A5E}, {0x000A66, 0x000A74}, {0x000A81, 0x000A83}, {0x000A85, 0x000A8B},
    {0x000A8D, 0x000A8D}, {0x000A8F, 0x000A91}, {0x000A93, 0x000AA8}, {0x000AAA, 0x000AB0},
    {0x000AB2, 0x000AB3}, {0x000AB5, 0x000AB9}, {0x000ABC, 0x000AC5}, {0x000AC7, 0x000AC9},
    {0x000ACB, 0x000ACD}, {0x000AD0, 0x000AD0}, {0x000AE0, 0x000AE0}, {0x000AE6, 0x000AEF},
    {0x000B01, 0x000B03}, {0x000B05, 0x000B0C}, {0x000B0F, 0x000B10}, {0x000B13, 0x000B28},
    {0x000B2A, 0x000B30}, {0x000B32, 0x000B33}, {0x000B36, 0x000B39}, {0x000B3C, 0x000B43},
    {0x000B47, 0x000B48}, {0x000B4B, 0x000B4D}, {0x000B56, 0x000B57}, {0x000B5C, 0x000B5D},
    {0x000B5F, 0x000B61}, {0x000B66, 0x000B70}, {0x000B82, 0x000B83}, {0x000B85, 0x000B8A},
    {0x000B8E, 0x000B90}, {0x000B92, 0x000B95}, {0x000B99, 0x000B9A}, {0x000B9C, 0x000B9C},
    {0x000B9E, 0x000B9F}, {0x000BA3, 0x000BA4}, {0x000BA8, 0x000BAA}, {0x000BAE, 0x000BB5},
    {0x000BB7, 0x000BB9}, {0x000BBE, 0x000BC2}, {0x000BC6, 0x000BC8}, {0x000BCA, 0x000BCD},
    {0x000BD7, 0x000BD7}, {0x000BE7, 0x000BF2}, {0x000C01, 0x000C03}, {0x000C05, 0x000C0C},
    {0x000C0E, 0x000C10}, {0x000C12, 0x000C28}, {0x000C2A, 0x000C33}, {0x000C35, 0x000C39},
    {0x000C3E, 0x000C44}, {0x000C46, 0x000C48}, {0x000C4A, 0x000C4D}, {0x000C55, 0x000C56},
    {0x000C60, 0x000C61}, {0x000C66, 0x000C6F}, {0x000C82, 0x000C83}, {0x000C85, 0x000C8C},
    {0x000C8E, 0x000C90}, {0x000C92, 0x000CA8}, {0x000CAA, 0x000CB3}, {0x000CB5, 0x000CB9},
    {0x000CBE, 0x000CC4}, {0x000CC6, 0x000CC8}, {0x000CCA, 0x000CCD}, {0x000CD5, 0x000CD6},
    {0x000CDE, 0x000CDE}, {0x000CE0, 0x000CE1}, {0x000CE6, 0x000CEF}, {0x000D02, 0x000D03},
    {0x000D05, 0x000D0C}, {0x000D0E, 0x000D10}, {0x000D12, 0x000D28}, {0x000D2A, 0x000D39},
    {0x000D3E, 0x000D43}, {0x000D46, 0x000D48}, {0x000D4A, 0x000D4D}, {0x000D57, 0x000D57},
    {0x000D60, 0x000D61}, {0x000D66, 0x000D6F}, {0x000E01, 0x000E3A}, {0x000E3F, 0x000E5B},
    {0x000E81, 0x000E82}, {0x000E84, 0x000E84}, {0x000E87, 0x000E88}, {0x000E8A, 0x000E8A},
    {0x000E8D, 0x000E8D}, {0x000E94, 0x000E97}, {0x000E99, 0x000E9F}, {0x000EA1, 0x000EA3},
    {0x000EA5, 0x000EA5}, {0x000EA7, 0x000EA7}, {0x000EAA, 0x000EAB}, {0x000EAD, 0x000EB9},
    {0x000EBB, 0x000EBD}, {0x000EC0, 0x000EC4}, {0x000EC6, 0x000EC6}, {0x000EC8, 0x000ECD},
    {0x000ED0, 0x000ED9}, {0x000EDC, 0x000EDD}, {0x000F00, 0x000F47}, {0x000F49, 0x000F69},
    {0x000F71, 0x000F8B}, {0x000F90, 0x000F95}, {0x000F97, 0x000F97}, {0x000F99, 0x000FAD},
    {0x000FB1, 0x000FB7}, {0x000FB9, 0x000FB9}, {0x0010A0, 0x0010C5}, {0x0010D0, 0x0010F6},
    {0x0010FB, 0x0010FB}, {0x001100, 0x001159}, {0x00115F, 0x0011A2}, {0x0011A8, 0x0011F9},
    {0x001E00, 0x001E9B}, {0x001EA0, 0x001EF9}, {0x001F00, 0x001F15}, {0x001F18, 0x001F1D},
    {0x001F20, 0x001F45}, {0x001F48, 0x001F4D}, {0x001F50, 0x001F57}, {0x001F59, 0x001F59},
    {0x001F5B, 0x001F5B}, {0x001F5D, 0x001F5D}, {0x001F5F, 0x001F7D}, {0x001F80, 0x001FB4},
    {0x001FB6, 0x001FC4}, {0x001FC6, 0x001FD3}, {0x001FD6, 0x001FDB}, {0x001FDD, 0x001FEF},
    {0x001FF2, 0x001FF4}, {0x001FF6, 0x001FFE}, {0x002000, 0x00202E}, {0x002030, 0x002046},
    {0x00206A, 0x002070}, {0x002074, 0x00208E}, {0x0020A0, 0x0020AB}, {0x0020D0, 0x0020E1},
    {0x002100, 0x002138}, {0x002153, 0x002182}, {0x002190, 0x0021EA}, {0x002200, 0x0022F1},
    {0x002300, 0x002300}, {0x002302, 0x00237A}, {0x002400, 0x002424}, {0x002440, 0x00244A},
    {0x002460, 0x0024EA}, {0x002500, 0x002595}, {0x0025A0, 0x0025EF}, {0x002600, 0x002613},
    {0x00261A, 0x00266F}, {0x002701, 0x002704}, {0x002706, 0x002709}, {0x00270C, 0x002727},
    {0x002729, 0x00274B}, {0x00274D, 0x00274D}, {0x00274F, 0x002752}, {0x002756, 0x002756},
    {0x002758, 0x00275E}, {0x002761, 0x002767}, {0x002776, 0x002794}, {0x002798, 0x0027AF},
    {0x0027B1, 0x0027BE}, {0x003000, 0x003037}, {0x00303F, 0x00303F}, {0x003041, 0x003094},
    {0x003099, 0x00309E}, {0x0030A1, 0x0030FE}, {0x003105, 0x00312C}, {0x003131, 0x00318E},
    {0x003190, 0x00319F}, {0x003200, 0x00321C}, {0x003220, 0x003243}, {0x003260, 0x00327B},
    {0x00327F, 0x0032B0}, {0x0032C0, 0x0032CB}, {0x0032D0, 0x0032FE}, {0x003300, 0x003376},
    {0x00337B, 0x0033DD}, {0x0033E0, 0x0033FE}, {0x004E00, 0x009FA5}, {0x00AC00, 0x00D7A3},
    {0x00E000, 0x00FA2D}, {0x00FB00, 0x00FB06}, {0x00FB13, 0x00FB17}, {0x00FB1E, 0x00FB36},
    {0x00FB38, 0x00FB3C}, {0x00FB3E, 0x00FB3E}, {0x00FB40, 0x00FB41}, {0x00FB43, 0x00FB44},
    {0x00FB46, 0x00FBB1}, {0x00FBD3, 0x00FD3F}, {0x00FD50, 0x00FD8F}, {0x00FD92, 0x00FDC7},
    {0x00FDF0, 0x00FDFB}, {0x00FE20, 0x00FE23}, {0x00FE30, 0x00FE44}, {0x00FE49, 0x00FE52},
    {0x00FE54, 0x00FE66}, {0x00FE68, 0x00FE6B}, {0x00FE70, 0x00FE72}, {0x00FE74, 0x00FE74},
    {0x00FE76, 0x00FEFC}, {0x00FEFF, 0x00FEFF}, {0x00FF01, 0x00FF5E}, {0x00FF61, 0x00FFBE},
    {0x00FFC2, 0x00FFC7}, {0x00FFCA, 0x00FFCF}, {0x00FFD2, 0x00FFD7}, {0x00FFDA, 0x00FFDC},
    {0x00FFE0, 0x00FFE6}, {0x00FFE8, 0x00FFEE}, {0x00FFFD, 0x00FFFF}, {0x01FFFE, 0x01FFFF},
    {0x02FFFE, 0x02FFFF}, {0x03FFFE, 0x03FFFF}, {0x04FFFE, 0x04FFFF}, {0x05FFFE, 0x05FFFF},
    {0x06FFFE, 0x06FFFF}, {0x07FFFE, 0x07FFFF}, {0x08FFFE, 0x08FFFF}, {0x09FFFE, 0x09FFFF},
    {0x0AFFFE, 0x0AFFFF}, {0x0BFFFE, 0x0BFFFF}, {0x0CFFFE, 0x0CFFFF}, {0x0DFFFE, 0x0DFFFF},
    {0x0EFFFE, 0x10FFFF}, {0x000000, 0x0001F5}, {0x0001FA, 0x000217}, {0x000250, 0x0002A8},
    {0x0002B0, 0x0002DE}, {0x0002E0, 0x0002E9}, {0x000300, 0x000345}, {0x000360, 0x000361},
    {0x000374, 0x000375}, {0x00037A, 0x00037A}, {0x00037E, 0x00037E}, {0x000384, 0x00038A},
    {0x00038C, 0x00038C}, {0x00038E, 0x0003A1}, {0x0003A3, 0x0003CE}, {0x0003D0, 0x0003D6},
    {0x0003DA, 0x0003DA}, {0x0003DC, 0x0003DC}, {0x0003DE, 0x0003DE}, {0x0003E0, 0x0003E0},
    {0x0003E2, 0x0003F3}, {0x000401, 0x00040C}, {0x00040E, 0x00044F}, {0x000451, 0x00045C},
    {0x00045E, 0x000486}, {0x000490, 0x0004C4}, {0x0004C7, 0x0004C8}, {0x0004CB, 0x0004CC},
    {0x0004D0, 0x0004EB}, {0x0004EE, 0x0004F5}, {0x0004F8, 0x0004F9}, {0x000531, 0x000556},
    {0x000559, 0x00055F}, {0x000561, 0x000587}, {0x000589, 0x000589}, {0x000591, 0x0005A1},
    {0x0005A3, 0x0005B9}, {0x0005BB, 0x0005C4}, {0x0005D0, 0x0005EA}, {0x0005F0, 0x0005F4},
    {0x00060C, 0x00060C}, {0x00061B, 0x00061B}, {0x00061F, 0x00061F}, {0x000621, 0x00063A},
    {0x000640, 0x000652}, {0x000660, 0x00066D}, {0x000670, 0x0006B7}, {0x0006BA, 0x0006BE},
    {0x0006C0, 0x0006CE}, {0x0006D0, 0x0006ED}, {0x0006F0, 0x0006F9}, {0x000901, 0x000903},
    {0x000905, 0x000939}, {0x00093C, 0x00094D}, {0x000950, 0x000954}, {0x000958, 0x000970},
    {0x000981, 0x000983}, {0x000985, 0x00098C}, {0x00098F, 0x000990}, {0x000993, 0x0009A8},
    {0x0009AA, 0x0009B0}, {0x0009B2, 0x0009B2}, {0x0009B6, 0x0009B9}, {0x0009BC, 0x0009BC},
    {0x0009BE, 0x0009C4}, {0x0009C7, 0x0009C8}, {0x0009CB, 0x0009CD}, {0x0009D7, 0x0009D7},
    {0x0009DC, 0x0009DD}, {0x0009DF, 0x0009E3}, {0x0009E6, 0x0009FA}, {0x000A02, 0x000A02},
    {0x000A05, 0x000A0A}, {0x000A0F, 0x000A10}, {0x000A13, 0x000A28}, {0x000A2A, 0x000A30},
    {0x000A32, 0x000A33}, {0x000A35, 0x000A36}, {0x000A38, 0x000A39}, {0x000A3C, 0x000A3C},
    {0x000A3E, 0x000A42}, {0x000A47, 0x000A48}, {0x000A4B, 0x000A4D}, {0x000A59, 0x000A5C},
    {0x000A5E, 0x000A5E}, {0x000A66, 0x000A74}, {0x000A81, 0x000A83}, {0x000A85, 0x000A8B},
    {0x000A8D, 0x000A8D}, {0x000A8F, 0x000A91}, {0x000A93, 0x000AA8}, {0x000AAA, 0x000AB0},
    {0x000AB2, 0x000AB3}, {0x000AB5, 0x000AB9}, {0x000ABC, 0x000AC5}, {0x000AC7, 0x000AC9},
    {0x000ACB, 0x000ACD}, {0x000AD0, 0x000AD0}, {0x000AE0, 0x000AE0}, {0x000AE6, 0x000AEF},
    {0x000B01, 0x000B03}, {0x000B05, 0x000B0C}, {0x000B0F, 0x000B10}, {0x000B13, 0x000B28},
    {0x000B2A, 0x000B30}, {0x000B32, 0x000B33}, {0x000B36, 0x000B39}, {0x000B3C, 0x000B43},
    {0x000B47, 0x000B48}, {0x000B4B, 0x000B4D}, {0x000B56, 0x000B57}, {0x000B5C, 0x000B5D},
    {0x000B5F, 0x000B61}, {0x000B66, 0x000B70}, {0x000B82, 0x000B83}, {0x000B85, 0x000B8A},
    {0x000B8E, 0x000B90}, {0x000B92, 0x000B95}, {0x000B99, 0x000B9A}, {0x000B9C, 0x000B9C},
    {0x000B9E, 0x000B9F}, {0x000BA3, 0x000BA4}, {0x000BA8, 0x000BAA}, {0x000BAE, 0x000BB5},
    {0x000BB7, 0x000BB9}, {0x000BBE, 0x000BC2}, {0x000BC6, 0x000BC8}, {0x000BCA, 0x000BCD},
    {0x000BD7, 0x000BD7}, {0x000BE7, 0x000BF2}, {0x000C01, 0x000C03}, {0x000C05, 0x000C0C},
    {0x000C0E, 0x000C10}, {0x000C12, 0x000C28}, {0x000C2A, 0x000C33}, {0x000C35, 0x000C39},
    {0x000C3E, 0x000C44}, {0x000C46, 0x000C48}, {0x000C4A, 0x000C4D}, {0x000C55, 0x000C56},
    {0x000C60, 0x000C61}, {0x000C66, 0x000C6F}, {0x000C82, 0x000C83}, {0x000C85, 0x000C8C},
    {0x000C8E, 0x000C90}, {0x000C92, 0x000CA8}, {0x000CAA, 0x000CB3}, {0x000CB5, 0x000CB9},
    {0x000CBE, 0x000CC4}, {0x000CC6, 0x000CC8}, {0x000CCA, 0x000CCD}, {0x000CD5, 0x000CD6},
    {0x000CDE, 0x000CDE}, {0x000CE0, 0x000CE1}, {0x000CE6, 0x000CEF}, {0x000D02, 0x000D03},
    {0x000D05, 0x000D0C}, {0x000D0E, 0x000D10}, {0x000D12, 0x000D28}, {0x000D2A, 0x000D39},
    {0x000D3E, 0x000D43}, {0x000D46, 0x000D48}, {0x000D4A, 0x000D4D}, {0x000D57, 0x000D57},
    {0x000D60, 0x000D61}, {0x000D66, 0x000D6F}, {0x000E01, 0x000E3A}, {0x000E3F, 0x000E5B},
    {0x000E81, 0x000E82}, {0x000E84, 0x000E84}, {0x000E87, 0x000E88}, {0x000E8A, 0x000E8A},
    {0x000E8D, 0x000E8D}, {0x000E94, 0x000E97}, {0x000E99, 0x000E9F}, {0x000EA1, 0x000EA3},
    {0x000EA5, 0x000EA5}, {0x000EA7, 0x000EA7}, {0x000EAA, 0x000EAB}, {0x000EAD, 0x000EB9},
    {0x000EBB, 0x000EBD}, {0x000EC0, 0x000EC4}, {0x000EC6, 0x000EC6}, {0x000EC8, 0x000ECD},
    {0x000ED0, 0x000ED9}, {0x000EDC, 0x000EDD}, {0x000F00, 0x000F47}, {0x000F49, 0x000F69},
    {0x000F71, 0x000F8B}, {0x000F90, 0x000F95}, {0x000F97, 0x000F97}, {0x000F99, 0x000FAD},
    {0x000FB1, 0x000FB7}, {0x000FB9, 0x000FB9}, {0x0010A0, 0x0010C5}, {0x0010D0, 0x0010F6},
    {0x0010FB, 0x0010FB}, {0x001100, 0x001159}, {0x00115F, 0x0011A2}, {0x0011A8, 0x0011F9},
    {0x001E00, 0x001E9B}, {0x001EA0, 0x001EF9}, {0x001F00, 0x001F15}, {0x001F18, 0x001F1D},
    {0x001F20, 0x001F45}, {0x001F48, 0x001F4D}, {0x001F50, 0x001F57}, {0x001F59, 0x001F59},
    {0x001F5B, 0x001F5B}, {0x001F5D, 0x001F5D}, {0x001F5F, 0x001F7D}, {0x001F80, 0x001FB4},
    {0x001FB6, 0x001FC4}, {0x001FC6, 0x001FD3}, {0x001FD6, 0x001FDB}, {0x001FDD, 0x001FEF},
    {0x001FF2, 0x001FF4}, {0x001FF6, 0x001FFE}, {0x002000, 0x00202E}, {0x002030, 0x002046},
    {0x00206A, 0x002070}, {0x002074, 0x00208E}, {0x0020A0, 0x0020AC}, {0x0020D0, 0x0020E1},
    {0x002100, 0x002138}, {0x002153, 0x002182}, {0x002190, 0x0021EA}, {0x002200, 0x0022F1},
    {0x002300, 0x002300}, {0x002302, 0x00237A}, {0x002400, 0x002424}, {0x002440, 0x00244A},
    {0x002460, 0x0024EA}, {0x002500, 0x002595}, {0x0025A0, 0x0025EF}, {0x002600, 0x002613},
    {0x00261A, 0x00266F}, {0x002701, 0x002704}, {0x002706, 0x002709}, {0x00270C, 0x002727},
    {0x002729, 0x00274B}, {0x00274D, 0x00274D}, {0x00274F, 0x002752}, {0x002756, 0x002756},
    {0x002758, 0x00275E}, {0x002761, 0x002767}, {0x002776, 0x002794}, {0x002798, 0x0027AF},
    {0x0027B1, 0x0027BE}, {0x003000, 0x003037}, {0x00303F, 0x00303F}, {0x003041, 0x003094},
    {0x003099, 0x00309E}, {0x0030A1, 0x0030FE}, {0x003105, 0x00312C}, {0x003131, 0x00318E},
    {0x003190, 0x00319F}, {0x003200, 0x00321C}, {0x003220, 0x003243}, {0x003260, 0x00327B},
    {0x00327F, 0x0032B0}, {0x0032C0, 0x0032CB}, {0x0032D0, 0x0032FE}, {0x003300, 0x003376},
    {0x00337B, 0x0033DD}, {0x0033E0, 0x0033FE}, {0x004E00, 0x009FA5}, {0x00AC00, 0x00D7A3},
    {0x00E000, 0x00FA2D}, {0x00FB00, 0x00FB06}, {0x00FB13, 0x00FB17}, {0x00FB1E, 0x00FB36},
    {0x00FB38, 0x00FB3C}, {0x00FB3E, 0x00FB3E}, {0x00FB40, 0x00FB41}, {0x00FB43, 0x00FB44},
    {0x00FB46, 0x00FBB1}, {0x00FBD3, 0x00FD3F}, {0x00FD50, 0x00FD8F}, {0x00FD92, 0x00FDC7},
    {0x00FDF0, 0x00FDFB}, {0x00FE20, 0x00FE23}, {0x00FE30, 0x00FE44}, {0x00FE49, 0x00FE52},
    {0x00FE54, 0x00FE66}, {0x00FE68, 0x00FE6B}, {0x00FE70, 0x00FE72}, {0x00FE74, 0x00FE74},
    {0x00FE76, 0x00FEFC}, {0x00FEFF, 0x00FEFF}, {0x00FF01, 0x00FF5E}, {0x00FF61, 0x00FFBE},
    {0x00FFC2, 0x00FFC7}, {0x00FFCA, 0x00FFCF}, {0x00FFD2, 0x00FFD7}, {0x00FFDA, 0x00FFDC},
    {0x00FFE0, 0x00FFE6}, {0x00FFE8, 0x00FFEE}, {0x00FFFC, 0x00FFFF}, {0x01FFFE, 0x01FFFF},
    {0x02FFFE, 0x02FFFF}, {0x03FFFE, 0x03FFFF}, {0x04FFFE, 0x04FFFF}, {0x05FFFE, 0x05FFFF},
    {0x06FFFE, 0x06FFFF}, {0x07FFFE, 0x07FFFF}, {0x08FFFE, 0x08FFFF}, {0x09FFFE, 0x09FFFF},
    {0x0AFFFE, 0x0AFFFF}, {0x0BFFFE, 0x0BFFFF}, {0x0CFFFE, 0x0CFFFF}, {0x0DFFFE, 0x0DFFFF},
    {0x0EFFFE, 0x10FFFF}, {0x000000, 0x00021F}, {0x000222, 0x000233}, {0x000250, 0x0002AD},
    {0x0002B0, 0x0002EE}, {0x000300, 0x00034E}, {0x000360, 0x000362}, {0x000374, 0x000375},
    {0x00037A, 0x00037A}, {0x00037E, 0x00037E}, {0x000384, 0x00038A}, {0x00038C, 0x00038C},
    {0x00038E, 0x0003A1}, {0x0003A3, 0x0003CE}, {0x0003D0, 0x0003D7}, {0x0003DA, 0x0003F3},
    {0x000400, 0x000486}, {0x000488, 0x000489}, {0x00048C, 0x0004C4}, {0x0004C7, 0x0004C8},
    {0x0004CB, 0x0004CC}, {0x0004D0, 0x0004F5}, {0x0004F8, 0x0004F9}, {0x000531, 0x000556},
    {0x000559, 0x00055F}, {0x000561, 0x000587}, {0x000589, 0x00058A}, {0x000591, 0x0005A1},
    {0x0005A3, 0x0005B9}, {0x0005BB, 0x0005C4}, {0x0005D0, 0x0005EA}, {0x0005F0, 0x0005F4},
    {0x00060C, 0x00060C}, {0x00061B, 0x00061B}, {0x00061F, 0x00061F}, {0x000621, 0x00063A},
    {0x000640, 0x000655}, {0x000660, 0x00066D}, {0x000670, 0x0006ED}, {0x0006F0, 0x0006FE},
    {0x000700, 0x00070D}, {0x00070F, 0x00072C}, {0x000730, 0x00074A}, {0x000780, 0x0007B0},
    {0x000901, 0x000903}, {0x000905, 0x000939}, {0x00093C, 0x00094D}, {0x000950, 0x000954},
    {0x000958, 0x000970}, {0x000981, 0x000983}, {0x000985, 0x00098C}, {0x00098F, 0x000990},
    {0x000993, 0x0009A8}, {0x0009AA, 0x0009B0}, {0x0009B2, 0x0009B2}, {0x0009B6, 0x0009B9},
    {0x0009BC, 0x0009BC}, {0x0009BE, 0x0009C4}, {0x0009C7, 0x0009C8}, {0x0009CB, 0x0009CD},
    {0x0009D7, 0x0009D7}, {0x0009DC, 0x0009DD}, {0x0009DF, 0x0009E3}, {0x0009E6, 0x0009FA},
    {0x000A02, 0x000A02}, {0x000A05, 0x000A0A}, {0x000A0F, 0x000A10}, {0x000A13, 0x000A28},
    {0x000A2A, 0x000A30}, {0x000A32, 0x000A33}, {0x000A35, 0x000A36}, {0x000A38, 0x000A39},
    {0x000A3C, 0x000A3C}, {0x000A3E, 0x000A42}, {0x000A47, 0x000A48}, {0x000A4B, 0x000A4D},
    {0x000A59, 0x000A5C}, {0x000A5E, 0x000A5E}, {0x000A66, 0x000A74}, {0x000A81, 0x000A83},
    {0x000A85, 0x000A8B}, {0x000A8D, 0x000A8D}, {0x000A8F, 0x000A91}, {0x000A93, 0x000AA8},
    {0x000AAA, 0x000AB0}, {0x000AB2, 0x000AB3}, {0x000AB5, 0x000AB9}, {0x000ABC, 0x000AC5},
    {0x000AC7, 0x000AC9}, {0x000ACB, 0x000ACD}, {0x000AD0, 0x000AD0}, {0x000AE0, 0x000AE0},
    {0x000AE6, 0x000AEF}, {0x000B01, 0x000B03}, {0x000B05, 0x000B0C}, {0x000B0F, 0x000B10},
    {0x000B13, 0x000B28}, {0x000B2A, 0x000B30}, {0x000B32, 0x000B33}, {0x000B36, 0x000B39},
    {0x000B3C, 0x000B43}, {0x000B47, 0x000B48}, {0x000B4B, 0x000B4D}, {0x000B56, 0x000B57},
    {0x000B5C, 0x000B5D}, {0x000B5F, 0x000B61}, {0x000B66, 0x000B70}, {0x000B82, 0x000B83},
    {0x000B85, 0x000B8A}, {0x000B8E, 0x000B90}, {0x000B92, 0x000B95}, {0x000B99, 0x000B9A},
    {0x000B9C, 0x000B9C}, {0x000B9E, 0x000B9F}, {0x000BA3, 0x000BA4}, {0x000BA8, 0x000BAA},
    {0x000BAE, 0x000BB5}, {0x000BB7, 0x000BB9}, {0x000BBE, 0x000BC2}, {0x000BC6, 0x000BC8},
    {0x000BCA, 0x000BCD}, {0x000BD7, 0x000BD7}, {0x000BE7, 0x000BF2}, {0x000C01, 0x000C03},
    {0x000C05, 0x000C0C}, {0x000C0E, 0x000C10}, {0x000C12, 0x000C28}, {0x000C2A, 0x000C33},
    {0x000C35, 0x000C39}, {0x000C3E, 0x000C44}, {0x000C46, 0x000C48}, {0x000C4A, 0x000C4D},
    {0x000C55, 0x000C56}, {0x000C60, 0x000C61}, {0x000C66, 0x000C6F}, {0x000C82, 0x000C83},
    {0x000C85, 0x000C8C}, {0x000C8E, 0x000C90}, {0x000C92, 0x000CA8}, {0x000CAA, 0x000CB3},
    {0x000CB5, 0x000CB9}, {0x000CBE, 0x000CC4}, {0x000CC6, 0x000CC8}, {0x000CCA, 0x000CCD},
    {0x000CD5, 0x000CD6}, {0x000CDE, 0x000CDE}, {0x000CE0, 0x000CE1}, {0x000CE6, 0x000CEF},
    {0x000D02, 0x000D03}, {0x000D05, 0x000D0C}, {0x000D0E, 0x000D10}, {0x000D12, 0x000D28},
    {0x000D2A, 0x000D39}, {0x000D3E, 0x000D43}, {0x000D46, 0x000D48}, {0x000D4A, 0x000D4D},
    {0x000D57, 0x000D57}, {0x000D60, 0x000D61}, {0x000D66, 0x000D6F}, {0x000D82, 0x000D83},
    {0x000D85, 0x000D96}, {0x000D9A, 0x000DB1}, {0x000DB3, 0x000DBB}, {0x000DBD, 0x000DBD},
    {0x000DC0, 0x000DC6}, {0x000DCA, 0x000DCA}, {0x000DCF, 0x000DD4}, {0x000DD6, 0x000DD6},
    {0x000DD8, 0x000DDF}, {0x000DF2, 0x000DF4}, {0x000E01, 0x000E3A}, {0x000E3F, 0x000E5B},
    {0x000E81, 0x000E82}, {0x000E84, 0x000E84}, {0x000E87, 0x000E88}, {0x000E8A, 0x000E8A},
    {0x000E8D, 0x000E8D}, {0x000E94, 0x000E97}, {0x000E99, 0x000E9F}, {0x000EA1, 0x000EA3},
    {0x000EA5, 0x000EA5}, {0x000EA7, 0x000EA7}, {0x000EAA, 0x000EAB}, {0x000EAD, 0x000EB9},
    {0x000EBB, 0x000EBD}, {0x000EC0, 0x000EC4}, {0x000EC6, 0x000EC6}, {0x000EC8, 0x000ECD},
    {0x000ED0, 0x000ED9}, {0x000EDC, 0x000EDD}, {0x000F00, 0x000F47}, {0x000F49, 0x000F6A},
    {0x000F71, 0x000F8B}, {0x000F90, 0x000F97}, {0x000F99, 0x000FBC}, {0x000FBE, 0x000FCC},
    {0x000FCF, 0x000FCF}, {0x001000, 0x001021}, {0x001023, 0x001027}, {0x001029, 0x00102A},
    {0x00102C, 0x001032}, {0x001036, 0x001039}, {0x001040, 0x001059}, {0x0010A0, 0x0010C5},
    {0x0010D0, 0x0010F6}, {0x0010FB, 0x0010FB}, {0x001100, 0x001159}, {0x00115F, 0x0011A2},
    {0x0011A8, 0x0011F9}, {0x001200, 0x001206}, {0x001208, 0x001246}, {0x001248, 0x001248},
    {0x00124A, 0x00124D}, {0x001250, 0x001256}, {0x001258, 0x001258}, {0x00125A, 0x00125D},
    {0x001260, 0x001286}, {0x001288, 0x001288}, {0x00128A, 0x00128D}, {0x001290, 0x0012AE},
    {0x0012B0, 0x0012B0}, {0x0012B2, 0x0012B5}, {0x0012B8, 0x0012BE}, {0x0012C0, 0x0012C0},
    {0x0012C2, 0x0012C5}, {0x0012C8, 0x0012CE}, {0x0012D0, 0x0012D6}, {0x0012D8, 0x0012EE},
    {0x0012F0, 0x00130E}, {0x001310, 0x001310}, {0x001312, 0x001315}, {0x001318, 0x00131E},
    {0x001320, 0x001346}, {0x001348, 0x00135A}, {0x001361, 0x00137C}, {0x0013A0, 0x0013F4},
    {0x001401, 0x001676}, {0x001680, 0x00169C}, {0x0016A0, 0x0016F0}, {0x001780, 0x0017DC},
    {0x0017E0, 0x0017E9}, {0x001800, 0x00180E}, {0x001810, 0x001819}, {0x001820, 0x001877},
    {0x001880, 0x0018A9}, {0x001E00, 0x001E9B}, {0x001EA0, 0x001EF9}, {0x001F00, 0x001F15},
    {0x001F18, 0x001F1D}, {0x001F20, 0x001F45}, {0x001F48, 0x001F4D}, {0x001F50, 0x001F57},
    {0x001F59, 0x001F59}, {0x001F5B, 0x001F5B}, {0x001F5D, 0x001F5D}, {0x001F5F, 0x001F7D},
    {0x001F80, 0x001FB4}, {0x001FB6, 0x001FC4}, {0x001FC6, 0x001FD3}, {0x001FD6, 0x001FDB},
    {0x001FDD, 0x001FEF}, {0x001FF2, 0x001FF4}, {0x001FF6, 0x001FFE}, {0x002000, 0x002046},
    {0x002048, 0x00204D}, {0x00206A, 0x002070}, {0x002074, 0x00208E}, {0x0020A0, 0x0020AF},
    {0x0020D0, 0x0020E3}, {0x002100, 0x00213A}, {0x002153, 0x002183}, {0x002190, 0x0021F3},
    {0x002200, 0x0022F1}, {0x002300, 0x00237B}, {0x00237D, 0x00239A}, {0x002400, 0x002426},
    {0x002440, 0x00244A}, {0x002460, 0x0024EA}, {0x002500, 0x002595}, {0x0025A0, 0x0025F7},
    {0x002600, 0x002613}, {0x002619, 0x002671}, {0x002701, 0x002704}, {0x002706, 0x002709},
    {0x00270C, 0x002727}, {0x002729, 0x00274B}, {0x00274D, 0x00274D}, {0x00274F, 0x002752},
    {0x002756, 0x002756}, {0x002758, 0x00275E}, {0x002761, 0x002767}, {0x002776, 0x002794},
    {0x002798, 0x0027AF}, {0x0027B1, 0x0027BE}, {0x002800, 0x0028FF}, {0x002E80, 0x002E99},
    {0x002E9B, 0x002EF3}, {0x002F00, 0x002FD5}, {0x002FF0, 0x002FFB}, {0x003000, 0x00303A},
    {0x00303E, 0x00303F}, {0x003041, 0x003094}, {0x003099, 0x00309E}, {0x0030A1, 0x0030FE},
    {0x003105, 0x00312C}, {0x003131, 0x00318E}, {0x003190, 0x0031B7}, {0x003200, 0x00321C},
    {0x003220, 0x003243}, {0x003260, 0x00327B}, {0x00327F, 0x0032B0}, {0x0032C0, 0x0032CB},
    {0x0032D0, 0x0032FE}, {0x003300, 0x003376}, {0x00337B, 0x0033DD}, {0x0033E0, 0x0033FE},
    {0x003400, 0x004DB5}, {0x004E00, 0x009FA5}, {0x00A000, 0x00A48C}, {0x00A490, 0x00A4A1},
    {0x00A4A4, 0x00A4B3}, {0x00A4B5, 0x00A4C0}, {0x00A4C2, 0x00A4C4}, {0x00A4C6, 0x00A4C6},
    {0x00AC00, 0x00D7A3}, {0x00E000, 0x00FA2D}, {0x00FB00, 0x00FB06}, {0x00FB13, 0x00FB17},
    {0x00FB1D, 0x00FB36}, {0x00FB38, 0x00FB3C}, {0x00FB3E, 0x00FB3E}, {0x00FB40, 0x00FB41},
    {0x00FB43, 0x00FB44}, {0x00FB46, 0x00FBB1}, {0x00FBD3, 0x00FD3F}, {0x00FD50, 0x00FD8F},
    {0x00FD92, 0x00FDC7}, {0x00FDF0, 0x00FDFB}, {0x00FE20, 0x00FE23}, {0x00FE30, 0x00FE44},
    {0x00FE49, 0x00FE52}, {0x00FE54, 0x00FE66}, {0x00FE68, 0x00FE6B}, {0x00FE70, 0x00FE72},
    {0x00FE74, 0x00FE74}, {0x00FE76, 0x00FEFC}, {0x00FEFF, 0x00FEFF}, {0x00FF01, 0x00FF5E},
    {0x00FF61, 0x00FFBE}, {0x00FFC2, 0x00FFC7}, {0x00FFCA, 0x00FFCF}, {0x00FFD2, 0x00FFD7},
    {0x00FFDA, 0x00FFDC}, {0x00FFE0, 0x00FFE6}, {0x00FFE8, 0x00FFEE}, {0x00FFF9, 0x00FFFF},
    {0x01FFFE, 0x01FFFF}, {0x02FFFE, 0x02FFFF}, {0x03FFFE, 0x03FFFF}, {0x04FFFE, 0x04FFFF},
    {0x05FFFE, 0x05FFFF}, {0x06FFFE, 0x06FFFF}, {0x07FFFE, 0x07FFFF}, {0x08FFFE, 0x08FFFF},
    {0x09FFFE, 0x09FFFF}, {0x0AFFFE, 0x0AFFFF}, {0x0BFFFE, 0x0BFFFF}, {0x0CFFFE, 0x0CFFFF},
    {0x0DFFFE, 0x0DFFFF}, {0x0EFFFE, 0x10FFFF}, {0x000000, 0x00021F}, {0x000222, 0x000233},
    {0x000250, 0x0002AD}, {0x0002B0, 0x0002EE}, {0x000300, 0x00034E}, {0x000360, 0x000362},
    {0x000374, 0x000375}, {0x00037A, 0x00037A}, {0x00037E, 0x00037E}, {0x000384, 0x00038A},
    {0x00038C, 0x00038C}, {0x00038E, 0x0003A1}, {0x0003A3, 0x0003CE}, {0x0003D0, 0x0003D7},
    {0x0003DA, 0x0003F5}, {0x000400, 0x000486}, {0x000488, 0x000489}, {0x00048C, 0x0004C4},
    {0x0004C7, 0x0004C8}, {0x0004CB, 0x0004CC}, {0x0004D0, 0x0004F5}, {0x0004F8, 0x0004F9},
    {0x000531, 0x000556}, {0x000559, 0x00055F}, {0x000561, 0x000587}, {0x000589, 0x00058A},
    {0x000591, 0x0005A1}, {0x0005A3, 0x0005B9}, {0x0005BB, 0x0005C4}, {0x0005D0, 0x0005EA},
    {0x0005F0, 0x0005F4}, {0x00060C, 0x00060C}, {0x00061B, 0x00061B}, {0x00061F, 0x00061F},
    {0x000621, 0x00063A}, {0x000640, 0x000655}, {0x000660, 0x00066D}, {0x000670, 0x0006ED},
    {0x0006F0, 0x0006FE}, {0x000700, 0x00070D}, {0x00070F, 0x00072C}, {0x000730, 0x00074A},
    {0x000780, 0x0007B0}, {0x000901, 0x000903}, {0x000905, 0x000939}, {0x00093C, 0x00094D},
    {0x000950, 0x000954}, {0x000958, 0x000970}, {0x000981, 0x000983}, {0x000985, 0x00098C},
    {0x00098F, 0x000990}, {0x000993, 0x0009A8}, {0x0009AA, 0x0009B0}, {0x0009B2, 0x0009B2},
    {0x0009B6, 0x0009B9}, {0x0009BC, 0x0009BC}, {0x0009BE, 0x0009C4}, {0x0009C7, 0x0009C8},
    {0x0009CB, 0x0009CD}, {0x0009D7, 0x0009D7}, {0x0009DC, 0x0009DD}, {0x0009DF, 0x0009E3},
    {0x0009E6, 0x0009FA}, {0x000A02, 0x000A02}, {0x000A05, 0x000A0A}, {0x000A0F, 0x000A10},
    {0x000A13, 0x000A28}, {0x000A2A, 0x000A30}, {0x000A32, 0x000A33}, {0x000A35, 0x000A36},
    {0x000A38, 0x000A39}, {0x000A3C, 0x000A3C}, {0x000A3E, 0x000A42}, {0x000A47, 0x000A48},
    {0x000A4B, 0x000A4D}, {0x000A59, 0x000A5C}, {0x000A5E, 0x000A5E}, {0x000A66, 0x000A74},
    {0x000A81, 0x000A83}, {0x000A85, 0x000A8B}, {0x000A8D, 0x000A8D}, {0x000A8F, 0x000A91},
    {0x000A93, 0x000AA8}, {0x000AAA, 0x000AB0}, {0x000AB2, 0x000AB3}, {0x000AB5, 0x000AB9},
    {0x000ABC, 0x000AC5}, {0x000AC7, 0x000AC9}, {0x000ACB, 0x000ACD}, {0x000AD0, 0x000AD0},
    {0x000AE0, 0x000AE0}, {0x000AE6, 0x000AEF}, {0x000B01, 0x000B03}, {0x000B05, 0x000B0C},
    {0x000B0F, 0x000B10}, {0x000B13, 0x000B28}, {0x000B2A, 0x000B30}, {0x000B32, 0x000B33},
    {0x000B36, 0x000B39}, {0x000B3C, 0x000B43}, {0x000B47, 0x000B48}, {0x000B4B, 0x000B4D},
    {0x000B56, 0x000B57}, {0x000B5C, 0x000B5D}, {0x000B5F, 0x000B61}, {0x000B66, 0x000B70},
    {0x000B82, 0x000B83}, {0x000B85, 0x000B8A}, {0x000B8E, 0x000B90}, {0x000B92, 0x000B95},
    {0x000B99, 0x000B9A}, {0x000B9C, 0x000B9C}, {0x000B9E, 0x000B9F}, {0x000BA3, 0x000BA4},
    {0x000BA8, 0x000BAA}, {0x000BAE, 0x000BB5}, {0x000BB7, 0x000BB9}, {0x000BBE, 0x000BC2},
    {0x000BC6, 0x000BC8}, {0x000BCA, 0x000BCD}, {0x000BD7, 0x000BD7}, {0x000BE7, 0x000BF2},
    {0x000C01, 0x000C03}, {0x000C05, 0x000C0C}, {0x000C0E, 0x000C10}, {0x000C12, 0x000C28},
    {0x000C2A, 0x000C33}, {0x000C35, 0x000C39}, {0x000C3E, 0x000C44}, {0x000C46, 0x000C48},
    {0x000C4A, 0x000C4D}, {0x000C55, 0x000C56}, {0x000C60, 0x000C61}, {0x000C66, 0x000C6F},
    {0x000C82, 0x000C83}, {0x000C85, 0x000C8C}, {0x000C8E, 0x000C90}, {0x000C92, 0x000CA8},
    {0x000CAA, 0x000CB3}, {0x000CB5, 0x000CB9}, {0x000CBE, 0x000CC4}, {0x000CC6, 0x000CC8},
    {0x000CCA, 0x000CCD}, {0x000CD5, 0x000CD6}, {0x000CDE, 0x000CDE}, {0x000CE0, 0x000CE1},
    {0x000CE6, 0x000CEF}, {0x000D02, 0x000D03}, {0x000D05, 0x000D0C}, {0x000D0E, 0x000D10},
    {0x000D12, 0x000D28}, {0x000D2A, 0x000D39}, {0x000D3E, 0x000D43}, {0x000D46, 0x000D48},
    {0x000D4A, 0x000D4D}, {0x000D57, 0x000D57}, {0x000D60, 0x000D61}, {0x000D66, 0x000D6F},
    {0x000D82, 0x000D83}, {0x000D85, 0x000D96}, {0x000D9A, 0x000DB1}, {0x000DB3, 0x000DBB},
    {0x000DBD, 0x000DBD}, {0x000DC0, 0x000DC6}, {0x000DCA, 0x000DCA}, {0x000DCF, 0x000DD4},
    {0x000DD6, 0x000DD6}, {0x000DD8, 0x000DDF}, {0x000DF2, 0x000DF4}, {0x000E01, 0x000E3A},
    {0x000E3F, 0x000E5B}, {0x000E81, 0x000E82}, {0x000E84, 0x000E84}, {0x000E87, 0x000E88},
    {0x000E8A, 0x000E8A}, {0x000E8D, 0x000E8D}, {0x000E94, 0x000E97}, {0x000E99, 0x000E9F},
    {0x000EA1, 0x000EA3}, {0x000EA5, 0x000EA5}, {0x000EA7, 0x000EA7}, {0x000EAA, 0x000EAB},
    {0x000EAD, 0x000EB9}, {0x000EBB, 0x000EBD}, {0x000EC0, 0x000EC4}, {0x000EC6, 0x000EC6},
    {0x000EC8, 0x000ECD}, {0x000ED0, 0x000ED9}, {0x000EDC, 0x000EDD}, {0x000F00, 0x000F47},
    {0x000F49, 0x000F6A}, {0x000F71, 0x000F8B}, {0x000F90, 0x000F97}, {0x000F99, 0x000FBC},
    {0x000FBE, 0x000FCC}, {0x000FCF, 0x000FCF}, {0x001000, 0x001021}, {0x001023, 0x001027},
    {0x001029, 0x00102A}, {0x00102C, 0x001032}, {0x001036, 0x001039}, {0x001040, 0x001059},
    {0x0010A0, 0x0010C5}, {0x0010D0, 0x0010F6}, {0x0010FB, 0x0010FB}, {0x001100, 0x001159},
    {0x00115F, 0x0011A2}, {0x0011A8, 0x0011F9}, {0x001200, 0x001206}, {0x001208, 0x001246},
    {0x001248, 0x001248}, {0x00124A, 0x00124D}, {0x001250, 0x001256}, {0x001258, 0x001258},
    {0x00125A, 0x00125D}, {0x001260, 0x001286}, {0x001288, 0x001288}, {0x00128A, 0x00128D},
    {0x001290, 0x0012AE}, {0x0012B0, 0x0012B0}, {0x0012B2, 0x0012B5}, {0x0012B8, 0x0012BE},
    {0x0012C0, 0x0012C0}, {0x0012C2, 0x0012C5}, {0x0012C8, 0x0012CE}, {0x0012D0, 0x0012D6},
    {0x0012D8, 0x0012EE}, {0x0012F0, 0x00130E}, {0x001310, 0x001310}, {0x001312, 0x001315},
    {0x001318, 0x00131E}, {0x001320, 0x001346}, {0x001348, 0x00135A}, {0x001361, 0x00137C},
    {0x0013A0, 0x0013F4}, {0x001401, 0x001676}, {0x001680, 0x00169C}, {0x0016A0, 0x0016F0},
    {0x001780, 0x0017DC}, {0x0017E0, 0x0017E9}, {0x001800, 0x00180E}, {0x001810, 0x001819},
    {0x001820, 0x001877}, {0x001880, 0x0018A9}, {0x001E00, 0x001E9B}, {0x001EA0, 0x001EF9},
    {0x001F00, 0x001F15}, {0x001F18, 0x001F1D}, {0x001F20, 0x001F45}, {0x001F48, 0x001F4D},
    {0x001F50, 0x001F57}, {0x001F59, 0x001F59}, {0x001F5B, 0x001F5B}, {0x001F5D, 0x001F5D},
    {0x001F5F, 0x001F7D}, {0x001F80, 0x001FB4}, {0x001FB6, 0x001FC4}, {0x001FC6, 0x001FD3},
    {0x001FD6, 0x001FDB}, {0x001FDD, 0x001FEF}, {0x001FF2, 0x001FF4}, {0x001FF6, 0x001FFE},
    {0x002000, 0x002046}, {0x002048, 0x00204D}, {0x00206A, 0x002070}, {0x002074, 0x00208E},
    {0x0020A0, 0x0020AF}, {0x0020D0, 0x0020E3}, {0x002100, 0x00213A}, {0x002153, 0x002183},
    {0x002190, 0x0021F3}, {0x002200, 0x0022F1}, {0x002300, 0x00237B}, {0x00237D, 0x00239A},
    {0x002400, 0x002426}, {0x002440, 0x00244A}, {0x002460, 0x0024EA}, {0x002500, 0x002595},
    {0x0025A0, 0x0025F7}, {0x002600, 0x002613}, {0x002619, 0x002671}, {0x002701, 0x002704},
    {0x002706, 0x002709}, {0x00270C, 0x002727}, {0x002729, 0x00274B}, {0x00274D, 0x00274D},
    {0x00274F, 0x002752}, {0x002756, 0x002756}, {0x002758, 0x00275E}, {0x002761, 0x002767},
    {0x002776, 0x002794}, {0x002798, 0x0027AF}, {0x0027B1, 0x0027BE}, {0x002800, 0x0028FF},
    {0x002E80, 0x002E99}, {0x002E9B, 0x002EF3}, {0x002F00, 0x002FD5}, {0x002FF0, 0x002FFB},
    {0x003000, 0x00303A}, {0x00303E, 0x00303F}, {0x003041, 0x003094}, {0x003099, 0x00309E},
    {0x0030A1, 0x0030FE}, {0x003105, 0x00312C}, {0x003131, 0x00318E}, {0x003190, 0x0031B7},
    {0x003200, 0x00321C}, {0x003220, 0x003243}, {0x003260, 0x00327B}, {0x00327F, 0x0032B0},
    {0x0032C0, 0x0032CB}, {0x0032D0, 0x0032FE}, {0x003300, 0x003376}, {0x00337B, 0x0033DD},
    {0x0033E0, 0x0033FE}, {0x003400, 0x004DB5}, {0x004E00, 0x009FA5}, {0x00A000, 0x00A48C},
    {0x00A490, 0x00A4A1}, {0x00A4A4, 0x00A4B3}, {0x00A4B5, 0x00A4C0}, {0x00A4C2, 0x00A4C4},
    {0x00A4C6, 0x00A4C6}, {0x00AC00, 0x00D7A3}, {0x00E000, 0x00FA2D}, {0x00FB00, 0x00FB06},
    {0x00FB13, 0x00FB17}, {0x00FB1D, 0x00FB36}, {0x00FB38, 0x00FB3C}, {0x00FB3E, 0x00FB3E},
    {0x00FB40, 0x00FB41}, {0x00FB43, 0x00FB44}, {0x00FB46, 0x00FBB1}, {0x00FBD3, 0x00FD3F},
    {0x00FD50, 0x00FD8F}, {0x00FD92, 0x00FDC7}, {0x00FDD0, 0x00FDFB}, {0x00FE20, 0x00FE23},
    {0x00FE30, 0x00FE44}, {0x00FE49, 0x00FE52}, {0x00FE54, 0x00FE66}, {0x00FE68, 0x00FE6B},
    {0x00FE70, 0x00FE72}, {0x00FE74, 0x00FE74}, {0x00FE76, 0x00FEFC}, {0x00FEFF, 0x00FEFF},
    {0x00FF01, 0x00FF5E}, {0x00FF61, 0x00FFBE}, {0x00FFC2, 0x00FFC7}, {0x00FFCA, 0x00FFCF},
    {0x00FFD2, 0x00FFD7}, {0x00FFDA, 0x00FFDC}, {0x00FFE0, 0x00FFE6}, {0x00FFE8, 0x00FFEE},
    {0x00FFF9, 0x00FFFF}, {0x010300, 0x01031E}, {0x010320, 0x010323}, {0x010330, 0x01034A},
    {0x010400, 0x010425}, {0x010428, 0x01044D}, {0x01D000, 0x01D0F5}, {0x01D100, 0x01D126},
    {0x01D12A, 0x01D1DD}, {0x01D400, 0x01D454}, {0x01D456, 0x01D49C}, {0x01D49E, 0x01D49F},
    {0x01D4A2, 0x01D4A2}, {0x01D4A5, 0x01D4A6}, {0x01D4A9, 0x01D4AC}, {0x01D4AE, 0x01D4B9},
    {0x01D4BB, 0x01D4BB}, {0x01D4BD, 0x01D4C0}, {0x01D4C2, 0x01D4C3}, {0x01D4C5, 0x01D505},
    {0x01D507, 0x01D50A}, {0x01D50D, 0x01D514}, {0x01D516, 0x01D51C}, {0x01D51E, 0x01D539},
    {0x01D53B, 0x01D53E}, {0x01D540, 0x01D544}, {0x01D546, 0x01D546}, {0x01D54A, 0x01D550},
    {0x01D552, 0x01D6A3}, {0x01D6A8, 0x01D7C9}, {0x01D7CE, 0x01D7FF}, {0x01FFFE, 0x02A6D6},
    {0x02F800, 0x02FA1D}, {0x02FFFE, 0x02FFFF}, {0x03FFFE, 0x03FFFF}, {0x04FFFE, 0x04FFFF},
    {0x05FFFE, 0x05FFFF}, {0x06FFFE, 0x06FFFF}, {0x07FFFE, 0x07FFFF}, {0x08FFFE, 0x08FFFF},
    {0x09FFFE, 0x09FFFF}, {0x0AFFFE, 0x0AFFFF}, {0x0BFFFE, 0x0BFFFF}, {0x0CFFFE, 0x0CFFFF},
    {0x0DFFFE, 0x0DFFFF}, {0x0E0001, 0x0E0001}, {0x0E0020, 0x0E007F}, {0x0EFFFE, 0x10FFFF},
    {0x000000, 0x000220}, {0x000222, 0x000233}, {0x000250, 0x0002AD}, {0x0002B0, 0x0002EE},
    {0x000300, 0x00034F}, {0x000360, 0x00036F}, {0x000374, 0x000375}, {0x00037A, 0x00037A},
    {0x00037E, 0x00037E}, {0x000384, 0x00038A}, {0x00038C, 0x00038C}, {0x00038E, 0x0003A1},
    {0x0003A3, 0x0003CE}, {0x0003D0, 0x0003F6}, {0x000400, 0x000486}, {0x000488, 0x0004CE},
    {0x0004D0, 0x0004F5}, {0x0004F8, 0x0004F9}, {0x000500, 0x00050F}, {0x000531, 0x000556},
    {0x000559, 0x00055F}, {0x000561, 0x000587}, {0x000589, 0x00058A}, {0x000591, 0x0005A1},
    {0x0005A3, 0x0005B9}, {0x0005BB, 0x0005C4}, {0x0005D0, 0x0005EA}, {0x0005F0, 0x0005F4},
    {0x00060C, 0x00060C}, {0x00061B, 0x00061B}, {0x00061F, 0x00061F}, {0x000621, 0x00063A},
    {0x000640, 0x000655}, {0x000660, 0x0006ED}, {0x0006F0, 0x0006FE}, {0x000700, 0x00070D},
    {0x00070F, 0x00072C}, {0x000730, 0x00074A}, {0x000780, 0x0007B1}, {0x000901, 0x000903},
    {0x000905, 0x000939}, {0x00093C, 0x00094D}, {0x000950, 0x000954}, {0x000958, 0x000970},
    {0x000981, 0x000983}, {0x000985, 0x00098C}, {0x00098F, 0x000990}, {0x000993, 0x0009A8},
    {0x0009AA, 0x0009B0}, {0x0009B2, 0x0009B2}, {0x0009B6, 0x0009B9}, {0x0009BC, 0x0009BC},
    {0x0009BE, 0x0009C4}, {0x0009C7, 0x0009C8}, {0x0009CB, 0x0009CD}, {0x0009D7, 0x0009D7},
    {0x0009DC, 0x0009DD}, {0x0009DF, 0x0009E3}, {0x0009E6, 0x0009FA}, {0x000A02, 0x000A02},
    {0x000A05, 0x000A0A}, {0x000A0F, 0x000A10}, {0x000A13, 0x000A28}, {0x000A2A, 0x000A30},
    {0x000A32, 0x000A33}, {0x000A35, 0x000A36}, {0x000A38, 0x000A39}, {0x000A3C, 0x000A3C},
    {0x000A3E, 0x000A42}, {0x000A47, 0x000A48}, {0x000A4B, 0x000A4D}, {0x000A59, 0x000A5C},
    {0x000A5E, 0x000A5E}, {0x000A66, 0x000A74}, {0x000A81, 0x000A83}, {0x000A85, 0x000A8B},
    {0x000A8D, 0x000A8D}, {0x000A8F, 0x000A91}, {0x000A93, 0x000AA8}, {0x000AAA, 0x000AB0},
    {0x000AB2, 0x000AB3}, {0x000AB5, 0x000AB9}, {0x000ABC, 0x000AC5}, {0x000AC7, 0x000AC9},
    {0x000ACB, 0x000ACD}, {0x000AD0, 0x000AD0}, {0x000AE0, 0x000AE0}, {0x000AE6, 0x000AEF},
    {0x000B01, 0x000B03}, {0x000B05, 0x000B0C}, {0x000B0F, 0x000B10}, {0x000B13, 0x000B28},
    {0x000B2A, 0x000B30}, {0x000B32, 0x000B33}, {0x000B36, 0x000B39}, {0x000B3C, 0x000B43},
    {0x000B47, 0x000B48}, {0x000B4B, 0x000B4D}, {0x000B56, 0x000B57}, {0x000B5C, 0x000B5D},
    {0x000B5F, 0x000B61}, {0x000B66, 0x000B70}, {0x000B82, 0x000B83}, {0x000B85, 0x000B8A},
    {0x000B8E, 0x000B90}, {0x000B92, 0x000B95}, {0x000B99, 0x000B9A}, {0x000B9C, 0x000B9C},
    {0x000B9E, 0x000B9F}, {0x000BA3, 0x000BA4}, {0x000BA8, 0x000BAA}, {0x000BAE, 0x000BB5},
    {0x000BB7, 0x000BB9}, {0x000BBE, 0x000BC2}, {0x000BC6, 0x000BC8}, {0x000BCA, 0x000BCD},
    {0x000BD7, 0x000BD7}, {0x000BE7, 0x000BF2}, {0x000C01, 0x000C03}, {0x000C05, 0x000C0C},
    {0x000C0E, 0x000C10}, {0x000C12, 0x000C28}, {0x000C2A, 0x000C33}, {0x000C35, 0x000C39},
    {0x000C3E, 0x000C44}, {0x000C46, 0x000C48}, {0x000C4A, 0x000C4D}, {0x000C55, 0x000C56},
    {0x000C60, 0x000C61}, {0x000C66, 0x000C6F}, {0x000C82, 0x000C83}, {0x000C85, 0x000C8C},
    {0x000C8E, 0x000C90}, {0x000C92, 0x000CA8}, {0x000CAA, 0x000CB3}, {0x000CB5, 0x000CB9},
    {0x000CBE, 0x000CC4}, {0x000CC6, 0x000CC8}, {0x000CCA, 0x000CCD}, {0x000CD5, 0x000CD6},
    {0x000CDE, 0x000CDE}, {0x000CE0, 0x000CE1}, {0x000CE6, 0x000CEF}, {0x000D02, 0x000D03},
    {0x000D05, 0x000D0C}, {0x000D0E, 0x000D10}, {0x000D12, 0x000D28}, {0x000D2A, 0x000D39},
    {0x000D3E, 0x000D43}, {0x000D46, 0x000D48}, {0x000D4A, 0x000D4D}, {0x000D57, 0x000D57},
    {0x000D60, 0x000D61}, {0x000D66, 0x000D6F}, {0x000D82, 0x000D83}, {0x000D85, 0x000D96},
    {0x000D9A, 0x000DB1}, {0x000DB3, 0x000DBB}, {0x000DBD, 0x000DBD}, {0x000DC0, 0x000DC6},
    {0x000DCA, 0x000DCA}, {0x000DCF, 0x000DD4}, {0x000DD6, 0x000DD6}, {0x000DD8, 0x000DDF},
    {0x000DF2, 0x000DF4}, {0x000E01, 0x000E3A}, {0x000E3F, 0x000E5B}, {0x000E81, 0x000E82},
    {0x000E84, 0x000E84}, {0x000E87, 0x000E88}, {0x000E8A, 0x000E8A}, {0x000E8D, 0x000E8D},
    {0x000E94, 0x000E97}, {0x000E99, 0x000E9F}, {0x000EA1, 0x000EA3}, {0x000EA5, 0x000EA5},
    {0x000EA7, 0x000EA7}, {0x000EAA, 0x000EAB}, {0x000EAD, 0x000EB9}, {0x000EBB, 0x000EBD},
    {0x000EC0, 0x000EC4}, {0x000EC6, 0x000EC6}, {0x000EC8, 0x000ECD}, {0x000ED0, 0x000ED9},
    {0x000EDC, 0x000EDD}, {0x000F00, 0x000F47}, {0x000F49, 0x000F6A}, {0x000F71, 0x000F8B},
    {0x000F90, 0x000F97}, {0x000F99, 0x000FBC}, {0x000FBE, 0x000FCC}, {0x000FCF, 0x000FCF},
    {0x001000, 0x001021}, {0x001023, 0x001027}, {0x001029, 0x00102A}, {0x00102C, 0x001032},
    {0x001036, 0x001039}, {0x001040, 0x001059}, {0x0010A0, 0x0010C5}, {0x0010D0, 0x0010F8},
    {0x0010FB, 0x0010FB}, {0x001100, 0x001159}, {0x00115F, 0x0011A2}, {0x0011A8, 0x0011F9},
    {0x001200, 0x001206}, {0x001208, 0x001246}, {0x001248, 0x001248}, {0x00124A, 0x00124D},
    {0x001250, 0x001256}, {0x001258, 0x001258}, {0x00125A, 0x00125D}, {0x001260, 0x001286},
    {0x001288, 0x001288}, {0x00128A, 0x00128D}, {0x001290, 0x0012AE}, {0x0012B0, 0x0012B0},
    {0x0012B2, 0x0012B5}, {0x0012B8, 0x0012BE}, {0x0012C0, 0x0012C0}, {0x0012C2, 0x0012C5},
    {0x0012C8, 0x0012CE}, {0x0012D0, 0x0012D6}, {0x0012D8, 0x0012EE}, {0x0012F0, 0x00130E},
    {0x001310, 0x001310}, {0x001312, 0x001315}, {0x001318, 0x00131E}, {0x001320, 0x001346},
    {0x001348, 0x00135A}, {0x001361, 0x00137C}, {0x0013A0, 0x0013F4}, {0x001401, 0x001676},
    {0x001680, 0x00169C}, {0x0016A0, 0x0016F0}, {0x001700, 0x00170C}, {0x00170E, 0x001714},
    {0x001720, 0x001736}, {0x001740, 0x001753}, {0x001760, 0x00176C}, {0x00176E, 0x001770},
    {0x001772, 0x001773}, {0x001780, 0x0017DC}, {0x0017E0, 0x0017E9}, {0x001800, 0x00180E},
    {0x001810, 0x001819}, {0x001820, 0x001877}, {0x001880, 0x0018A9}, {0x001E00, 0x001E9B},
    {0x001EA0, 0x001EF9}, {0x001F00, 0x001F15}, {0x001F18, 0x001F1D}, {0x001F20, 0x001F45},
    {0x001F48, 0x001F4D}, {0x001F50, 0x001F57}, {0x001F59, 0x001F59}, {0x001F5B, 0x001F5B},
    {0x001F5D, 0x001F5D}, {0x001F5F, 0x001F7D}, {0x001F80, 0x001FB4}, {0x001FB6, 0x001FC4},
    {0x001FC6, 0x001FD3}, {0x001FD6, 0x001FDB}, {0x001FDD, 0x001FEF}, {0x001FF2, 0x001FF4},
    {0x001FF6, 0x001FFE}, {0x002000, 0x002052}, {0x002057, 0x002057}, {0x00205F, 0x002063},
    {0x00206A, 0x002071}, {0x002074, 0x00208E}, {0x0020A0, 0x0020B1}, {0x0020D0, 0x0020EA},
    {0x002100, 0x00213A}, {0x00213D, 0x00214B}, {0x002153, 0x002183}, {0x002190, 0x0023CE},
    {0x002400, 0x002426}, {0x002440, 0x00244A}, {0x002460, 0x0024FE}, {0x002500, 0x002613},
    {0x002616, 0x002617}, {0x002619, 0x00267D}, {0x002680, 0x002689}, {0x002701, 0x002704},
    {0x002706, 0x002709}, {0x00270C, 0x002727}, {0x002729, 0x00274B}, {0x00274D, 0x00274D},
    {0x00274F, 0x002752}, {0x002756, 0x002756}, {0x002758, 0x00275E}, {0x002761, 0x002794},
    {0x002798, 0x0027AF}, {0x0027B1, 0x0027BE}, {0x0027D0, 0x0027EB}, {0x0027F0, 0x002AFF},
    {0x002E80, 0x002E99}, {0x002E9B, 0x002EF3}, {0x002F00, 0x002FD5}, {0x002FF0, 0x002FFB},
    {0x003000, 0x00303F}, {0x003041, 0x003096}, {0x003099, 0x0030FF}, {0x003105, 0x00312C},
    {0x003131, 0x00318E}, {0x003190, 0x0031B7}, {0x0031F0, 0x00321C}, {0x003220, 0x003243},
    {0x003251, 0x00327B}, {0x00327F, 0x0032CB}, {0x0032D0, 0x0032FE}, {0x003300, 0x003376},
    {0x00337B, 0x0033DD}, {0x0033E0, 0x0033FE}, {0x003400, 0x004DB5}, {0x004E00, 0x009FA5},
    {0x00A000, 0x00A48C}, {0x00A490, 0x00A4C6}, {0x00AC00, 0x00D7A3}, {0x00E000, 0x00FA2D},
    {0x00FA30, 0x00FA6A}, {0x00FB00, 0x00FB06}, {0x00FB13, 0x00FB17}, {0x00FB1D, 0x00FB36},
    {0x00FB38, 0x00FB3C}, {0x00FB3E, 0x00FB3E}, {0x00FB40, 0x00FB41}, {0x00FB43, 0x00FB44},
    {0x00FB46, 0x00FBB1}, {0x00FBD3, 0x00FD3F}, {0x00FD50, 0x00FD8F}, {0x00FD92, 0x00FDC7},
    {0x00FDD0, 0x00FDFC}, {0x00FE00, 0x00FE0F}, {0x00FE20, 0x00FE23}, {0x00FE30, 0x00FE46},
    {0x00FE49, 0x00FE52}, {0x00FE54, 0x00FE66}, {0x00FE68, 0x00FE6B}, {0x00FE70, 0x00FE74},
    {0x00FE76, 0x00FEFC}, {0x00FEFF, 0x00FEFF}, {0x00FF01, 0x00FFBE}, {0x00FFC2, 0x00FFC7},
    {0x00FFCA, 0x00FFCF}, {0x00FFD2, 0x00FFD7}, {0x00FFDA, 0x00FFDC}, {0x00FFE0, 0x00FFE6},
    {0x00FFE8, 0x00FFEE}, {0x00FFF9, 0x00FFFF}, {0x010300, 0x01031E}, {0x010320, 0x010323},
    {0x010330, 0x01034A}, {0x010400, 0x010425}, {0x010428, 0x01044D}, {0x01D000, 0x01D0F5},
    {0x01D100, 0x01D126}, {0x01D12A, 0x01D1DD}, {0x01D400, 0x01D454}, {0x01D456, 0x01D49C},
    {0x01D49E, 0x01D49F}, {0x01D4A2, 0x01D4A2}, {0x01D4A5, 0x01D4A6}, {0x01D4A9, 0x01D4AC},
    {0x01D4AE, 0x01D4B9}, {0x01D4BB, 0x01D4BB}, {0x01D4BD, 0x01D4C0}, {0x01D4C2, 0x01D4C3},
    {0x01D4C5, 0x01D505}, {0x01D507, 0x01D50A}, {0x01D50D, 0x01D514}, {0x01D516, 0x01D51C},
    {0x01D51E, 0x01D539}, {0x01D53B, 0x01D53E}, {0x01D540, 0x01D544}, {0x01D546, 0x01D546},
    {0x01D54A, 0x01D550}, {0x01D552, 0x01D6A3}, {0x01D6A8, 0x01D7C9}, {0x01D7CE, 0x01D7FF},
    {0x01FFFE, 0x02A6D6}, {0x02F800, 0x02FA1D}, {0x02FFFE, 0x02FFFF}, {0x03FFFE, 0x03FFFF},
    {0x04FFFE, 0x04FFFF}, {0x05FFFE, 0x05FFFF}, {0x06FFFE, 0x06FFFF}, {0x07FFFE, 0x07FFFF},
    {0x08FFFE, 0x08FFFF}, {0x09FFFE, 0x09FFFF}, {0x0AFFFE, 0x0AFFFF}, {0x0BFFFE, 0x0BFFFF},
    {0x0CFFFE, 0x0CFFFF}, {0x0DFFFE, 0x0DFFFF}, {0x0E0001, 0x0E0001}, {0x0E0020, 0x0E007F},
    {0x0EFFFE, 0x10FFFF}, {0x000000, 0x000236}, {0x000250, 0x000357}, {0x00035D, 0x00036F},
    {0x000374, 0x000375}, {0x00037A, 0x00037A}, {0x00037E, 0x00037E}, {0x000384, 0x00038A},
    {0x00038C, 0x00038C}, {0x00038E, 0x0003A1}, {0x0003A3, 0x0003CE}, {0x0003D0, 0x0003FB},
    {0x000400, 0x000486}, {0x000488, 0x0004CE}, {0x0004D0, 0x0004F5}, {0x0004F8, 0x0004F9},
    {0x000500, 0x00050F}, {0x000531, 0x000556}, {0x000559, 0x00055F}, {0x000561, 0x000587},
    {0x000589, 0x00058A}, {0x000591, 0x0005A1}, {0x0005A3, 0x0005B9}, {0x0005BB, 0x0005C4},
    {0x0005D0, 0x0005EA}, {0x0005F0, 0x0005F4}, {0x000600, 0x000603}, {0x00060C, 0x000615},
    {0x00061B, 0x00061B}, {0x00061F, 0x00061F}, {0x000621, 0x00063A}, {0x000640, 0x000658},
    {0x000660, 0x00070D}, {0x00070F, 0x00074A}, {0x00074D, 0x00074F}, {0x000780, 0x0007B1},
    {0x000901, 0x000939}, {0x00093C, 0x00094D}, {0x000950, 0x000954}, {0x000958, 0x000970},
    {0x000981, 0x000983}, {0x000985, 0x00098C}, {0x00098F, 0x000990}, {0x000993, 0x0009A8},
    {0x0009AA, 0x0009B0}, {0x0009B2, 0x0009B2}, {0x0009B6, 0x0009B9}, {0x0009BC, 0x0009C4},
    {0x0009C7, 0x0009C8}, {0x0009CB, 0x0009CD}, {0x0009D7, 0x0009D7}, {0x0009DC, 0x0009DD},
    {0x0009DF, 0x0009E3}, {0x0009E6, 0x0009FA}, {0x000A01, 0x000A03}, {0x000A05, 0x000A0A},
    {0x000A0F, 0x000A10}, {0x000A13, 0x000A28}, {0x000A2A, 0x000A30}, {0x000A32, 0x000A33},
    {0x000A35, 0x000A36}, {0x000A38, 0x000A39}, {0x000A3C, 0x000A3C}, {0x000A3E, 0x000A42},
    {0x000A47, 0x000A48}, {0x000A4B, 0x000A4D}, {0x000A59, 0x000A5C}, {0x000A5E, 0x000A5E},
    {0x000A66, 0x000A74}, {0x000A81, 0x000A83}, {0x000A85, 0x000A8D}, {0x000A8F, 0x000A91},
    {0x000A93, 0x000AA8}, {0x000AAA, 0x000AB0}, {0x000AB2, 0x000AB3}, {0x000AB5, 0x000AB9},
    {0x000ABC, 0x000AC5}, {0x000AC7, 0x000AC9}, {0x000ACB, 0x000ACD}, {0x000AD0, 0x000AD0},
    {0x000AE0, 0x000AE3}, {0x000AE6, 0x000AEF}, {0x000AF1, 0x000AF1}, {0x000B01, 0x000B03},
    {0x000B05, 0x000B0C}, {0x000B0F, 0x000B10}, {0x000B13, 0x000B28}, {0x000B2A, 0x000B30},
    {0x000B32, 0x000B33}, {0x000B35, 0x000B39}, {0x000B3C, 0x000B43}, {0x000B47, 0x000B48},
    {0x000B4B, 0x000B4D}, {0x000B56, 0x000B57}, {0x000B5C, 0x000B5D}, {0x000B5F, 0x000B61},
    {0x000B66, 0x000B71}, {0x000B82, 0x000B83}, {0x000B85, 0x000B8A}, {0x000B8E, 0x000B90},
    {0x000B92, 0x000B95}, {0x000B99, 0x000B9A}, {0x000B9C, 0x000B9C}, {0x000B9E, 0x000B9F},
    {0x000BA3, 0x000BA4}, {0x000BA8, 0x000BAA}, {0x000BAE, 0x000BB5}, {0x000BB7, 0x000BB9},
    {0x000BBE, 0x000BC2}, {0x000BC6, 0x000BC8}, {0x000BCA, 0x000BCD}, {0x000BD7, 0x000BD7},
    {0x000BE7, 0x000BFA}, {0x000C01, 0x000C03}, {0x000C05, 0x000C0C}, {0x000C0E, 0x000C10},
    {0x000C12, 0x000C28}, {0x000C2A, 0x000C33}, {0x000C35, 0x000C39}, {0x000C3E, 0x000C44},
    {0x000C46, 0x000C48}, {0x000C4A, 0x000C4D}, {0x000C55, 0x000C56}, {0x000C60, 0x000C61},
    {0x000C66, 0x000C6F}, {0x000C82, 0x000C83}, {0x000C85, 0x000C8C}, {0x000C8E, 0x000C90},
    {0x000C92, 0x000CA8}, {0x000CAA, 0x000CB3}, {0x000CB5, 0x000CB9}, {0x000CBC, 0x000CC4},
    {0x000CC6, 0x000CC8}, {0x000CCA, 0x000CCD}, {0x000CD5, 0x000CD6}, {0x000CDE, 0x000CDE},
    {0x000CE0, 0x000CE1}, {0x000CE6, 0x000CEF}, {0x000D02, 0x000D03}, {0x000D05, 0x000D0C},
    {0x000D0E, 0x000D10}, {0x000D12, 0x000D28}, {0x000D2A, 0x000D39}, {0x000D3E, 0x000D43},
    {0x000D46, 0x000D48}, {0x000D4A, 0x000D4D}, {0x000D57, 0x000D57}, {0x000D60, 0x000D61},
    {0x000D66, 0x000D6F}, {0x000D82, 0x000D83}, {0x000D85, 0x000D96}, {0x000D9A, 0x000DB1},
    {0x000DB3, 0x000DBB}, {0x000DBD, 0x000DBD}, {0x000DC0, 0x000DC6}, {0x000DCA, 0x000DCA},
    {0x000DCF, 0x000DD4}, {0x000DD6, 0x000DD6}, {0x000DD8, 0x000DDF}, {0x000DF2, 0x000DF4},
    {0x000E01, 0x000E3A}, {0x000E3F, 0x000E5B}, {0x000E81, 0x000E82}, {0x000E84, 0x000E84},
    {0x000E87, 0x000E88}, {0x000E8A, 0x000E8A}, {0x000E8D, 0x000E8D}, {0x000E94, 0x000E97},
    {0x000E99, 0x000E9F}, {0x000EA1, 0x000EA3}, {0x000EA5, 0x000EA5}, {0x000EA7, 0x000EA7},
    {0x000EAA, 0x000EAB}, {0x000EAD, 0x000EB9}, {0x000EBB, 0x000EBD}, {0x000EC0, 0x000EC4},
    {0x000EC6, 0x000EC6}, {0x000EC8, 0x000ECD}, {0x000ED0, 0x000ED9}, {0x000EDC, 0x000EDD},
    {0x000F00, 0x000F47}, {0x000F49, 0x000F6A}, {0x000F71, 0x000F8B}, {0x000F90, 0x000F97},
    {0x000F99, 0x000FBC}, {0x000FBE, 0x000FCC}, {0x000FCF, 0x000FCF}, {0x001000, 0x001021},
    {0x001023, 0x001027}, {0x001029, 0x00102A}, {0x00102C, 0x001032}, {0x001036, 0x001039},
    {0x001040, 0x001059}, {0x0010A0, 0x0010C5}, {0x0010D0, 0x0010F8}, {0x0010FB, 0x0010FB},
    {0x001100, 0x001159}, {0x00115F, 0x0011A2}, {0x0011A8, 0x0011F9}, {0x001200, 0x001206},
    {0x001208, 0x001246}, {0x001248, 0x001248}, {0x00124A, 0x00124D}, {0x001250, 0x001256},
    {0x001258, 0x001258}, {0x00125A, 0x00125D}, {0x001260, 0x001286}, {0x001288, 0x001288},
    {0x00128A, 0x00128D}, {0x001290, 0x0012AE}, {0x0012B0, 0x0012B0}, {0x0012B2, 0x0012B5},
    {0x0012B8, 0x0012BE}, {0x0012C0, 0x0012C0}, {0x0012C2, 0x0012C5}, {0x0012C8, 0x0012CE},
    {0x0012D0, 0x0012D6}, {0x0012D8, 0x0012EE}, {0x0012F0, 0x00130E}, {0x001310, 0x001310},
    {0x001312, 0x001315}, {0x001318, 0x00131E}, {0x001320, 0x001346}, {0x001348, 0x00135A},
    {0x001361, 0x00137C}, {0x0013A0, 0x0013F4}, {0x001401, 0x001676}, {0x001680, 0x00169C},
    {0x0016A0, 0x0016F0}, {0x001700, 0x00170C}, {0x00170E, 0x001714}, {0x001720, 0x001736},
    {0x001740, 0x001753}, {0x001760, 0x00176C}, {0x00176E, 0x001770}, {0x001772, 0x001773},
    {0x001780, 0x0017DD}, {0x0017E0, 0x0017E9}, {0x0017F0, 0x0017F9}, {0x001800, 0x00180E},
    {0x001810, 0x001819}, {0x001820, 0x001877}, {0x001880, 0x0018A9}, {0x001900, 0x00191C},
    {0x001920, 0x00192B}, {0x001930, 0x00193B}, {0x001940, 0x001940}, {0x001944, 0x00196D},
    {0x001970, 0x001974}, {0x0019E0, 0x0019FF}, {0x001D00, 0x001D6B}, {0x001E00, 0x001E9B},
    {0x001EA0, 0x001EF9}, {0x001F00, 0x001F15}, {0x001F18, 0x001F1D}, {0x001F20, 0x001F45},
    {0x001F48, 0x001F4D}, {0x001F50, 0x001F57}, {0x001F59, 0x001F59}, {0x001F5B, 0x001F5B},
    {0x001F5D, 0x001F5D}, {0x001F5F, 0x001F7D}, {0x001F80, 0x001FB4}, {0x001FB6, 0x001FC4},
    {0x001FC6, 0x001FD3}, {0x001FD6, 0x001FDB}, {0x001FDD, 0x001FEF}, {0x001FF2, 0x001FF4},
    {0x001FF6, 0x001FFE}, {0x002000, 0x002054}, {0x002057, 0x002057}, {0x00205F, 0x002063},
    {0x00206A, 0x002071}, {0x002074, 0x00208E}, {0x0020A0, 0x0020B1}, {0x0020D0, 0x0020EA},
    {0x002100, 0x00213B}, {0x00213D, 0x00214B}, {0x002153, 0x002183}, {0x002190, 0x0023D0},
    {0x002400, 0x002426}, {0x002440, 0x00244A}, {0x002460, 0x002617}, {0x002619, 0x00267D},
    {0x002680, 0x002691}, {0x0026A0, 0x0026A1}, {0x002701, 0x002704}, {0x002706, 0x002709},
    {0x00270C, 0x002727}, {0x002729, 0x00274B}, {0x00274D, 0x00274D}, {0x00274F, 0x002752},
    {0x002756, 0x002756}, {0x002758, 0x00275E}, {0x002761, 0x002794}, {0x002798, 0x0027AF},
    {0x0027B1, 0x0027BE}, {0x0027D0, 0x0027EB}, {0x0027F0, 0x002B0D}, {0x002E80, 0x002E99},
    {0x002E9B, 0x002EF3}, {0x002F00, 0x002FD5}, {0x002FF0, 0x002FFB}, {0x003000, 0x00303F},
    {0x003041, 0x003096}, {0x003099, 0x0030FF}, {0x003105, 0x00312C}, {0x003131, 0x00318E},
    {0x003190, 0x0031B7}, {0x0031F0, 0x00321E}, {0x003220, 0x003243}, {0x003250, 0x00327D},
    {0x00327F, 0x0032FE}, {0x003300, 0x004DB5}, {0x004DC0, 0x009FA5}, {0x00A000, 0x00A48C},
    {0x00A490, 0x00A4C6}, {0x00AC00, 0x00D7A3}, {0x00E000, 0x00FA2D}, {0x00FA30, 0x00FA6A},
    {0x00FB00, 0x00FB06}, {0x00FB13, 0x00FB17}, {0x00FB1D, 0x00FB36}, {0x00FB38, 0x00FB3C},
    {0x00FB3E, 0x00FB3E}, {0x00FB40, 0x00FB41}, {0x00FB43, 0x00FB44}, {0x00FB46, 0x00FBB1},
    {0x00FBD3, 0x00FD3F}, {0x00FD50, 0x00FD8F}, {0x00FD92, 0x00FDC7}, {0x00FDD0, 0x00FDFD},
    {0x00FE00, 0x00FE0F}, {0x00FE20, 0x00FE23}, {0x00FE30, 0x00FE52}, {0x00FE54, 0x00FE66},
    {0x00FE68, 0x00FE6B}, {0x00FE70, 0x00FE74}, {0x00FE76, 0x00FEFC}, {0x00FEFF, 0x00FEFF},
    {0x00FF01, 0x00FFBE}, {0x00FFC2, 0x00FFC7}, {0x00FFCA, 0x00FFCF}, {0x00FFD2, 0x00FFD7},
    {0x00FFDA, 0x00FFDC}, {0x00FFE0, 0x00FFE6}, {0x00FFE8, 0x00FFEE}, {0x00FFF9, 0x01000B},
    {0x01000D, 0x010026}, {0x010028, 0x01003A}, {0x01003C, 0x01003D}, {0x01003F, 0x01004D},
    {0x010050, 0x01005D}, {0x010080, 0x0100FA}, {0x010100, 0x010102}, {0x010107, 0x010133},
    {0x010137, 0x01013F}, {0x010300, 0x01031E}, {0x010320, 0x010323}, {0x010330, 0x01034A},
    {0x010380, 0x01039D}, {0x01039F, 0x01039F}, {0x010400, 0x01049D}, {0x0104A0, 0x0104A9},
    {0x010800, 0x010805}, {0x010808, 0x010808}, {0x01080A, 0x010835}, {0x010837, 0x010838},
    {0x01083C, 0x01083C}, {0x01083F, 0x01083F}, {0x01D000, 0x01D0F5}, {0x01D100, 0x01D126},
    {0x01D12A, 0x01D1DD}, {0x01D300, 0x01D356}, {0x01D400, 0x01D454}, {0x01D456, 0x01D49C},
    {0x01D49E, 0x01D49F}, {0x01D4A2, 0x01D4A2}, {0x01D4A5, 0x01D4A6}, {0x01D4A9, 0x01D4AC},
    {0x01D4AE, 0x01D4B9}, {0x01D4BB, 0x01D4BB}, {0x01D4BD, 0x01D4C3}, {0x01D4C5, 0x01D505},
    {0x01D507, 0x01D50A}, {0x01D50D, 0x01D514}, {0x01D516, 0x01D51C}, {0x01D51E, 0x01D539},
    {0x01D53B, 0x01D53E}, {0x01D540, 0x01D544}, {0x01D546, 0x01D546}, {0x01D54A, 0x01D550},
    {0x01D552, 0x01D6A3}, {0x01D6A8, 0x01D7C9}, {0x01D7CE, 0x01D7FF}, {0x01FFFE, 0x02A6D6},
    {0x02F800, 0x02FA1D}, {0x02FFFE, 0x02FFFF}, {0x03FFFE, 0x03FFFF}, {0x04FFFE, 0x04FFFF},
    {0x05FFFE, 0x05FFFF}, {0x06FFFE, 0x06FFFF}, {0x07FFFE, 0x07FFFF}, {0x08FFFE, 0x08FFFF},
    {0x09FFFE, 0x09FFFF}, {0x0AFFFE, 0x0AFFFF}, {0x0BFFFE, 0x0BFFFF}, {0x0CFFFE, 0x0CFFFF},
    {0x0DFFFE, 0x0DFFFF}, {0x0E0001, 0x0E0001}, {0x0E0020, 0x0E007F}, {0x0E0100, 0x0E01EF},
    {0x0EFFFE, 0x10FFFF}, {0x000000, 0x000241}, {0x000250, 0x00036F}, {0x000374, 0x000375},
    {0x00037A, 0x00037A}, {0x00037E, 0x00037E}, {0x000384, 0x00038A}, {0x00038C, 0x00038C},
    {0x00038E, 0x0003A1}, {0x0003A3, 0x0003CE}, {0x0003D0, 0x000486}, {0x000488, 0x0004CE},
    {0x0004D0, 0x0004F9}, {0x000500, 0x00050F}, {0x000531, 0x000556}, {0x000559, 0x00055F},
    {0x000561, 0x000587}, {0x000589, 0x00058A}, {0x000591, 0x0005B9}, {0x0005BB, 0x0005C7},
    {0x0005D0, 0x0005EA}, {0x0005F0, 0x0005F4}, {0x000600, 0x000603}, {0x00060B, 0x000615},
    {0x00061B, 0x00061B}, {0x00061E, 0x00061F}, {0x000621, 0x00063A}, {0x000640, 0x00065E},
    {0x000660, 0x00070D}, {0x00070F, 0x00074A}, {0x00074D, 0x00076D}, {0x000780, 0x0007B1},
    {0x000901, 0x000939}, {0x00093C, 0x00094D}, {0x000950, 0x000954}, {0x000958, 0x000970},
    {0x00097D, 0x00097D}, {0x000981, 0x000983}, {0x000985, 0x00098C}, {0x00098F, 0x000990},
    {0x000993, 0x0009A8}, {0x0009AA, 0x0009B0}, {0x0009B2, 0x0009B2}, {0x0009B6, 0x0009B9},
    {0x0009BC, 0x0009C4}, {0x0009C7, 0x0009C8}, {0x0009CB, 0x0009CE}, {0x0009D7, 0x0009D7},
    {0x0009DC, 0x0009DD}, {0x0009DF, 0x0009E3}, {0x0009E6, 0x0009FA}, {0x000A01, 0x000A03},
    {0x000A05, 0x000A0A}, {0x000A0F, 0x000A10}, {0x000A13, 0x000A28}, {0x000A2A, 0x000A30},
    {0x000A32, 0x000A33}, {0x000A35, 0x000A36}, {0x000A38, 0x000A39}, {0x000A3C, 0x000A3C},
    {0x000A3E, 0x000A42}, {0x000A47, 0x000A48}, {0x000A4B, 0x000A4D}, {0x000A59, 0x000A5C},
    {0x000A5E, 0x000A5E}, {0x000A66, 0x000A74}, {0x000A81, 0x000A83}, {0x000A85, 0x000A8D},
    {0x000A8F, 0x000A91}, {0x000A93, 0x000AA8}, {0x000AAA, 0x000AB0}, {0x000AB2, 0x000AB3},
    {0x000AB5, 0x000AB9}, {0x000ABC, 0x000AC5}, {0x000AC7, 0x000AC9}, {0x000ACB, 0x000ACD},
    {0x000AD0, 0x000AD0}, {0x000AE0, 0x000AE3}, {0x000AE6, 0x000AEF}, {0x000AF1, 0x000AF1},
    {0x000B01, 0x000B03}, {0x000B05, 0x000B0C}, {0x000B0F, 0x000B10}, {0x000B13, 0x000B28},
    {0x000B2A, 0x000B30}, {0x000B32, 0x000B33}, {0x000B35, 0x000B39}, {0x000B3C, 0x000B43},
    {0x000B47, 0x000B48}, {0x000B4B, 0x000B4D}, {0x000B56, 0x000B57}, {0x000B5C, 0x000B5D},
    {0x000B5F, 0x000B61}, {0x000B66, 0x000B71}, {0x000B82, 0x000B83}, {0x000B85, 0x000B8A},
    {0x000B8E, 0x000B90}, {0x000B92, 0x000B95}, {0x000B99, 0x000B9A}, {0x000B9C, 0x000B9C},
    {0x000B9E, 0x000B9F}, {0x000BA3, 0x000BA4}, {0x000BA8, 0x000BAA}, {0x000BAE, 0x000BB9},
    {0x000BBE, 0x000BC2}, {0x000BC6, 0x000BC8}, {0x000BCA, 0x000BCD}, {0x000BD7, 0x000BD7},
    {0x000BE6, 0x000BFA}, {0x000C01, 0x000C03}, {0x000C05, 0x000C0C}, {0x000C0E, 0x000C10},
    {0x000C12, 0x000C28}, {0x000C2A, 0x000C33}, {0x000C35, 0x000C39}, {0x000C3E, 0x000C44},
    {0x000C46, 0x000C48}, {0x000C4A, 0x000C4D}, {0x000C55, 0x000C56}, {0x000C60, 0x000C61},
    {0x000C66, 0x000C6F}, {0x000C82, 0x000C83}, {0x000C85, 0x000C8C}, {0x000C8E, 0x000C90},
    {0x000C92, 0x000CA8}, {0x000CAA, 0x000CB3}, {0x000CB5, 0x000CB9}, {0x000CBC, 0x000CC4},
    {0x000CC6, 0x000CC8}, {0x000CCA, 0x000CCD}, {0x000CD5, 0x000CD6}, {0x000CDE, 0x000CDE},
    {0x000CE0, 0x000CE1}, {0x000CE6, 0x000CEF}, {0x000D02, 0x000D03}, {0x000D05, 0x000D0C},
    {0x000D0E, 0x000D10}, {0x000D12, 0x000D28}, {0x000D2A, 0x000D39}, {0x000D3E, 0x000D43},
    {0x000D46, 0x000D48}, {0x000D4A, 0x000D4D}, {0x000D57, 0x000D57}, {0x000D60, 0x000D61},
    {0x000D66, 0x000D6F}, {0x000D82, 0x000D83}, {0x000D85, 0x000D96}, {0x000D9A, 0x000DB1},
    {0x000DB3, 0x000DBB}, {0x000DBD, 0x000DBD}, {0x000DC0, 0x000DC6}, {0x000DCA, 0x000DCA},
    {0x000DCF, 0x000DD4}, {0x000DD6, 0x000DD6}, {0x000DD8, 0x000DDF}, {0x000DF2, 0x000DF4},
    {0x000E01, 0x000E3A}, {0x000E3F, 0x000E5B}, {0x000E81, 0x000E82}, {0x000E84, 0x000E84},
    {0x000E87, 0x000E88}, {0x000E8A, 0x000E8A}, {0x000E8D, 0x000E8D}, {0x000E94, 0x000E97},
    {0x000E99, 0x000E9F}, {0x000EA1, 0x000EA3}, {0x000EA5, 0x000EA5}, {0x000EA7, 0x000EA7},
    {0x000EAA, 0x000EAB}, {0x000EAD, 0x000EB9}, {0x000EBB, 0x000EBD}, {0x000EC0, 0x000EC4},
    {0x000EC6, 0x000EC6}, {0x000EC8, 0x000ECD}, {0x000ED0, 0x000ED9}, {0x000EDC, 0x000EDD},
    {0x000F00, 0x000F47}, {0x000F49, 0x000F6A}, {0x000F71, 0x000F8B}, {0x000F90, 0x000F97},
    {0x000F99, 0x000FBC}, {0x000FBE, 0x000FCC}, {0x000FCF, 0x000FD1}, {0x001000, 0x001021},
    {0x001023, 0x001027}, {0x001029, 0x00102A}, {0x00102C, 0x001032}, {0x001036, 0x001039},
    {0x001040, 0x001059}, {0x0010A0, 0x0010C5}, {0x0010D0, 0x0010FC}, {0x001100, 0x001159},
    {0x00115F, 0x0011A2}, {0x0011A8, 0x0011F9}, {0x001200, 0x001248}, {0x00124A, 0x00124D},
    {0x001250, 0x001256}, {0x001258, 0x001258}, {0x00125A, 0x00125D}, {0x001260, 0x001288},
    {0x00128A, 0x00128D}, {0x001290, 0x0012B0}, {0x0012B2, 0x0012B5}, {0x0012B8, 0x0012BE},
    {0x0012C0, 0x0012C0}, {0x0012C2, 0x0012C5}, {0x0012C8, 0x0012D6}, {0x0012D8, 0x001310},
    {0x001312, 0x001315}, {0x001318, 0x00135A}, {0x00135F, 0x00137C}, {0x001380, 0x001399},
    {0x0013A0, 0x0013F4}, {0x001401, 0x001676}, {0x001680, 0x00169C}, {0x0016A0, 0x0016F0},
    {0x001700, 0x00170C}, {0x00170E, 0x001714}, {0x001720, 0x001736}, {0x001740, 0x001753},
    {0x001760, 0x00176C}, {0x00176E, 0x001770}, {0x001772, 0x001773}, {0x001780, 0x0017DD},
    {0x0017E0, 0x0017E9}, {0x0017F0, 0x0017F9}, {0x001800, 0x00180E}, {0x001810, 0x001819},
    {0x001820, 0x001877}, {0x001880, 0x0018A9}, {0x001900, 0x00191C}, {0x001920, 0x00192B},
    {0x001930, 0x00193B}, {0x001940, 0x001940}, {0x001944, 0x00196D}, {0x001970, 0x001974},
    {0x001980, 0x0019A9}, {0x0019B0, 0x0019C9}, {0x0019D0, 0x0019D9}, {0x0019DE, 0x001A1B},
    {0x001A1E, 0x001A1F}, {0x001D00, 0x001DC3}, {0x001E00, 0x001E9B}, {0x001EA0, 0x001EF9},
    {0x001F00, 0x001F15}, {0x001F18, 0x001F1D}, {0x001F20, 0x001F45}, {0x001F48, 0x001F4D},
    {0x001F50, 0x001F57}, {0x001F59, 0x001F59}, {0x001F5B, 0x001F5B}, {0x001F5D, 0x001F5D},
    {0x001F5F, 0x001F7D}, {0x001F80, 0x001FB4}, {0x001FB6, 0x001FC4}, {0x001FC6, 0x001FD3},
    {0x001FD6, 0x001FDB}, {0x001FDD, 0x001FEF}, {0x001FF2, 0x001FF4}, {0x001FF6, 0x001FFE},
    {0x002000, 0x002063}, {0x00206A, 0x002071}, {0x002074, 0x00208E}, {0x002090, 0x002094},
    {0x0020A0, 0x0020B5}, {0x0020D0, 0x0020EB}, {0x002100, 0x00214C}, {0x002153, 0x002183},
    {0x002190, 0x0023DB}, {0x002400, 0x002426}, {0x002440, 0x00244A}, {0x002460, 0x00269C},
    {0x0026A0, 0x0026B1}, {0x002701, 0x002704}, {0x002706, 0x002709}, {0x00270C, 0x002727},
    {0x002729, 0x00274B}, {0x00274D, 0x00274D}, {0x00274F, 0x002752}, {0x002756, 0x002756},
    {0x002758, 0x00275E}, {0x002761, 0x002794}, {0x002798, 0x0027AF}, {0x0027B1, 0x0027BE},
    {0x0027C0, 0x0027C6}, {0x0027D0, 0x0027EB}, {0x0027F0, 0x002B13}, {0x002C00, 0x002C2E},
    {0x002C30, 0x002C5E}, {0x002C80, 0x002CEA}, {0x002CF9, 0x002D25}, {0x002D30, 0x002D65},
    {0x002D6F, 0x002D6F}, {0x002D80, 0x002D96}, {0x002DA0, 0x002DA6}, {0x002DA8, 0x002DAE},
    {0x002DB0, 0x002DB6}, {0x002DB8, 0x002DBE}, {0x002DC0, 0x002DC6}, {0x002DC8, 0x002DCE},
    {0x002DD0, 0x002DD6}, {0x002DD8, 0x002DDE}, {0x002E00, 0x002E17}, {0x002E1C, 0x002E1D},
    {0x002E80, 0x002E99}, {0x002E9B, 0x002EF3}, {0x002F00, 0x002FD5}, {0x002FF0, 0x002FFB},
    {0x003000, 0x00303F}, {0x003041, 0x003096}, {0x003099, 0x0030FF}, {0x003105, 0x00312C},
    {0x003131, 0x00318E}, {0x003190, 0x0031B7}, {0x0031C0, 0x0031CF}, {0x0031F0, 0x00321E},
    {0x003220, 0x003243}, {0x003250, 0x0032FE}, {0x003300, 0x004DB5}, {0x004DC0, 0x009FBB},
    {0x00A000, 0x00A48C}, {0x00A490, 0x00A4C6}, {0x00A700, 0x00A716}, {0x00A800, 0x00A82B},
    {0x00AC00, 0x00D7A3}, {0x00E000, 0x00FA2D}, {0x00FA30, 0x00FA6A}, {0x00FA70, 0x00FAD9},
    {0x00FB00, 0x00FB06}, {0x00FB13, 0x00FB17}, {0x00FB1D, 0x00FB36}, {0x00FB38, 0x00FB3C},
    {0x00FB3E, 0x00FB3E}, {0x00FB40, 0x00FB41}, {0x00FB43, 0x00FB44}, {0x00FB46, 0x00FBB1},
    {0x00FBD3, 0x00FD3F}, {0x00FD50, 0x00FD8F}, {0x00FD92, 0x00FDC7}, {0x00FDD0, 0x00FDFD},
    {0x00FE00, 0x00FE19}, {0x00FE20, 0x00FE23}, {0x00FE30, 0x00FE52}, {0x00FE54, 0x00FE66},
    {0x00FE68, 0x00FE6B}, {0x00FE70, 0x00FE74}, {0x00FE76, 0x00FEFC}, {0x00FEFF, 0x00FEFF},
    {0x00FF01, 0x00FFBE}, {0x00FFC2, 0x00FFC7}, {0x00FFCA, 0x00FFCF}, {0x00FFD2, 0x00FFD7},
    {0x00FFDA, 0x00FFDC}, {0x00FFE0, 0x00FFE6}, {0x00FFE8, 0x00FFEE}, {0x00FFF9, 0x01000B},
    {0x01000D, 0x010026}, {0x010028, 0x01003A}, {0x01003C, 0x01003D}, {0x01003F, 0x01004D},
    {0x010050, 0x01005D}, {0x010080, 0x0100FA}, {0x010100, 0x010102}, {0x010107, 0x010133},
    {0x010137, 0x01018A}, {0x010300, 0x01031E}, {0x010320, 0x010323}, {0x010330, 0x01034A},
    {0x010380, 0x01039D}, {0x01039F, 0x0103C3}, {0x0103C8, 0x0103D5}, {0x010400, 0x01049D},
    {0x0104A0, 0x0104A9}, {0x010800, 0x010805}, {0x010808, 0x010808}, {0x01080A, 0x010835},
    {0x010837, 0x010838}, {0x01083C, 0x01083C}, {0x01083F, 0x01083F}, {0x010A00, 0x010A03},
    {0x010A05, 0x010A06}, {0x010A0C, 0x010A13}, {0x010A15, 0x010A17}, {0x010A19, 0x010A33},
    {0x010A38, 0x010A3A}, {0x010A3F, 0x010A47}, {0x010A50, 0x010A58}, {0x01D000, 0x01D0F5},
    {0x01D100, 0x01D126}, {0x01D12A, 0x01D1DD}, {0x01D200, 0x01D245}, {0x01D300, 0x01D356},
    {0x01D400, 0x01D454}, {0x01D456, 0x01D49C}, {0x01D49E, 0x01D49F}, {0x01D4A2, 0x01D4A2},
    {0x01D4A5, 0x01D4A6}, {0x01D4A9, 0x01D4AC}, {0x01D4AE, 0x01D4B9}, {0x01D4BB, 0x01D4BB},
    {0x01D4BD, 0x01D4C3}, {0x01D4C5, 0x01D505}, {0x01D507, 0x01D50A}, {0x01D50D, 0x01D514},
    {0x01D516, 0x01D51C}, {0x01D51E, 0x01D539}, {0x01D53B, 0x01D53E}, {0x01D540, 0x01D544},
    {0x01D546, 0x01D546}, {0x01D54A, 0x01D550}, {0x01D552, 0x01D6A5}, {0x01D6A8, 0x01D7C9},
    {0x01D7CE, 0x01D7FF}, {0x01FFFE, 0x02A6D6}, {0x02F800, 0x02FA1D}, {0x02FFFE, 0x02FFFF},
    {0x03FFFE, 0x03FFFF}, {0x04FFFE, 0x04FFFF}, {0x05FFFE, 0x05FFFF}, {0x06FFFE, 0x06FFFF},
    {0x07FFFE, 0x07FFFF}, {0x08FFFE, 0x08FFFF}, {0x09FFFE, 0x09FFFF}, {0x0AFFFE, 0x0AFFFF},
    {0x0BFFFE, 0x0BFFFF}, {0x0CFFFE, 0x0CFFFF}, {0x0DFFFE, 0x0DFFFF}, {0x0E0001, 0x0E0001},
    {0x0E0020, 0x0E007F}, {0x0E0100, 0x0E01EF}, {0x0EFFFE, 0x10FFFF}, {0x000000, 0x00036F},
    {0x000374, 0x000375}, {0x00037A, 0x00037E}, {0x000384, 0x00038A}, {0x00038C, 0x00038C},
    {0x00038E, 0x0003A1}, {0x0003A3, 0x0003CE}, {0x0003D0, 0x000486}, {0x000488, 0x000513},
    {0x000531, 0x000556}, {0x000559, 0x00055F}, {0x000561, 0x000587}, {0x000589, 0x00058A},
    {0x000591, 0x0005C7}, {0x0005D0, 0x0005EA}, {0x0005F0, 0x0005F4}, {0x000600, 0x000603},
    {0x00060B, 0x000615}, {0x00061B, 0x00061B}, {0x00061E, 0x00061F}, {0x000621, 0x00063A},
    {0x000640, 0x00065E}, {0x000660, 0x00070D}, {0x00070F, 0x00074A}, {0x00074D, 0x00076D},
    {0x000780, 0x0007B1}, {0x0007C0, 0x0007FA}, {0x000901, 0x000939}, {0x00093C, 0x00094D},
    {0x000950, 0x000954}, {0x000958, 0x000970}, {0x00097B, 0x00097F}, {0x000981, 0x000983},
    {0x000985, 0x00098C}, {0x00098F, 0x000990}, {0x000993, 0x0009A8}, {0x0009AA, 0x0009B0},
    {0x0009B2, 0x0009B2}, {0x0009B6, 0x0009B9}, {0x0009BC, 0x0009C4}, {0x0009C7, 0x0009C8},
    {0x0009CB, 0x0009CE}, {0x0009D7, 0x0009D7}, {0x0009DC, 0x0009DD}, {0x0009DF, 0x0009E3},
    {0x0009E6, 0x0009FA}, {0x000A01, 0x000A03}, {0x000A05, 0x000A0A}, {0x000A0F, 0x000A10},
    {0x000A13, 0x000A28}, {0x000A2A, 0x000A30}, {0x000A32, 0x000A33}, {0x000A35, 0x000A36},
    {0x000A38, 0x000A39}, {0x000A3C, 0x000A3C}, {0x000A3E, 0x000A42}, {0x000A47, 0x000A48},
    {0x000A4B, 0x000A4D}, {0x000A59, 0x000A5C}, {0x000A5E, 0x000A5E}, {0x000A66, 0x000A74},
    {0x000A81, 0x000A83}, {0x000A85, 0x000A8D}, {0x000A8F, 0x000A91}, {0x000A93, 0x000AA8},
    {0x000AAA, 0x000AB0}, {0x000AB2, 0x000AB3}, {0x000AB5, 0x000AB9}, {0x000ABC, 0x000AC5},
    {0x000AC7, 0x000AC9}, {0x000ACB, 0x000ACD}, {0x000AD0, 0x000AD0}, {0x000AE0, 0x000AE3},
    {0x000AE6, 0x000AEF}, {0x000AF1, 0x000AF1}, {0x000B01, 0x000B03}, {0x000B05, 0x000B0C},
    {0x000B0F, 0x000B10}, {0x000B13, 0x000B28}, {0x000B2A, 0x000B30}, {0x000B32, 0x000B33},
    {0x000B35, 0x000B39}, {0x000B3C, 0x000B43}, {0x000B47, 0x000B48}, {0x000B4B, 0x000B4D},
    {0x000B56, 0x000B57}, {0x000B5C, 0x000B5D}, {0x000B5F, 0x000B61}, {0x000B66, 0x000B71},
    {0x000B82, 0x000B83}, {0x000B85, 0x000B8A}, {0x000B8E, 0x000B90}, {0x000B92, 0x000B95},
    {0x000B99, 0x000B9A}, {0x000B9C, 0x000B9C}, {0x000B9E, 0x000B9F}, {0x000BA3, 0x000BA4},
    {0x000BA8, 0x000BAA}, {0x000BAE, 0x000BB9}, {0x000BBE, 0x000BC2}, {0x000BC6, 0x000BC8},
    {0x000BCA, 0x000BCD}, {0x000BD7, 0x000BD7}, {0x000BE6, 0x000BFA}, {0x000C01, 0x000C03},
    {0x000C05, 0x000C0C}, {0x000C0E, 0x000C10}, {0x000C12, 0x000C28}, {0x000C2A, 0x000C33},
    {0x000C35, 0x000C39}, {0x000C3E, 0x000C44}, {0x000C46, 0x000C48}, {0x000C4A, 0x000C4D},
    {0x000C55, 0x000C56}, {0x000C60, 0x000C61}, {0x000C66, 0x000C6F}, {0x000C82, 0x000C83},
    {0x000C85, 0x000C8C}, {0x000C8E, 0x000C90}, {0x000C92, 0x000CA8}, {0x000CAA, 0x000CB3},
    {0x000CB5, 0x000CB9}, {0x000CBC, 0x000CC4}, {0x000CC6, 0x000CC8}, {0x000CCA, 0x000CCD},
    {0x000CD5, 0x000CD6}, {0x000CDE, 0x000CDE}, {0x000CE0, 0x000CE3}, {0x000CE6, 0x000CEF},
    {0x000CF1, 0x000CF2}, {0x000D02, 0x000D03}, {0x000D05, 0x000D0C}, {0x000D0E, 0x000D10},
    {0x000D12, 0x000D28}, {0x000D2A, 0x000D39}, {0x000D3E, 0x000D43}, {0x000D46, 0x000D48},
    {0x000D4A, 0x000D4D}, {0x000D57, 0x000D57}, {0x000D60, 0x000D61}, {0x000D66, 0x000D6F},
    {0x000D82, 0x000D83}, {0x000D85, 0x000D96}, {0x000D9A, 0x000DB1}, {0x000DB3, 0x000DBB},
    {0x000DBD, 0x000DBD}, {0x000DC0, 0x000DC6}, {0x000DCA, 0x000DCA}, {0x000DCF, 0x000DD4},
    {0x000DD6, 0x000DD6}, {0x000DD8, 0x000DDF}, {0x000DF2, 0x000DF4}, {0x000E01, 0x000E3A},
    {0x000E3F, 0x000E5B}, {0x000E81, 0x000E82}, {0x000E84, 0x000E84}, {0x000E87, 0x000E88},
    {0x000E8A, 0x000E8A}, {0x000E8D, 0x000E8D}, {0x000E94, 0x000E97}, {0x000E99, 0x000E9F},
    {0x000EA1, 0x000EA3}, {0x000EA5, 0x000EA5}, {0x000EA7, 0x000EA7}, {0x000EAA, 0x000EAB},
    {0x000EAD, 0x000EB9}, {0x000EBB, 0x000EBD}, {0x000EC0, 0x000EC4}, {0x000EC6, 0x000EC6},
    {0x000EC8, 0x000ECD}, {0x000ED0, 0x000ED9}, {0x000EDC, 0x000EDD}, {0x000F00, 0x000F47},
    {0x000F49, 0x000F6A}, {0x000F71, 0x000F8B}, {0x000F90, 0x000F97}, {0x000F99, 0x000FBC},
    {0x000FBE, 0x000FCC}, {0x000FCF, 0x000FD1}, {0x001000, 0x001021}, {0x001023, 0x001027},
    {0x001029, 0x00102A}, {0x00102C, 0x001032}, {0x001036, 0x001039}, {0x001040, 0x001059},
    {0x0010A0, 0x0010C5}, {0x0010D0, 0x0010FC}, {0x001100, 0x001159}, {0x00115F, 0x0011A2},
    {0x0011A8, 0x0011F9}, {0x001200, 0x001248}, {0x00124A, 0x00124D}, {0x001250, 0x001256},
    {0x001258, 0x001258}, {0x00125A, 0x00125D}, {0x001260, 0x001288}, {0x00128A, 0x00128D},
    {0x001290, 0x0012B0}, {0x0012B2, 0x0012B5}, {0x0012B8, 0x0012BE}, {0x0012C0, 0x0012C0},
    {0x0012C2, 0x0012C5}, {0x0012C8, 0x0012D6}, {0x0012D8, 0x001310}, {0x001312, 0x001315},
    {0x001318, 0x00135A}, {0x00135F, 0x00137C}, {0x001380, 0x001399}, {0x0013A0, 0x0013F4},
    {0x001401, 0x001676}, {0x001680, 0x00169C}, {0x0016A0, 0x0016F0}, {0x001700, 0x00170C},
    {0x00170E, 0x001714}, {0x001720, 0x001736}, {0x001740, 0x001753}, {0x001760, 0x00176C},
    {0x00176E, 0x001770}, {0x001772, 0x001773}, {0x001780, 0x0017DD}, {0x0017E0, 0x0017E9},
    {0x0017F0, 0x0017F9}, {0x001800, 0x00180E}, {0x001810, 0x001819}, {0x001820, 0x001877},
    {0x001880, 0x0018A9}, {0x001900, 0x00191C}, {0x001920, 0x00192B}, {0x001930, 0x00193B},
    {0x001940, 0x001940}, {0x001944, 0x00196D}, {0x001970, 0x001974}, {0x001980, 0x0019A9},
    {0x0019B0, 0x0019C9}, {0x0019D0, 0x0019D9}, {0x0019DE, 0x001A1B}, {0x001A1E, 0x001A1F},
    {0x001B00, 0x001B4B}, {0x001B50, 0x001B7C}, {0x001D00, 0x001DCA}, {0x001DFE, 0x001E9B},
    {0x001EA0, 0x001EF9}, {0x001F00, 0x001F15}, {0x001F18, 0x001F1D}, {0x001F20, 0x001F45},
    {0x001F48, 0x001F4D}, {0x001F50, 0x001F57}, {0x001F59, 0x001F59}, {0x001F5B, 0x001F5B},
    {0x001F5D, 0x001F5D}, {0x001F5F, 0x001F7D}, {0x001F80, 0x001FB4}, {0x001FB6, 0x001FC4},
    {0x001FC6, 0x001FD3}, {0x001FD6, 0x001FDB}, {0x001FDD, 0x001FEF}, {0x001FF2, 0x001FF4},
    {0x001FF6, 0x001FFE}, {0x002000, 0x002063}, {0x00206A, 0x002071}, {0x002074, 0x00208E},
    {0x002090, 0x002094}, {0x0020A0, 0x0020B5}, {0x0020D0, 0x0020EF}, {0x002100, 0x00214E},
    {0x002153, 0x002184}, {0x002190, 0x0023E7}, {0x002400, 0x002426}, {0x002440, 0x00244A},
    {0x002460, 0x00269C}, {0x0026A0, 0x0026B2}, {0x002701, 0x002704}, {0x002706, 0x002709},
    {0x00270C, 0x002727}, {0x002729, 0x00274B}, {0x00274D, 0x00274D}, {0x00274F, 0x002752},
    {0x002756, 0x002756}, {0x002758, 0x00275E}, {0x002761, 0x002794}, {0x002798, 0x0027AF},
    {0x0027B1, 0x0027BE}, {0x0027C0, 0x0027CA}, {0x0027D0, 0x0027EB}, {0x0027F0, 0x002B1A},
    {0x002B20, 0x002B23}, {0x002C00, 0x002C2E}, {0x002C30, 0x002C5E}, {0x002C60, 0x002C6C},
    {0x002C74, 0x002C77}, {0x002C80, 0x002CEA}, {0x002CF9, 0x002D25}, {0x002D30, 0x002D65},
    {0x002D6F, 0x002D6F}, {0x002D80, 0x002D96}, {0x002DA0, 0x002DA6}, {0x002DA8, 0x002DAE},
    {0x002DB0, 0x002DB6}, {0x002DB8, 0x002DBE}, {0x002DC0, 0x002DC6}, {0x002DC8, 0x002DCE},
    {0x002DD0, 0x002DD6}, {0x002DD8, 0x002DDE}, {0x002E00, 0x002E17}, {0x002E1C, 0x002E1D},
    {0x002E80, 0x002E99}, {0x002E9B, 0x002EF3}, {0x002F00, 0x002FD5}, {0x002FF0, 0x002FFB},
    {0x003000, 0x00303F}, {0x003041, 0x003096}, {0x003099, 0x0030FF}, {0x003105, 0x00312C},
    {0x003131, 0x00318E}, {0x003190, 0x0031B7}, {0x0031C0, 0x0031CF}, {0x0031F0, 0x00321E},
    {0x003220, 0x003243}, {0x003250, 0x0032FE}, {0x003300, 0x004DB5}, {0x004DC0, 0x009FBB},
    {0x00A000, 0x00A48C}, {0x00A490, 0x00A4C6}, {0x00A700, 0x00A71A}, {0x00A720, 0x00A721},
    {0x00A800, 0x00A82B}, {0x00A840, 0x00A877}, {0x00AC00, 0x00D7A3}, {0x00E000, 0x00FA2D},
    {0x00FA30, 0x00FA6A}, {0x00FA70, 0x00FAD9}, {0x00FB00, 0x00FB06}, {0x00FB13, 0x00FB17},
    {0x00FB1D, 0x00FB36}, {0x00FB38, 0x00FB3C}, {0x00FB3E, 0x00FB3E}, {0x00FB40, 0x00FB41},
    {0x00FB43, 0x00FB44}, {0x00FB46, 0x00FBB1}, {0x00FBD3, 0x00FD3F}, {0x00FD50, 0x00FD8F},
    {0x00FD92, 0x00FDC7}, {0x00FDD0, 0x00FDFD}, {0x00FE00, 0x00FE19}, {0x00FE20, 0x00FE23},
    {0x00FE30, 0x00FE52}, {0x00FE54, 0x00FE66}, {0x00FE68, 0x00FE6B}, {0x00FE70, 0x00FE74},
    {0x00FE76, 0x00FEFC}, {0x00FEFF, 0x00FEFF}, {0x00FF01, 0x00FFBE}, {0x00FFC2, 0x00FFC7},
    {0x00FFCA, 0x00FFCF}, {0x00FFD2, 0x00FFD7}, {0x00FFDA, 0x00FFDC}, {0x00FFE0, 0x00FFE6},
    {0x00FFE8, 0x00FFEE}, {0x00FFF9, 0x01000B}, {0x01000D, 0x010026}, {0x010028, 0x01003A},
    {0x01003C, 0x01003D}, {0x01003F, 0x01004D}, {0x010050, 0x01005D}, {0x010080, 0x0100FA},
    {0x010100, 0x010102}, {0x010107, 0x010133}, {0x010137, 0x01018A}, {0x010300, 0x01031E},
    {0x010320, 0x010323}, {0x010330, 0x01034A}, {0x010380, 0x01039D}, {0x01039F, 0x0103C3},
    {0x0103C8, 0x0103D5}, {0x010400, 0x01049D}, {0x0104A0, 0x0104A9}, {0x010800, 0x010805},
    {0x010808, 0x010808}, {0x01080A, 0x010835}, {0x010837, 0x010838}, {0x01083C, 0x01083C},
    {0x01083F, 0x01083F}, {0x010900, 0x010919}, {0x01091F, 0x01091F}, {0x010A00, 0x010A03},
    {0x010A05, 0x010A06}, {0x010A0C, 0x010A13}, {0x010A15, 0x010A17}, {0x010A19, 0x010A33},
    {0x010A38, 0x010A3A}, {0x010A3F, 0x010A47}, {0x010A50, 0x010A58}, {0x012000, 0x01236E},
    {0x012400, 0x012462}, {0x012470, 0x012473}, {0x01D000, 0x01D0F5}, {0x01D100, 0x01D126},
    {0x01D12A, 0x01D1DD}, {0x01D200, 0x01D245}, {0x01D300, 0x01D356}, {0x01D360, 0x01D371},
    {0x01D400, 0x01D454}, {0x01D456, 0x01D49C}, {0x01D49E, 0x01D49F}, {0x01D4A2, 0x01D4A2},
    {0x01D4A5, 0x01D4A6}, {0x01D4A9, 0x01D4AC}, {0x01D4AE, 0x01D4B9}, {0x01D4BB, 0x01D4BB},
    {0x01D4BD, 0x01D4C3}, {0x01D4C5, 0x01D505}, {0x01D507, 0x01D50A}, {0x01D50D, 0x01D514},
    {0x01D516, 0x01D51C}, {0x01D51E, 0x01D539}, {0x01D53B, 0x01D53E}, {0x01D540, 0x01D544},
    {0x01D546, 0x01D546}, {0x01D54A, 0x01D550}, {0x01D552, 0x01D6A5}, {0x01D6A8, 0x01D7CB},
    {0x01D7CE, 0x01D7FF}, {0x01FFFE, 0x02A6D6}, {0x02F800, 0x02FA1D}, {0x02FFFE, 0x02FFFF},
    {0x03FFFE, 0x03FFFF}, {0x04FFFE, 0x04FFFF}, {0x05FFFE, 0x05FFFF}, {0x06FFFE, 0x06FFFF},
    {0x07FFFE, 0x07FFFF}, {0x08FFFE, 0x08FFFF}, {0x09FFFE, 0x09FFFF}, {0x0AFFFE, 0x0AFFFF},
    {0x0BFFFE, 0x0BFFFF}, {0x0CFFFE, 0x0CFFFF}, {0x0DFFFE, 0x0DFFFF}, {0x0E0001, 0x0E0001},
    {0x0E0020, 0x0E007F}, {0x0E0100, 0x0E01EF}, {0x0EFFFE, 0x10FFFF}, {0x000000, 0x000377},
    {0x00037A, 0x00037E}, {0x000384, 0x00038A}, {0x00038C, 0x00038C}, {0x00038E, 0x0003A1},
    {0x0003A3, 0x000523}, {0x000531, 0x000556}, {0x000559, 0x00055F}, {0x000561, 0x000587},
    {0x000589, 0x00058A}, {0x000591, 0x0005C7}, {0x0005D0, 0x0005EA}, {0x0005F0, 0x0005F4},
    {0x000600, 0x000603}, {0x000606, 0x00061B}, {0x00061E, 0x00061F}, {0x000621, 0x00065E},
    {0x000660, 0x00070D}, {0x00070F, 0x00074A}, {0x00074D, 0x0007B1}, {0x0007C0, 0x0007FA},
    {0x000901, 0x000939}, {0x00093C, 0x00094D}, {0x000950, 0x000954}, {0x000958, 0x000972},
    {0x00097B, 0x00097F}, {0x000981, 0x000983}, {0x000985, 0x00098C}, {0x00098F, 0x000990},
    {0x000993, 0x0009A8}, {0x0009AA, 0x0009B0}, {0x0009B2, 0x0009B2}, {0x0009B6, 0x0009B9},
    {0x0009BC, 0x0009C4}, {0x0009C7, 0x0009C8}, {0x0009CB, 0x0009CE}, {0x0009D7, 0x0009D7},
    {0x0009DC, 0x0009DD}, {0x0009DF, 0x0009E3}, {0x0009E6, 0x0009FA}, {0x000A01, 0x000A03},
    {0x000A05, 0x000A0A}, {0x000A0F, 0x000A10}, {0x000A13, 0x000A28}, {0x000A2A, 0x000A30},
    {0x000A32, 0x000A33}, {0x000A35, 0x000A36}, {0x000A38, 0x000A39}, {0x000A3C, 0x000A3C},
    {0x000A3E, 0x000A42}, {0x000A47, 0x000A48}, {0x000A4B, 0x000A4D}, {0x000A51, 0x000A51},
    {0x000A59, 0x000A5C}, {0x000A5E, 0x000A5E}, {0x000A66, 0x000A75}, {0x000A81, 0x000A83},
    {0x000A85, 0x000A8D}, {0x000A8F, 0x000A91}, {0x000A93, 0x000AA8}, {0x000AAA, 0x000AB0},
    {0x000AB2, 0x000AB3}, {0x000AB5, 0x000AB9}, {0x000ABC, 0x000AC5}, {0x000AC7, 0x000AC9},
    {0x000ACB, 0x000ACD}, {0x000AD0, 0x000AD0}, {0x000AE0, 0x000AE3}, {0x000AE6, 0x000AEF},
    {0x000AF1, 0x000AF1}, {0x000B01, 0x000B03}, {0x000B05, 0x000B0C}, {0x000B0F, 0x000B10},
    {0x000B13, 0x000B28}, {0x000B2A, 0x000B30}, {0x000B32, 0x000B33}, {0x000B35, 0x000B39},
    {0x000B3C, 0x000B44}, {0x000B47, 0x000B48}, {0x000B4B, 0x000B4D}, {0x000B56, 0x000B57},
    {0x000B5C, 0x000B5D}, {0x000B5F, 0x000B63}, {0x000B66, 0x000B71}, {0x000B82, 0x000B83},
    {0x000B85, 0x000B8A}, {0x000B8E, 0x000B90}, {0x000B92, 0x000B95}, {0x000B99, 0x000B9A},
    {0x000B9C, 0x000B9C}, {0x000B9E, 0x000B9F}, {0x000BA3, 0x000BA4}, {0x000BA8, 0x000BAA},
    {0x000BAE, 0x000BB9}, {0x000BBE, 0x000BC2}, {0x000BC6, 0x000BC8}, {0x000BCA, 0x000BCD},
    {0x000BD0, 0x000BD0}, {0x000BD7, 0x000BD7}, {0x000BE6, 0x000BFA}, {0x000C01, 0x000C03},
    {0x000C05, 0x000C0C}, {0x000C0E, 0x000C10}, {0x000C12, 0x000C28}, {0x000C2A, 0x000C33},
    {0x000C35, 0x000C39}, {0x000C3D, 0x000C44}, {0x000C46, 0x000C48}, {0x000C4A, 0x000C4D},
    {0x000C55, 0x000C56}, {0x000C58, 0x000C59}, {0x000C60, 0x000C63}, {0x000C66, 0x000C6F},
    {0x000C78, 0x000C7F}, {0x000C82, 0x000C83}, {0x000C85, 0x000C8C}, {0x000C8E, 0x000C90},
    {0x000C92, 0x000CA8}, {0x000CAA, 0x000CB3}, {0x000CB5, 0x000CB9}, {0x000CBC, 0x000CC4},
    {0x000CC6, 0x000CC8}, {0x000CCA, 0x000CCD}, {0x000CD5, 0x000CD6}, {0x000CDE, 0x000CDE},
    {0x000CE0, 0x000CE3}, {0x000CE6, 0x000CEF}, {0x000CF1, 0x000CF2}, {0x000D02, 0x000D03},
    {0x000D05, 0x000D0C}, {0x000D0E, 0x000D10}, {0x000D12, 0x000D28}, {0x000D2A, 0x000D39},
    {0x000D3D, 0x000D44}, {0x000D46, 0x000D48}, {0x000D4A, 0x000D4D}, {0x000D57, 0x000D57},
    {0x000D60, 0x000D63}, {0x000D66, 0x000D75}, {0x000D79, 0x000D7F}, {0x000D82, 0x000D83},
    {0x000D85, 0x000D96}, {0x000D9A, 0x000DB1}, {0x000DB3, 0x000DBB}, {0x000DBD, 0x000DBD},
    {0x000DC0, 0x000DC6}, {0x000DCA, 0x000DCA}, {0x000DCF, 0x000DD4}, {0x000DD6, 0x000DD6},
    {0x000DD8, 0x000DDF}, {0x000DF2, 0x000DF4}, {0x000E01, 0x000E3A}, {0x000E3F, 0x000E5B},
    {0x000E81, 0x000E82}, {0x000E84, 0x000E84}, {0x000E87, 0x000E88}, {0x000E8A, 0x000E8A},
    {0x000E8D, 0x000E8D}, {0x000E94, 0x000E97}, {0x000E99, 0x000E9F}, {0x000EA1, 0x000EA3},
    {0x000EA5, 0x000EA5}, {0x000EA7, 0x000EA7}, {0x000EAA, 0x000EAB}, {0x000EAD, 0x000EB9},
    {0x000EBB, 0x000EBD}, {0x000EC0, 0x000EC4}, {0x000EC6, 0x000EC6}, {0x000EC8, 0x000ECD},
    {0x000ED0, 0x000ED9}, {0x000EDC, 0x000EDD}, {0x000F00, 0x000F47}, {0x000F49, 0x000F6C},
    {0x000F71, 0x000F8B}, {0x000F90, 0x000F97}, {0x000F99, 0x000FBC}, {0x000FBE, 0x000FCC},
    {0x000FCE, 0x000FD4}, {0x001000, 0x001099}, {0x00109E, 0x0010C5}, {0x0010D0, 0x0010FC},
    {0x001100, 0x001159}, {0x00115F, 0x0011A2}, {0x0011A8, 0x0011F9}, {0x001200, 0x001248},
    {0x00124A, 0x00124D}, {0x001250, 0x001256}, {0x001258, 0x001258}, {0x00125A, 0x00125D},
    {0x001260, 0x001288}, {0x00128A, 0x00128D}, {0x001290, 0x0012B0}, {0x0012B2, 0x0012B5},
    {0x0012B8, 0x0012BE}, {0x0012C0, 0x0012C0}, {0x0012C2, 0x0012C5}, {0x0012C8, 0x0012D6},
    {0x0012D8, 0x001310}, {0x001312, 0x001315}, {0x001318, 0x00135A}, {0x00135F, 0x00137C},
    {0x001380, 0x001399}, {0x0013A0, 0x0013F4}, {0x001401, 0x001676}, {0x001680, 0x00169C},
    {0x0016A0, 0x0016F0}, {0x001700, 0x00170C}, {0x00170E, 0x001714}, {0x001720, 0x001736},
    {0x001740, 0x001753}, {0x001760, 0x00176C}, {0x00176E, 0x001770}, {0x001772, 0x001773},
    {0x001780, 0x0017DD}, {0x0017E0, 0x0017E9}, {0x0017F0, 0x0017F9}, {0x001800, 0x00180E},
    {0x001810, 0x001819}, {0x001820, 0x001877}, {0x001880, 0x0018AA}, {0x001900, 0x00191C},
    {0x001920, 0x00192B}, {0x001930, 0x00193B}, {0x001940, 0x001940}, {0x001944, 0x00196D},
    {0x001970, 0x001974}, {0x001980, 0x0019A9}, {0x0019B0, 0x0019C9}, {0x0019D0, 0x0019D9},
    {0x0019DE, 0x001A1B}, {0x001A1E, 0x001A1F}, {0x001B00, 0x001B4B}, {0x001B50, 0x001B7C},
    {0x001B80, 0x001BAA}, {0x001BAE, 0x001BB9}, {0x001C00, 0x001C37}, {0x001C3B, 0x001C49},
    {0x001C4D, 0x001C7F}, {0x001D00, 0x001DE6}, {0x001DFE, 0x001F15}, {0x001F18, 0x001F1D},
    {0x001F20, 0x001F45}, {0x001F48, 0x001F4D}, {0x001F50, 0x001F57}, {0x001F59, 0x001F59},
    {0x001F5B, 0x001F5B}, {0x001F5D, 0x001F5D}, {0x001F5F, 0x001F7D}, {0x001F80, 0x001FB4},
    {0x001FB6, 0x001FC4}, {0x001FC6, 0x001FD3}, {0x001FD6, 0x001FDB}, {0x001FDD, 0x001FEF},
    {0x001FF2, 0x001FF4}, {0x001FF6, 0x001FFE}, {0x002000, 0x002064}, {0x00206A, 0x002071},
    {0x002074, 0x00208E}, {0x002090, 0x002094}, {0x0020A0, 0x0020B5}, {0x0020D0, 0x0020F0},
    {0x002100, 0x00214F}, {0x002153, 0x002188}, {0x002190, 0x0023E7}, {0x002400, 0x002426},
    {0x002440, 0x00244A}, {0x002460, 0x00269D}, {0x0026A0, 0x0026BC}, {0x0026C0, 0x0026C3},
    {0x002701, 0x002704}, {0x002706, 0x002709}, {0x00270C, 0x002727}, {0x002729, 0x00274B},
    {0x00274D, 0x00274D}, {0x00274F, 0x002752}, {0x002756, 0x002756}, {0x002758, 0x00275E},
    {0x002761, 0x002794}, {0x002798, 0x0027AF}, {0x0027B1, 0x0027BE}, {0x0027C0, 0x0027CA},
    {0x0027CC, 0x0027CC}, {0x0027D0, 0x002B4C}, {0x002B50, 0x002B54}, {0x002C00, 0x002C2E},
    {0x002C30, 0x002C5E}, {0x002C60, 0x002C6F}, {0x002C71, 0x002C7D}, {0x002C80, 0x002CEA},
    {0x002CF9, 0x002D25}, {0x002D30, 0x002D65}, {0x002D6F, 0x002D6F}, {0x002D80, 0x002D96},
    {0x002DA0, 0x002DA6}, {0x002DA8, 0x002DAE}, {0x002DB0, 0x002DB6}, {0x002DB8, 0x002DBE},
    {0x002DC0, 0x002DC6}, {0x002DC8, 0x002DCE}, {0x002DD0, 0x002DD6}, {0x002DD8, 0x002DDE},
    {0x002DE0, 0x002E30}, {0x002E80, 0x002E99}, {0x002E9B, 0x002EF3}, {0x002F00, 0x002FD5},
    {0x002FF0, 0x002FFB}, {0x003000, 0x00303F}, {0x003041, 0x003096}, {0x003099, 0x0030FF},
    {0x003105, 0x00312D}, {0x003131, 0x00318E}, {0x003190, 0x0031B7}, {0x0031C0, 0x0031E3},
    {0x0031F0, 0x00321E}, {0x003220, 0x003243}, {0x003250, 0x0032FE}, {0x003300, 0x004DB5},
    {0x004DC0, 0x009FC3}, {0x00A000, 0x00A48C}, {0x00A490, 0x00A4C6}, {0x00A500, 0x00A62B},
    {0x00A640, 0x00A65F}, {0x00A662, 0x00A673}, {0x00A67C, 0x00A697}, {0x00A700, 0x00A78C},
    {0x00A7FB, 0x00A82B}, {0x00A840, 0x00A877}, {0x00A880, 0x00A8C4}, {0x00A8CE, 0x00A8D9},
    {0x00A900, 0x00A953}, {0x00A95F, 0x00A95F}, {0x00AA00, 0x00AA36}, {0x00AA40, 0x00AA4D},
    {0x00AA50, 0x00AA59}, {0x00AA5C, 0x00AA5F}, {0x00AC00, 0x00D7A3}, {0x00E000, 0x00FA2D},
    {0x00FA30, 0x00FA6A}, {0x00FA70, 0x00FAD9}, {0x00FB00, 0x00FB06}, {0x00FB13, 0x00FB17},
    {0x00FB1D, 0x00FB36}, {0x00FB38, 0x00FB3C}, {0x00FB3E, 0x00FB3E}, {0x00FB40, 0x00FB41},
    {0x00FB43, 0x00FB44}, {0x00FB46, 0x00FBB1}, {0x00FBD3, 0x00FD3F}, {0x00FD50, 0x00FD8F},
    {0x00FD92, 0x00FDC7}, {0x00FDD0, 0x00FDFD}, {0x00FE00, 0x00FE19}, {0x00FE20, 0x00FE26},
    {0x00FE30, 0x00FE52}, {0x00FE54, 0x00FE66}, {0x00FE68, 0x00FE6B}, {0x00FE70, 0x00FE74},
    {0x00FE76, 0x00FEFC}, {0x00FEFF, 0x00FEFF}, {0x00FF01, 0x00FFBE}, {0x00FFC2, 0x00FFC7},
    {0x00FFCA, 0x00FFCF}, {0x00FFD2, 0x00FFD7}, {0x00FFDA, 0x00FFDC}, {0x00FFE0, 0x00FFE6},
    {0x00FFE8, 0x00FFEE}, {0x00FFF9, 0x01000B}, {0x01000D, 0x010026}, {0x010028, 0x01003A},
    {0x01003C, 0x01003D}, {0x01003F, 0x01004D}, {0x010050, 0x01005D}, {0x010080, 0x0100FA},
    {0x010100, 0x010102}, {0x010107, 0x010133}, {0x010137, 0x01018A}, {0x010190, 0x01019B},
    {0x0101D0, 0x0101FD}, {0x010280, 0x01029C}, {0x0102A0, 0x0102D0}, {0x010300, 0x01031E},
    {0x010320, 0x010323}, {0x010330, 0x01034A}, {0x010380, 0x01039D}, {0x01039F, 0x0103C3},
    {0x0103C8, 0x0103D5}, {0x010400, 0x01049D}, {0x0104A0, 0x0104A9}, {0x010800, 0x010805},
    {0x010808, 0x010808}, {0x01080A, 0x010835}, {0x010837, 0x010838}, {0x01083C, 0x01083C},
    {0x01083F, 0x01083F}, {0x010900, 0x010919}, {0x01091F, 0x010939}, {0x01093F, 0x01093F},
    {0x010A00, 0x010A03}, {0x010A05, 0x010A06}, {0x010A0C, 0x010A13}, {0x010A15, 0x010A17},
    {0x010A19, 0x010A33}, {0x010A38, 0x010A3A}, {0x010A3F, 0x010A47}, {0x010A50, 0x010A58},
    {0x012000, 0x01236E}, {0x012400, 0x012462}, {0x012470, 0x012473}, {0x01D000, 0x01D0F5},
    {0x01D100, 0x01D126}, {0x01D129, 0x01D1DD}, {0x01D200, 0x01D245}, {0x01D300, 0x01D356},
    {0x01D360, 0x01D371}, {0x01D400, 0x01D454}, {0x01D456, 0x01D49C}, {0x01D49E, 0x01D49F},
    {0x01D4A2, 0x01D4A2}, {0x01D4A5, 0x01D4A6}, {0x01D4A9, 0x01D4AC}, {0x01D4AE, 0x01D4B9},
    {0x01D4BB, 0x01D4BB}, {0x01D4BD, 0x01D4C3}, {0x01D4C5, 0x01D505}, {0x01D507, 0x01D50A},
    {0x01D50D, 0x01D514}, {0x01D516, 0x01D51C}, {0x01D51E, 0x01D539}, {0x01D53B, 0x01D53E},
    {0x01D540, 0x01D544}, {0x01D546, 0x01D546}, {0x01D54A, 0x01D550}, {0x01D552, 0x01D6A5},
    {0x01D6A8, 0x01D7CB}, {0x01D7CE, 0x01D7FF}, {0x01F000, 0x01F02B}, {0x01F030, 0x01F093},
    {0x01FFFE, 0x02A6D6}, {0x02F800, 0x02FA1D}, {0x02FFFE, 0x02FFFF}, {0x03FFFE, 0x03FFFF},
    {0x04FFFE, 0x04FFFF}, {0x05FFFE, 0x05FFFF}, {0x06FFFE, 0x06FFFF}, {0x07FFFE, 0x07FFFF},
    {0x08FFFE, 0x08FFFF}, {0x09FFFE, 0x09FFFF}, {0x0AFFFE, 0x0AFFFF}, {0x0BFFFE, 0x0BFFFF},
    {0x0CFFFE, 0x0CFFFF}, {0x0DFFFE, 0x0DFFFF}, {0x0E0001, 0x0E0001}, {0x0E0020, 0x0E007F},
    {0x0E0100, 0x0E01EF}, {0x0EFFFE, 0x10FFFF}, {0x000000, 0x000377}, {0x00037A, 0x00037E},
    {0x000384, 0x00038A}, {0x00038C, 0x00038C}, {0x00038E, 0x0003A1}, {0x0003A3, 0x000525},
    {0x000531, 0x000556}, {0x000559, 0x00055F}, {0x000561, 0x000587}, {0x000589, 0x00058A},
    {0x000591, 0x0005C7}, {0x0005D0, 0x0005EA}, {0x0005F0, 0x0005F4}, {0x000600, 0x000603},
    {0x000606, 0x00061B}, {0x00061E, 0x00061F}, {0x000621, 0x00065E}, {0x000660, 0x00070D},
    {0x00070F, 0x00074A}, {0x00074D, 0x0007B1}, {0x0007C0, 0x0007FA}, {0x000800, 0x00082D},
    {0x000830, 0x00083E}, {0x000900, 0x000939}, {0x00093C, 0x00094E}, {0x000950, 0x000955},
    {0x000958, 0x000972}, {0x000979, 0x00097F}, {0x000981, 0x000983}, {0x000985, 0x00098C},
    {0x00098F, 0x000990}, {0x000993, 0x0009A8}, {0x0009AA, 0x0009B0}, {0x0009B2, 0x0009B2},
    {0x0009B6, 0x0009B9}, {0x0009BC, 0x0009C4}, {0x0009C7, 0x0009C8}, {0x0009CB, 0x0009CE},
    {0x0009D7, 0x0009D7}, {0x0009DC, 0x0009DD}, {0x0009DF, 0x0009E3}, {0x0009E6, 0x0009FB},
    {0x000A01, 0x000A03}, {0x000A05, 0x000A0A}, {0x000A0F, 0x000A10}, {0x000A13, 0x000A28},
    {0x000A2A, 0x000A30}, {0x000A32, 0x000A33}, {0x000A35, 0x000A36}, {0x000A38, 0x000A39},
    {0x000A3C, 0x000A3C}, {0x000A3E, 0x000A42}, {0x000A47, 0x000A48}, {0x000A4B, 0x000A4D},
    {0x000A51, 0x000A51}, {0x000A59, 0x000A5C}, {0x000A5E, 0x000A5E}, {0x000A66, 0x000A75},
    {0x000A81, 0x000A83}, {0x000A85, 0x000A8D}, {0x000A8F, 0x000A91}, {0x000A93, 0x000AA8},
    {0x000AAA, 0x000AB0}, {0x000AB2, 0x000AB3}, {0x000AB5, 0x000AB9}, {0x000ABC, 0x000AC5},
    {0x000AC7, 0x000AC9}, {0x000ACB, 0x000ACD}, {0x000AD0, 0x000AD0}, {0x000AE0, 0x000AE3},
    {0x000AE6, 0x000AEF}, {0x000AF1, 0x000AF1}, {0x000B01, 0x000B03}, {0x000B05, 0x000B0C},
    {0x000B0F, 0x000B10}, {0x000B13, 0x000B28}, {0x000B2A, 0x000B30}, {0x000B32, 0x000B33},
    {0x000B35, 0x000B39}, {0x000B3C, 0x000B44}, {0x000B47, 0x000B48}, {0x000B4B, 0x000B4D},
    {0x000B56, 0x000B57}, {0x000B5C, 0x000B5D}, {0x000B5F, 0x000B63}, {0x000B66, 0x000B71},
    {0x000B82, 0x000B83}, {0x000B85, 0x000B8A}, {0x000B8E, 0x000B90}, {0x000B92, 0x000B95},
    {0x000B99, 0x000B9A}, {0x000B9C, 0x000B9C}, {0x000B9E, 0x000B9F}, {0x000BA3, 0x000BA4},
    {0x000BA8, 0x000BAA}, {0x000BAE, 0x000BB9}, {0x000BBE, 0x000BC2}, {0x000BC6, 0x000BC8},
    {0x000BCA, 0x000BCD}, {0x000BD0, 0x000BD0}, {0x000BD7, 0x000BD7}, {0x000BE6, 0x000BFA},
    {0x000C01, 0x000C03}, {0x000C05, 0x000C0C}, {0x000C0E, 0x000C10}, {0x000C12, 0x000C28},
    {0x000C2A, 0x000C33}, {0x000C35, 0x000C39}, {0x000C3D, 0x000C44}, {0x000C46, 0x000C48},
    {0x000C4A, 0x000C4D}, {0x000C55, 0x000C56}, {0x000C58, 0x000C59}, {0x000C60, 0x000C63},
    {0x000C66, 0x000C6F}, {0x000C78, 0x000C7F}, {0x000C82, 0x000C83}, {0x000C85, 0x000C8C},
    {0x000C8E, 0x000C90}, {0x000C92, 0x000CA8}, {0x000CAA, 0x000CB3}, {0x000CB5, 0x000CB9},
    {0x000CBC, 0x000CC4}, {0x000CC6, 0x000CC8}, {0x000CCA, 0x000CCD}, {0x000CD5, 0x000CD6},
    {0x000CDE, 0x000CDE}, {0x000CE0, 0x000CE3}, {0x000CE6, 0x000CEF}, {0x000CF1, 0x000CF2},
    {0x000D02, 0x000D03}, {0x000D05, 0x000D0C}, {0x000D0E, 0x000D10}, {0x000D12, 0x000D28},
    {0x000D2A, 0x000D39}, {0x000D3D, 0x000D44}, {0x000D46, 0x000D48}, {0x000D4A, 0x000D4D},
    {0x000D57, 0x000D57}, {0x000D60, 0x000D63}, {0x000D66, 0x000D75}, {0x000D79, 0x000D7F},
    {0x000D82, 0x000D83}, {0x000D85, 0x000D96}, {0x000D9A, 0x000DB1}, {0x000DB3, 0x000DBB},
    {0x000DBD, 0x000DBD}, {0x000DC0, 0x000DC6}, {0x000DCA, 0x000DCA}, {0x000DCF, 0x000DD4},
    {0x000DD6, 0x000DD6}, {0x000DD8, 0x000DDF}, {0x000DF2, 0x000DF4}, {0x000E01, 0x000E3A},
    {0x000E3F, 0x000E5B}, {0x000E81, 0x000E82}, {0x000E84, 0x000E84}, {0x000E87, 0x000E88},
    {0x000E8A, 0x000E8A}, {0x000E8D, 0x000E8D}, {0x000E94, 0x000E97}, {0x000E99, 0x000E9F},
    {0x000EA1, 0x000EA3}, {0x000EA5, 0x000EA5}, {0x000EA7, 0x000EA7}, {0x000EAA, 0x000EAB},
    {0x000EAD, 0x000EB9}, {0x000EBB, 0x000EBD}, {0x000EC0, 0x000EC4}, {0x000EC6, 0x000EC6},
    {0x000EC8, 0x000ECD}, {0x000ED0, 0x000ED9}, {0x000EDC, 0x000EDD}, {0x000F00, 0x000F47},
    {0x000F49, 0x000F6C}, {0x000F71, 0x000F8B}, {0x000F90, 0x000F97}, {0x000F99, 0x000FBC},
    {0x000FBE, 0x000FCC}, {0x000FCE, 0x000FD8}, {0x001000, 0x0010C5}, {0x0010D0, 0x0010FC},
    {0x001100, 0x001248}, {0x00124A, 0x00124D}, {0x001250, 0x001256}, {0x001258, 0x001258},
    {0x00125A, 0x00125D}, {0x001260, 0x001288}, {0x00128A, 0x00128D}, {0x001290, 0x0012B0},
    {0x0012B2, 0x0012B5}, {0x0012B8, 0x0012BE}, {0x0012C0, 0x0012C0}, {0x0012C2, 0x0012C5},
    {0x0012C8, 0x0012D6}, {0x0012D8, 0x001310}, {0x001312, 0x001315}, {0x001318, 0x00135A},
    {0x00135F, 0x00137C}, {0x001380, 0x001399}, {0x0013A0, 0x0013F4}, {0x001400, 0x00169C},
    {0x0016A0, 0x0016F0}, {0x001700, 0x00170C}, {0x00170E, 0x001714}, {0x001720, 0x001736},
    {0x001740, 0x001753}, {0x001760, 0x00176C}, {0x00176E, 0x001770}, {0x001772, 0x001773},
    {0x001780, 0x0017DD}, {0x0017E0, 0x0017E9}, {0x0017F0, 0x0017F9}, {0x001800, 0x00180E},
    {0x001810, 0x001819}, {0x001820, 0x001877}, {0x001880, 0x0018AA}, {0x0018B0, 0x0018F5},
    {0x001900, 0x00191C}, {0x001920, 0x00192B}, {0x001930, 0x00193B}, {0x001940, 0x001940},
    {0x001944, 0x00196D}, {0x001970, 0x001974}, {0x001980, 0x0019AB}, {0x0019B0, 0x0019C9},
    {0x0019D0, 0x0019DA}, {0x0019DE, 0x001A1B}, {0x001A1E, 0x001A5E}, {0x001A60, 0x001A7C},
    {0x001A7F, 0x001A89}, {0x001A90, 0x001A99}, {0x001AA0, 0x001AAD}, {0x001B00, 0x001B4B},
    {0x001B50, 0x001B7C}, {0x001B80, 0x001BAA}, {0x001BAE, 0x001BB9}, {0x001C00, 0x001C37},
    {0x001C3B, 0x001C49}, {0x001C4D, 0x001C7F}, {0x001CD0, 0x001CF2}, {0x001D00, 0x001DE6},
    {0x001DFD, 0x001F15}, {0x001F18, 0x001F1D}, {0x001F20, 0x001F45}, {0x001F48, 0x001F4D},
    {0x001F50, 0x001F57}, {0x001F59, 0x001F59}, {0x001F5B, 0x001F5B}, {0x001F5D, 0x001F5D},
    {0x001F5F, 0x001F7D}, {0x001F80, 0x001FB4}, {0x001FB6, 0x001FC4}, {0x001FC6, 0x001FD3},
    {0x001FD6, 0x001FDB}, {0x001FDD, 0x001FEF}, {0x001FF2, 0x001FF4}, {0x001FF6, 0x001FFE},
    {0x002000, 0x002064}, {0x00206A, 0x002071}, {0x002074, 0x00208E}, {0x002090, 0x002094},
    {0x0020A0, 0x0020B8}, {0x0020D0, 0x0020F0}, {0x002100, 0x002189}, {0x002190, 0x0023E8},
    {0x002400, 0x002426}, {0x002440, 0x00244A}, {0x002460, 0x0026CD}, {0x0026CF, 0x0026E1},
    {0x0026E3, 0x0026E3}, {0x0026E8, 0x0026FF}, {0x002701, 0x002704}, {0x002706, 0x002709},
    {0x00270C, 0x002727}, {0x002729, 0x00274B}, {0x00274D, 0x00274D}, {0x00274F, 0x002752},
    {0x002756, 0x00275E}, {0x002761, 0x002794}, {0x002798, 0x0027AF}, {0x0027B1, 0x0027BE},
    {0x0027C0, 0x0027CA}, {0x0027CC, 0x0027CC}, {0x0027D0, 0x002B4C}, {0x002B50, 0x002B59},
    {0x002C00, 0x002C2E}, {0x002C30, 0x002C5E}, {0x002C60, 0x002CF1}, {0x002CF9, 0x002D25},
    {0x002D30, 0x002D65}, {0x002D6F, 0x002D6F}, {0x002D80, 0x002D96}, {0x002DA0, 0x002DA6},
    {0x002DA8, 0x002DAE}, {0x002DB0, 0x002DB6}, {0x002DB8, 0x002DBE}, {0x002DC0, 0x002DC6},
    {0x002DC8, 0x002DCE}, {0x002DD0, 0x002DD6}, {0x002DD8, 0x002DDE}, {0x002DE0, 0x002E31},
    {0x002E80, 0x002E99}, {0x002E9B, 0x002EF3}, {0x002F00, 0x002FD5}, {0x002FF0, 0x002FFB},
    {0x003000, 0x00303F}, {0x003041, 0x003096}, {0x003099, 0x0030FF}, {0x003105, 0x00312D},
    {0x003131, 0x00318E}, {0x003190, 0x0031B7}, {0x0031C0, 0x0031E3}, {0x0031F0, 0x00321E},
    {0x003220, 0x0032FE}, {0x003300, 0x004DB5}, {0x004DC0, 0x009FCB}, {0x00A000, 0x00A48C},
    {0x00A490, 0x00A4C6}, {0x00A4D0, 0x00A62B}, {0x00A640, 0x00A65F}, {0x00A662, 0x00A673},
    {0x00A67C, 0x00A697}, {0x00A6A0, 0x00A6F7}, {0x00A700, 0x00A78C}, {0x00A7FB, 0x00A82B},
    {0x00A830, 0x00A839}, {0x00A840, 0x00A877}, {0x00A880, 0x00A8C4}, {0x00A8CE, 0x00A8D9},
    {0x00A8E0, 0x00A8FB}, {0x00A900, 0x00A953}, {0x00A95F, 0x00A97C}, {0x00A980, 0x00A9CD},
    {0x00A9CF, 0x00A9D9}, {0x00A9DE, 0x00A9DF}, {0x00AA00, 0x00AA36}, {0x00AA40, 0x00AA4D},
    {0x00AA50, 0x00AA59}, {0x00AA5C, 0x00AA7B}, {0x00AA80, 0x00AAC2}, {0x00AADB, 0x00AADF},
    {0x00ABC0, 0x00ABED}, {0x00ABF0, 0x00ABF9}, {0x00AC00, 0x00D7A3}, {0x00D7B0, 0x00D7C6},
    {0x00D7CB, 0x00D7FB}, {0x00E000, 0x00FA2D}, {0x00FA30, 0x00FA6D}, {0x00FA70, 0x00FAD9},
    {0x00FB00, 0x00FB06}, {0x00FB13, 0x00FB17}, {0x00FB1D, 0x00FB36}, {0x00FB38, 0x00FB3C},
    {0x00FB3E, 0x00FB3E}, {0x00FB40, 0x00FB41}, {0x00FB43, 0x00FB44}, {0x00FB46, 0x00FBB1},
    {0x00FBD3, 0x00FD3F}, {0x00FD50, 0x00FD8F}, {0x00FD92, 0x00FDC7}, {0x00FDD0, 0x00FDFD},
    {0x00FE00, 0x00FE19}, {0x00FE20, 0x00FE26}, {0x00FE30, 0x00FE52}, {0x00FE54, 0x00FE66},
    {0x00FE68, 0x00FE6B}, {0x00FE70, 0x00FE74}, {0x00FE76, 0x00FEFC}, {0x00FEFF, 0x00FEFF},
    {0x00FF01, 0x00FFBE}, {0x00FFC2, 0x00FFC7}, {0x00FFCA, 0x00FFCF}, {0x00FFD2, 0x00FFD7},
    {0x00FFDA, 0x00FFDC}, {0x00FFE0, 0x00FFE6}, {0x00FFE8, 0x00FFEE}, {0x00FFF9, 0x01000B},
    {0x01000D, 0x010026}, {0x010028, 0x01003A}, {0x01003C, 0x01003D}, {0x01003F, 0x01004D},
    {0x010050, 0x01005D}, {0x010080, 0x0100FA}, {0x010100, 0x010102}, {0x010107, 0x010133},
    {0x010137, 0x01018A}, {0x010190, 0x01019B}, {0x0101D0, 0x0101FD}, {0x010280, 0x01029C},
    {0x0102A0, 0x0102D0}, {0x010300, 0x01031E}, {0x010320, 0x010323}, {0x010330, 0x01034A},
    {0x010380, 0x01039D}, {0x01039F, 0x0103C3}, {0x0103C8, 0x0103D5}, {0x010400, 0x01049D},
    {0x0104A0, 0x0104A9}, {0x010800, 0x010805}, {0x010808, 0x010808}, {0x01080A, 0x010835},
    {0x010837, 0x010838}, {0x01083C, 0x01083C}, {0x01083F, 0x010855}, {0x010857, 0x01085F},
    {0x010900, 0x01091B}, {0x01091F, 0x010939}, {0x01093F, 0x01093F}, {0x010A00, 0x010A03},
    {0x010A05, 0x010A06}, {0x010A0C, 0x010A13}, {0x010A15, 0x010A17}, {0x010A19, 0x010A33},
    {0x010A38, 0x010A3A}, {0x010A3F, 0x010A47}, {0x010A50, 0x010A58}, {0x010A60, 0x010A7F},
    {0x010B00, 0x010B35}, {0x010B39, 0x010B55}, {0x010B58, 0x010B72}, {0x010B78, 0x010B7F},
    {0x010C00, 0x010C48}, {0x010E60, 0x010E7E}, {0x011080, 0x0110C1}, {0x012000, 0x01236E},
    {0x012400, 0x012462}, {0x012470, 0x012473}, {0x013000, 0x01342E}, {0x01D000, 0x01D0F5},
    {0x01D100, 0x01D126}, {0x01D129, 0x01D1DD}, {0x01D200, 0x01D245}, {0x01D300, 0x01D356},
    {0x01D360, 0x01D371}, {0x01D400, 0x01D454}, {0x01D456, 0x01D49C}, {0x01D49E, 0x01D49F},
    {0x01D4A2, 0x01D4A2}, {0x01D4A5, 0x01D4A6}, {0x01D4A9, 0x01D4AC}, {0x01D4AE, 0x01D4B9},
    {0x01D4BB, 0x01D4BB}, {0x01D4BD, 0x01D4C3}, {0x01D4C5, 0x01D505}, {0x01D507, 0x01D50A},
    {0x01D50D, 0x01D514}, {0x01D516, 0x01D51C}, {0x01D51E, 0x01D539}, {0x01D53B, 0x01D53E},
    {0x01D540, 0x01D544}, {0x01D546, 0x01D546}, {0x01D54A, 0x01D550}, {0x01D552, 0x01D6A5},
    {0x01D6A8, 0x01D7CB}, {0x01D7CE, 0x01D7FF}, {0x01F000, 0x01F02B}, {0x01F030, 0x01F093},
    {0x01F100, 0x01F10A}, {0x01F110, 0x01F12E}, {0x01F131, 0x01F131}, {0x01F13D, 0x01F13D},
    {0x01F13F, 0x01F13F}, {0x01F142, 0x01F142}, {0x01F146, 0x01F146}, {0x01F14A, 0x01F14E},
    {0x01F157, 0x01F157}, {0x01F15F, 0x01F15F}, {0x01F179, 0x01F179}, {0x01F17B, 0x01F17C},
    {0x01F17F, 0x01F17F}, {0x01F18A, 0x01F18D}, {0x01F190, 0x01F190}, {0x01F200, 0x01F200},
    {0x01F210, 0x01F231}, {0x01F240, 0x01F248}, {0x01FFFE, 0x02A6D6}, {0x02A700, 0x02B734},
    {0x02F800, 0x02FA1D}, {0x02FFFE, 0x02FFFF}, {0x03FFFE, 0x03FFFF}, {0x04FFFE, 0x04FFFF},
    {0x05FFFE, 0x05FFFF}, {0x06FFFE, 0x06FFFF}, {0x07FFFE, 0x07FFFF}, {0x08FFFE, 0x08FFFF},
    {0x09FFFE, 0x09FFFF}, {0x0AFFFE, 0x0AFFFF}, {0x0BFFFE, 0x0BFFFF}, {0x0CFFFE, 0x0CFFFF},
    {0x0DFFFE, 0x0DFFFF}, {0x0E0001, 0x0E0001}, {0x0E0020, 0x0E007F}, {0x0E0100, 0x0E01EF},
    {0x0EFFFE, 0x10FFFF}, {0x000000, 0x000377}, {0x00037A, 0x00037E}, {0x000384, 0x00038A},
    {0x00038C, 0x00038C}, {0x00038E, 0x0003A1}, {0x0003A3, 0x000527}, {0x000531, 0x000556},
    {0x000559, 0x00055F}, {0x000561, 0x000587}, {0x000589, 0x00058A}, {0x000591, 0x0005C7},
    {0x0005D0, 0x0005EA}, {0x0005F0, 0x0005F4}, {0x000600, 0x000603}, {0x000606, 0x00061B},
    {0x00061E, 0x00070D}, {0x00070F, 0x00074A}, {0x00074D, 0x0007B1}, {0x0007C0, 0x0007FA},
    {0x000800, 0x00082D}, {0x000830, 0x00083E}, {0x000840, 0x00085B}, {0x00085E, 0x00085E},
    {0x000900, 0x000977}, {0x000979, 0x00097F}, {0x000981, 0x000983}, {0x000985, 0x00098C},
    {0x00098F, 0x000990}, {0x000993, 0x0009A8}, {0x0009AA, 0x0009B0}, {0x0009B2, 0x0009B2},
    {0x0009B6, 0x0009B9}, {0x0009BC, 0x0009C4}, {0x0009C7, 0x0009C8}, {0x0009CB, 0x0009CE},
    {0x0009D7, 0x0009D7}, {0x0009DC, 0x0009DD}, {0x0009DF, 0x0009E3}, {0x0009E6, 0x0009FB},
    {0x000A01, 0x000A03}, {0x000A05, 0x000A0A}, {0x000A0F, 0x000A10}, {0x000A13, 0x000A28},
    {0x000A2A, 0x000A30}, {0x000A32, 0x000A33}, {0x000A35, 0x000A36}, {0x000A38, 0x000A39},
    {0x000A3C, 0x000A3C}, {0x000A3E, 0x000A42}, {0x000A47, 0x000A48}, {0x000A4B, 0x000A4D},
    {0x000A51, 0x000A51}, {0x000A59, 0x000A5C}, {0x000A5E, 0x000A5E}, {0x000A66, 0x000A75},
    {0x000A81, 0x000A83}, {0x000A85, 0x000A8D}, {0x000A8F, 0x000A91}, {0x000A93, 0x000AA8},
    {0x000AAA, 0x000AB0}, {0x000AB2, 0x000AB3}, {0x000AB5, 0x000AB9}, {0x000ABC, 0x000AC5},
    {0x000AC7, 0x000AC9}, {0x000ACB, 0x000ACD}, {0x000AD0, 0x000AD0}, {0x000AE0, 0x000AE3},
    {0x000AE6, 0x000AEF}, {0x000AF1, 0x000AF1}, {0x000B01, 0x000B03}, {0x000B05, 0x000B0C},
    {0x000B0F, 0x000B10}, {0x000B13, 0x000B28}, {0x000B2A, 0x000B30}, {0x000B32, 0x000B33},
    {0x000B35, 0x000B39}, {0x000B3C, 0x000B44}, {0x000B47, 0x000B48}, {0x000B4B, 0x000B4D},
    {0x000B56, 0x000B57}, {0x000B5C, 0x000B5D}, {0x000B5F, 0x000B63}, {0x000B66, 0x000B77},
    {0x000B82, 0x000B83}, {0x000B85, 0x000B8A}, {0x000B8E, 0x000B90}, {0x000B92, 0x000B95},
    {0x000B99, 0x000B9A}, {0x000B9C, 0x000B9C}, {0x000B9E, 0x000B9F}, {0x000BA3, 0x000BA4},
    {0x000BA8, 0x000BAA}, {0x000BAE, 0x000BB9}, {0x000BBE, 0x000BC2}, {0x000BC6, 0x000BC8},
    {0x000BCA, 0x000BCD}, {0x000BD0, 0x000BD0}, {0x000BD7, 0x000BD7}, {0x000BE6, 0x000BFA},
    {0x000C01, 0x000C03}, {0x000C05, 0x000C0C}, {0x000C0E, 0x000C10}, {0x000C12, 0x000C28},
    {0x000C2A, 0x000C33}, {0x000C35, 0x000C39}, {0x000C3D, 0x000C44}, {0x000C46, 0x000C48},
    {0x000C4A, 0x000C4D}, {0x000C55, 0x000C56}, {0x000C58, 0x000C59}, {0x000C60, 0x000C63},
    {0x000C66, 0x000C6F}, {0x000C78, 0x000C7F}, {0x000C82, 0x000C83}, {0x000C85, 0x000C8C},
    {0x000C8E, 0x000C90}, {0x000C92, 0x000CA8}, {0x000CAA, 0x000CB3}, {0x000CB5, 0x000CB9},
    {0x000CBC, 0x000CC4}, {0x000CC6, 0x000CC8}, {0x000CCA, 0x000CCD}, {0x000CD5, 0x000CD6},
    {0x000CDE, 0x000CDE}, {0x000CE0, 0x000CE3}, {0x000CE6, 0x000CEF}, {0x000CF1, 0x000CF2},
    {0x000D02, 0x000D03}, {0x000D05, 0x000D0C}, {0x000D0E, 0x000D10}, {0x000D12, 0x000D3A},
    {0x000D3D, 0x000D44}, {0x000D46, 0x000D48}, {0x000D4A, 0x000D4E}, {0x000D57, 0x000D57},
    {0x000D60, 0x000D63}, {0x000D66, 0x000D75}, {0x000D79, 0x000D7F}, {0x000D82, 0x000D83},
    {0x000D85, 0x000D96}, {0x000D9A, 0x000DB1}, {0x000DB3, 0x000DBB}, {0x000DBD, 0x000DBD},
    {0x000DC0, 0x000DC6}, {0x000DCA, 0x000DCA}, {0x000DCF, 0x000DD4}, {0x000DD6, 0x000DD6},
    {0x000DD8, 0x000DDF}, {0x000DF2, 0x000DF4}, {0x000E01, 0x000E3A}, {0x000E3F, 0x000E5B},
    {0x000E81, 0x000E82}, {0x000E84, 0x000E84}, {0x000E87, 0x000E88}, {0x000E8A, 0x000E8A},
    {0x000E8D, 0x000E8D}, {0x000E94, 0x000E97}, {0x000E99, 0x000E9F}, {0x000EA1, 0x000EA3},
    {0x000EA5, 0x000EA5}, {0x000EA7, 0x000EA7}, {0x000EAA, 0x000EAB}, {0x000EAD, 0x000EB9},
    {0x000EBB, 0x000EBD}, {0x000EC0, 0x000EC4}, {0x000EC6, 0x000EC6}, {0x000EC8, 0x000ECD},
    {0x000ED0, 0x000ED9}, {0x000EDC, 0x000EDD}, {0x000F00, 0x000F47}, {0x000F49, 0x000F6C},
    {0x000F71, 0x000F97}, {0x000F99, 0x000FBC}, {0x000FBE, 0x000FCC}, {0x000FCE, 0x000FDA},
    {0x001000, 0x0010C5}, {0x0010D0, 0x0010FC}, {0x001100, 0x001248}, {0x00124A, 0x00124D},
    {0x001250, 0x001256}, {0x001258, 0x001258}, {0x00125A, 0x00125D}, {0x001260, 0x001288},
    {0x00128A, 0x00128D}, {0x001290, 0x0012B0}, {0x0012B2, 0x0012B5}, {0x0012B8, 0x0012BE},
    {0x0012C0, 0x0012C0}, {0x0012C2, 0x0012C5}, {0x0012C8, 0x0012D6}, {0x0012D8, 0x001310},
    {0x001312, 0x001315}, {0x001318, 0x00135A}, {0x00135D, 0x00137C}, {0x001380, 0x001399},
    {0x0013A0, 0x0013F4}, {0x001400, 0x00169C}, {0x0016A0, 0x0016F0}, {0x001700, 0x00170C},
    {0x00170E, 0x001714}, {0x001720, 0x001736}, {0x001740, 0x001753}, {0x001760, 0x00176C},
    {0x00176E, 0x001770}, {0x001772, 0x001773}, {0x001780, 0x0017DD}, {0x0017E0, 0x0017E9},
    {0x0017F0, 0x0017F9}, {0x001800, 0x00180E}, {0x001810, 0x001819}, {0x001820, 0x001877},
    {0x001880, 0x0018AA}, {0x0018B0, 0x0018F5}, {0x001900, 0x00191C}, {0x001920, 0x00192B},
    {0x001930, 0x00193B}, {0x001940, 0x001940}, {0x001944, 0x00196D}, {0x001970, 0x001974},
    {0x001980, 0x0019AB}, {0x0019B0, 0x0019C9}, {0x0019D0, 0x0019DA}, {0x0019DE, 0x001A1B},
    {0x001A1E, 0x001A5E}, {0x001A60, 0x001A7C}, {0x001A7F, 0x001A89}, {0x001A90, 0x001A99},
    {0x001AA0, 0x001AAD}, {0x001B00, 0x001B4B}, {0x001B50, 0x001B7C}, {0x001B80, 0x001BAA},
    {0x001BAE, 0x001BB9}, {0x001BC0, 0x001BF3}, {0x001BFC, 0x001C37}, {0x001C3B, 0x001C49},
    {0x001C4D, 0x001C7F}, {0x001CD0, 0x001CF2}, {0x001D00, 0x001DE6}, {0x001DFC, 0x001F15},
    {0x001F18, 0x001F1D}, {0x001F20, 0x001F45}, {0x001F48, 0x001F4D}, {0x001F50, 0x001F57},
    {0x001F59, 0x001F59}, {0x001F5B, 0x001F5B}, {0x001F5D, 0x001F5D}, {0x001F5F, 0x001F7D},
    {0x001F80, 0x001FB4}, {0x001FB6, 0x001FC4}, {0x001FC6, 0x001FD3}, {0x001FD6, 0x001FDB},
    {0x001FDD, 0x001FEF}, {0x001FF2, 0x001FF4}, {0x001FF6, 0x001FFE}, {0x002000, 0x002064},
    {0x00206A, 0x002071}, {0x002074, 0x00208E}, {0x002090, 0x00209C}, {0x0020A0, 0x0020B9},
    {0x0020D0, 0x0020F0}, {0x002100, 0x002189}, {0x002190, 0x0023F3}, {0x002400, 0x002426},
    {0x002440, 0x00244A}, {0x002460, 0x0026FF}, {0x002701, 0x0027CA}, {0x0027CC, 0x0027CC},
    {0x0027CE, 0x002B4C}, {0x002B50, 0x002B59}, {0x002C00, 0x002C2E}, {0x002C30, 0x002C5E},
    {0x002C60, 0x002CF1}, {0x002CF9, 0x002D25}, {0x002D30, 0x002D65}, {0x002D6F, 0x002D70},
    {0x002D7F, 0x002D96}, {0x002DA0, 0x002DA6}, {0x002DA8, 0x002DAE}, {0x002DB0, 0x002DB6},
    {0x002DB8, 0x002DBE}, {0x002DC0, 0x002DC6}, {0x002DC8, 0x002DCE}, {0x002DD0, 0x002DD6},
    {0x002DD8, 0x002DDE}, {0x002DE0, 0x002E31}, {0x002E80, 0x002E99}, {0x002E9B, 0x002EF3},
    {0x002F00, 0x002FD5}, {0x002FF0, 0x002FFB}, {0x003000, 0x00303F}, {0x003041, 0x003096},
    {0x003099, 0x0030FF}, {0x003105, 0x00312D}, {0x003131, 0x00318E}, {0x003190, 0x0031BA},
    {0x0031C0, 0x0031E3}, {0x0031F0, 0x00321E}, {0x003220, 0x0032FE}, {0x003300, 0x004DB5},
    {0x004DC0, 0x009FCB}, {0x00A000, 0x00A48C}, {0x00A490, 0x00A4C6}, {0x00A4D0, 0x00A62B},
    {0x00A640, 0x00A673}, {0x00A67C, 0x00A697}, {0x00A6A0, 0x00A6F7}, {0x00A700, 0x00A78E},
    {0x00A790, 0x00A791}, {0x00A7A0, 0x00A7A9}, {0x00A7FA, 0x00A82B}, {0x00A830, 0x00A839},
    {0x00A840, 0x00A877}, {0x00A880, 0x00A8C4}, {0x00A8CE, 0x00A8D9}, {0x00A8E0, 0x00A8FB},
    {0x00A900, 0x00A953}, {0x00A95F, 0x00A97C}, {0x00A980, 0x00A9CD}, {0x00A9CF, 0x00A9D9},
    {0x00A9DE, 0x00A9DF}, {0x00AA00, 0x00AA36}, {0x00AA40, 0x00AA4D}, {0x00AA50, 0x00AA59},
    {0x00AA5C, 0x00AA7B}, {0x00AA80, 0x00AAC2}, {0x00AADB, 0x00AADF}, {0x00AB01, 0x00AB06},
    {0x00AB09, 0x00AB0E}, {0x00AB11, 0x00AB16}, {0x00AB20, 0x00AB26}, {0x00AB28, 0x00AB2E},
    {0x00ABC0, 0x00ABED}, {0x00ABF0, 0x00ABF9}, {0x00AC00, 0x00D7A3}, {0x00D7B0, 0x00D7C6},
    {0x00D7CB, 0x00D7FB}, {0x00E000, 0x00FA2D}, {0x00FA30, 0x00FA6D}, {0x00FA70, 0x00FAD9},
    {0x00FB00, 0x00FB06}, {0x00FB13, 0x00FB17}, {0x00FB1D, 0x00FB36}, {0x00FB38, 0x00FB3C},
    {0x00FB3E, 0x00FB3E}, {0x00FB40, 0x00FB41}, {0x00FB43, 0x00FB44}, {0x00FB46, 0x00FBC1},
    {0x00FBD3, 0x00FD3F}, {0x00FD50, 0x00FD8F}, {0x00FD92, 0x00FDC7}, {0x00FDD0, 0x00FDFD},
    {0x00FE00, 0x00FE19}, {0x00FE20, 0x00FE26}, {0x00FE30, 0x00FE52}, {0x00FE54, 0x00FE66},
    {0x00FE68, 0x00FE6B}, {0x00FE70, 0x00FE74}, {0x00FE76, 0x00FEFC}, {0x00FEFF, 0x00FEFF},
    {0x00FF01, 0x00FFBE}, {0x00FFC2, 0x00FFC7}, {0x00FFCA, 0x00FFCF}, {0x00FFD2, 0x00FFD7},
    {0x00FFDA, 0x00FFDC}, {0x00FFE0, 0x00FFE6}, {0x00FFE8, 0x00FFEE}, {0x00FFF9, 0x01000B},
    {0x01000D, 0x010026}, {0x010028, 0x01003A}, {0x01003C, 0x01003D}, {0x01003F, 0x01004D},
    {0x010050, 0x01005D}, {0x010080, 0x0100FA}, {0x010100, 0x010102}, {0x010107, 0x010133},
    {0x010137, 0x01018A}, {0x010190, 0x01019B}, {0x0101D0, 0x0101FD}, {0x010280, 0x01029C},
    {0x0102A0, 0x0102D0}, {0x010300, 0x01031E}, {0x010320, 0x010323}, {0x010330, 0x01034A},
    {0x010380, 0x01039D}, {0x01039F, 0x0103C3}, {0x0103C8, 0x0103D5}, {0x010400, 0x01049D},
    {0x0104A0, 0x0104A9}, {0x010800, 0x010805}, {0x010808, 0x010808}, {0x01080A, 0x010835},
    {0x010837, 0x010838}, {0x01083C, 0x01083C}, {0x01083F, 0x010855}, {0x010857, 0x01085F},
    {0x010900, 0x01091B}, {0x01091F, 0x010939}, {0x01093F, 0x01093F}, {0x010A00, 0x010A03},
    {0x010A05, 0x010A06}, {0x010A0C, 0x010A13}, {0x010A15, 0x010A17}, {0x010A19, 0x010A33},
    {0x010A38, 0x010A3A}, {0x010A3F, 0x010A47}, {0x010A50, 0x010A58}, {0x010A60, 0x010A7F},
    {0x010B00, 0x010B35}, {0x010B39, 0x010B55}, {0x010B58, 0x010B72}, {0x010B78, 0x010B7F},
    {0x010C00, 0x010C48}, {0x010E60, 0x010E7E}, {0x011000, 0x01104D}, {0x011052, 0x01106F},
    {0x011080, 0x0110C1}, {0x012000, 0x01236E}, {0x012400, 0x012462}, {0x012470, 0x012473},
    {0x013000, 0x01342E}, {0x016800, 0x016A38}, {0x01B000, 0x01B001}, {0x01D000, 0x01D0F5},
    {0x01D100, 0x01D126}, {0x01D129, 0x01D1DD}, {0x01D200, 0x01D245}, {0x01D300, 0x01D356},
    {0x01D360, 0x01D371}, {0x01D400, 0x01D454}, {0x01D456, 0x01D49C}, {0x01D49E, 0x01D49F},
    {0x01D4A2, 0x01D4A2}, {0x01D4A5, 0x01D4A6}, {0x01D4A9, 0x01D4AC}, {0x01D4AE, 0x01D4B9},
    {0x01D4BB, 0x01D4BB}, {0x01D4BD, 0x01D4C3}, {0x01D4C5, 0x01D505}, {0x01D507, 0x01D50A},
    {0x01D50D, 0x01D514}, {0x01D516, 0x01D51C}, {0x01D51E, 0x01D539}, {0x01D53B, 0x01D53E},
    {0x01D540, 0x01D544}, {0x01D546, 0x01D546}, {0x01D54A, 0x01D550}, {0x01D552, 0x01D6A5},
    {0x01D6A8, 0x01D7CB}, {0x01D7CE, 0x01D7FF}, {0x01F000, 0x01F02B}, {0x01F030, 0x01F093},
    {0x01F0A0, 0x01F0AE}, {0x01F0B1, 0x01F0BE}, {0x01F0C1, 0x01F0CF}, {0x01F0D1, 0x01F0DF},
    {0x01F100, 0x01F10A}, {0x01F110, 0x01F12E}, {0x01F130, 0x01F169}, {0x01F170, 0x01F19A},
    {0x01F1E6, 0x01F202}, {0x01F210, 0x01F23A}, {0x01F240, 0x01F248}, {0x01F250, 0x01F251},
    {0x01F300, 0x01F320}, {0x01F330, 0x01F335}, {0x01F337, 0x01F37C}, {0x01F380, 0x01F393},
    {0x01F3A0, 0x01F3C4}, {0x01F3C6, 0x01F3CA}, {0x01F3E0, 0x01F3F0}, {0x01F400, 0x01F43E},
    {0x01F440, 0x01F440}, {0x01F442, 0x01F4F7}, {0x01F4F9, 0x01F4FC}, {0x01F500, 0x01F53D},
    {0x01F550, 0x01F567}, {0x01F5FB, 0x01F5FF}, {0x01F601, 0x01F610}, {0x01F612, 0x01F614},
    {0x01F616, 0x01F616}, {0x01F618, 0x01F618}, {0x01F61A, 0x01F61A}, {0x01F61C, 0x01F61E},
    {0x01F620, 0x01F625}, {0x01F628, 0x01F62B}, {0x01F62D, 0x01F62D}, {0x01F630, 0x01F633},
    {0x01F635, 0x01F640}, {0x01F645, 0x01F64F}, {0x01F680, 0x01F6C5}, {0x01F700, 0x01F773},
    {0x01FFFE, 0x02A6D6}, {0x02A700, 0x02B734}, {0x02B740, 0x02B81D}, {0x02F800, 0x02FA1D},
    {0x02FFFE, 0x02FFFF}, {0x03FFFE, 0x03FFFF}, {0x04FFFE, 0x04FFFF}, {0x05FFFE, 0x05FFFF},
    {0x06FFFE, 0x06FFFF}, {0x07FFFE, 0x07FFFF}, {0x08FFFE, 0x08FFFF}, {0x09FFFE, 0x09FFFF},
    {0x0AFFFE, 0x0AFFFF}, {0x0BFFFE, 0x0BFFFF}, {0x0CFFFE, 0x0CFFFF}, {0x0DFFFE, 0x0DFFFF},
    {0x0E0001, 0x0E0001}, {0x0E0020, 0x0E007F}, {0x0E0100, 0x0E01EF}, {0x0EFFFE, 0x10FFFF},
    {0x000000, 0x000377}, {0x00037A, 0x00037E}, {0x000384, 0x00038A}, {0x00038C, 0x00038C},
    {0x00038E, 0x0003A1}, {0x0003A3, 0x000527}, {0x000531, 0x000556}, {0x000559, 0x00055F},
    {0x000561, 0x000587}, {0x000589, 0x00058A}, {0x00058F, 0x00058F}, {0x000591, 0x0005C7},
    {0x0005D0, 0x0005EA}, {0x0005F0, 0x0005F4}, {0x000600, 0x000604}, {0x000606, 0x00061B},
    {0x00061E, 0x00070D}, {0x00070F, 0x00074A}, {0x00074D, 0x0007B1}, {0x0007C0, 0x0007FA},
    {0x000800, 0x00082D}, {0x000830, 0x00083E}, {0x000840, 0x00085B}, {0x00085E, 0x00085E},
    {0x0008A0, 0x0008A0}, {0x0008A2, 0x0008AC}, {0x0008E4, 0x0008FE}, {0x000900, 0x000977},
    {0x000979, 0x00097F}, {0x000981, 0x000983}, {0x000985, 0x00098C}, {0x00098F, 0x000990},
    {0x000993, 0x0009A8}, {0x0009AA, 0x0009B0}, {0x0009B2, 0x0009B2}, {0x0009B6, 0x0009B9},
    {0x0009BC, 0x0009C4}, {0x0009C7, 0x0009C8}, {0x0009CB, 0x0009CE}, {0x0009D7, 0x0009D7},
    {0x0009DC, 0x0009DD}, {0x0009DF, 0x0009E3}, {0x0009E6, 0x0009FB}, {0x000A01, 0x000A03},
    {0x000A05, 0x000A0A}, {0x000A0F, 0x000A10}, {0x000A13, 0x000A28}, {0x000A2A, 0x000A30},
    {0x000A32, 0x000A33}, {0x000A35, 0x000A36}, {0x000A38, 0x000A39}, {0x000A3C, 0x000A3C},
    {0x000A3E, 0x000A42}, {0x000A47, 0x000A48}, {0x000A4B, 0x000A4D}, {0x000A51, 0x000A51},
    {0x000A59, 0x000A5C}, {0x000A5E, 0x000A5E}, {0x000A66, 0x000A75}, {0x000A81, 0x000A83},
    {0x000A85, 0x000A8D}, {0x000A8F, 0x000A91}, {0x000A93, 0x000AA8}, {0x000AAA, 0x000AB0},
    {0x000AB2, 0x000AB3}, {0x000AB5, 0x000AB9}, {0x000ABC, 0x000AC5}, {0x000AC7, 0x000AC9},
    {0x000ACB, 0x000ACD}, {0x000AD0, 0x000AD0}, {0x000AE0, 0x000AE3}, {0x000AE6, 0x000AF1},
    {0x000B01, 0x000B03}, {0x000B05, 0x000B0C}, {0x000B0F, 0x000B10}, {0x000B13, 0x000B28},
    {0x000B2A, 0x000B30}, {0x000B32, 0x000B33}, {0x000B35, 0x000B39}, {0x000B3C, 0x000B44},
    {0x000B47, 0x000B48}, {0x000B4B, 0x000B4D}, {0x000B56, 0x000B57}, {0x000B5C, 0x000B5D},
    {0x000B5F, 0x000B63}, {0x000B66, 0x000B77}, {0x000B82, 0x000B83}, {0x000B85, 0x000B8A},
    {0x000B8E, 0x000B90}, {0x000B92, 0x000B95}, {0x000B99, 0x000B9A}, {0x000B9C, 0x000B9C},
    {0x000B9E, 0x000B9F}, {0x000BA3, 0x000BA4}, {0x000BA8, 0x000BAA}, {0x000BAE, 0x000BB9},
    {0x000BBE, 0x000BC2}, {0x000BC6, 0x000BC8}, {0x000BCA, 0x000BCD}, {0x000BD0, 0x000BD0},
    {0x000BD7, 0x000BD7}, {0x000BE6, 0x000BFA}, {0x000C01, 0x000C03}, {0x000C05, 0x000C0C},
    {0x000C0E, 0x000C10}, {0x000C12, 0x000C28}, {0x000C2A, 0x000C33}, {0x000C35, 0x000C39},
    {0x000C3D, 0x000C44}, {0x000C46, 0x000C48}, {0x000C4A, 0x000C4D}, {0x000C55, 0x000C56},
    {0x000C58, 0x000C59}, {0x000C60, 0x000C63}, {0x000C66, 0x000C6F}, {0x000C78, 0x000C7F},
    {0x000C82, 0x000C83}, {0x000C85, 0x000C8C}, {0x000C8E, 0x000C90}, {0x000C92, 0x000CA8},
    {0x000CAA, 0x000CB3}, {0x000CB5, 0x000CB9}, {0x000CBC, 0x000CC4}, {0x000CC6, 0x000CC8},
    {0x000CCA, 0x000CCD}, {0x000CD5, 0x000CD6}, {0x000CDE, 0x000CDE}, {0x000CE0, 0x000CE3},
    {0x000CE6, 0x000CEF}, {0x000CF1, 0x000CF2}, {0x000D02, 0x000D03}, {0x000D05, 0x000D0C},
    {0x000D0E, 0x000D10}, {0x000D12, 0x000D3A}, {0x000D3D, 0x000D44}, {0x000D46, 0x000D48},
    {0x000D4A, 0x000D4E}, {0x000D57, 0x000D57}, {0x000D60, 0x000D63}, {0x000D66, 0x000D75},
    {0x000D79, 0x000D7F}, {0x000D82, 0x000D83}, {0x000D85, 0x000D96}, {0x000D9A, 0x000DB1},
    {0x000DB3, 0x000DBB}, {0x000DBD, 0x000DBD}, {0x000DC0, 0x000DC6}, {0x000DCA, 0x000DCA},
    {0x000DCF, 0x000DD4}, {0x000DD6, 0x000DD6}, {0x000DD8, 0x000DDF}, {0x000DF2, 0x000DF4},
    {0x000E01, 0x000E3A}, {0x000E3F, 0x000E5B}, {0x000E81, 0x000E82}, {0x000E84, 0x000E84},
    {0x000E87, 0x000E88}, {0x000E8A, 0x000E8A}, {0x000E8D, 0x000E8D}, {0x000E94, 0x000E97},
    {0x000E99, 0x000E9F}, {0x000EA1, 0x000EA3}, {0x000EA5, 0x000EA5}, {0x000EA7, 0x000EA7},
    {0x000EAA, 0x000EAB}, {0x000EAD, 0x000EB9}, {0x000EBB, 0x000EBD}, {0x000EC0, 0x000EC4},
    {0x000EC6, 0x000EC6}, {0x000EC8, 0x000ECD}, {0x000ED0, 0x000ED9}, {0x000EDC, 0x000EDF},
    {0x000F00, 0x000F47}, {0x000F49, 0x000F6C}, {0x000F71, 0x000F97}, {0x000F99, 0x000FBC},
    {0x000FBE, 0x000FCC}, {0x000FCE, 0x000FDA}, {0x001000, 0x0010C5}, {0x0010C7, 0x0010C7},
    {0x0010CD, 0x0010CD}, {0x0010D0, 0x001248}, {0x00124A, 0x00124D}, {0x001250, 0x001256},
    {0x001258, 0x001258}, {0x00125A, 0x00125D}, {0x001260, 0x001288}, {0x00128A, 0x00128D},
    {0x001290, 0x0012B0}, {0x0012B2, 0x0012B5}, {0x0012B8, 0x0012BE}, {0x0012C0, 0x0012C0},
    {0x0012C2, 0x0012C5}, {0x0012C8, 0x0012D6}, {0x0012D8, 0x001310}, {0x001312, 0x001315},
    {0x001318, 0x00135A}, {0x00135D, 0x00137C}, {0x001380, 0x001399}, {0x0013A0, 0x0013F4},
    {0x001400, 0x00169C}, {0x0016A0, 0x0016F0}, {0x001700, 0x00170C}, {0x00170E, 0x001714},
    {0x001720, 0x001736}, {0x001740, 0x001753}, {0x001760, 0x00176C}, {0x00176E, 0x001770},
    {0x001772, 0x001773}, {0x001780, 0x0017DD}, {0x0017E0, 0x0017E9}, {0x0017F0, 0x0017F9},
    {0x001800, 0x00180E}, {0x001810, 0x001819}, {0x001820, 0x001877}, {0x001880, 0x0018AA},
    {0x0018B0, 0x0018F5}, {0x001900, 0x00191C}, {0x001920, 0x00192B}, {0x001930, 0x00193B},
    {0x001940, 0x001940}, {0x001944, 0x00196D}, {0x001970, 0x001974}, {0x001980, 0x0019AB},
    {0x0019B0, 0x0019C9}, {0x0019D0, 0x0019DA}, {0x0019DE, 0x001A1B}, {0x001A1E, 0x001A5E},
    {0x001A60, 0x001A7C}, {0x001A7F, 0x001A89}, {0x001A90, 0x001A99}, {0x001AA0, 0x001AAD},
    {0x001B00, 0x001B4B}, {0x001B50, 0x001B7C}, {0x001B80, 0x001BF3}, {0x001BFC, 0x001C37},
    {0x001C3B, 0x001C49}, {0x001C4D, 0x001C7F}, {0x001CC0, 0x001CC7}, {0x001CD0, 0x001CF6},
    {0x001D00, 0x001DE6}, {0x001DFC, 0x001F15}, {0x001F18, 0x001F1D}, {0x001F20, 0x001F45},
    {0x001F48, 0x001F4D}, {0x001F50, 0x001F57}, {0x001F59, 0x001F59}, {0x001F5B, 0x001F5B},
    {0x001F5D, 0x001F5D}, {0x001F5F, 0x001F7D}, {0x001F80, 0x001FB4}, {0x001FB6, 0x001FC4},
    {0x001FC6, 0x001FD3}, {0x001FD6, 0x001FDB}, {0x001FDD, 0x001FEF}, {0x001FF2, 0x001FF4},
    {0x001FF6, 0x001FFE}, {0x002000, 0x002064}, {0x00206A, 0x002071}, {0x002074, 0x00208E},
    {0x002090, 0x00209C}, {0x0020A0, 0x0020B9}, {0x0020D0, 0x0020F0}, {0x002100, 0x002189},
    {0x002190, 0x0023F3}, {0x002400, 0x002426}, {0x002440, 0x00244A}, {0x002460, 0x0026FF},
    {0x002701, 0x002B4C}, {0x002B50, 0x002B59}, {0x002C00, 0x002C2E}, {0x002C30, 0x002C5E},
    {0x002C60, 0x002CF3}, {0x002CF9, 0x002D25}, {0x002D27, 0x002D27}, {0x002D2D, 0x002D2D},
    {0x002D30, 0x002D67}, {0x002D6F, 0x002D70}, {0x002D7F, 0x002D96}, {0x002DA0, 0x002DA6},
    {0x002DA8, 0x002DAE}, {0x002DB0, 0x002DB6}, {0x002DB8, 0x002DBE}, {0x002DC0, 0x002DC6},
    {0x002DC8, 0x002DCE}, {0x002DD0, 0x002DD6}, {0x002DD8, 0x002DDE}, {0x002DE0, 0x002E3B},
    {0x002E80, 0x002E99}, {0x002E9B, 0x002EF3}, {0x002F00, 0x002FD5}, {0x002FF0, 0x002FFB},
    {0x003000, 0x00303F}, {0x003041, 0x003096}, {0x003099, 0x0030FF}, {0x003105, 0x00312D},
    {0x003131, 0x00318E}, {0x003190, 0x0031BA}, {0x0031C0, 0x0031E3}, {0x0031F0, 0x00321E},
    {0x003220, 0x0032FE}, {0x003300, 0x004DB5}, {0x004DC0, 0x009FCC}, {0x00A000, 0x00A48C},
    {0x00A490, 0x00A4C6}, {0x00A4D0, 0x00A62B}, {0x00A640, 0x00A697}, {0x00A69F, 0x00A6F7},
    {0x00A700, 0x00A78E}, {0x00A790, 0x00A793}, {0x00A7A0, 0x00A7AA}, {0x00A7F8, 0x00A82B},
    {0x00A830, 0x00A839}, {0x00A840, 0x00A877}, {0x00A880, 0x00A8C4}, {0x00A8CE, 0x00A8D9},
    {0x00A8E0, 0x00A8FB}, {0x00A900, 0x00A953}, {0x00A95F, 0x00A97C}, {0x00A980, 0x00A9CD},
    {0x00A9CF, 0x00A9D9}, {0x00A9DE, 0x00A9DF}, {0x00AA00, 0x00AA36}, {0x00AA40, 0x00AA4D},
    {0x00AA50, 0x00AA59}, {0x00AA5C, 0x00AA7B}, {0x00AA80, 0x00AAC2}, {0x00AADB, 0x00AAF6},
    {0x00AB01, 0x00AB06}, {0x00AB09, 0x00AB0E}, {0x00AB11, 0x00AB16}, {0x00AB20, 0x00AB26},
    {0x00AB28, 0x00AB2E}, {0x00ABC0, 0x00ABED}, {0x00ABF0, 0x00ABF9}, {0x00AC00, 0x00D7A3},
    {0x00D7B0, 0x00D7C6}, {0x00D7CB, 0x00D7FB}, {0x00E000, 0x00FA6D}, {0x00FA70, 0x00FAD9},
    {0x00FB00, 0x00FB06}, {0x00FB13, 0x00FB17}, {0x00FB1D, 0x00FB36}, {0x00FB38, 0x00FB3C},
    {0x00FB3E, 0x00FB3E}, {0x00FB40, 0x00FB41}, {0x00FB43, 0x00FB44}, {0x00FB46, 0x00FBC1},
    {0x00FBD3, 0x00FD3F}, {0x00FD50, 0x00FD8F}, {0x00FD92, 0x00FDC7}, {0x00FDD0, 0x00FDFD},
    {0x00FE00, 0x00FE19}, {0x00FE20, 0x00FE26}, {0x00FE30, 0x00FE52}, {0x00FE54, 0x00FE66},
    {0x00FE68, 0x00FE6B}, {0x00FE70, 0x00FE74}, {0x00FE76, 0x00FEFC}, {0x00FEFF, 0x00FEFF},
    {0x00FF01, 0x00FFBE}, {0x00FFC2, 0x00FFC7}, {0x00FFCA, 0x00FFCF}, {0x00FFD2, 0x00FFD7},
    {0x00FFDA, 0x00FFDC}, {0x00FFE0, 0x00FFE6}, {0x00FFE8, 0x00FFEE}, {0x00FFF9, 0x01000B},
    {0x01000D, 0x010026}, {0x010028, 0x01003A}, {0x01003C, 0x01003D}, {0x01003F, 0x01004D},
    {0x010050, 0x01005D}, {0x010080, 0x0100FA}, {0x010100, 0x010102}, {0x010107, 0x010133},
    {0x010137, 0x01018A}, {0x010190, 0x01019B}, {0x0101D0, 0x0101FD}, {0x010280, 0x01029C},
    {0x0102A0, 0x0102D0}, {0x010300, 0x01031E}, {0x010320, 0x010323}, {0x010330, 0x01034A},
    {0x010380, 0x01039D}, {0x01039F, 0x0103C3}, {0x0103C8, 0x0103D5}, {0x010400, 0x01049D},
    {0x0104A0, 0x0104A9}, {0x010800, 0x010805}, {0x010808, 0x010808}, {0x01080A, 0x010835},
    {0x010837, 0x010838}, {0x01083C, 0x01083C}, {0x01083F, 0x010855}, {0x010857, 0x01085F},
    {0x010900, 0x01091B}, {0x01091F, 0x010939}, {0x01093F, 0x01093F}, {0x010980, 0x0109B7},
    {0x0109BE, 0x0109BF}, {0x010A00, 0x010A03}, {0x010A05, 0x010A06}, {0x010A0C, 0x010A13},
    {0x010A15, 0x010A17}, {0x010A19, 0x010A33}, {0x010A38, 0x010A3A}, {0x010A3F, 0x010A47},
    {0x010A50, 0x010A58}, {0x010A60, 0x010A7F}, {0x010B00, 0x010B35}, {0x010B39, 0x010B55},
    {0x010B58, 0x010B72}, {0x010B78, 0x010B7F}, {0x010C00, 0x010C48}, {0x010E60, 0x010E7E},
    {0x011000, 0x01104D}, {0x011052, 0x01106F}, {0x011080, 0x0110C1}, {0x0110D0, 0x0110E8},
    {0x0110F0, 0x0110F9}, {0x011100, 0x011134}, {0x011136, 0x011143}, {0x011180, 0x0111C8},
    {0x0111D0, 0x0111D9}, {0x011680, 0x0116B7}, {0x0116C0, 0x0116C9}, {0x012000, 0x01236E},
    {0x012400, 0x012462}, {0x012470, 0x012473}, {0x013000, 0x01342E}, {0x016800, 0x016A38},
    {0x016F00, 0x016F44}, {0x016F50, 0x016F7E}, {0x016F8F, 0x016F9F}, {0x01B000, 0x01B001},
    {0x01D000, 0x01D0F5}, {0x01D100, 0x01D126}, {0x01D129, 0x01D1DD}, {0x01D200, 0x01D245},
    {0x01D300, 0x01D356}, {0x01D360, 0x01D371}, {0x01D400, 0x01D454}, {0x01D456, 0x01D49C},
    {0x01D49E, 0x01D49F}, {0x01D4A2, 0x01D4A2}, {0x01D4A5, 0x01D4A6}, {0x01D4A9, 0x01D4AC},
    {0x01D4AE, 0x01D4B9}, {0x01D4BB, 0x01D4BB}, {0x01D4BD, 0x01D4C3}, {0x01D4C5, 0x01D505},
    {0x01D507, 0x01D50A}, {0x01D50D, 0x01D514}, {0x01D516, 0x01D51C}, {0x01D51E, 0x01D539},
    {0x01D53B, 0x01D53E}, {0x01D540, 0x01D544}, {0x01D546, 0x01D546}, {0x01D54A, 0x01D550},
    {0x01D552, 0x01D6A5}, {0x01D6A8, 0x01D7CB}, {0x01D7CE, 0x01D7FF}, {0x01EE00, 0x01EE03},
    {0x01EE05, 0x01EE1F}, {0x01EE21, 0x01EE22}, {0x01EE24, 0x01EE24}, {0x01EE27, 0x01EE27},
    {0x01EE29, 0x01EE32}, {0x01EE34, 0x01EE37}, {0x01EE39, 0x01EE39}, {0x01EE3B, 0x01EE3B},
    {0x01EE42, 0x01EE42}, {0x01EE47, 0x01EE47}, {0x01EE49, 0x01EE49}, {0x01EE4B, 0x01EE4B},
    {0x01EE4D, 0x01EE4F}, {0x01EE51, 0x01EE52}, {0x01EE54, 0x01EE54}, {0x01EE57, 0x01EE57},
    {0x01EE59, 0x01EE59}, {0x01EE5B, 0x01EE5B}, {0x01EE5D, 0x01EE5D}, {0x01EE5F, 0x01EE5F},
    {0x01EE61, 0x01EE62}, {0x01EE64, 0x01EE64}, {0x01EE67, 0x01EE6A}, {0x01EE6C, 0x01EE72},
    {0x01EE74, 0x01EE77}, {0x01EE79, 0x01EE7C}, {0x01EE7E, 0x01EE7E}, {0x01EE80, 0x01EE89},
    {0x01EE8B, 0x01EE9B}, {0x01EEA1, 0x01EEA3}, {0x01EEA5, 0x01EEA9}, {0x01EEAB, 0x01EEBB},
    {0x01EEF0, 0x01EEF1}, {0x01F000, 0x01F02B}, {0x01F030, 0x01F093}, {0x01F0A0, 0x01F0AE},
    {0x01F0B1, 0x01F0BE}, {0x01F0C1, 0x01F0CF}, {0x01F0D1, 0x01F0DF}, {0x01F100, 0x01F10A},
    {0x01F110, 0x01F12E}, {0x01F130, 0x01F16B}, {0x01F170, 0x01F19A}, {0x01F1E6, 0x01F202},
    {0x01F210, 0x01F23A}, {0x01F240, 0x01F248}, {0x01F250, 0x01F251}, {0x01F300, 0x01F320},
    {0x01F330, 0x01F335}, {0x01F337, 0x01F37C}, {0x01F380, 0x01F393}, {0x01F3A0, 0x01F3C4},
    {0x01F3C6, 0x01F3CA}, {0x01F3E0, 0x01F3F0}, {0x01F400, 0x01F43E}, {0x01F440, 0x01F440},
    {0x01F442, 0x01F4F7}, {0x01F4F9, 0x01F4FC}, {0x01F500, 0x01F53D}, {0x01F540, 0x01F543},
    {0x01F550, 0x01F567}, {0x01F5FB, 0x01F640}, {0x01F645, 0x01F64F}, {0x01F680, 0x01F6C5},
    {0x01F700, 0x01F773}, {0x01FFFE, 0x02A6D6}, {0x02A700, 0x02B734}, {0x02B740, 0x02B81D},
    {0x02F800, 0x02FA1D}, {0x02FFFE, 0x02FFFF}, {0x03FFFE, 0x03FFFF}, {0x04FFFE, 0x04FFFF},
    {0x05FFFE, 0x05FFFF}, {0x06FFFE, 0x06FFFF}, {0x07FFFE, 0x07FFFF}, {0x08FFFE, 0x08FFFF},
    {0x09FFFE, 0x09FFFF}, {0x0AFFFE, 0x0AFFFF}, {0x0BFFFE, 0x0BFFFF}, {0x0CFFFE, 0x0CFFFF},
    {0x0DFFFE, 0x0DFFFF}, {0x0E0001, 0x0E0001}, {0x0E0020, 0x0E007F}, {0x0E0100, 0x0E01EF},
    {0x0EFFFE, 0x10FFFF}, {0x000000, 0x000377}, {0x00037A, 0x00037E}, {0x000384, 0x00038A},
    {0x00038C, 0x00038C}, {0x00038E, 0x0003A1}, {0x0003A3, 0x000527}, {0x000531, 0x000556},
    {0x000559, 0x00055F}, {0x000561, 0x000587}, {0x000589, 0x00058A}, {0x00058F, 0x00058F},
    {0x000591, 0x0005C7}, {0x0005D0, 0x0005EA}, {0x0005F0, 0x0005F4}, {0x000600, 0x000604},
    {0x000606, 0x00061B}, {0x00061E, 0x00070D}, {0x00070F, 0x00074A}, {0x00074D, 0x0007B1},
    {0x0007C0, 0x0007FA}, {0x000800, 0x00082D}, {0x000830, 0x00083E}, {0x000840, 0x00085B},
    {0x00085E, 0x00085E}, {0x0008A0, 0x0008A0}, {0x0008A2, 0x0008AC}, {0x0008E4, 0x0008FE},
    {0x000900, 0x000977}, {0x000979, 0x00097F}, {0x000981, 0x000983}, {0x000985, 0x00098C},
    {0x00098F, 0x000990}, {0x000993, 0x0009A8}, {0x0009AA, 0x0009B0}, {0x0009B2, 0x0009B2},
    {0x0009B6, 0x0009B9}, {0x0009BC, 0x0009C4}, {0x0009C7, 0x0009C8}, {0x0009CB, 0x0009CE},
    {0x0009D7, 0x0009D7}, {0x0009DC, 0x0009DD}, {0x0009DF, 0x0009E3}, {0x0009E6, 0x0009FB},
    {0x000A01, 0x000A03}, {0x000A05, 0x000A0A}, {0x000A0F, 0x000A10}, {0x000A13, 0x000A28},
    {0x000A2A, 0x000A30}, {0x000A32, 0x000A33}, {0x000A35, 0x000A36}, {0x000A38, 0x000A39},
    {0x000A3C, 0x000A3C}, {0x000A3E, 0x000A42}, {0x000A47, 0x000A48}, {0x000A4B, 0x000A4D},
    {0x000A51, 0x000A51}, {0x000A59, 0x000A5C}, {0x000A5E, 0x000A5E}, {0x000A66, 0x000A75},
    {0x000A81, 0x000A83}, {0x000A85, 0x000A8D}, {0x000A8F, 0x000A91}, {0x000A93, 0x000AA8},
    {0x000AAA, 0x000AB0}, {0x000AB2, 0x000AB3}, {0x000AB5, 0x000AB9}, {0x000ABC, 0x000AC5},
    {0x000AC7, 0x000AC9}, {0x000ACB, 0x000ACD}, {0x000AD0, 0x000AD0}, {0x000AE0, 0x000AE3},
    {0x000AE6, 0x000AF1}, {0x000B01, 0x000B03}, {0x000B05, 0x000B0C}, {0x000B0F, 0x000B10},
    {0x000B13, 0x000B28}, {0x000B2A, 0x000B30}, {0x000B32, 0x000B33}, {0x000B35, 0x000B39},
    {0x000B3C, 0x000B44}, {0x000B47, 0x000B48}, {0x000B4B, 0x000B4D}, {0x000B56, 0x000B57},
    {0x000B5C, 0x000B5D}, {0x000B5F, 0x000B63}, {0x000B66, 0x000B77}, {0x000B82, 0x000B83},
    {0x000B85, 0x000B8A}, {0x000B8E, 0x000B90}, {0x000B92, 0x000B95}, {0x000B99, 0x000B9A},
    {0x000B9C, 0x000B9C}, {0x000B9E, 0x000B9F}, {0x000BA3, 0x000BA4}, {0x000BA8, 0x000BAA},
    {0x000BAE, 0x000BB9}, {0x000BBE, 0x000BC2}, {0x000BC6, 0x000BC8}, {0x000BCA, 0x000BCD},
    {0x000BD0, 0x000BD0}, {0x000BD7, 0x000BD7}, {0x000BE6, 0x000BFA}, {0x000C01, 0x000C03},
    {0x000C05, 0x000C0C}, {0x000C0E, 0x000C10}, {0x000C12, 0x000C28}, {0x000C2A, 0x000C33},
    {0x000C35, 0x000C39}, {0x000C3D, 0x000C44}, {0x000C46, 0x000C48}, {0x000C4A, 0x000C4D},
    {0x000C55, 0x000C56}, {0x000C58, 0x000C59}, {0x000C60, 0x000C63}, {0x000C66, 0x000C6F},
    {0x000C78, 0x000C7F}, {0x000C82, 0x000C83}, {0x000C85, 0x000C8C}, {0x000C8E, 0x000C90},
    {0x000C92, 0x000CA8}, {0x000CAA, 0x000CB3}, {0x000CB5, 0x000CB9}, {0x000CBC, 0x000CC4},
    {0x000CC6, 0x000CC8}, {0x000CCA, 0x000CCD}, {0x000CD5, 0x000CD6}, {0x000CDE, 0x000CDE},
    {0x000CE0, 0x000CE3}, {0x000CE6, 0x000CEF}, {0x000CF1, 0x000CF2}, {0x000D02, 0x000D03},
    {0x000D05, 0x000D0C}, {0x000D0E, 0x000D10}, {0x000D12, 0x000D3A}, {0x000D3D, 0x000D44},
    {0x000D46, 0x000D48}, {0x000D4A, 0x000D4E}, {0x000D57, 0x000D57}, {0x000D60, 0x000D63},
    {0x000D66, 0x000D75}, {0x000D79, 0x000D7F}, {0x000D82, 0x000D83}, {0x000D85, 0x000D96},
    {0x000D9A, 0x000DB1}, {0x000DB3, 0x000DBB}, {0x000DBD, 0x000DBD}, {0x000DC0, 0x000DC6},
    {0x000DCA, 0x000DCA}, {0x000DCF, 0x000DD4}, {0x000DD6, 0x000DD6}, {0x000DD8, 0x000DDF},
    {0x000DF2, 0x000DF4}, {0x000E01, 0x000E3A}, {0x000E3F, 0x000E5B}, {0x000E81, 0x000E82},
    {0x000E84, 0x000E84}, {0x000E87, 0x000E88}, {0x000E8A, 0x000E8A}, {0x000E8D, 0x000E8D},
    {0x000E94, 0x000E97}, {0x000E99, 0x000E9F}, {0x000EA1, 0x000EA3}, {0x000EA5, 0x000EA5},
    {0x000EA7, 0x000EA7}, {0x000EAA, 0x000EAB}, {0x000EAD, 0x000EB9}, {0x000EBB, 0x000EBD},
    {0x000EC0, 0x000EC4}, {0x000EC6, 0x000EC6}, {0x000EC8, 0x000ECD}, {0x000ED0, 0x000ED9},
    {0x000EDC, 0x000EDF}, {0x000F00, 0x000F47}, {0x000F49, 0x000F6C}, {0x000F71, 0x000F97},
    {0x000F99, 0x000FBC}, {0x000FBE, 0x000FCC}, {0x000FCE, 0x000FDA}, {0x001000, 0x0010C5},
    {0x0010C7, 0x0010C7}, {0x0010CD, 0x0010CD}, {0x0010D0, 0x001248}, {0x00124A, 0x00124D},
    {0x001250, 0x001256}, {0x001258, 0x001258}, {0x00125A, 0x00125D}, {0x001260, 0x001288},
    {0x00128A, 0x00128D}, {0x001290, 0x0012B0}, {0x0012B2, 0x0012B5}, {0x0012B8, 0x0012BE},
    {0x0012C0, 0x0012C0}, {0x0012C2, 0x0012C5}, {0x0012C8, 0x0012D6}, {0x0012D8, 0x001310},
    {0x001312, 0x001315}, {0x001318, 0x00135A}, {0x00135D, 0x00137C}, {0x001380, 0x001399},
    {0x0013A0, 0x0013F4}, {0x001400, 0x00169C}, {0x0016A0, 0x0016F0}, {0x001700, 0x00170C},
    {0x00170E, 0x001714}, {0x001720, 0x001736}, {0x001740, 0x001753}, {0x001760, 0x00176C},
    {0x00176E, 0x001770}, {0x001772, 0x001773}, {0x001780, 0x0017DD}, {0x0017E0, 0x0017E9},
    {0x0017F0, 0x0017F9}, {0x001800, 0x00180E}, {0x001810, 0x001819}, {0x001820, 0x001877},
    {0x001880, 0x0018AA}, {0x0018B0, 0x0018F5}, {0x001900, 0x00191C}, {0x001920, 0x00192B},
    {0x001930, 0x00193B}, {0x001940, 0x001940}, {0x001944, 0x00196D}, {0x001970, 0x001974},
    {0x001980, 0x0019AB}, {0x0019B0, 0x0019C9}, {0x0019D0, 0x0019DA}, {0x0019DE, 0x001A1B},
    {0x001A1E, 0x001A5E}, {0x001A60, 0x001A7C}, {0x001A7F, 0x001A89}, {0x001A90, 0x001A99},
    {0x001AA0, 0x001AAD}, {0x001B00, 0x001B4B}, {0x001B50, 0x001B7C}, {0x001B80, 0x001BF3},
    {0x001BFC, 0x001C37}, {0x001C3B, 0x001C49}, {0x001C4D, 0x001C7F}, {0x001CC0, 0x001CC7},
    {0x001CD0, 0x001CF6}, {0x001D00, 0x001DE6}, {0x001DFC, 0x001F15}, {0x001F18, 0x001F1D},
    {0x001F20, 0x001F45}, {0x001F48, 0x001F4D}, {0x001F50, 0x001F57}, {0x001F59, 0x001F59},
    {0x001F5B, 0x001F5B}, {0x001F5D, 0x001F5D}, {0x001F5F, 0x001F7D}, {0x001F80, 0x001FB4},
    {0x001FB6, 0x001FC4}, {0x001FC6, 0x001FD3}, {0x001FD6, 0x001FDB}, {0x001FDD, 0x001FEF},
    {0x001FF2, 0x001FF4}, {0x001FF6, 0x001FFE}, {0x002000, 0x002064}, {0x00206A, 0x002071},
    {0x002074, 0x00208E}, {0x002090, 0x00209C}, {0x0020A0, 0x0020BA}, {0x0020D0, 0x0020F0},
    {0x002100, 0x002189}, {0x002190, 0x0023F3}, {0x002400, 0x002426}, {0x002440, 0x00244A},
    {0x002460, 0x0026FF}, {0x002701, 0x002B4C}, {0x002B50, 0x002B59}, {0x002C00, 0x002C2E},
    {0x002C30, 0x002C5E}, {0x002C60, 0x002CF3}, {0x002CF9, 0x002D25}, {0x002D27, 0x002D27},
    {0x002D2D, 0x002D2D}, {0x002D30, 0x002D67}, {0x002D6F, 0x002D70}, {0x002D7F, 0x002D96},
    {0x002DA0, 0x002DA6}, {0x002DA8, 0x002DAE}, {0x002DB0, 0x002DB6}, {0x002DB8, 0x002DBE},
    {0x002DC0, 0x002DC6}, {0x002DC8, 0x002DCE}, {0x002DD0, 0x002DD6}, {0x002DD8, 0x002DDE},
    {0x002DE0, 0x002E3B}, {0x002E80, 0x002E99}, {0x002E9B, 0x002EF3}, {0x002F00, 0x002FD5},
    {0x002FF0, 0x002FFB}, {0x003000, 0x00303F}, {0x003041, 0x003096}, {0x003099, 0x0030FF},
    {0x003105, 0x00312D}, {0x003131, 0x00318E}, {0x003190, 0x0031BA}, {0x0031C0, 0x0031E3},
    {0x0031F0, 0x00321E}, {0x003220, 0x0032FE}, {0x003300, 0x004DB5}, {0x004DC0, 0x009FCC},
    {0x00A000, 0x00A48C}, {0x00A490, 0x00A4C6}, {0x00A4D0, 0x00A62B}, {0x00A640, 0x00A697},
    {0x00A69F, 0x00A6F7}, {0x00A700, 0x00A78E}, {0x00A790, 0x00A793}, {0x00A7A0, 0x00A7AA},
    {0x00A7F8, 0x00A82B}, {0x00A830, 0x00A839}, {0x00A840, 0x00A877}, {0x00A880, 0x00A8C4},
    {0x00A8CE, 0x00A8D9}, {0x00A8E0, 0x00A8FB}, {0x00A900, 0x00A953}, {0x00A95F, 0x00A97C},
    {0x00A980, 0x00A9CD}, {0x00A9CF, 0x00A9D9}, {0x00A9DE, 0x00A9DF}, {0x00AA00, 0x00AA36},
    {0x00AA40, 0x00AA4D}, {0x00AA50, 0x00AA59}, {0x00AA5C, 0x00AA7B}, {0x00AA80, 0x00AAC2},
    {0x00AADB, 0x00AAF6}, {0x00AB01, 0x00AB06}, {0x00AB09, 0x00AB0E}, {0x00AB11, 0x00AB16},
    {0x00AB20, 0x00AB26}, {0x00AB28, 0x00AB2E}, {0x00ABC0, 0x00ABED}, {0x00ABF0, 0x00ABF9},
    {0x00AC00, 0x00D7A3}, {0x00D7B0, 0x00D7C6}, {0x00D7CB, 0x00D7FB}, {0x00E000, 0x00FA6D},
    {0x00FA70, 0x00FAD9}, {0x00FB00, 0x00FB06}, {0x00FB13, 0x00FB17}, {0x00FB1D, 0x00FB36},
    {0x00FB38, 0x00FB3C}, {0x00FB3E, 0x00FB3E}, {0x00FB40, 0x00FB41}, {0x00FB43, 0x00FB44},
    {0x00FB46, 0x00FBC1}, {0x00FBD3, 0x00FD3F}, {0x00FD50, 0x00FD8F}, {0x00FD92, 0x00FDC7},
    {0x00FDD0, 0x00FDFD}, {0x00FE00, 0x00FE19}, {0x00FE20, 0x00FE26}, {0x00FE30, 0x00FE52},
    {0x00FE54, 0x00FE66}, {0x00FE68, 0x00FE6B}, {0x00FE70, 0x00FE74}, {0x00FE76, 0x00FEFC},
    {0x00FEFF, 0x00FEFF}, {0x00FF01, 0x00FFBE}, {0x00FFC2, 0x00FFC7}, {0x00FFCA, 0x00FFCF},
    {0x00FFD2, 0x00FFD7}, {0x00FFDA, 0x00FFDC}, {0x00FFE0, 0x00FFE6}, {0x00FFE8, 0x00FFEE},
    {0x00FFF9, 0x01000B}, {0x01000D, 0x010026}, {0x010028, 0x01003A}, {0x01003C, 0x01003D},
    {0x01003F, 0x01004D}, {0x010050, 0x01005D}, {0x010080, 0x0100FA}, {0x010100, 0x010102},
    {0x010107, 0x010133}, {0x010137, 0x01018A}, {0x010190, 0x01019B}, {0x0101D0, 0x0101FD},
    {0x010280, 0x01029C}, {0x0102A0, 0x0102D0}, {0x010300, 0x01031E}, {0x010320, 0x010323},
    {0x010330, 0x01034A}, {0x010380, 0x01039D}, {0x01039F, 0x0103C3}, {0x0103C8, 0x0103D5},
    {0x010400, 0x01049D}, {0x0104A0, 0x0104A9}, {0x010800, 0x010805}, {0x010808, 0x010808},
    {0x01080A, 0x010835}, {0x010837, 0x010838}, {0x01083C, 0x01083C}, {0x01083F, 0x010855},
    {0x010857, 0x01085F}, {0x010900, 0x01091B}, {0x01091F, 0x010939}, {0x01093F, 0x01093F},
    {0x010980, 0x0109B7}, {0x0109BE, 0x0109BF}, {0x010A00, 0x010A03}, {0x010A05, 0x010A06},
    {0x010A0C, 0x010A13}, {0x010A15, 0x010A17}, {0x010A19, 0x010A33}, {0x010A38, 0x010A3A},
    {0x010A3F, 0x010A47}, {0x010A50, 0x010A58}, {0x010A60, 0x010A7F}, {0x010B00, 0x010B35},
    {0x010B39, 0x010B55}, {0x010B58, 0x010B72}, {0x010B78, 0x010B7F}, {0x010C00, 0x010C48},
    {0x010E60, 0x010E7E}, {0x011000, 0x01104D}, {0x011052, 0x01106F}, {0x011080, 0x0110C1},
    {0x0110D0, 0x0110E8}, {0x0110F0, 0x0110F9}, {0x011100, 0x011134}, {0x011136, 0x011143},
    {0x011180, 0x0111C8}, {0x0111D0, 0x0111D9}, {0x011680, 0x0116B7}, {0x0116C0, 0x0116C9},
    {0x012000, 0x01236E}, {0x012400, 0x012462}, {0x012470, 0x012473}, {0x013000, 0x01342E},
    {0x016800, 0x016A38}, {0x016F00, 0x016F44}, {0x016F50, 0x016F7E}, {0x016F8F, 0x016F9F},
    {0x01B000, 0x01B001}, {0x01D000, 0x01D0F5}, {0x01D100, 0x01D126}, {0x01D129, 0x01D1DD},
    {0x01D200, 0x01D245}, {0x01D300, 0x01D356}, {0x01D360, 0x01D371}, {0x01D400, 0x01D454},
    {0x01D456, 0x01D49C}, {0x01D49E, 0x01D49F}, {0x01D4A2, 0x01D4A2}, {0x01D4A5, 0x01D4A6},
    {0x01D4A9, 0x01D4AC}, {0x01D4AE, 0x01D4B9}, {0x01D4BB, 0x01D4BB}, {0x01D4BD, 0x01D4C3},
    {0x01D4C5, 0x01D505}, {0x01D507, 0x01D50A}, {0x01D50D, 0x01D514}, {0x01D516, 0x01D51C},
    {0x01D51E, 0x01D539}, {0x01D53B, 0x01D53E}, {0x01D540, 0x01D544}, {0x01D546, 0x01D546},
    {0x01D54A, 0x01D550}, {0x01D552, 0x01D6A5}, {0x01D6A8, 0x01D7CB}, {0x01D7CE, 0x01D7FF},
    {0x01EE00, 0x01EE03}, {0x01EE05, 0x01EE1F}, {0x01EE21, 0x01EE22}, {0x01EE24, 0x01EE24},
    {0x01EE27, 0x01EE27}, {0x01EE29, 0x01EE32}, {0x01EE34, 0x01EE37}, {0x01EE39, 0x01EE39},
    {0x01EE3B, 0x01EE3B}, {0x01EE42, 0x01EE42}, {0x01EE47, 0x01EE47}, {0x01EE49, 0x01EE49},
    {0x01EE4B, 0x01EE4B}, {0x01EE4D, 0x01EE4F}, {0x01EE51, 0x01EE52}, {0x01EE54, 0x01EE54},
    {0x01EE57, 0x01EE57}, {0x01EE59, 0x01EE59}, {0x01EE5B, 0x01EE5B}, {0x01EE5D, 0x01EE5D},
    {0x01EE5F, 0x01EE5F}, {0x01EE61, 0x01EE62}, {0x01EE64, 0x01EE64}, {0x01EE67, 0x01EE6A},
    {0x01EE6C, 0x01EE72}, {0x01EE74, 0x01EE77}, {0x01EE79, 0x01EE7C}, {0x01EE7E, 0x01EE7E},
    {0x01EE80, 0x01EE89}, {0x01EE8B, 0x01EE9B}, {0x01EEA1, 0x01EEA3}, {0x01EEA5, 0x01EEA9},
    {0x01EEAB, 0x01EEBB}, {0x01EEF0, 0x01EEF1}, {0x01F000, 0x01F02B}, {0x01F030, 0x01F093},
    {0x01F0A0, 0x01F0AE}, {0x01F0B1, 0x01F0BE}, {0x01F0C1, 0x01F0CF}, {0x01F0D1, 0x01F0DF},
    {0x01F100, 0x01F10A}, {0x01F110, 0x01F12E}, {0x01F130, 0x01F16B}, {0x01F170, 0x01F19A},
    {0x01F1E6, 0x01F202}, {0x01F210, 0x01F23A}, {0x01F240, 0x01F248}, {0x01F250, 0x01F251},
    {0x01F300, 0x01F320}, {0x01F330, 0x01F335}, {0x01F337, 0x01F37C}, {0x01F380, 0x01F393},
    {0x01F3A0, 0x01F3C4}, {0x01F3C6, 0x01F3CA}, {0x01F3E0, 0x01F3F0}, {0x01F400, 0x01F43E},
    {0x01F440, 0x01F440}, {0x01F442, 0x01F4F7}, {0x01F4F9, 0x01F4FC}, {0x01F500, 0x01F53D},
    {0x01F540, 0x01F543}, {0x01F550, 0x01F567}, {0x01F5FB, 0x01F640}, {0x01F645, 0x01F64F},
    {0x01F680, 0x01F6C5}, {0x01F700, 0x01F773}, {0x01FFFE, 0x02A6D6}, {0x02A700, 0x02B734},
    {0x02B740, 0x02B81D}, {0x02F800, 0x02FA1D}, {0x02FFFE, 0x02FFFF}, {0x03FFFE, 0x03FFFF},
    {0x04FFFE, 0x04FFFF}, {0x05FFFE, 0x05FFFF}, {0x06FFFE, 0x06FFFF}, {0x07FFFE, 0x07FFFF},
    {0x08FFFE, 0x08FFFF}, {0x09FFFE, 0x09FFFF}, {0x0AFFFE, 0x0AFFFF}, {0x0BFFFE, 0x0BFFFF},
    {0x0CFFFE, 0x0CFFFF}, {0x0DFFFE, 0x0DFFFF}, {0x0E0001, 0x0E0001}, {0x0E0020, 0x0E007F},
    {0x0E0100, 0x0E01EF}, {0x0EFFFE, 0x10FFFF}, {0x000000, 0x000377}, {0x00037A, 0x00037E},
    {0x000384, 0x00038A}, {0x00038C, 0x00038C}, {0x00038E, 0x0003A1}, {0x0003A3, 0x000527},
    {0x000531, 0x000556}, {0x000559, 0x00055F}, {0x000561, 0x000587}, {0x000589, 0x00058A},
    {0x00058F, 0x00058F}, {0x000591, 0x0005C7}, {0x0005D0, 0x0005EA}, {0x0005F0, 0x0005F4},
    {0x000600, 0x000604}, {0x000606, 0x00061C}, {0x00061E, 0x00070D}, {0x00070F, 0x00074A},
    {0x00074D, 0x0007B1}, {0x0007C0, 0x0007FA}, {0x000800, 0x00082D}, {0x000830, 0x00083E},
    {0x000840, 0x00085B}, {0x00085E, 0x00085E}, {0x0008A0, 0x0008A0}, {0x0008A2, 0x0008AC},
    {0x0008E4, 0x0008FE}, {0x000900, 0x000977}, {0x000979, 0x00097F}, {0x000981, 0x000983},
    {0x000985, 0x00098C}, {0x00098F, 0x000990}, {0x000993, 0x0009A8}, {0x0009AA, 0x0009B0},
    {0x0009B2, 0x0009B2}, {0x0009B6, 0x0009B9}, {0x0009BC, 0x0009C4}, {0x0009C7, 0x0009C8},
    {0x0009CB, 0x0009CE}, {0x0009D7, 0x0009D7}, {0x0009DC, 0x0009DD}, {0x0009DF, 0x0009E3},
    {0x0009E6, 0x0009FB}, {0x000A01, 0x000A03}, {0x000A05, 0x000A0A}, {0x000A0F, 0x000A10},
    {0x000A13, 0x000A28}, {0x000A2A, 0x000A30}, {0x000A32, 0x000A33}, {0x000A35, 0x000A36},
    {0x000A38, 0x000A39}, {0x000A3C, 0x000A3C}, {0x000A3E, 0x000A42}, {0x000A47, 0x000A48},
    {0x000A4B, 0x000A4D}, {0x000A51, 0x000A51}, {0x000A59, 0x000A5C}, {0x000A5E, 0x000A5E},
    {0x000A66, 0x000A75}, {0x000A81, 0x000A83}, {0x000A85, 0x000A8D}, {0x000A8F, 0x000A91},
    {0x000A93, 0x000AA8}, {0x000AAA, 0x000AB0}, {0x000AB2, 0x000AB3}, {0x000AB5, 0x000AB9},
    {0x000ABC, 0x000AC5}, {0x000AC7, 0x000AC9}, {0x000ACB, 0x000ACD}, {0x000AD0, 0x000AD0},
    {0x000AE0, 0x000AE3}, {0x000AE6, 0x000AF1}, {0x000B01, 0x000B03}, {0x000B05, 0x000B0C},
    {0x000B0F, 0x000B10}, {0x000B13, 0x000B28}, {0x000B2A, 0x000B30}, {0x000B32, 0x000B33},
    {0x000B35, 0x000B39}, {0x000B3C, 0x000B44}, {0x000B47, 0x000B48}, {0x000B4B, 0x000B4D},
    {0x000B56, 0x000B57}, {0x000B5C, 0x000B5D}, {0x000B5F, 0x000B63}, {0x000B66, 0x000B77},
    {0x000B82, 0x000B83}, {0x000B85, 0x000B8A}, {0x000B8E, 0x000B90}, {0x000B92, 0x000B95},
    {0x000B99, 0x000B9A}, {0x000B9C, 0x000B9C}, {0x000B9E, 0x000B9F}, {0x000BA3, 0x000BA4},
    {0x000BA8, 0x000BAA}, {0x000BAE, 0x000BB9}, {0x000BBE, 0x000BC2}, {0x000BC6, 0x000BC8},
    {0x000BCA, 0x000BCD}, {0x000BD0, 0x000BD0}, {0x000BD7, 0x000BD7}, {0x000BE6, 0x000BFA},
    {0x000C01, 0x000C03}, {0x000C05, 0x000C0C}, {0x000C0E, 0x000C10}, {0x000C12, 0x000C28},
    {0x000C2A, 0x000C33}, {0x000C35, 0x000C39}, {0x000C3D, 0x000C44}, {0x000C46, 0x000C48},
    {0x000C4A, 0x000C4D}, {0x000C55, 0x000C56}, {0x000C58, 0x000C59}, {0x000C60, 0x000C63},
    {0x000C66, 0x000C6F}, {0x000C78, 0x000C7F}, {0x000C82, 0x000C83}, {0x000C85, 0x000C8C},
    {0x000C8E, 0x000C90}, {0x000C92, 0x000CA8}, {0x000CAA, 0x000CB3}, {0x000CB5, 0x000CB9},
    {0x000CBC, 0x000CC4}, {0x000CC6, 0x000CC8}, {0x000CCA, 0x000CCD}, {0x000CD5, 0x000CD6},
    {0x000CDE, 0x000CDE}, {0x000CE0, 0x000CE3}, {0x000CE6, 0x000CEF}, {0x000CF1, 0x000CF2},
    {0x000D02, 0x000D03}, {0x000D05, 0x000D0C}, {0x000D0E, 0x000D10}, {0x000D12, 0x000D3A},
    {0x000D3D, 0x000D44}, {0x000D46, 0x000D48}, {0x000D4A, 0x000D4E}, {0x000D57, 0x000D57},
    {0x000D60, 0x000D63}, {0x000D66, 0x000D75}, {0x000D79, 0x000D7F}, {0x000D82, 0x000D83},
    {0x000D85, 0x000D96}, {0x000D9A, 0x000DB1}, {0x000DB3, 0x000DBB}, {0x000DBD, 0x000DBD},
    {0x000DC0, 0x000DC6}, {0x000DCA, 0x000DCA}, {0x000DCF, 0x000DD4}, {0x000DD6, 0x000DD6},
    {0x000DD8, 0x000DDF}, {0x000DF2, 0x000DF4}, {0x000E01, 0x000E3A}, {0x000E3F, 0x000E5B},
    {0x000E81, 0x000E82}, {0x000E84, 0x000E84}, {0x000E87, 0x000E88}, {0x000E8A, 0x000E8A},
    {0x000E8D, 0x000E8D}, {0x000E94, 0x000E97}, {0x000E99, 0x000E9F}, {0x000EA1, 0x000EA3},
    {0x000EA5, 0x000EA5}, {0x000EA7, 0x000EA7}, {0x000EAA, 0x000EAB}, {0x000EAD, 0x000EB9},
    {0x000EBB, 0x000EBD}, {0x000EC0, 0x000EC4}, {0x000EC6, 0x000EC6}, {0x000EC8, 0x000ECD},
    {0x000ED0, 0x000ED9}, {0x000EDC, 0x000EDF}, {0x000F00, 0x000F47}, {0x000F49, 0x000F6C},
    {0x000F71, 0x000F97}, {0x000F99, 0x000FBC}, {0x000FBE, 0x000FCC}, {0x000FCE, 0x000FDA},
    {0x001000, 0x0010C5}, {0x0010C7, 0x0010C7}, {0x0010CD, 0x0010CD}, {0x0010D0, 0x001248},
    {0x00124A, 0x00124D}, {0x001250, 0x001256}, {0x001258, 0x001258}, {0x00125A, 0x00125D},
    {0x001260, 0x001288}, {0x00128A, 0x00128D}, {0x001290, 0x0012B0}, {0x0012B2, 0x0012B5},
    {0x0012B8, 0x0012BE}, {0x0012C0, 0x0012C0}, {0x0012C2, 0x0012C5}, {0x0012C8, 0x0012D6},
    {0x0012D8, 0x001310}, {0x001312, 0x001315}, {0x001318, 0x00135A}, {0x00135D, 0x00137C},
    {0x001380, 0x001399}, {0x0013A0, 0x0013F4}, {0x001400, 0x00169C}, {0x0016A0, 0x0016F0},
    {0x001700, 0x00170C}, {0x00170E, 0x001714}, {0x001720, 0x001736}, {0x001740, 0x001753},
    {0x001760, 0x00176C}, {0x00176E, 0x001770}, {0x001772, 0x001773}, {0x001780, 0x0017DD},
    {0x0017E0, 0x0017E9}, {0x0017F0, 0x0017F9}, {0x001800, 0x00180E}, {0x001810, 0x001819},
    {0x001820, 0x001877}, {0x001880, 0x0018AA}, {0x0018B0, 0x0018F5}, {0x001900, 0x00191C},
    {0x001920, 0x00192B}, {0x001930, 0x00193B}, {0x001940, 0x001940}, {0x001944, 0x00196D},
    {0x001970, 0x001974}, {0x001980, 0x0019AB}, {0x0019B0, 0x0019C9}, {0x0019D0, 0x0019DA},
    {0x0019DE, 0x001A1B}, {0x001A1E, 0x001A5E}, {0x001A60, 0x001A7C}, {0x001A7F, 0x001A89},
    {0x001A90, 0x001A99}, {0x001AA0, 0x001AAD}, {0x001B00, 0x001B4B}, {0x001B50, 0x001B7C},
    {0x001B80, 0x001BF3}, {0x001BFC, 0x001C37}, {0x001C3B, 0x001C49}, {0x001C4D, 0x001C7F},
    {0x001CC0, 0x001CC7}, {0x001CD0, 0x001CF6}, {0x001D00, 0x001DE6}, {0x001DFC, 0x001F15},
    {0x001F18, 0x001F1D}, {0x001F20, 0x001F45}, {0x001F48, 0x001F4D}, {0x001F50, 0x001F57},
    {0x001F59, 0x001F59}, {0x001F5B, 0x001F5B}, {0x001F5D, 0x001F5D}, {0x001F5F, 0x001F7D},
    {0x001F80, 0x001FB4}, {0x001FB6, 0x001FC4}, {0x001FC6, 0x001FD3}, {0x001FD6, 0x001FDB},
    {0x001FDD, 0x001FEF}, {0x001FF2, 0x001FF4}, {0x001FF6, 0x001FFE}, {0x002000, 0x002064},
    {0x002066, 0x002071}, {0x002074, 0x00208E}, {0x002090, 0x00209C}, {0x0020A0, 0x0020BA},
    {0x0020D0, 0x0020F0}, {0x002100, 0x002189}, {0x002190, 0x0023F3}, {0x002400, 0x002426},
    {0x002440, 0x00244A}, {0x002460, 0x0026FF}, {0x002701, 0x002B4C}, {0x002B50, 0x002B59},
    {0x002C00, 0x002C2E}, {0x002C30, 0x002C5E}, {0x002C60, 0x002CF3}, {0x002CF9, 0x002D25},
    {0x002D27, 0x002D27}, {0x002D2D, 0x002D2D}, {0x002D30, 0x002D67}, {0x002D6F, 0x002D70},
    {0x002D7F, 0x002D96}, {0x002DA0, 0x002DA6}, {0x002DA8, 0x002DAE}, {0x002DB0, 0x002DB6},
    {0x002DB8, 0x002DBE}, {0x002DC0, 0x002DC6}, {0x002DC8, 0x002DCE}, {0x002DD0, 0x002DD6},
    {0x002DD8, 0x002DDE}, {0x002DE0, 0x002E3B}, {0x002E80, 0x002E99}, {0x002E9B, 0x002EF3},
    {0x002F00, 0x002FD5}, {0x002FF0, 0x002FFB}, {0x003000, 0x00303F}, {0x003041, 0x003096},
    {0x003099, 0x0030FF}, {0x003105, 0x00312D}, {0x003131, 0x00318E}, {0x003190, 0x0031BA},
    {0x0031C0, 0x0031E3}, {0x0031F0, 0x00321E}, {0x003220, 0x0032FE}, {0x003300, 0x004DB5},
    {0x004DC0, 0x009FCC}, {0x00A000, 0x00A48C}, {0x00A490, 0x00A4C6}, {0x00A4D0, 0x00A62B},
    {0x00A640, 0x00A697}, {0x00A69F, 0x00A6F7}, {0x00A700, 0x00A78E}, {0x00A790, 0x00A793},
    {0x00A7A0, 0x00A7AA}, {0x00A7F8, 0x00A82B}, {0x00A830, 0x00A839}, {0x00A840, 0x00A877},
    {0x00A880, 0x00A8C4}, {0x00A8CE, 0x00A8D9}, {0x00A8E0, 0x00A8FB}, {0x00A900, 0x00A953},
    {0x00A95F, 0x00A97C}, {0x00A980, 0x00A9CD}, {0x00A9CF, 0x00A9D9}, {0x00A9DE, 0x00A9DF},
    {0x00AA00, 0x00AA36}, {0x00AA40, 0x00AA4D}, {0x00AA50, 0x00AA59}, {0x00AA5C, 0x00AA7B},
    {0x00AA80, 0x00AAC2}, {0x00AADB, 0x00AAF6}, {0x00AB01, 0x00AB06}, {0x00AB09, 0x00AB0E},
    {0x00AB11, 0x00AB16}, {0x00AB20, 0x00AB26}, {0x00AB28, 0x00AB2E}, {0x00ABC0, 0x00ABED},
    {0x00ABF0, 0x00ABF9}, {0x00AC00, 0x00D7A3}, {0x00D7B0, 0x00D7C6}, {0x00D7CB, 0x00D7FB},
    {0x00E000, 0x00FA6D}, {0x00FA70, 0x00FAD9}, {0x00FB00, 0x00FB06}, {0x00FB13, 0x00FB17},
    {0x00FB1D, 0x00FB36}, {0x00FB38, 0x00FB3C}, {0x00FB3E, 0x00FB3E}, {0x00FB40, 0x00FB41},
    {0x00FB43, 0x00FB44}, {0x00FB46, 0x00FBC1}, {0x00FBD3, 0x00FD3F}, {0x00FD50, 0x00FD8F},
    {0x00FD92, 0x00FDC7}, {0x00FDD0, 0x00FDFD}, {0x00FE00, 0x00FE19}, {0x00FE20, 0x00FE26},
    {0x00FE30, 0x00FE52}, {0x00FE54, 0x00FE66}, {0x00FE68, 0x00FE6B}, {0x00FE70, 0x00FE74},
    {0x00FE76, 0x00FEFC}, {0x00FEFF, 0x00FEFF}, {0x00FF01, 0x00FFBE}, {0x00FFC2, 0x00FFC7},
    {0x00FFCA, 0x00FFCF}, {0x00FFD2, 0x00FFD7}, {0x00FFDA, 0x00FFDC}, {0x00FFE0, 0x00FFE6},
    {0x00FFE8, 0x00FFEE}, {0x00FFF9, 0x01000B}, {0x01000D, 0x010026}, {0x010028, 0x01003A},
    {0x01003C, 0x01003D}, {0x01003F, 0x01004D}, {0x010050, 0x01005D}, {0x010080, 0x0100FA},
    {0x010100, 0x010102}, {0x010107, 0x010133}, {0x010137, 0x01018A}, {0x010190, 0x01019B},
    {0x0101D0, 0x0101FD}, {0x010280, 0x01029C}, {0x0102A0, 0x0102D0}, {0x010300, 0x01031E},
    {0x010320, 0x010323}, {0x010330, 0x01034A}, {0x010380, 0x01039D}, {0x01039F, 0x0103C3},
    {0x0103C8, 0x0103D5}, {0x010400, 0x01049D}, {0x0104A0, 0x0104A9}, {0x010800, 0x010805},
    {0x010808, 0x010808}, {0x01080A, 0x010835}, {0x010837, 0x010838}, {0x01083C, 0x01083C},
    {0x01083F, 0x010855}, {0x010857, 0x01085F}, {0x010900, 0x01091B}, {0x01091F, 0x010939},
    {0x01093F, 0x01093F}, {0x010980, 0x0109B7}, {0x0109BE, 0x0109BF}, {0x010A00, 0x010A03},
    {0x010A05, 0x010A06}, {0x010A0C, 0x010A13}, {0x010A15, 0x010A17}, {0x010A19, 0x010A33},
    {0x010A38, 0x010A3A}, {0x010A3F, 0x010A47}, {0x010A50, 0x010A58}, {0x010A60, 0x010A7F},
    {0x010B00, 0x010B35}, {0x010B39, 0x010B55}, {0x010B58, 0x010B72}, {0x010B78, 0x010B7F},
    {0x010C00, 0x010C48}, {0x010E60, 0x010E7E}, {0x011000, 0x01104D}, {0x011052, 0x01106F},
    {0x011080, 0x0110C1}, {0x0110D0, 0x0110E8}, {0x0110F0, 0x0110F9}, {0x011100, 0x011134},
    {0x011136, 0x011143}, {0x011180, 0x0111C8}, {0x0111D0, 0x0111D9}, {0x011680, 0x0116B7},
    {0x0116C0, 0x0116C9}, {0x012000, 0x01236E}, {0x012400, 0x012462}, {0x012470, 0x012473},
    {0x013000, 0x01342E}, {0x016800, 0x016A38}, {0x016F00, 0x016F44}, {0x016F50, 0x016F7E},
    {0x016F8F, 0x016F9F}, {0x01B000, 0x01B001}, {0x01D000, 0x01D0F5}, {0x01D100, 0x01D126},
    {0x01D129, 0x01D1DD}, {0x01D200, 0x01D245}, {0x01D300, 0x01D356}, {0x01D360, 0x01D371},
    {0x01D400, 0x01D454}, {0x01D456, 0x01D49C}, {0x01D49E, 0x01D49F}, {0x01D4A2, 0x01D4A2},
    {0x01D4A5, 0x01D4A6}, {0x01D4A9, 0x01D4AC}, {0x01D4AE, 0x01D4B9}, {0x01D4BB, 0x01D4BB},
    {0x01D4BD, 0x01D4C3}, {0x01D4C5, 0x01D505}, {0x01D507, 0x01D50A}, {0x01D50D, 0x01D514},
    {0x01D516, 0x01D51C}, {0x01D51E, 0x01D539}, {0x01D53B, 0x01D53E}, {0x01D540, 0x01D544},
    {0x01D546, 0x01D546}, {0x01D54A, 0x01D550}, {0x01D552, 0x01D6A5}, {0x01D6A8, 0x01D7CB},
    {0x01D7CE, 0x01D7FF}, {0x01EE00, 0x01EE03}, {0x01EE05, 0x01EE1F}, {0x01EE21, 0x01EE22},
    {0x01EE24, 0x01EE24}, {0x01EE27, 0x01EE27}, {0x01EE29, 0x01EE32}, {0x01EE34, 0x01EE37},
    {0x01EE39, 0x01EE39}, {0x01EE3B, 0x01EE3B}, {0x01EE42, 0x01EE42}, {0x01EE47, 0x01EE47},
    {0x01EE49, 0x01EE49}, {0x01EE4B, 0x01EE4B}, {0x01EE4D, 0x01EE4F}, {0x01EE51, 0x01EE52},
    {0x01EE54, 0x01EE54}, {0x01EE57, 0x01EE57}, {0x01EE59, 0x01EE59}, {0x01EE5B, 0x01EE5B},
    {0x01EE5D, 0x01EE5D}, {0x01EE5F, 0x01EE5F}, {0x01EE61, 0x01EE62}, {0x01EE64, 0x01EE64},
    {0x01EE67, 0x01EE6A}, {0x01EE6C, 0x01EE72}, {0x01EE74, 0x01EE77}, {0x01EE79, 0x01EE7C},
    {0x01EE7E, 0x01EE7E}, {0x01EE80, 0x01EE89}, {0x01EE8B, 0x01EE9B}, {0x01EEA1, 0x01EEA3},
    {0x01EEA5, 0x01EEA9}, {0x01EEAB, 0x01EEBB}, {0x01EEF0, 0x01EEF1}, {0x01F000, 0x01F02B},
    {0x01F030, 0x01F093}, {0x01F0A0, 0x01F0AE}, {0x01F0B1, 0x01F0BE}, {0x01F0C1, 0x01F0CF},
    {0x01F0D1, 0x01F0DF}, {0x01F100, 0x01F10A}, {0x01F110, 0x01F12E}, {0x01F130, 0x01F16B},
    {0x01F170, 0x01F19A}, {0x01F1E6, 0x01F202}, {0x01F210, 0x01F23A}, {0x01F240, 0x01F248},
    {0x01F250, 0x01F251}, {0x01F300, 0x01F320}, {0x01F330, 0x01F335}, {0x01F337, 0x01F37C},
    {0x01F380, 0x01F393}, {0x01F3A0, 0x01F3C4}, {0x01F3C6, 0x01F3CA}, {0x01F3E0, 0x01F3F0},
    {0x01F400, 0x01F43E}, {0x01F440, 0x01F440}, {0x01F442, 0x01F4F7}, {0x01F4F9, 0x01F4FC},
    {0x01F500, 0x01F53D}, {0x01F540, 0x01F543}, {0x01F550, 0x01F567}, {0x01F5FB, 0x01F640},
    {0x01F645, 0x01F64F}, {0x01F680, 0x01F6C5}, {0x01F700, 0x01F773}, {0x01FFFE, 0x02A6D6},
    {0x02A700, 0x02B734}, {0x02B740, 0x02B81D}, {0x02F800, 0x02FA1D}, {0x02FFFE, 0x02FFFF},
    {0x03FFFE, 0x03FFFF}, {0x04FFFE, 0x04FFFF}, {0x05FFFE, 0x05FFFF}, {0x06FFFE, 0x06FFFF},
    {0x07FFFE, 0x07FFFF}, {0x08FFFE, 0x08FFFF}, {0x09FFFE, 0x09FFFF}, {0x0AFFFE, 0x0AFFFF},
    {0x0BFFFE, 0x0BFFFF}, {0x0CFFFE, 0x0CFFFF}, {0x0DFFFE, 0x0DFFFF}, {0x0E0001, 0x0E0001},
    {0x0E0020, 0x0E007F}, {0x0E0100, 0x0E01EF}, {0x0EFFFE, 0x10FFFF}, {0x000000, 0x000377},
    {0x00037A, 0x00037F}, {0x000384, 0x00038A}, {0x00038C, 0x00038C}, {0x00038E, 0x0003A1},
    {0x0003A3, 0x00052F}, {0x000531, 0x000556}, {0x000559, 0x00055F}, {0x000561, 0x000587},
    {0x000589, 0x00058A}, {0x00058D, 0x00058F}, {0x000591, 0x0005C7}, {0x0005D0, 0x0005EA},
    {0x0005F0, 0x0005F4}, {0x000600, 0x00061C}, {0x00061E, 0x00070D}, {0x00070F, 0x00074A},
    {0x00074D, 0x0007B1}, {0x0007C0, 0x0007FA}, {0x000800, 0x00082D}, {0x000830, 0x00083E},
    {0x000840, 0x00085B}, {0x00085E, 0x00085E}, {0x0008A0, 0x0008B2}, {0x0008E4, 0x000983},
    {0x000985, 0x00098C}, {0x00098F, 0x000990}, {0x000993, 0x0009A8}, {0x0009AA, 0x0009B0},
    {0x0009B2, 0x0009B2}, {0x0009B6, 0x0009B9}, {0x0009BC, 0x0009C4}, {0x0009C7, 0x0009C8},
    {0x0009CB, 0x0009CE}, {0x0009D7, 0x0009D7}, {0x0009DC, 0x0009DD}, {0x0009DF, 0x0009E3},
    {0x0009E6, 0x0009FB}, {0x000A01, 0x000A03}, {0x000A05, 0x000A0A}, {0x000A0F, 0x000A10},
    {0x000A13, 0x000A28}, {0x000A2A, 0x000A30}, {0x000A32, 0x000A33}, {0x000A35, 0x000A36},
    {0x000A38, 0x000A39}, {0x000A3C, 0x000A3C}, {0x000A3E, 0x000A42}, {0x000A47, 0x000A48},
    {0x000A4B, 0x000A4D}, {0x000A51, 0x000A51}, {0x000A59, 0x000A5C}, {0x000A5E, 0x000A5E},
    {0x000A66, 0x000A75}, {0x000A81, 0x000A83}, {0x000A85, 0x000A8D}, {0x000A8F, 0x000A91},
    {0x000A93, 0x000AA8}, {0x000AAA, 0x000AB0}, {0x000AB2, 0x000AB3}, {0x000AB5, 0x000AB9},
    {0x000ABC, 0x000AC5}, {0x000AC7, 0x000AC9}, {0x000ACB, 0x000ACD}, {0x000AD0, 0x000AD0},
    {0x000AE0, 0x000AE3}, {0x000AE6, 0x000AF1}, {0x000B01, 0x000B03}, {0x000B05, 0x000B0C},
    {0x000B0F, 0x000B10}, {0x000B13, 0x000B28}, {0x000B2A, 0x000B30}, {0x000B32, 0x000B33},
    {0x000B35, 0x000B39}, {0x000B3C, 0x000B44}, {0x000B47, 0x000B48}, {0x000B4B, 0x000B4D},
    {0x000B56, 0x000B57}, {0x000B5C, 0x000B5D}, {0x000B5F, 0x000B63}, {0x000B66, 0x000B77},
    {0x000B82, 0x000B83}, {0x000B85, 0x000B8A}, {0x000B8E, 0x000B90}, {0x000B92, 0x000B95},
    {0x000B99, 0x000B9A}, {0x000B9C, 0x000B9C}, {0x000B9E, 0x000B9F}, {0x000BA3, 0x000BA4},
    {0x000BA8, 0x000BAA}, {0x000BAE, 0x000BB9}, {0x000BBE, 0x000BC2}, {0x000BC6, 0x000BC8},
    {0x000BCA, 0x000BCD}, {0x000BD0, 0x000BD0}, {0x000BD7, 0x000BD7}, {0x000BE6, 0x000BFA},
    {0x000C00, 0x000C03}, {0x000C05, 0x000C0C}, {0x000C0E, 0x000C10}, {0x000C12, 0x000C28},
    {0x000C2A, 0x000C39}, {0x000C3D, 0x000C44}, {0x000C46, 0x000C48}, {0x000C4A, 0x000C4D},
    {0x000C55, 0x000C56}, {0x000C58, 0x000C59}, {0x000C60, 0x000C63}, {0x000C66, 0x000C6F},
    {0x000C78, 0x000C7F}, {0x000C81, 0x000C83}, {0x000C85, 0x000C8C}, {0x000C8E, 0x000C90},
    {0x000C92, 0x000CA8}, {0x000CAA, 0x000CB3}, {0x000CB5, 0x000CB9}, {0x000CBC, 0x000CC4},
    {0x000CC6, 0x000CC8}, {0x000CCA, 0x000CCD}, {0x000CD5, 0x000CD6}, {0x000CDE, 0x000CDE},
    {0x000CE0, 0x000CE3}, {0x000CE6, 0x000CEF}, {0x000CF1, 0x000CF2}, {0x000D01, 0x000D03},
    {0x000D05, 0x000D0C}, {0x000D0E, 0x000D10}, {0x000D12, 0x000D3A}, {0x000D3D, 0x000D44},
    {0x000D46, 0x000D48}, {0x000D4A, 0x000D4E}, {0x000D57, 0x000D57}, {0x000D60, 0x000D63},
    {0x000D66, 0x000D75}, {0x000D79, 0x000D7F}, {0x000D82, 0x000D83}, {0x000D85, 0x000D96},
    {0x000D9A, 0x000DB1}, {0x000DB3, 0x000DBB}, {0x000DBD, 0x000DBD}, {0x000DC0, 0x000DC6},
    {0x000DCA, 0x000DCA}, {0x000DCF, 0x000DD4}, {0x000DD6, 0x000DD6}, {0x000DD8, 0x000DDF},
    {0x000DE6, 0x000DEF}, {0x000DF2, 0x000DF4}, {0x000E01, 0x000E3A}, {0x000E3F, 0x000E5B},
    {0x000E81, 0x000E82}, {0x000E84, 0x000E84}, {0x000E87, 0x000E88}, {0x000E8A, 0x000E8A},
    {0x000E8D, 0x000E8D}, {0x000E94, 0x000E97}, {0x000E99, 0x000E9F}, {0x000EA1, 0x000EA3},
    {0x000EA5, 0x000EA5}, {0x000EA7, 0x000EA7}, {0x000EAA, 0x000EAB}, {0x000EAD, 0x000EB9},
    {0x000EBB, 0x000EBD}, {0x000EC0, 0x000EC4}, {0x000EC6, 0x000EC6}, {0x000EC8, 0x000ECD},
    {0x000ED0, 0x000ED9}, {0x000EDC, 0x000EDF}, {0x000F00, 0x000F47}, {0x000F49, 0x000F6C},
    {0x000F71, 0x000F97}, {0x000F99, 0x000FBC}, {0x000FBE, 0x000FCC}, {0x000FCE, 0x000FDA},
    {0x001000, 0x0010C5}, {0x0010C7, 0x0010C7}, {0x0010CD, 0x0010CD}, {0x0010D0, 0x001248},
    {0x00124A, 0x00124D}, {0x001250, 0x001256}, {0x001258, 0x001258}, {0x00125A, 0x00125D},
    {0x001260, 0x001288}, {0x00128A, 0x00128D}, {0x001290, 0x0012B0}, {0x0012B2, 0x0012B5},
    {0x0012B8, 0x0012BE}, {0x0012C0, 0x0012C0}, {0x0012C2, 0x0012C5}, {0x0012C8, 0x0012D6},
    {0x0012D8, 0x001310}, {0x001312, 0x001315}, {0x001318, 0x00135A}, {0x00135D, 0x00137C},
    {0x001380, 0x001399}, {0x0013A0, 0x0013F4}, {0x001400, 0x00169C}, {0x0016A0, 0x0016F8},
    {0x001700, 0x00170C}, {0x00170E, 0x001714}, {0x001720, 0x001736}, {0x001740, 0x001753},
    {0x001760, 0x00176C}, {0x00176E, 0x001770}, {0x001772, 0x001773}, {0x001780, 0x0017DD},
    {0x0017E0, 0x0017E9}, {0x0017F0, 0x0017F9}, {0x001800, 0x00180E}, {0x001810, 0x001819},
    {0x001820, 0x001877}, {0x001880, 0x0018AA}, {0x0018B0, 0x0018F5}, {0x001900, 0x00191E},
    {0x001920, 0x00192B}, {0x001930, 0x00193B}, {0x001940, 0x001940}, {0x001944, 0x00196D},
    {0x001970, 0x001974}, {0x001980, 0x0019AB}, {0x0019B0, 0x0019C9}, {0x0019D0, 0x0019DA},
    {0x0019DE, 0x001A1B}, {0x001A1E, 0x001A5E}, {0x001A60, 0x001A7C}, {0x001A7F, 0x001A89},
    {0x001A90, 0x001A99}, {0x001AA0, 0x001AAD}, {0x001AB0, 0x001ABE}, {0x001B00, 0x001B4B},
    {0x001B50, 0x001B7C}, {0x001B80, 0x001BF3}, {0x001BFC, 0x001C37}, {0x001C3B, 0x001C49},
    {0x001C4D, 0x001C7F}, {0x001CC0, 0x001CC7}, {0x001CD0, 0x001CF6}, {0x001CF8, 0x001CF9},
    {0x001D00, 0x001DF5}, {0x001DFC, 0x001F15}, {0x001F18, 0x001F1D}, {0x001F20, 0x001F45},
    {0x001F48, 0x001F4D}, {0x001F50, 0x001F57}, {0x001F59, 0x001F59}, {0x001F5B, 0x001F5B},
    {0x001F5D, 0x001F5D}, {0x001F5F, 0x001F7D}, {0x001F80, 0x001FB4}, {0x001FB6, 0x001FC4},
    {0x001FC6, 0x001FD3}, {0x001FD6, 0x001FDB}, {0x001FDD, 0x001FEF}, {0x001FF2, 0x001FF4},
    {0x001FF6, 0x001FFE}, {0x002000, 0x002064}, {0x002066, 0x002071}, {0x002074, 0x00208E},
    {0x002090, 0x00209C}, {0x0020A0, 0x0020BD}, {0x0020D0, 0x0020F0}, {0x002100, 0x002189},
    {0x002190, 0x0023FA}, {0x002400, 0x002426}, {0x002440, 0x00244A}, {0x002460, 0x002B73},
    {0x002B76, 0x002B95}, {0x002B98, 0x002BB9}, {0x002BBD, 0x002BC8}, {0x002BCA, 0x002BD1},
    {0x002C00, 0x002C2E}, {0x002C30, 0x002C5E}, {0x002C60, 0x002CF3}, {0x002CF9, 0x002D25},
    {0x002D27, 0x002D27}, {0x002D2D, 0x002D2D}, {0x002D30, 0x002D67}, {0x002D6F, 0x002D70},
    {0x002D7F, 0x002D96}, {0x002DA0, 0x002DA6}, {0x002DA8, 0x002DAE}, {0x002DB0, 0x002DB6},
    {0x002DB8, 0x002DBE}, {0x002DC0, 0x002DC6}, {0x002DC8, 0x002DCE}, {0x002DD0, 0x002DD6},
    {0x002DD8, 0x002DDE}, {0x002DE0, 0x002E42}, {0x002E80, 0x002E99}, {0x002E9B, 0x002EF3},
    {0x002F00, 0x002FD5}, {0x002FF0, 0x002FFB}, {0x003000, 0x00303F}, {0x003041, 0x003096},
    {0x003099, 0x0030FF}, {0x003105, 0x00312D}, {0x003131, 0x00318E}, {0x003190, 0x0031BA},
    {0x0031C0, 0x0031E3}, {0x0031F0, 0x00321E}, {0x003220, 0x0032FE}, {0x003300, 0x004DB5},
    {0x004DC0, 0x009FCC}, {0x00A000, 0x00A48C}, {0x00A490, 0x00A4C6}, {0x00A4D0, 0x00A62B},
    {0x00A640, 0x00A69D}, {0x00A69F, 0x00A6F7}, {0x00A700, 0x00A78E}, {0x00A790, 0x00A7AD},
    {0x00A7B0, 0x00A7B1}, {0x00A7F7, 0x00A82B}, {0x00A830, 0x00A839}, {0x00A840, 0x00A877},
    {0x00A880, 0x00A8C4}, {0x00A8CE, 0x00A8D9}, {0x00A8E0, 0x00A8FB}, {0x00A900, 0x00A953},
    {0x00A95F, 0x00A97C}, {0x00A980, 0x00A9CD}, {0x00A9CF, 0x00A9D9}, {0x00A9DE, 0x00A9FE},
    {0x00AA00, 0x00AA36}, {0x00AA40, 0x00AA4D}, {0x00AA50, 0x00AA59}, {0x00AA5C, 0x00AAC2},
    {0x00AADB, 0x00AAF6}, {0x00AB01, 0x00AB06}, {0x00AB09, 0x00AB0E}, {0x00AB11, 0x00AB16},
    {0x00AB20, 0x00AB26}, {0x00AB28, 0x00AB2E}, {0x00AB30, 0x00AB5F}, {0x00AB64, 0x00AB65},
    {0x00ABC0, 0x00ABED}, {0x00ABF0, 0x00ABF9}, {0x00AC00, 0x00D7A3}, {0x00D7B0, 0x00D7C6},
    {0x00D7CB, 0x00D7FB}, {0x00E000, 0x00FA6D}, {0x00FA70, 0x00FAD9}, {0x00FB00, 0x00FB06},
    {0x00FB13, 0x00FB17}, {0x00FB1D, 0x00FB36}, {0x00FB38, 0x00FB3C}, {0x00FB3E, 0x00FB3E},
    {0x00FB40, 0x00FB41}, {0x00FB43, 0x00FB44}, {0x00FB46, 0x00FBC1}, {0x00FBD3, 0x00FD3F},
    {0x00FD50, 0x00FD8F}, {0x00FD92, 0x00FDC7}, {0x00FDD0, 0x00FDFD}, {0x00FE00, 0x00FE19},
    {0x00FE20, 0x00FE2D}, {0x00FE30, 0x00FE52}, {0x00FE54, 0x00FE66}, {0x00FE68, 0x00FE6B},
    {0x00FE70, 0x00FE74}, {0x00FE76, 0x00FEFC}, {0x00FEFF, 0x00FEFF}, {0x00FF01, 0x00FFBE},
    {0x00FFC2, 0x00FFC7}, {0x00FFCA, 0x00FFCF}, {0x00FFD2, 0x00FFD7}, {0x00FFDA, 0x00FFDC},
    {0x00FFE0, 0x00FFE6}, {0x00FFE8, 0x00FFEE}, {0x00FFF9, 0x01000B}, {0x01000D, 0x010026},
    {0x010028, 0x01003A}, {0x01003C, 0x01003D}, {0x01003F, 0x01004D}, {0x010050, 0x01005D},
    {0x010080, 0x0100FA}, {0x010100, 0x010102}, {0x010107, 0x010133}, {0x010137, 0x01018C},
    {0x010190, 0x01019B}, {0x0101A0, 0x0101A0}, {0x0101D0, 0x0101FD}, {0x010280, 0x01029C},
    {0x0102A0, 0x0102D0}, {0x0102E0, 0x0102FB}, {0x010300, 0x010323}, {0x010330, 0x01034A},
    {0x010350, 0x01037A}, {0x010380, 0x01039D}, {0x01039F, 0x0103C3}, {0x0103C8, 0x0103D5},
    {0x010400, 0x01049D}, {0x0104A0, 0x0104A9}, {0x010500, 0x010527}, {0x010530, 0x010563},
    {0x01056F, 0x01056F}, {0x010600, 0x010736}, {0x010740, 0x010755}, {0x010760, 0x010767},
    {0x010800, 0x010805}, {0x010808, 0x010808}, {0x01080A, 0x010835}, {0x010837, 0x010838},
    {0x01083C, 0x01083C}, {0x01083F, 0x010855}, {0x010857, 0x01089E}, {0x0108A7, 0x0108AF},
    {0x010900, 0x01091B}, {0x01091F, 0x010939}, {0x01093F, 0x01093F}, {0x010980, 0x0109B7},
    {0x0109BE, 0x0109BF}, {0x010A00, 0x010A03}, {0x010A05, 0x010A06}, {0x010A0C, 0x010A13},
    {0x010A15, 0x010A17}, {0x010A19, 0x010A33}, {0x010A38, 0x010A3A}, {0x010A3F, 0x010A47},
    {0x010A50, 0x010A58}, {0x010A60, 0x010A9F}, {0x010AC0, 0x010AE6}, {0x010AEB, 0x010AF6},
    {0x010B00, 0x010B35}, {0x010B39, 0x010B55}, {0x010B58, 0x010B72}, {0x010B78, 0x010B91},
    {0x010B99, 0x010B9C}, {0x010BA9, 0x010BAF}, {0x010C00, 0x010C48}, {0x010E60, 0x010E7E},
    {0x011000, 0x01104D}, {0x011052, 0x01106F}, {0x01107F, 0x0110C1}, {0x0110D0, 0x0110E8},
    {0x0110F0, 0x0110F9}, {0x011100, 0x011134}, {0x011136, 0x011143}, {0x011150, 0x011176},
    {0x011180, 0x0111C8}, {0x0111CD, 0x0111CD}, {0x0111D0, 0x0111DA}, {0x0111E1, 0x0111F4},
    {0x011200, 0x011211}, {0x011213, 0x01123D}, {0x0112B0, 0x0112EA}, {0x0112F0, 0x0112F9},
    {0x011301, 0x011303}, {0x011305, 0x01130C}, {0x01130F, 0x011310}, {0x011313, 0x011328},
    {0x01132A, 0x011330}, {0x011332, 0x011333}, {0x011335, 0x011339}, {0x01133C, 0x011344},
    {0x011347, 0x011348}, {0x01134B, 0x01134D}, {0x011357, 0x011357}, {0x01135D, 0x011363},
    {0x011366, 0x01136C}, {0x011370, 0x011374}, {0x011480, 0x0114C7}, {0x0114D0, 0x0114D9},
    {0x011580, 0x0115B5}, {0x0115B8, 0x0115C9}, {0x011600, 0x011644}, {0x011650, 0x011659},
    {0x011680, 0x0116B7}, {0x0116C0, 0x0116C9}, {0x0118A0, 0x0118F2}, {0x0118FF, 0x0118FF},
    {0x011AC0, 0x011AF8}, {0x012000, 0x012398}, {0x012400, 0x01246E}, {0x012470, 0x012474},
    {0x013000, 0x01342E}, {0x016800, 0x016A38}, {0x016A40, 0x016A5E}, {0x016A60, 0x016A69},
    {0x016A6E, 0x016A6F}, {0x016AD0, 0x016AED}, {0x016AF0, 0x016AF5}, {0x016B00, 0x016B45},
    {0x016B50, 0x016B59}, {0x016B5B, 0x016B61}, {0x016B63, 0x016B77}, {0x016B7D, 0x016B8F},
    {0x016F00, 0x016F44}, {0x016F50, 0x016F7E}, {0x016F8F, 0x016F9F}, {0x01B000, 0x01B001},
    {0x01BC00, 0x01BC6A}, {0x01BC70, 0x01BC7C}, {0x01BC80, 0x01BC88}, {0x01BC90, 0x01BC99},
    {0x01BC9C, 0x01BCA3}, {0x01D000, 0x01D0F5}, {0x01D100, 0x01D126}, {0x01D129, 0x01D1DD},
    {0x01D200, 0x01D245}, {0x01D300, 0x01D356}, {0x01D360, 0x01D371}, {0x01D400, 0x01D454},
    {0x01D456, 0x01D49C}, {0x01D49E, 0x01D49F}, {0x01D4A2, 0x01D4A2}, {0x01D4A5, 0x01D4A6},
    {0x01D4A9, 0x01D4AC}, {0x01D4AE, 0x01D4B9}, {0x01D4BB, 0x01D4BB}, {0x01D4BD, 0x01D4C3},
    {0x01D4C5, 0x01D505}, {0x01D507, 0x01D50A}, {0x01D50D, 0x01D514}, {0x01D516, 0x01D51C},
    {0x01D51E, 0x01D539}, {0x01D53B, 0x01D53E}, {0x01D540, 0x01D544}, {0x01D546, 0x01D546},
    {0x01D54A, 0x01D550}, {0x01D552, 0x01D6A5}, {0x01D6A8, 0x01D7CB}, {0x01D7CE, 0x01D7FF},
    {0x01E800, 0x01E8C4}, {0x01E8C7, 0x01E8D6}, {0x01EE00, 0x01EE03}, {0x01EE05, 0x01EE1F},
    {0x01EE21, 0x01EE22}, {0x01EE24, 0x01EE24}, {0x01EE27, 0x01EE27}, {0x01EE29, 0x01EE32},
    {0x01EE34, 0x01EE37}, {0x01EE39, 0x01EE39}, {0x01EE3B, 0x01EE3B}, {0x01EE42, 0x01EE42},
    {0x01EE47, 0x01EE47}, {0x01EE49, 0x01EE49}, {0x01EE4B, 0x01EE4B}, {0x01EE4D, 0x01EE4F},
    {0x01EE51, 0x01EE52}, {0x01EE54, 0x01EE54}, {0x01EE57, 0x01EE57}, {0x01EE59, 0x01EE59},
    {0x01EE5B, 0x01EE5B}, {0x01EE5D, 0x01EE5D}, {0x01EE5F, 0x01EE5F}, {0x01EE61, 0x01EE62},
    {0x01EE64, 0x01EE64}, {0x01EE67, 0x01EE6A}, {0x01EE6C, 0x01EE72}, {0x01EE74, 0x01EE77},
    {0x01EE79, 0x01EE7C}, {0x01EE7E, 0x01EE7E}, {0x01EE80, 0x01EE89}, {0x01EE8B, 0x01EE9B},
    {0x01EEA1, 0x01EEA3}, {0x01EEA5, 0x01EEA9}, {0x01EEAB, 0x01EEBB}, {0x01EEF0, 0x01EEF1},
    {0x01F000, 0x01F02B}, {0x01F030, 0x01F093}, {0x01F0A0, 0x01F0AE}, {0x01F0B1, 0x01F0BF},
    {0x01F0C1, 0x01F0CF}, {0x01F0D1, 0x01F0F5}, {0x01F100, 0x01F10C}, {0x01F110, 0x01F12E},
    {0x01F130, 0x01F16B}, {0x01F170, 0x01F19A}, {0x01F1E6, 0x01F202}, {0x01F210, 0x01F23A},
    {0x01F240, 0x01F248}, {0x01F250, 0x01F251}, {0x01F300, 0x01F32C}, {0x01F330, 0x01F37D},
    {0x01F380, 0x01F3CE}, {0x01F3D4, 0x01F3F7}, {0x01F400, 0x01F4FE}, {0x01F500, 0x01F54A},
    {0x01F550, 0x01F579}, {0x01F57B, 0x01F5A3}, {0x01F5A5, 0x01F642}, {0x01F645, 0x01F6CF},
    {0x01F6E0, 0x01F6EC}, {0x01F6F0, 0x01F6F3}, {0x01F700, 0x01F773}, {0x01F780, 0x01F7D4},
    {0x01F800, 0x01F80B}, {0x01F810, 0x01F847}, {0x01F850, 0x01F859}, {0x01F860, 0x01F887},
    {0x01F890, 0x01F8AD}, {0x01FFFE, 0x02A6D6}, {0x02A700, 0x02B734}, {0x02B740, 0x02B81D},
    {0x02F800, 0x02FA1D}, {0x02FFFE, 0x02FFFF}, {0x03FFFE, 0x03FFFF}, {0x04FFFE, 0x04FFFF},
    {0x05FFFE, 0x05FFFF}, {0x06FFFE, 0x06FFFF}, {0x07FFFE, 0x07FFFF}, {0x08FFFE, 0x08FFFF},
    {0x09FFFE, 0x09FFFF}, {0x0AFFFE, 0x0AFFFF}, {0x0BFFFE, 0x0BFFFF}, {0x0CFFFE, 0x0CFFFF},
    {0x0DFFFE, 0x0DFFFF}, {0x0E0001, 0x0E0001}, {0x0E0020, 0x0E007F}, {0x0E0100, 0x0E01EF},
    {0x0EFFFE, 0x10FFFF}, {0x000000, 0x000377}, {0x00037A, 0x00037F}, {0x000384, 0x00038A},
    {0x00038C, 0x00038C}, {0x00038E, 0x0003A1}, {0x0003A3, 0x00052F}, {0x000531, 0x000556},
    {0x000559, 0x00055F}, {0x000561, 0x000587}, {0x000589, 0x00058A}, {0x00058D, 0x00058F},
    {0x000591, 0x0005C7}, {0x0005D0, 0x0005EA}, {0x0005F0, 0x0005F4}, {0x000600, 0x00061C},
    {0x00061E, 0x00070D}, {0x00070F, 0x00074A}, {0x00074D, 0x0007B1}, {0x0007C0, 0x0007FA},
    {0x000800, 0x00082D}, {0x000830, 0x00083E}, {0x000840, 0x00085B}, {0x00085E, 0x00085E},
    {0x0008A0, 0x0008B4}, {0x0008E3, 0x000983}, {0x000985, 0x00098C}, {0x00098F, 0x000990},
    {0x000993, 0x0009A8}, {0x0009AA, 0x0009B0}, {0x0009B2, 0x0009B2}, {0x0009B6, 0x0009B9},
    {0x0009BC, 0x0009C4}, {0x0009C7, 0x0009C8}, {0x0009CB, 0x0009CE}, {0x0009D7, 0x0009D7},
    {0x0009DC, 0x0009DD}, {0x0009DF, 0x0009E3}, {0x0009E6, 0x0009FB}, {0x000A01, 0x000A03},
    {0x000A05, 0x000A0A}, {0x000A0F, 0x000A10}, {0x000A13, 0x000A28}, {0x000A2A, 0x000A30},
    {0x000A32, 0x000A33}, {0x000A35, 0x000A36}, {0x000A38, 0x000A39}, {0x000A3C, 0x000A3C},
    {0x000A3E, 0x000A42}, {0x000A47, 0x000A48}, {0x000A4B, 0x000A4D}, {0x000A51, 0x000A51},
    {0x000A59, 0x000A5C}, {0x000A5E, 0x000A5E}, {0x000A66, 0x000A75}, {0x000A81, 0x000A83},
    {0x000A85, 0x000A8D}, {0x000A8F, 0x000A91}, {0x000A93, 0x000AA8}, {0x000AAA, 0x000AB0},
    {0x000AB2, 0x000AB3}, {0x000AB5, 0x000AB9}, {0x000ABC, 0x000AC5}, {0x000AC7, 0x000AC9},
    {0x000ACB, 0x000ACD}, {0x000AD0, 0x000AD0}, {0x000AE0, 0x000AE3}, {0x000AE6, 0x000AF1},
    {0x000AF9, 0x000AF9}, {0x000B01, 0x000B03}, {0x000B05, 0x000B0C}, {0x000B0F, 0x000B10},
    {0x000B13, 0x000B28}, {0x000B2A, 0x000B30}, {0x000B32, 0x000B33}, {0x000B35, 0x000B39},
    {0x000B3C, 0x000B44}, {0x000B47, 0x000B48}, {0x000B4B, 0x000B4D}, {0x000B56, 0x000B57},
    {0x000B5C, 0x000B5D}, {0x000B5F, 0x000B63}, {0x000B66, 0x000B77}, {0x000B82, 0x000B83},
    {0x000B85, 0x000B8A}, {0x000B8E, 0x000B90}, {0x000B92, 0x000B95}, {0x000B99, 0x000B9A},
    {0x000B9C, 0x000B9C}, {0x000B9E, 0x000B9F}, {0x000BA3, 0x000BA4}, {0x000BA8, 0x000BAA},
    {0x000BAE, 0x000BB9}, {0x000BBE, 0x000BC2}, {0x000BC6, 0x000BC8}, {0x000BCA, 0x000BCD},
    {0x000BD0, 0x000BD0}, {0x000BD7, 0x000BD7}, {0x000BE6, 0x000BFA}, {0x000C00, 0x000C03},
    {0x000C05, 0x000C0C}, {0x000C0E, 0x000C10}, {0x000C12, 0x000C28}, {0x000C2A, 0x000C39},
    {0x000C3D, 0x000C44}, {0x000C46, 0x000C48}, {0x000C4A, 0x000C4D}, {0x000C55, 0x000C56},
    {0x000C58, 0x000C5A}, {0x000C60, 0x000C63}, {0x000C66, 0x000C6F}, {0x000C78, 0x000C7F},
    {0x000C81, 0x000C83}, {0x000C85, 0x000C8C}, {0x000C8E, 0x000C90}, {0x000C92, 0x000CA8},
    {0x000CAA, 0x000CB3}, {0x000CB5, 0x000CB9}, {0x000CBC, 0x000CC4}, {0x000CC6, 0x000CC8},
    {0x000CCA, 0x000CCD}, {0x000CD5, 0x000CD6}, {0x000CDE, 0x000CDE}, {0x000CE0, 0x000CE3},
    {0x000CE6, 0x000CEF}, {0x000CF1, 0x000CF2}, {0x000D01, 0x000D03}, {0x000D05, 0x000D0C},
    {0x000D0E, 0x000D10}, {0x000D12, 0x000D3A}, {0x000D3D, 0x000D44}, {0x000D46, 0x000D48},
    {0x000D4A, 0x000D4E}, {0x000D57, 0x000D57}, {0x000D5F, 0x000D63}, {0x000D66, 0x000D75},
    {0x000D79, 0x000D7F}, {0x000D82, 0x000D83}, {0x000D85, 0x000D96}, {0x000D9A, 0x000DB1},
    {0x000DB3, 0x000DBB}, {0x000DBD, 0x000DBD}, {0x000DC0, 0x000DC6}, {0x000DCA, 0x000DCA},
    {0x000DCF, 0x000DD4}, {0x000DD6, 0x000DD6}, {0x000DD8, 0x000DDF}, {0x000DE6, 0x000DEF},
    {0x000DF2, 0x000DF4}, {0x000E01, 0x000E3A}, {0x000E3F, 0x000E5B}, {0x000E81, 0x000E82},
    {0x000E84, 0x000E84}, {0x000E87, 0x000E88}, {0x000E8A, 0x000E8A}, {0x000E8D, 0x000E8D},
    {0x000E94, 0x000E97}, {0x000E99, 0x000E9F}, {0x000EA1, 0x000EA3}, {0x000EA5, 0x000EA5},
    {0x000EA7, 0x000EA7}, {0x000EAA, 0x000EAB}, {0x000EAD, 0x000EB9}, {0x000EBB, 0x000EBD},
    {0x000EC0, 0x000EC4}, {0x000EC6, 0x000EC6}, {0x000EC8, 0x000ECD}, {0x000ED0, 0x000ED9},
    {0x000EDC, 0x000EDF}, {0x000F00, 0x000F47}, {0x000F49, 0x000F6C}, {0x000F71, 0x000F97},
    {0x000F99, 0x000FBC}, {0x000FBE, 0x000FCC}, {0x000FCE, 0x000FDA}, {0x001000, 0x0010C5},
    {0x0010C7, 0x0010C7}, {0x0010CD, 0x0010CD}, {0x0010D0, 0x001248}, {0x00124A, 0x00124D},
    {0x001250, 0x001256}, {0x001258, 0x001258}, {0x00125A, 0x00125D}, {0x001260, 0x001288},
    {0x00128A, 0x00128D}, {0x001290, 0x0012B0}, {0x0012B2, 0x0012B5}, {0x0012B8, 0x0012BE},
    {0x0012C0, 0x0012C0}, {0x0012C2, 0x0012C5}, {0x0012C8, 0x0012D6}, {0x0012D8, 0x001310},
    {0x001312, 0x001315}, {0x001318, 0x00135A}, {0x00135D, 0x00137C}, {0x001380, 0x001399},
    {0x0013A0, 0x0013F5}, {0x0013F8, 0x0013FD}, {0x001400, 0x00169C}, {0x0016A0, 0x0016F8},
    {0x001700, 0x00170C}, {0x00170E, 0x001714}, {0x001720, 0x001736}, {0x001740, 0x001753},
    {0x001760, 0x00176C}, {0x00176E, 0x001770}, {0x001772, 0x001773}, {0x001780, 0x0017DD},
    {0x0017E0, 0x0017E9}, {0x0017F0, 0x0017F9}, {0x001800, 0x00180E}, {0x001810, 0x001819},
    {0x001820, 0x001877}, {0x001880, 0x0018AA}, {0x0018B0, 0x0018F5}, {0x001900, 0x00191E},
    {0x001920, 0x00192B}, {0x001930, 0x00193B}, {0x001940, 0x001940}, {0x001944, 0x00196D},
    {0x001970, 0x001974}, {0x001980, 0x0019AB}, {0x0019B0, 0x0019C9}, {0x0019D0, 0x0019DA},
    {0x0019DE, 0x001A1B}, {0x001A1E, 0x001A5E}, {0x001A60, 0x001A7C}, {0x001A7F, 0x001A89},
    {0x001A90, 0x001A99}, {0x001AA0, 0x001AAD}, {0x001AB0, 0x001ABE}, {0x001B00, 0x001B4B},
    {0x001B50, 0x001B7C}, {0x001B80, 0x001BF3}, {0x001BFC, 0x001C37}, {0x001C3B, 0x001C49},
    {0x001C4D, 0x001C7F}, {0x001CC0, 0x001CC7}, {0x001CD0, 0x001CF6}, {0x001CF8, 0x001CF9},
    {0x001D00, 0x001DF5}, {0x001DFC, 0x001F15}, {0x001F18, 0x001F1D}, {0x001F20, 0x001F45},
    {0x001F48, 0x001F4D}, {0x001F50, 0x001F57}, {0x001F59, 0x001F59}, {0x001F5B, 0x001F5B},
    {0x001F5D, 0x001F5D}, {0x001F5F, 0x001F7D}, {0x001F80, 0x001FB4}, {0x001FB6, 0x001FC4},
    {0x001FC6, 0x001FD3}, {0x001FD6, 0x001FDB}, {0x001FDD, 0x001FEF}, {0x001FF2, 0x001FF4},
    {0x001FF6, 0x001FFE}, {0x002000, 0x002064}, {0x002066, 0x002071}, {0x002074, 0x00208E},
    {0x002090, 0x00209C}, {0x0020A0, 0x0020BE}, {0x0020D0, 0x0020F0}, {0x002100, 0x00218B},
    {0x002190, 0x0023FA}, {0x002400, 0x002426}, {0x002440, 0x00244A}, {0x002460, 0x002B73},
    {0x002B76, 0x002B95}, {0x002B98, 0x002BB9}, {0x002BBD, 0x002BC8}, {0x002BCA, 0x002BD1},
    {0x002BEC, 0x002BEF}, {0x002C00, 0x002C2E}, {0x002C30, 0x002C5E}, {0x002C60, 0x002CF3},
    {0x002CF9, 0x002D25}, {0x002D27, 0x002D27}, {0x002D2D, 0x002D2D}, {0x002D30, 0x002D67},
    {0x002D6F, 0x002D70}, {0x002D7F, 0x002D96}, {0x002DA0, 0x002DA6}, {0x002DA8, 0x002DAE},
    {0x002DB0, 0x002DB6}, {0x002DB8, 0x002DBE}, {0x002DC0, 0x002DC6}, {0x002DC8, 0x002DCE},
    {0x002DD0, 0x002DD6}, {0x002DD8, 0x002DDE}, {0x002DE0, 0x002E42}, {0x002E80, 0x002E99},
    {0x002E9B, 0x002EF3}, {0x002F00, 0x002FD5}, {0x002FF0, 0x002FFB}, {0x003000, 0x00303F},
    {0x003041, 0x003096}, {0x003099, 0x0030FF}, {0x003105, 0x00312D}, {0x003131, 0x00318E},
    {0x003190, 0x0031BA}, {0x0031C0, 0x0031E3}, {0x0031F0, 0x00321E}, {0x003220, 0x0032FE},
    {0x003300, 0x004DB5}, {0x004DC0, 0x009FD5}, {0x00A000, 0x00A48C}, {0x00A490, 0x00A4C6},
    {0x00A4D0, 0x00A62B}, {0x00A640, 0x00A6F7}, {0x00A700, 0x00A7AD}, {0x00A7B0, 0x00A7B7},
    {0x00A7F7, 0x00A82B}, {0x00A830, 0x00A839}, {0x00A840, 0x00A877}, {0x00A880, 0x00A8C4},
    {0x00A8CE, 0x00A8D9}, {0x00A8E0, 0x00A8FD}, {0x00A900, 0x00A953}, {0x00A95F, 0x00A97C},
    {0x00A980, 0x00A9CD}, {0x00A9CF, 0x00A9D9}, {0x00A9DE, 0x00A9FE}, {0x00AA00, 0x00AA36},
    {0x00AA40, 0x00AA4D}, {0x00AA50, 0x00AA59}, {0x00AA5C, 0x00AAC2}, {0x00AADB, 0x00AAF6},
    {0x00AB01, 0x00AB06}, {0x00AB09, 0x00AB0E}, {0x00AB11, 0x00AB16}, {0x00AB20, 0x00AB26},
    {0x00AB28, 0x00AB2E}, {0x00AB30, 0x00AB65}, {0x00AB70, 0x00ABED}, {0x00ABF0, 0x00ABF9},
    {0x00AC00, 0x00D7A3}, {0x00D7B0, 0x00D7C6}, {0x00D7CB, 0x00D7FB}, {0x00E000, 0x00FA6D},
    {0x00FA70, 0x00FAD9}, {0x00FB00, 0x00FB06}, {0x00FB13, 0x00FB17}, {0x00FB1D, 0x00FB36},
    {0x00FB38, 0x00FB3C}, {0x00FB3E, 0x00FB3E}, {0x00FB40, 0x00FB41}, {0x00FB43, 0x00FB44},
    {0x00FB46, 0x00FBC1}, {0x00FBD3, 0x00FD3F}, {0x00FD50, 0x00FD8F}, {0x00FD92, 0x00FDC7},
    {0x00FDD0, 0x00FDFD}, {0x00FE00, 0x00FE19}, {0x00FE20, 0x00FE52}, {0x00FE54, 0x00FE66},
    {0x00FE68, 0x00FE6B}, {0x00FE70, 0x00FE74}, {0x00FE76, 0x00FEFC}, {0x00FEFF, 0x00FEFF},
    {0x00FF01, 0x00FFBE}, {0x00FFC2, 0x00FFC7}, {0x00FFCA, 0x00FFCF}, {0x00FFD2, 0x00FFD7},
    {0x00FFDA, 0x00FFDC}, {0x00FFE0, 0x00FFE6}, {0x00FFE8, 0x00FFEE}, {0x00FFF9, 0x01000B},
    {0x01000D, 0x010026}, {0x010028, 0x01003A}, {0x01003C, 0x01003D}, {0x01003F, 0x01004D},
    {0x010050, 0x01005D}, {0x010080, 0x0100FA}, {0x010100, 0x010102}, {0x010107, 0x010133},
    {0x010137, 0x01018C}, {0x010190, 0x01019B}, {0x0101A0, 0x0101A0}, {0x0101D0, 0x0101FD},
    {0x010280, 0x01029C}, {0x0102A0, 0x0102D0}, {0x0102E0, 0x0102FB}, {0x010300, 0x010323},
    {0x010330, 0x01034A}, {0x010350, 0x01037A}, {0x010380, 0x01039D}, {0x01039F, 0x0103C3},
    {0x0103C8, 0x0103D5}, {0x010400, 0x01049D}, {0x0104A0, 0x0104A9}, {0x010500, 0x010527},
    {0x010530, 0x010563}, {0x01056F, 0x01056F}, {0x010600, 0x010736}, {0x010740, 0x010755},
    {0x010760, 0x010767}, {0x010800, 0x010805}, {0x010808, 0x010808}, {0x01080A, 0x010835},
    {0x010837, 0x010838}, {0x01083C, 0x01083C}, {0x01083F, 0x010855}, {0x010857, 0x01089E},
    {0x0108A7, 0x0108AF}, {0x0108E0, 0x0108F2}, {0x0108F4, 0x0108F5}, {0x0108FB, 0x01091B},
    {0x01091F, 0x010939}, {0x01093F, 0x01093F}, {0x010980, 0x0109B7}, {0x0109BC, 0x0109CF},
    {0x0109D2, 0x010A03}, {0x010A05, 0x010A06}, {0x010A0C, 0x010A13}, {0x010A15, 0x010A17},
    {0x010A19, 0x010A33}, {0x010A38, 0x010A3A}, {0x010A3F, 0x010A47}, {0x010A50, 0x010A58},
    {0x010A60, 0x010A9F}, {0x010AC0, 0x010AE6}, {0x010AEB, 0x010AF6}, {0x010B00, 0x010B35},
    {0x010B39, 0x010B55}, {0x010B58, 0x010B72}, {0x010B78, 0x010B91}, {0x010B99, 0x010B9C},
    {0x010BA9, 0x010BAF}, {0x010C00, 0x010C48}, {0x010C80, 0x010CB2}, {0x010CC0, 0x010CF2},
    {0x010CFA, 0x010CFF}, {0x010E60, 0x010E7E}, {0x011000, 0x01104D}, {0x011052, 0x01106F},
    {0x01107F, 0x0110C1}, {0x0110D0, 0x0110E8}, {0x0110F0, 0x0110F9}, {0x011100, 0x011134},
    {0x011136, 0x011143}, {0x011150, 0x011176}, {0x011180, 0x0111CD}, {0x0111D0, 0x0111DF},
    {0x0111E1, 0x0111F4}, {0x011200, 0x011211}, {0x011213, 0x01123D}, {0x011280, 0x011286},
    {0x011288, 0x011288}, {0x01128A, 0x01128D}, {0x01128F, 0x01129D}, {0x01129F, 0x0112A9},
    {0x0112B0, 0x0112EA}, {0x0112F0, 0x0112F9}, {0x011300, 0x011303}, {0x011305, 0x01130C},
    {0x01130F, 0x011310}, {0x011313, 0x011328}, {0x01132A, 0x011330}, {0x011332, 0x011333},
    {0x011335, 0x011339}, {0x01133C, 0x011344}, {0x011347, 0x011348}, {0x01134B, 0x01134D},
    {0x011350, 0x011350}, {0x011357, 0x011357}, {0x01135D, 0x011363}, {0x011366, 0x01136C},
    {0x011370, 0x011374}, {0x011480, 0x0114C7}, {0x0114D0, 0x0114D9}, {0x011580, 0x0115B5},
    {0x0115B8, 0x0115DD}, {0x011600, 0x011644}, {0x011650, 0x011659}, {0x011680, 0x0116B7},
    {0x0116C0, 0x0116C9}, {0x011700, 0x011719}, {0x01171D, 0x01172B}, {0x011730, 0x01173F},
    {0x0118A0, 0x0118F2}, {0x0118FF, 0x0118FF}, {0x011AC0, 0x011AF8}, {0x012000, 0x012399},
    {0x012400, 0x01246E}, {0x012470, 0x012474}, {0x012480, 0x012543}, {0x013000, 0x01342E},
    {0x014400, 0x014646}, {0x016800, 0x016A38}, {0x016A40, 0x016A5E}, {0x016A60, 0x016A69},
    {0x016A6E, 0x016A6F}, {0x016AD0, 0x016AED}, {0x016AF0, 0x016AF5}, {0x016B00, 0x016B45},
    {0x016B50, 0x016B59}, {0x016B5B, 0x016B61}, {0x016B63, 0x016B77}, {0x016B7D, 0x016B8F},
    {0x016F00, 0x016F44}, {0x016F50, 0x016F7E}, {0x016F8F, 0x016F9F}, {0x01B000, 0x01B001},
    {0x01BC00, 0x01BC6A}, {0x01BC70, 0x01BC7C}, {0x01BC80, 0x01BC88}, {0x01BC90, 0x01BC99},
    {0x01BC9C, 0x01BCA3}, {0x01D000, 0x01D0F5}, {0x01D100, 0x01D126}, {0x01D129, 0x01D1E8},
    {0x01D200, 0x01D245}, {0x01D300, 0x01D356}, {0x01D360, 0x01D371}, {0x01D400, 0x01D454},
    {0x01D456, 0x01D49C}, {0x01D49E, 0x01D49F}, {0x01D4A2, 0x01D4A2}, {0x01D4A5, 0x01D4A6},
    {0x01D4A9, 0x01D4AC}, {0x01D4AE, 0x01D4B9}, {0x01D4BB, 0x01D4BB}, {0x01D4BD, 0x01D4C3},
    {0x01D4C5, 0x01D505}, {0x01D507, 0x01D50A}, {0x01D50D, 0x01D514}, {0x01D516, 0x01D51C},
    {0x01D51E, 0x01D539}, {0x01D53B, 0x01D53E}, {0x01D540, 0x01D544}, {0x01D546, 0x01D546},
    {0x01D54A, 0x01D550}, {0x01D552, 0x01D6A5}, {0x01D6A8, 0x01D7CB}, {0x01D7CE, 0x01DA8B},
    {0x01DA9B, 0x01DA9F}, {0x01DAA1, 0x01DAAF}, {0x01E800, 0x01E8C4}, {0x01E8C7, 0x01E8D6},
    {0x01EE00, 0x01EE03}, {0x01EE05, 0x01EE1F}, {0x01EE21, 0x01EE22}, {0x01EE24, 0x01EE24},
    {0x01EE27, 0x01EE27}, {0x01EE29, 0x01EE32}, {0x01EE34, 0x01EE37}, {0x01EE39, 0x01EE39},
    {0x01EE3B, 0x01EE3B}, {0x01EE42, 0x01EE42}, {0x01EE47, 0x01EE47}, {0x01EE49, 0x01EE49},
    {0x01EE4B, 0x01EE4B}, {0x01EE4D, 0x01EE4F}, {0x01EE51, 0x01EE52}, {0x01EE54, 0x01EE54},
    {0x01EE57, 0x01EE57}, {0x01EE59, 0x01EE59}, {0x01EE5B, 0x01EE5B}, {0x01EE5D, 0x01EE5D},
    {0x01EE5F, 0x01EE5F}, {0x01EE61, 0x01EE62}, {0x01EE64, 0x01EE64}, {0x01EE67, 0x01EE6A},
    {0x01EE6C, 0x01EE72}, {0x01EE74, 0x01EE77}, {0x01EE79, 0x01EE7C}, {0x01EE7E, 0x01EE7E},
    {0x01EE80, 0x01EE89}, {0x01EE8B, 0x01EE9B}, {0x01EEA1, 0x01EEA3}, {0x01EEA5, 0x01EEA9},
    {0x01EEAB, 0x01EEBB}, {0x01EEF0, 0x01EEF1}, {0x01F000, 0x01F02B}, {0x01F030, 0x01F093},
    {0x01F0A0, 0x01F0AE}, {0x01F0B1, 0x01F0BF}, {0x01F0C1, 0x01F0CF}, {0x01F0D1, 0x01F0F5},
    {0x01F100, 0x01F10C}, {0x01F110, 0x01F12E}, {0x01F130, 0x01F16B}, {0x01F170, 0x01F19A},
    {0x01F1E6, 0x01F202}, {0x01F210, 0x01F23A}, {0x01F240, 0x01F248}, {0x01F250, 0x01F251},
    {0x01F300, 0x01F579}, {0x01F57B, 0x01F5A3}, {0x01F5A5, 0x01F6D0}, {0x01F6E0, 0x01F6EC},
    {0x01F6F0, 0x01F6F3}, {0x01F700, 0x01F773}, {0x01F780, 0x01F7D4}, {0x01F800, 0x01F80B},
    {0x01F810, 0x01F847}, {0x01F850, 0x01F859}, {0x01F860, 0x01F887}, {0x01F890, 0x01F8AD},
    {0x01F910, 0x01F918}, {0x01F980, 0x01F984}, {0x01F9C0, 0x01F9C0}, {0x01FFFE, 0x02A6D6},
    {0x02A700, 0x02B734}, {0x02B740, 0x02B81D}, {0x02B820, 0x02CEA1}, {0x02F800, 0x02FA1D},
    {0x02FFFE, 0x02FFFF}, {0x03FFFE, 0x03FFFF}, {0x04FFFE, 0x04FFFF}, {0x05FFFE, 0x05FFFF},
    {0x06FFFE, 0x06FFFF}, {0x07FFFE, 0x07FFFF}, {0x08FFFE, 0x08FFFF}, {0x09FFFE, 0x09FFFF},
    {0x0AFFFE, 0x0AFFFF}, {0x0BFFFE, 0x0BFFFF}, {0x0CFFFE, 0x0CFFFF}, {0x0DFFFE, 0x0DFFFF},
    {0x0E0001, 0x0E0001}, {0x0E0020, 0x0E007F}, {0x0E0100, 0x0E01EF}, {0x0EFFFE, 0x10FFFF},
    {0x000000, 0x000377}, {0x00037A, 0x00037F}, {0x000384, 0x00038A}, {0x00038C, 0x00038C},
    {0x00038E, 0x0003A1}, {0x0003A3, 0x00052F}, {0x000531, 0x000556}, {0x000559, 0x00055F},
    {0x000561, 0x000587}, {0x000589, 0x00058A}, {0x00058D, 0x00058F}, {0x000591, 0x0005C7},
    {0x0005D0, 0x0005EA}, {0x0005F0, 0x0005F4}, {0x000600, 0x00061C}, {0x00061E, 0x00070D},
    {0x00070F, 0x00074A}, {0x00074D, 0x0007B1}, {0x0007C0, 0x0007FA}, {0x000800, 0x00082D},
    {0x000830, 0x00083E}, {0x000840, 0x00085B}, {0x00085E, 0x00085E}, {0x0008A0, 0x0008B4},
    {0x0008B6, 0x0008BD}, {0x0008D4, 0x000983}, {0x000985, 0x00098C}, {0x00098F, 0x000990},
    {0x000993, 0x0009A8}, {0x0009AA, 0x0009B0}, {0x0009B2, 0x0009B2}, {0x0009B6, 0x0009B9},
    {0x0009BC, 0x0009C4}, {0x0009C7, 0x0009C8}, {0x0009CB, 0x0009CE}, {0x0009D7, 0x0009D7},
    {0x0009DC, 0x0009DD}, {0x0009DF, 0x0009E3}, {0x0009E6, 0x0009FB}, {0x000A01, 0x000A03},
    {0x000A05, 0x000A0A}, {0x000A0F, 0x000A10}, {0x000A13, 0x000A28}, {0x000A2A, 0x000A30},
    {0x000A32, 0x000A33}, {0x000A35, 0x000A36}, {0x000A38, 0x000A39}, {0x000A3C, 0x000A3C},
    {0x000A3E, 0x000A42}, {0x000A47, 0x000A48}, {0x000A4B, 0x000A4D}, {0x000A51, 0x000A51},
    {0x000A59, 0x000A5C}, {0x000A5E, 0x000A5E}, {0x000A66, 0x000A75}, {0x000A81, 0x000A83},
    {0x000A85, 0x000A8D}, {0x000A8F, 0x000A91}, {0x000A93, 0x000AA8}, {0x000AAA, 0x000AB0},
    {0x000AB2, 0x000AB3}, {0x000AB5, 0x000AB9}, {0x000ABC, 0x000AC5}, {0x000AC7, 0x000AC9},
    {0x000ACB, 0x000ACD}, {0x000AD0, 0x000AD0}, {0x000AE0, 0x000AE3}, {0x000AE6, 0x000AF1},
    {0x000AF9, 0x000AF9}, {0x000B01, 0x000B03}, {0x000B05, 0x000B0C}, {0x000B0F, 0x000B10},
    {0x000B13, 0x000B28}, {0x000B2A, 0x000B30}, {0x000B32, 0x000B33}, {0x000B35, 0x000B39},
    {0x000B3C, 0x000B44}, {0x000B47, 0x000B48}, {0x000B4B, 0x000B4D}, {0x000B56, 0x000B57},
    {0x000B5C, 0x000B5D}, {0x000B5F, 0x000B63}, {0x000B66, 0x000B77}, {0x000B82, 0x000B83},
    {0x000B85, 0x000B8A}, {0x000B8E, 0x000B90}, {0x000B92, 0x000B95}, {0x000B99, 0x000B9A},
    {0x000B9C, 0x000B9C}, {0x000B9E, 0x000B9F}, {0x000BA3, 0x000BA4}, {0x000BA8, 0x000BAA},
    {0x000BAE, 0x000BB9}, {0x000BBE, 0x000BC2}, {0x000BC6, 0x000BC8}, {0x000BCA, 0x000BCD},
    {0x000BD0, 0x000BD0}, {0x000BD7, 0x000BD7}, {0x000BE6, 0x000BFA}, {0x000C00, 0x000C03},
    {0x000C05, 0x000C0C}, {0x000C0E, 0x000C10}, {0x000C12, 0x000C28}, {0x000C2A, 0x000C39},
    {0x000C3D, 0x000C44}, {0x000C46, 0x000C48}, {0x000C4A, 0x000C4D}, {0x000C55, 0x000C56},
    {0x000C58, 0x000C5A}, {0x000C60, 0x000C63}, {0x000C66, 0x000C6F}, {0x000C78, 0x000C83},
    {0x000C85, 0x000C8C}, {0x000C8E, 0x000C90}, {0x000C92, 0x000CA8}, {0x000CAA, 0x000CB3},
    {0x000CB5, 0x000CB9}, {0x000CBC, 0x000CC4}, {0x000CC6, 0x000CC8}, {0x000CCA, 0x000CCD},
    {0x000CD5, 0x000CD6}, {0x000CDE, 0x000CDE}, {0x000CE0, 0x000CE3}, {0x000CE6, 0x000CEF},
    {0x000CF1, 0x000CF2}, {0x000D01, 0x000D03}, {0x000D05, 0x000D0C}, {0x000D0E, 0x000D10},
    {0x000D12, 0x000D3A}, {0x000D3D, 0x000D44}, {0x000D46, 0x000D48}, {0x000D4A, 0x000D4F},
    {0x000D54, 0x000D63}, {0x000D66, 0x000D7F}, {0x000D82, 0x000D83}, {0x000D85, 0x000D96},
    {0x000D9A, 0x000DB1}, {0x000DB3, 0x000DBB}, {0x000DBD, 0x000DBD}, {0x000DC0, 0x000DC6},
    {0x000DCA, 0x000DCA}, {0x000DCF, 0x000DD4}, {0x000DD6, 0x000DD6}, {0x000DD8, 0x000DDF},
    {0x000DE6, 0x000DEF}, {0x000DF2, 0x000DF4}, {0x000E01, 0x000E3A}, {0x000E3F, 0x000E5B},
    {0x000E81, 0x000E82}, {0x000E84, 0x000E84}, {0x000E87, 0x000E88}, {0x000E8A, 0x000E8A},
    {0x000E8D, 0x000E8D}, {0x000E94, 0x000E97}, {0x000E99, 0x000E9F}, {0x000EA1, 0x000EA3},
    {0x000EA5, 0x000EA5}, {0x000EA7, 0x000EA7}, {0x000EAA, 0x000EAB}, {0x000EAD, 0x000EB9},
    {0x000EBB, 0x000EBD}, {0x000EC0, 0x000EC4}, {0x000EC6, 0x000EC6}, {0x000EC8, 0x000ECD},
    {0x000ED0, 0x000ED9}, {0x000EDC, 0x000EDF}, {0x000F00, 0x000F47}, {0x000F49, 0x000F6C},
    {0x000F71, 0x000F97}, {0x000F99, 0x000FBC}, {0x000FBE, 0x000FCC}, {0x000FCE, 0x000FDA},
    {0x001000, 0x0010C5}, {0x0010C7, 0x0010C7}, {0x0010CD, 0x0010CD}, {0x0010D0, 0x001248},
    {0x00124A, 0x00124D}, {0x001250, 0x001256}, {0x001258, 0x001258}, {0x00125A, 0x00125D},
    {0x001260, 0x001288}, {0x00128A, 0x00128D}, {0x001290, 0x0012B0}, {0x0012B2, 0x0012B5},
    {0x0012B8, 0x0012BE}, {0x0012C0, 0x0012C0}, {0x0012C2, 0x0012C5}, {0x0012C8, 0x0012D6},
    {0x0012D8, 0x001310}, {0x001312, 0x001315}, {0x001318, 0x00135A}, {0x00135D, 0x00137C},
    {0x001380, 0x001399}, {0x0013A0, 0x0013F5}, {0x0013F8, 0x0013FD}, {0x001400, 0x00169C},
    {0x0016A0, 0x0016F8}, {0x001700, 0x00170C}, {0x00170E, 0x001714}, {0x001720, 0x001736},
    {0x001740, 0x001753}, {0x001760, 0x00176C}, {0x00176E, 0x001770}, {0x001772, 0x001773},
    {0x001780, 0x0017DD}, {0x0017E0, 0x0017E9}, {0x0017F0, 0x0017F9}, {0x001800, 0x00180E},
    {0x001810, 0x001819}, {0x001820, 0x001877}, {0x001880, 0x0018AA}, {0x0018B0, 0x0018F5},
    {0x001900, 0x00191E}, {0x001920, 0x00192B}, {0x001930, 0x00193B}, {0x001940, 0x001940},
    {0x001944, 0x00196D}, {0x001970, 0x001974}, {0x001980, 0x0019AB}, {0x0019B0, 0x0019C9},
    {0x0019D0, 0x0019DA}, {0x0019DE, 0x001A1B}, {0x001A1E, 0x001A5E}, {0x001A60, 0x001A7C},
    {0x001A7F, 0x001A89}, {0x001A90, 0x001A99}, {0x001AA0, 0x001AAD}, {0x001AB0, 0x001ABE},
    {0x001B00, 0x001B4B}, {0x001B50, 0x001B7C}, {0x001B80, 0x001BF3}, {0x001BFC, 0x001C37},
    {0x001C3B, 0x001C49}, {0x001C4D, 0x001C88}, {0x001CC0, 0x001CC7}, {0x001CD0, 0x001CF6},
    {0x001CF8, 0x001CF9}, {0x001D00, 0x001DF5}, {0x001DFB, 0x001F15}, {0x001F18, 0x001F1D},
    {0x001F20, 0x001F45}, {0x001F48, 0x001F4D}, {0x001F50, 0x001F57}, {0x001F59, 0x001F59},
    {0x001F5B, 0x001F5B}, {0x001F5D, 0x001F5D}, {0x001F5F, 0x001F7D}, {0x001F80, 0x001FB4},
    {0x001FB6, 0x001FC4}, {0x001FC6, 0x001FD3}, {0x001FD6, 0x001FDB}, {0x001FDD, 0x001FEF},
    {0x001FF2, 0x001FF4}, {0x001FF6, 0x001FFE}, {0x002000, 0x002064}, {0x002066, 0x002071},
    {0x002074, 0x00208E}, {0x002090, 0x00209C}, {0x0020A0, 0x0020BE}, {0x0020D0, 0x0020F0},
    {0x002100, 0x00218B}, {0x002190, 0x0023FE}, {0x002400, 0x002426}, {0x002440, 0x00244A},
    {0x002460, 0x002B73}, {0x002B76, 0x002B95}, {0x002B98, 0x002BB9}, {0x002BBD, 0x002BC8},
    {0x002BCA, 0x002BD1}, {0x002BEC, 0x002BEF}, {0x002C00, 0x002C2E}, {0x002C30, 0x002C5E},
    {0x002C60, 0x002CF3}, {0x002CF9, 0x002D25}, {0x002D27, 0x002D27}, {0x002D2D, 0x002D2D},
    {0x002D30, 0x002D67}, {0x002D6F, 0x002D70}, {0x002D7F, 0x002D96}, {0x002DA0, 0x002DA6},
    {0x002DA8, 0x002DAE}, {0x002DB0, 0x002DB6}, {0x002DB8, 0x002DBE}, {0x002DC0, 0x002DC6},
    {0x002DC8, 0x002DCE}, {0x002DD0, 0x002DD6}, {0x002DD8, 0x002DDE}, {0x002DE0, 0x002E44},
    {0x002E80, 0x002E99}, {0x002E9B, 0x002EF3}, {0x002F00, 0x002FD5}, {0x002FF0, 0x002FFB},
    {0x003000, 0x00303F}, {0x003041, 0x003096}, {0x003099, 0x0030FF}, {0x003105, 0x00312D},
    {0x003131, 0x00318E}, {0x003190, 0x0031BA}, {0x0031C0, 0x0031E3}, {0x0031F0, 0x00321E},
    {0x003220, 0x0032FE}, {0x003300, 0x004DB5}, {0x004DC0, 0x009FD5}, {0x00A000, 0x00A48C},
    {0x00A490, 0x00A4C6}, {0x00A4D0, 0x00A62B}, {0x00A640, 0x00A6F7}, {0x00A700, 0x00A7AE},
    {0x00A7B0, 0x00A7B7}, {0x00A7F7, 0x00A82B}, {0x00A830, 0x00A839}, {0x00A840, 0x00A877},
    {0x00A880, 0x00A8C5}, {0x00A8CE, 0x00A8D9}, {0x00A8E0, 0x00A8FD}, {0x00A900, 0x00A953},
    {0x00A95F, 0x00A97C}, {0x00A980, 0x00A9CD}, {0x00A9CF, 0x00A9D9}, {0x00A9DE, 0x00A9FE},
    {0x00AA00, 0x00AA36}, {0x00AA40, 0x00AA4D}, {0x00AA50, 0x00AA59}, {0x00AA5C, 0x00AAC2},
    {0x00AADB, 0x00AAF6}, {0x00AB01, 0x00AB06}, {0x00AB09, 0x00AB0E}, {0x00AB11, 0x00AB16},
    {0x00AB20, 0x00AB26}, {0x00AB28, 0x00AB2E}, {0x00AB30, 0x00AB65}, {0x00AB70, 0x00ABED},
    {0x00ABF0, 0x00ABF9}, {0x00AC00, 0x00D7A3}, {0x00D7B0, 0x00D7C6}, {0x00D7CB, 0x00D7FB},
    {0x00E000, 0x00FA6D}, {0x00FA70, 0x00FAD9}, {0x00FB00, 0x00FB06}, {0x00FB13, 0x00FB17},
    {0x00FB1D, 0x00FB36}, {0x00FB38, 0x00FB3C}, {0x00FB3E, 0x00FB3E}, {0x00FB40, 0x00FB41},
    {0x00FB43, 0x00FB44}, {0x00FB46, 0x00FBC1}, {0x00FBD3, 0x00FD3F}, {0x00FD50, 0x00FD8F},
    {0x00FD92, 0x00FDC7}, {0x00FDD0, 0x00FDFD}, {0x00FE00, 0x00FE19}, {0x00FE20, 0x00FE52},
    {0x00FE54, 0x00FE66}, {0x00FE68, 0x00FE6B}, {0x00FE70, 0x00FE74}, {0x00FE76, 0x00FEFC},
    {0x00FEFF, 0x00FEFF}, {0x00FF01, 0x00FFBE}, {0x00FFC2, 0x00FFC7}, {0x00FFCA, 0x00FFCF},
    {0x00FFD2, 0x00FFD7}, {0x00FFDA, 0x00FFDC}, {0x00FFE0, 0x00FFE6}, {0x00FFE8, 0x00FFEE},
    {0x00FFF9, 0x01000B}, {0x01000D, 0x010026}, {0x010028, 0x01003A}, {0x01003C, 0x01003D},
    {0x01003F, 0x01004D}, {0x010050, 0x01005D}, {0x010080, 0x0100FA}, {0x010100, 0x010102},
    {0x010107, 0x010133}, {0x010137, 0x01018E}, {0x010190, 0x01019B}, {0x0101A0, 0x0101A0},
    {0x0101D0, 0x0101FD}, {0x010280, 0x01029C}, {0x0102A0, 0x0102D0}, {0x0102E0, 0x0102FB},
    {0x010300, 0x010323}, {0x010330, 0x01034A}, {0x010350, 0x01037A}, {0x010380, 0x01039D},
    {0x01039F, 0x0103C3}, {0x0103C8, 0x0103D5}, {0x010400, 0x01049D}, {0x0104A0, 0x0104A9},
    {0x0104B0, 0x0104D3}, {0x0104D8, 0x0104FB}, {0x010500, 0x010527}, {0x010530, 0x010563},
    {0x01056F, 0x01056F}, {0x010600, 0x010736}, {0x010740, 0x010755}, {0x010760, 0x010767},
    {0x010800, 0x010805}, {0x010808, 0x010808}, {0x01080A, 0x010835}, {0x010837, 0x010838},
    {0x01083C, 0x01083C}, {0x01083F, 0x010855}, {0x010857, 0x01089E}, {0x0108A7, 0x0108AF},
    {0x0108E0, 0x0108F2}, {0x0108F4, 0x0108F5}, {0x0108FB, 0x01091B}, {0x01091F, 0x010939},
    {0x01093F, 0x01093F}, {0x010980, 0x0109B7}, {0x0109BC, 0x0109CF}, {0x0109D2, 0x010A03},
    {0x010A05, 0x010A06}, {0x010A0C, 0x010A13}, {0x010A15, 0x010A17}, {0x010A19, 0x010A33},
    {0x010A38, 0x010A3A}, {0x010A3F, 0x010A47}, {0x010A50, 0x010A58}, {0x010A60, 0x010A9F},
    {0x010AC0, 0x010AE6}, {0x010AEB, 0x010AF6}, {0x010B00, 0x010B35}, {0x010B39, 0x010B55},
    {0x010B58, 0x010B72}, {0x010B78, 0x010B91}, {0x010B99, 0x010B9C}, {0x010BA9, 0x010BAF},
    {0x010C00, 0x010C48}, {0x010C80, 0x010CB2}, {0x010CC0, 0x010CF2}, {0x010CFA, 0x010CFF},
    {0x010E60, 0x010E7E}, {0x011000, 0x01104D}, {0x011052, 0x01106F}, {0x01107F, 0x0110C1},
    {0x0110D0, 0x0110E8}, {0x0110F0, 0x0110F9}, {0x011100, 0x011134}, {0x011136, 0x011143},
    {0x011150, 0x011176}, {0x011180, 0x0111CD}, {0x0111D0, 0x0111DF}, {0x0111E1, 0x0111F4},
    {0x011200, 0x011211}, {0x011213, 0x01123E}, {0x011280, 0x011286}, {0x011288, 0x011288},
    {0x01128A, 0x01128D}, {0x01128F, 0x01129D}, {0x01129F, 0x0112A9}, {0x0112B0, 0x0112EA},
    {0x0112F0, 0x0112F9}, {0x011300, 0x011303}, {0x011305, 0x01130C}, {0x01130F, 0x011310},
    {0x011313, 0x011328}, {0x01132A, 0x011330}, {0x011332, 0x011333}, {0x011335, 0x011339},
    {0x01133C, 0x011344}, {0x011347, 0x011348}, {0x01134B, 0x01134D}, {0x011350, 0x011350},
    {0x011357, 0x011357}, {0x01135D, 0x011363}, {0x011366, 0x01136C}, {0x011370, 0x011374},
    {0x011400, 0x011459}, {0x01145B, 0x01145B}, {0x01145D, 0x01145D}, {0x011480, 0x0114C7},
    {0x0114D0, 0x0114D9}, {0x011580, 0x0115B5}, {0x0115B8, 0x0115DD}, {0x011600, 0x011644},
    {0x011650, 0x011659}, {0x011660, 0x01166C}, {0x011680, 0x0116B7}, {0x0116C0, 0x0116C9},
    {0x011700, 0x011719}, {0x01171D, 0x01172B}, {0x011730, 0x01173F}, {0x0118A0, 0x0118F2},
    {0x0118FF, 0x0118FF}, {0x011AC0, 0x011AF8}, {0x011C00, 0x011C08}, {0x011C0A, 0x011C36},
    {0x011C38, 0x011C45}, {0x011C50, 0x011C6C}, {0x011C70, 0x011C8F}, {0x011C92, 0x011CA7},
    {0x011CA9, 0x011CB6}, {0x012000, 0x012399}, {0x012400, 0x01246E}, {0x012470, 0x012474},
    {0x012480, 0x012543}, {0x013000, 0x01342E}, {0x014400, 0x014646}, {0x016800, 0x016A38},
    {0x016A40, 0x016A5E}, {0x016A60, 0x016A69}, {0x016A6E, 0x016A6F}, {0x016AD0, 0x016AED},
    {0x016AF0, 0x016AF5}, {0x016B00, 0x016B45}, {0x016B50, 0x016B59}, {0x016B5B, 0x016B61},
    {0x016B63, 0x016B77}, {0x016B7D, 0x016B8F}, {0x016F00, 0x016F44}, {0x016F50, 0x016F7E},
    {0x016F8F, 0x016F9F}, {0x016FE0, 0x016FE0}, {0x017000, 0x0187EC}, {0x018800, 0x018AF2},
    {0x01B000, 0x01B001}, {0x01BC00, 0x01BC6A}, {0x01BC70, 0x01BC7C}, {0x01BC80, 0x01BC88},
    {0x01BC90, 0x01BC99}, {0x01BC9C, 0x01BCA3}, {0x01D000, 0x01D0F5}, {0x01D100, 0x01D126},
    {0x01D129, 0x01D1E8}, {0x01D200, 0x01D245}, {0x01D300, 0x01D356}, {0x01D360, 0x01D371},
    {0x01D400, 0x01D454}, {0x01D456, 0x01D49C}, {0x01D49E, 0x01D49F}, {0x01D4A2, 0x01D4A2},
    {0x01D4A5, 0x01D4A6}, {0x01D4A9, 0x01D4AC}, {0x01D4AE, 0x01D4B9}, {0x01D4BB, 0x01D4BB},
    {0x01D4BD, 0x01D4C3}, {0x01D4C5, 0x01D505}, {0x01D507, 0x01D50A}, {0x01D50D, 0x01D514},
    {0x01D516, 0x01D51C}, {0x01D51E, 0x01D539}, {0x01D53B, 0x01D53E}, {0x01D540, 0x01D544},
    {0x01D546, 0x01D546}, {0x01D54A, 0x01D550}, {0x01D552, 0x01D6A5}, {0x01D6A8, 0x01D7CB},
    {0x01D7CE, 0x01DA8B}, {0x01DA9B, 0x01DA9F}, {0x01DAA1, 0x01DAAF}, {0x01E000, 0x01E006},
    {0x01E008, 0x01E018}, {0x01E01B, 0x01E021}, {0x01E023, 0x01E024}, {0x01E026, 0x01E02A},
    {0x01E800, 0x01E8C4}, {0x01E8C7, 0x01E8D6}, {0x01E900, 0x01E94A}, {0x01E950, 0x01E959},
    {0x01E95E, 0x01E95F}, {0x01EE00, 0x01EE03}, {0x01EE05, 0x01EE1F}, {0x01EE21, 0x01EE22},
    {0x01EE24, 0x01EE24}, {0x01EE27, 0x01EE27}, {0x01EE29, 0x01EE32}, {0x01EE34, 0x01EE37},
    {0x01EE39, 0x01EE39}, {0x01EE3B, 0x01EE3B}, {0x01EE42, 0x01EE42}, {0x01EE47, 0x01EE47},
    {0x01EE49, 0x01EE49}, {0x01EE4B, 0x01EE4B}, {0x01EE4D, 0x01EE4F}, {0x01EE51, 0x01EE52},
    {0x01EE54, 0x01EE54}, {0x01EE57, 0x01EE57}, {0x01EE59, 0x01EE59}, {0x01EE5B, 0x01EE5B},
    {0x01EE5D, 0x01EE5D}, {0x01EE5F, 0x01EE5F}, {0x01EE61, 0x01EE62}, {0x01EE64, 0x01EE64},
    {0x01EE67, 0x01EE6A}, {0x01EE6C, 0x01EE72}, {0x01EE74, 0x01EE77}, {0x01EE79, 0x01EE7C},
    {0x01EE7E, 0x01EE7E}, {0x01EE80, 0x01EE89}, {0x01EE8B, 0x01EE9B}, {0x01EEA1, 0x01EEA3},
    {0x01EEA5, 0x01EEA9}, {0x01EEAB, 0x01EEBB}, {0x01EEF0, 0x01EEF1}, {0x01F000, 0x01F02B},
    {0x01F030, 0x01F093}, {0x01F0A0, 0x01F0AE}, {0x01F0B1, 0x01F0BF}, {0x01F0C1, 0x01F0CF},
    {0x01F0D1, 0x01F0F5}, {0x01F100, 0x01F10C}, {0x01F110, 0x01F12E}, {0x01F130, 0x01F16B},
    {0x01F170, 0x01F1AC}, {0x01F1E6, 0x01F202}, {0x01F210, 0x01F23B}, {0x01F240, 0x01F248},
    {0x01F250, 0x01F251}, {0x01F300, 0x01F6D2}, {0x01F6E0, 0x01F6EC}, {0x01F6F0, 0x01F6F6},
    {0x01F700, 0x01F773}, {0x01F780, 0x01F7D4}, {0x01F800, 0x01F80B}, {0x01F810, 0x01F847},
    {0x01F850, 0x01F859}, {0x01F860, 0x01F887}, {0x01F890, 0x01F8AD}, {0x01F910, 0x01F91E},
    {0x01F920, 0x01F927}, {0x01F930, 0x01F930}, {0x01F933, 0x01F93E}, {0x01F940, 0x01F94B},
    {0x01F950, 0x01F95E}, {0x01F980, 0x01F991}, {0x01F9C0, 0x01F9C0}, {0x01FFFE, 0x02A6D6},
    {0x02A700, 0x02B734}, {0x02B740, 0x02B81D}, {0x02B820, 0x02CEA1}, {0x02F800, 0x02FA1D},
    {0x02FFFE, 0x02FFFF}, {0x03FFFE, 0x03FFFF}, {0x04FFFE, 0x04FFFF}, {0x05FFFE, 0x05FFFF},
    {0x06FFFE, 0x06FFFF}, {0x07FFFE, 0x07FFFF}, {0x08FFFE, 0x08FFFF}, {0x09FFFE, 0x09FFFF},
    {0x0AFFFE, 0x0AFFFF}, {0x0BFFFE, 0x0BFFFF}, {0x0CFFFE, 0x0CFFFF}, {0x0DFFFE, 0x0DFFFF},
    {0x0E0001, 0x0E0001}, {0x0E0020, 0x0E007F}, {0x0E0100, 0x0E01EF}, {0x0EFFFE, 0x10FFFF},
    {0x000000, 0x000009}, {0x00000B, 0x00000C}, {0x00000E, 0x00001F}, {0x00007F, 0x00009F},
    {0x0000AD, 0x0000AD}, {0x00061C, 0x00061C}, {0x00180E, 0x00180E}, {0x00200B, 0x00200B},
    {0x00200E, 0x00200F}, {0x002028, 0x00202E}, {0x002060, 0x00206F}, {0x00FEFF, 0x00FEFF},
    {0x00FFF0, 0x00FFFB}, {0x013430, 0x01343F}, {0x01BCA0, 0x01BCA3}, {0x01D173, 0x01D17A},
    {0x0E0000, 0x0E001F}, {0x0E0080, 0x0E00FF}, {0x0E01F0, 0x0E0FFF}, {0x000300, 0x00036F},
    {0x000483, 0x000489}, {0x000591, 0x0005BD}, {0x0005BF, 0x0005BF}, {0x0005C1, 0x0005C2},
    {0x0005C4, 0x0005C5}, {0x0005C7, 0x0005C7}, {0x000610, 0x00061A}, {0x00064B, 0x00065F},
    {0x000670, 0x000670}, {0x0006D6, 0x0006DC}, {0x0006DF, 0x0006E4}, {0x0006E7, 0x0006E8},
    {0x0006EA, 0x0006ED}, {0x000711, 0x000711}, {0x000730, 0x00074A}, {0x0007A6, 0x0007B0},
    {0x0007EB, 0x0007F3}, {0x0007FD, 0x0007FD}, {0x000816, 0x000819}, {0x00081B, 0x000823},
    {0x000825, 0x000827}, {0x000829, 0x00082D}, {0x000859, 0x00085B}, {0x000897, 0x00089F},
    {0x0008CA, 0x0008E1}, {0x0008E3, 0x000902}, {0x00093A, 0x00093A}, {0x00093C, 0x00093C},
    {0x000941, 0x000948}, {0x00094D, 0x00094D}, {0x000951, 0x000957}, {0x000962, 0x000963},
    {0x000981, 0x000981}, {0x0009BC, 0x0009BC}, {0x0009BE, 0x0009BE}, {0x0009C1, 0x0009C4},
    {0x0009CD, 0x0009CD}, {0x0009D7, 0x0009D7}, {0x0009E2, 0x0009E3}, {0x0009FE, 0x0009FE},
    {0x000A01, 0x000A02}, {0x000A3C, 0x000A3C}, {0x000A41, 0x000A42}, {0x000A47, 0x000A48},
    {0x000A4B, 0x000A4D}, {0x000A51, 0x000A51}, {0x000A70, 0x000A71}, {0x000A75, 0x000A75},
    {0x000A81, 0x000A82}, {0x000ABC, 0x000ABC}, {0x000AC1, 0x000AC5}, {0x000AC7, 0x000AC8},
    {0x000ACD, 0x000ACD}, {0x000AE2, 0x000AE3}, {0x000AFA, 0x000AFF}, {0x000B01, 0x000B01},
    {0x000B3C, 0x000B3C}, {0x000B3E, 0x000B3F}, {0x000B41, 0x000B44}, {0x000B4D, 0x000B4D},
    {0x000B55, 0x000B57}, {0x000B62, 0x000B63}, {0x000B82, 0x000B82}, {0x000BBE, 0x000BBE},
    {0x000BC0, 0x000BC0}, {0x000BCD, 0x000BCD}, {0x000BD7, 0x000BD7}, {0x000C00, 0x000C00},
    {0x000C04, 0x000C04}, {0x000C3C, 0x000C3C}, {0x000C3E, 0x000C40}, {0x000C46, 0x000C48},
    {0x000C4A, 0x000C4D}, {0x000C55, 0x000C56}, {0x000C62, 0x000C63}, {0x000C81, 0x000C81},
    {0x000CBC, 0x000CBC}, {0x000CBF, 0x000CC0}, {0x000CC2, 0x000CC2}, {0x000CC6, 0x000CC8},
    {0x000CCA, 0x000CCD}, {0x000CD5, 0x000CD6}, {0x000CE2, 0x000CE3}, {0x000D00, 0x000D01},
    {0x000D3B, 0x000D3C}, {0x000D3E, 0x000D3E}, {0x000D41, 0x000D44}, {0x000D4D, 0x000D4D},
    {0x000D57, 0x000D57}, {0x000D62, 0x000D63}, {0x000D81, 0x000D81}, {0x000DCA, 0x000DCA},
    {0x000DCF, 0x000DCF}, {0x000DD2, 0x000DD4}, {0x000DD6, 0x000DD6}, {0x000DDF, 0x000DDF},
    {0x000E31, 0x000E31}, {0x000E34, 0x000E3A}, {0x000E47, 0x000E4E}, {0x000EB1, 0x000EB1},
    {0x000EB4, 0x000EBC}, {0x000EC8, 0x000ECE}, {0x000F18, 0x000F19}, {0x000F35, 0x000F35},
    {0x000F37, 0x000F37}, {0x000F39, 0x000F39}, {0x000F71, 0x000F7E}, {0x000F80, 0x000F84},
    {0x000F86, 0x000F87}, {0x000F8D, 0x000F97}, {0x000F99, 0x000FBC}, {0x000FC6, 0x000FC6},
    {0x00102D, 0x001030}, {0x001032, 0x001037}, {0x001039, 0x00103A}, {0x00103D, 0x00103E},
    {0x001058, 0x001059}, {0x00105E, 0x001060}, {0x001071, 0x001074}, {0x001082, 0x001082},
    {0x001085, 0x001086}, {0x00108D, 0x00108D}, {0x00109D, 0x00109D}, {0x00135D, 0x00135F},
    {0x001712, 0x001715}, {0x001732, 0x001734}, {0x001752, 0x001753}, {0x001772, 0x001773},
    {0x0017B4, 0x0017B5}, {0x0017B7, 0x0017BD}, {0x0017C6, 0x0017C6}, {0x0017C9, 0x0017D3},
    {0x0017DD, 0x0017DD}, {0x00180B, 0x00180D}, {0x00180F, 0x00180F}, {0x001885, 0x001886},
    {0x0018A9, 0x0018A9}, {0x001920, 0x001922}, {0x001927, 0x001928}, {0x001932, 0x001932},
    {0x001939, 0x00193B}, {0x001A17, 0x001A18}, {0x001A1B, 0x001A1B}, {0x001A56, 0x001A56},
    {0x001A58, 0x001A5E}, {0x001A60, 0x001A60}, {0x001A62, 0x001A62}, {0x001A65, 0x001A6C},
    {0x001A73, 0x001A7C}, {0x001A7F, 0x001A7F}, {0x001AB0, 0x001ACE}, {0x001B00, 0x001B03},
    {0x001B34, 0x001B3D}, {0x001B42, 0x001B44}, {0x001B6B, 0x001B73}, {0x001B80, 0x001B81},
    {0x001BA2, 0x001BA5}, {0x001BA8, 0x001BAD}, {0x001BE6, 0x001BE6}, {0x001BE8, 0x001BE9},
    {0x001BED, 0x001BED}, {0x001BEF, 0x001BF3}, {0x001C2C, 0x001C33}, {0x001C36, 0x001C37},
    {0x001CD0, 0x001CD2}, {0x001CD4, 0x001CE0}, {0x001CE2, 0x001CE8}, {0x001CED, 0x001CED},
    {0x001CF4, 0x001CF4}, {0x001CF8, 0x001CF9}, {0x001DC0, 0x001DFF}, {0x00200C, 0x00200C},
    {0x0020D0, 0x0020F0}, {0x002CEF, 0x002CF1}, {0x002D7F, 0x002D7F}, {0x002DE0, 0x002DFF},
    {0x00302A, 0x00302F}, {0x003099, 0x00309A}, {0x00A66F, 0x00A672}, {0x00A674, 0x00A67D},
    {0x00A69E, 0x00A69F}, {0x00A6F0, 0x00A6F1}, {0x00A802, 0x00A802}, {0x00A806, 0x00A806},
    {0x00A80B, 0x00A80B}, {0x00A825, 0x00A826}, {0x00A82C, 0x00A82C}, {0x00A8C4, 0x00A8C5},
    {0x00A8E0, 0x00A8F1}, {0x00A8FF, 0x00A8FF}, {0x00A926, 0x00A92D}, {0x00A947, 0x00A951},
    {0x00A953, 0x00A953}, {0x00A980, 0x00A982}, {0x00A9B3, 0x00A9B3}, {0x00A9B6, 0x00A9B9},
    {0x00A9BC, 0x00A9BD}, {0x00A9C0, 0x00A9C0}, {0x00A9E5, 0x00A9E5}, {0x00AA29, 0x00AA2E},
    {0x00AA31, 0x00AA32}, {0x00AA35, 0x00AA36}, {0x00AA43, 0x00AA43}, {0x00AA4C, 0x00AA4C},
    {0x00AA7C, 0x00AA7C}, {0x00AAB0, 0x00AAB0}, {0x00AAB2, 0x00AAB4}, {0x00AAB7, 0x00AAB8},
    {0x00AABE, 0x00AABF}, {0x00AAC1, 0x00AAC1}, {0x00AAEC, 0x00AAED}, {0x00AAF6, 0x00AAF6},
    {0x00ABE5, 0x00ABE5}, {0x00ABE8, 0x00ABE8}, {0x00ABED, 0x00ABED}, {0x00FB1E, 0x00FB1E},
    {0x00FE00, 0x00FE0F}, {0x00FE20, 0x00FE2F}, {0x00FF9E, 0x00FF9F}, {0x0101FD, 0x0101FD},
    {0x0102E0, 0x0102E0}, {0x010376, 0x01037A}, {0x010A01, 0x010A03}, {0x010A05, 0x010A06},
    {0x010A0C, 0x010A0F}, {0x010A38, 0x010A3A}, {0x010A3F, 0x010A3F}, {0x010AE5, 0x010AE6},
    {0x010D24, 0x010D27}, {0x010D69, 0x010D6D}, {0x010EAB, 0x010EAC}, {0x010EFC, 0x010EFF},
    {0x010F46, 0x010F50}, {0x010F82, 0x010F85}, {0x011001, 0x011001}, {0x011038, 0x011046},
    {0x011070, 0x011070}, {0x011073, 0x011074}, {0x01107F, 0x011081}, {0x0110B3, 0x0110B6},
    {0x0110B9, 0x0110BA}, {0x0110C2, 0x0110C2}, {0x011100, 0x011102}, {0x011127, 0x01112B},
    {0x01112D, 0x011134}, {0x011173, 0x011173}, {0x011180, 0x011181}, {0x0111B6, 0x0111BE},
    {0x0111C0, 0x0111C0}, {0x0111C9, 0x0111CC}, {0x0111CF, 0x0111CF}, {0x01122F, 0x011231},
    {0x011234, 0x011237}, {0x01123E, 0x01123E}, {0x011241, 0x011241}, {0x0112DF, 0x0112DF},
    {0x0112E3, 0x0112EA}, {0x011300, 0x011301}, {0x01133B, 0x01133C}, {0x01133E, 0x01133E},
    {0x011340, 0x011340}, {0x01134D, 0x01134D}, {0x011357, 0x011357}, {0x011366, 0x01136C},
    {0x011370, 0x011374}, {0x0113B8, 0x0113B8}, {0x0113BB, 0x0113C0}, {0x0113C2, 0x0113C2},
    {0x0113C5, 0x0113C5}, {0x0113C7, 0x0113C9}, {0x0113CE, 0x0113D0}, {0x0113D2, 0x0113D2},
    {0x0113E1, 0x0113E2}, {0x011438, 0x01143F}, {0x011442, 0x011444}, {0x011446, 0x011446},
    {0x01145E, 0x01145E}, {0x0114B0, 0x0114B0}, {0x0114B3, 0x0114B8}, {0x0114BA, 0x0114BA},
    {0x0114BD, 0x0114BD}, {0x0114BF, 0x0114C0}, {0x0114C2, 0x0114C3}, {0x0115AF, 0x0115AF},
    {0x0115B2, 0x0115B5}, {0x0115BC, 0x0115BD}, {0x0115BF, 0x0115C0}, {0x0115DC, 0x0115DD},
    {0x011633, 0x01163A}, {0x01163D, 0x01163D}, {0x01163F, 0x011640}, {0x0116AB, 0x0116AB},
    {0x0116AD, 0x0116AD}, {0x0116B0, 0x0116B7}, {0x01171D, 0x01171D}, {0x01171F, 0x01171F},
    {0x011722, 0x011725}, {0x011727, 0x01172B}, {0x01182F, 0x011837}, {0x011839, 0x01183A},
    {0x011930, 0x011930}, {0x01193B, 0x01193E}, {0x011943, 0x011943}, {0x0119D4, 0x0119D7},
    {0x0119DA, 0x0119DB}, {0x0119E0, 0x0119E0}, {0x011A01, 0x011A0A}, {0x011A33, 0x011A38},
    {0x011A3B, 0x011A3E}, {0x011A47, 0x011A47}, {0x011A51, 0x011A56}, {0x011A59, 0x011A5B},
    {0x011A8A, 0x011A96}, {0x011A98, 0x011A99}, {0x011C30, 0x011C36}, {0x011C38, 0x011C3D},
    {0x011C3F, 0x011C3F}, {0x011C92, 0x011CA7}, {0x011CAA, 0x011CB0}, {0x011CB2, 0x011CB3},
    {0x011CB5, 0x011CB6}, {0x011D31, 0x011D36}, {0x011D3A, 0x011D3A}, {0x011D3C, 0x011D3D},
    {0x011D3F, 0x011D45}, {0x011D47, 0x011D47}, {0x011D90, 0x011D91}, {0x011D95, 0x011D95},
    {0x011D97, 0x011D97}, {0x011EF3, 0x011EF4}, {0x011F00, 0x011F01}, {0x011F36, 0x011F3A},
    {0x011F40, 0x011F42}, {0x011F5A, 0x011F5A}, {0x013440, 0x013440}, {0x013447, 0x013455},
    {0x01611E, 0x016129}, {0x01612D, 0x01612F}, {0x016AF0, 0x016AF4}, {0x016B30, 0x016B36},
    {0x016F4F, 0x016F4F}, {0x016F8F, 0x016F92}, {0x016FE4, 0x016FE4}, {0x016FF0, 0x016FF1},
    {0x01BC9D, 0x01BC9E}, {0x01CF00, 0x01CF2D}, {0x01CF30, 0x01CF46}, {0x01D165, 0x01D169},
    {0x01D16D, 0x01D172}, {0x01D17B, 0x01D182}, {0x01D185, 0x01D18B}, {0x01D1AA, 0x01D1AD},
    {0x01D242, 0x01D244}, {0x01DA00, 0x01DA36}, {0x01DA3B, 0x01DA6C}, {0x01DA75, 0x01DA75},
    {0x01DA84, 0x01DA84}, {0x01DA9B, 0x01DA9F}, {0x01DAA1, 0x01DAAF}, {0x01E000, 0x01E006},
    {0x01E008, 0x01E018}, {0x01E01B, 0x01E021}, {0x01E023, 0x01E024}, {0x01E026, 0x01E02A},
    {0x01E08F, 0x01E08F}, {0x01E130, 0x01E136}, {0x01E2AE, 0x01E2AE}, {0x01E2EC, 0x01E2EF},
    {0x01E4EC, 0x01E4EF}, {0x01E5EE, 0x01E5EF}, {0x01E8D0, 0x01E8D6}, {0x01E944, 0x01E94A},
    {0x01F3FB, 0x01F3FF}, {0x0E0020, 0x0E007F}, {0x0E0100, 0x0E01EF}, {0x001100, 0x00115F},
    {0x00A960, 0x00A97C}, {0x00AC00, 0x00AC00}, {0x00AC1C, 0x00AC1C}, {0x00AC38, 0x00AC38},
    {0x00AC54, 0x00AC54}, {0x00AC70, 0x00AC70}, {0x00AC8C, 0x00AC8C}, {0x00ACA8, 0x00ACA8},
    {0x00ACC4, 0x00ACC4}, {0x00ACE0, 0x00ACE0}, {0x00ACFC, 0x00ACFC}, {0x00AD18, 0x00AD18},
    {0x00AD34, 0x00AD34}, {0x00AD50, 0x00AD50}, {0x00AD6C, 0x00AD6C}, {0x00AD88, 0x00AD88},
    {0x00ADA4, 0x00ADA4}, {0x00ADC0, 0x00ADC0}, {0x00ADDC, 0x00ADDC}, {0x00ADF8, 0x00ADF8},
    {0x00AE14, 0x00AE14}, {0x00AE30, 0x00AE30}, {0x00AE4C, 0x00AE4C}, {0x00AE68, 0x00AE68},
    {0x00AE84, 0x00AE84}, {0x00AEA0, 0x00AEA0}, {0x00AEBC, 0x00AEBC}, {0x00AED8, 0x00AED8},
    {0x00AEF4, 0x00AEF4}, {0x00AF10, 0x00AF10}, {0x00AF2C, 0x00AF2C}, {0x00AF48, 0x00AF48},
    {0x00AF64, 0x00AF64}, {0x00AF80, 0x00AF80}, {0x00AF9C, 0x00AF9C}, {0x00AFB8, 0x00AFB8},
    {0x00AFD4, 0x00AFD4}, {0x00AFF0, 0x00AFF0}, {0x00B00C, 0x00B00C}, {0x00B028, 0x00B028},
    {0x00B044, 0x00B044}, {0x00B060, 0x00B060}, {0x00B07C, 0x00B07C}, {0x00B098, 0x00B098},
    {0x00B0B4, 0x00B0B4}, {0x00B0D0, 0x00B0D0}, {0x00B0EC, 0x00B0EC}, {0x00B108, 0x00B108},
    {0x00B124, 0x00B124}, {0x00B140, 0x00B140}, {0x00B15C, 0x00B15C}, {0x00B178, 0x00B178},
    {0x00B194, 0x00B194}, {0x00B1B0, 0x00B1B0}, {0x00B1CC, 0x00B1CC}, {0x00B1E8, 0x00B1E8},
    {0x00B204, 0x00B204}, {0x00B220, 0x00B220}, {0x00B23C, 0x00B23C}, {0x00B258, 0x00B258},
    {0x00B274, 0x00B274}, {0x00B290, 0x00B290}, {0x00B2AC, 0x00B2AC}, {0x00B2C8, 0x00B2C8},
    {0x00B2E4, 0x00B2E4}, {0x00B300, 0x00B300}, {0x00B31C, 0x00B31C}, {0x00B338, 0x00B338},
    {0x00B354, 0x00B354}, {0x00B370, 0x00B370}, {0x00B38C, 0x00B38C}, {0x00B3A8, 0x00B3A8},
    {0x00B3C4, 0x00B3C4}, {0x00B3E0, 0x00B3E0}, {0x00B3FC, 0x00B3FC}, {0x00B418, 0x00B418},
    {0x00B434, 0x00B434}, {0x00B450, 0x00B450}, {0x00B46C, 0x00B46C}, {0x00B488, 0x00B488},
    {0x00B4A4, 0x00B4A4}, {0x00B4C0, 0x00B4C0}, {0x00B4DC, 0x00B4DC}, {0x00B4F8, 0x00B4F8},
    {0x00B514, 0x00B514}, {0x00B530, 0x00B530}, {0x00B54C, 0x00B54C}, {0x00B568, 0x00B568},
    {0x00B584, 0x00B584}, {0x00B5A0, 0x00B5A0}, {0x00B5BC, 0x00B5BC}, {0x00B5D8, 0x00B5D8},
    {0x00B5F4, 0x00B5F4}, {0x00B610, 0x00B610}, {0x00B62C, 0x00B62C}, {0x00B648, 0x00B648},
    {0x00B664, 0x00B664}, {0x00B680, 0x00B680}, {0x00B69C, 0x00B69C}, {0x00B6B8, 0x00B6B8},
    {0x00B6D4, 0x00B6D4}, {0x00B6F0, 0x00B6F0}, {0x00B70C, 0x00B70C}, {0x00B728, 0x00B728},
    {0x00B744, 0x00B744}, {0x00B760, 0x00B760}, {0x00B77C, 0x00B77C}, {0x00B798, 0x00B798},
    {0x00B7B4, 0x00B7B4}, {0x00B7D0, 0x00B7D0}, {0x00B7EC, 0x00B7EC}, {0x00B808, 0x00B808},
    {0x00B824, 0x00B824}, {0x00B840, 0x00B840}, {0x00B85C, 0x00B85C}, {0x00B878, 0x00B878},
    {0x00B894, 0x00B894}, {0x00B8B0, 0x00B8B0}, {0x00B8CC, 0x00B8CC}, {0x00B8E8, 0x00B8E8},
    {0x00B904, 0x00B904}, {0x00B920, 0x00B920}, {0x00B93C, 0x00B93C}, {0x00B958, 0x00B958},
    {0x00B974, 0x00B974}, {0x00B990, 0x00B990}, {0x00B9AC, 0x00B9AC}, {0x00B9C8, 0x00B9C8},
    {0x00B9E4, 0x00B9E4}, {0x00BA00, 0x00BA00}, {0x00BA1C, 0x00BA1C}, {0x00BA38, 0x00BA38},
    {0x00BA54, 0x00BA54}, {0x00BA70, 0x00BA70}, {0x00BA8C, 0x00BA8C}, {0x00BAA8, 0x00BAA8},
    {0x00BAC4, 0x00BAC4}, {0x00BAE0, 0x00BAE0}, {0x00BAFC, 0x00BAFC}, {0x00BB18, 0x00BB18},
    {0x00BB34, 0x00BB34}, {0x00BB50, 0x00BB50}, {0x00BB6C, 0x00BB6C}, {0x00BB88, 0x00BB88},
    {0x00BBA4, 0x00BBA4}, {0x00BBC0, 0x00BBC0}, {0x00BBDC, 0x00BBDC}, {0x00BBF8, 0x00BBF8},
    {0x00BC14, 0x00BC14}, {0x00BC30, 0x00BC30}, {0x00BC4C, 0x00BC4C}, {0x00BC68, 0x00BC68},
    {0x00BC84, 0x00BC84}, {0x00BCA0, 0x00BCA0}, {0x00BCBC, 0x00BCBC}, {0x00BCD8, 0x00BCD8},
    {0x00BCF4, 0x00BCF4}, {0x00BD10, 0x00BD10}, {0x00BD2C, 0x00BD2C}, {0x00BD48, 0x00BD48},
    {0x00BD64, 0x00BD64}, {0x00BD80, 0x00BD80}, {0x00BD9C, 0x00BD9C}, {0x00BDB8, 0x00BDB8},
    {0x00BDD4, 0x00BDD4}, {0x00BDF0, 0x00BDF0}, {0x00BE0C, 0x00BE0C}, {0x00BE28, 0x00BE28},
    {0x00BE44, 0x00BE44}, {0x00BE60, 0x00BE60}, {0x00BE7C, 0x00BE7C}, {0x00BE98, 0x00BE98},
    {0x00BEB4, 0x00BEB4}, {0x00BED0, 0x00BED0}, {0x00BEEC, 0x00BEEC}, {0x00BF08, 0x00BF08},
    {0x00BF24, 0x00BF24}, {0x00BF40, 0x00BF40}, {0x00BF5C, 0x00BF5C}, {0x00BF78, 0x00BF78},
    {0x00BF94, 0x00BF94}, {0x00BFB0, 0x00BFB0}, {0x00BFCC, 0x00BFCC}, {0x00BFE8, 0x00BFE8},
    {0x00C004, 0x00C004}, {0x00C020, 0x00C020}, {0x00C03C, 0x00C03C}, {0x00C058, 0x00C058},
    {0x00C074, 0x00C074}, {0x00C090, 0x00C090}, {0x00C0AC, 0x00C0AC}, {0x00C0C8, 0x00C0C8},
    {0x00C0E4, 0x00C0E4}, {0x00C100, 0x00C100}, {0x00C11C, 0x00C11C}, {0x00C138, 0x00C138},
    {0x00C154, 0x00C154}, {0x00C170, 0x00C170}, {0x00C18C, 0x00C18C}, {0x00C1A8, 0x00C1A8},
    {0x00C1C4, 0x00C1C4}, {0x00C1E0, 0x00C1E0}, {0x00C1FC, 0x00C1FC}, {0x00C218, 0x00C218},
    {0x00C234, 0x00C234}, {0x00C250, 0x00C250}, {0x00C26C, 0x00C26C}, {0x00C288, 0x00C288},
    {0x00C2A4, 0x00C2A4}, {0x00C2C0, 0x00C2C0}, {0x00C2DC, 0x00C2DC}, {0x00C2F8, 0x00C2F8},
    {0x00C314, 0x00C314}, {0x00C330, 0x00C330}, {0x00C34C, 0x00C34C}, {0x00C368, 0x00C368},
    {0x00C384, 0x00C384}, {0x00C3A0, 0x00C3A0}, {0x00C3BC, 0x00C3BC}, {0x00C3D8, 0x00C3D8},
    {0x00C3F4, 0x00C3F4}, {0x00C410, 0x00C410}, {0x00C42C, 0x00C42C}, {0x00C448, 0x00C448},
    {0x00C464, 0x00C464}, {0x00C480, 0x00C480}, {0x00C49C, 0x00C49C}, {0x00C4B8, 0x00C4B8},
    {0x00C4D4, 0x00C4D4}, {0x00C4F0, 0x00C4F0}, {0x00C50C, 0x00C50C}, {0x00C528, 0x00C528},
    {0x00C544, 0x00C544}, {0x00C560, 0x00C560}, {0x00C57C, 0x00C57C}, {0x00C598, 0x00C598},
    {0x00C5B4, 0x00C5B4}, {0x00C5D0, 0x00C5D0}, {0x00C5EC, 0x00C5EC}, {0x00C608, 0x00C608},
    {0x00C624, 0x00C624}, {0x00C640, 0x00C640}, {0x00C65C, 0x00C65C}, {0x00C678, 0x00C678},
    {0x00C694, 0x00C694}, {0x00C6B0, 0x00C6B0}, {0x00C6CC, 0x00C6CC}, {0x00C6E8, 0x00C6E8},
    {0x00C704, 0x00C704}, {0x00C720, 0x00C720}, {0x00C73C, 0x00C73C}, {0x00C758, 0x00C758},
    {0x00C774, 0x00C774}, {0x00C790, 0x00C790}, {0x00C7AC, 0x00C7AC}, {0x00C7C8, 0x00C7C8},
    {0x00C7E4, 0x00C7E4}, {0x00C800, 0x00C800}, {0x00C81C, 0x00C81C}, {0x00C838, 0x00C838},
    {0x00C854, 0x00C854}, {0x00C870, 0x00C870}, {0x00C88C, 0x00C88C}, {0x00C8A8, 0x00C8A8},
    {0x00C8C4, 0x00C8C4}, {0x00C8E0, 0x00C8E0}, {0x00C8FC, 0x00C8FC}, {0x00C918, 0x00C918},
    {0x00C934, 0x00C934}, {0x00C950, 0x00C950}, {0x00C96C, 0x00C96C}, {0x00C988, 0x00C988},
    {0x00C9A4, 0x00C9A4}, {0x00C9C0, 0x00C9C0}, {0x00C9DC, 0x00C9DC}, {0x00C9F8, 0x00C9F8},
    {0x00CA14, 0x00CA14}, {0x00CA30, 0x00CA30}, {0x00CA4C, 0x00CA4C}, {0x00CA68, 0x00CA68},
    {0x00CA84, 0x00CA84}, {0x00CAA0, 0x00CAA0}, {0x00CABC, 0x00CABC}, {0x00CAD8, 0x00CAD8},
    {0x00CAF4, 0x00CAF4}, {0x00CB10, 0x00CB10}, {0x00CB2C, 0x00CB2C}, {0x00CB48, 0x00CB48},
    {0x00CB64, 0x00CB64}, {0x00CB80, 0x00CB80}, {0x00CB9C, 0x00CB9C}, {0x00CBB8, 0x00CBB8},
    {0x00CBD4, 0x00CBD4}, {0x00CBF0, 0x00CBF0}, {0x00CC0C, 0x00CC0C}, {0x00CC28, 0x00CC28},
    {0x00CC44, 0x00CC44}, {0x00CC60, 0x00CC60}, {0x00CC7C, 0x00CC7C}, {0x00CC98, 0x00CC98},
    {0x00CCB4, 0x00CCB4}, {0x00CCD0, 0x00CCD0}, {0x00CCEC, 0x00CCEC}, {0x00CD08, 0x00CD08},
    {0x00CD24, 0x00CD24}, {0x00CD40, 0x00CD40}, {0x00CD5C, 0x00CD5C}, {0x00CD78, 0x00CD78},
    {0x00CD94, 0x00CD94}, {0x00CDB0, 0x00CDB0}, {0x00CDCC, 0x00CDCC}, {0x00CDE8, 0x00CDE8},
    {0x00CE04, 0x00CE04}, {0x00CE20, 0x00CE20}, {0x00CE3C, 0x00CE3C}, {0x00CE58, 0x00CE58},
    {0x00CE74, 0x00CE74}, {0x00CE90, 0x00CE90}, {0x00CEAC, 0x00CEAC}, {0x00CEC8, 0x00CEC8},
    {0x00CEE4, 0x00CEE4}, {0x00CF00, 0x00CF00}, {0x00CF1C, 0x00CF1C}, {0x00CF38, 0x00CF38},
    {0x00CF54, 0x00CF54}, {0x00CF70, 0x00CF70}, {0x00CF8C, 0x00CF8C}, {0x00CFA8, 0x00CFA8},
    {0x00CFC4, 0x00CFC4}, {0x00CFE0, 0x00CFE0}, {0x00CFFC, 0x00CFFC}, {0x00D018, 0x00D018},
    {0x00D034, 0x00D034}, {0x00D050, 0x00D050}, {0x00D06C, 0x00D06C}, {0x00D088, 0x00D088},
    {0x00D0A4, 0x00D0A4}, {0x00D0C0, 0x00D0C0}, {0x00D0DC, 0x00D0DC}, {0x00D0F8, 0x00D0F8},
    {0x00D114, 0x00D114}, {0x00D130, 0x00D130}, {0x00D14C, 0x00D14C}, {0x00D168, 0x00D168},
    {0x00D184, 0x00D184}, {0x00D1A0, 0x00D1A0}, {0x00D1BC, 0x00D1BC}, {0x00D1D8, 0x00D1D8},
    {0x00D1F4, 0x00D1F4}, {0x00D210, 0x00D210}, {0x00D22C, 0x00D22C}, {0x00D248, 0x00D248},
    {0x00D264, 0x00D264}, {0x00D280, 0x00D280}, {0x00D29C, 0x00D29C}, {0x00D2B8, 0x00D2B8},
    {0x00D2D4, 0x00D2D4}, {0x00D2F0, 0x00D2F0}, {0x00D30C, 0x00D30C}, {0x00D328, 0x00D328},
    {0x00D344, 0x00D344}, {0x00D360, 0x00D360}, {0x00D37C, 0x00D37C}, {0x00D398, 0x00D398},
    {0x00D3B4, 0x00D3B4}, {0x00D3D0, 0x00D3D0}, {0x00D3EC, 0x00D3EC}, {0x00D408, 0x00D408},
    {0x00D424, 0x00D424}, {0x00D440, 0x00D440}, {0x00D45C, 0x00D45C}, {0x00D478, 0x00D478},
    {0x00D494, 0x00D494}, {0x00D4B0, 0x00D4B0}, {0x00D4CC, 0x00D4CC}, {0x00D4E8, 0x00D4E8},
    {0x00D504, 0x00D504}, {0x00D520, 0x00D520}, {0x00D53C, 0x00D53C}, {0x00D558, 0x00D558},
    {0x00D574, 0x00D574}, {0x00D590, 0x00D590}, {0x00D5AC, 0x00D5AC}, {0x00D5C8, 0x00D5C8},
    {0x00D5E4, 0x00D5E4}, {0x00D600, 0x00D600}, {0x00D61C, 0x00D61C}, {0x00D638, 0x00D638},
    {0x00D654, 0x00D654}, {0x00D670, 0x00D670}, {0x00D68C, 0x00D68C}, {0x00D6A8, 0x00D6A8},
    {0x00D6C4, 0x00D6C4}, {0x00D6E0, 0x00D6E0}, {0x00D6FC, 0x00D6FC}, {0x00D718, 0x00D718},
    {0x00D734, 0x00D734}, {0x00D750, 0x00D750}, {0x00D76C, 0x00D76C}, {0x00D788, 0x00D788},
    {0x00AC01, 0x00AC1B}, {0x00AC1D, 0x00AC37}, {0x00AC39, 0x00AC53}, {0x00AC55, 0x00AC6F},
    {0x00AC71, 0x00AC8B}, {0x00AC8D, 0x00ACA7}, {0x00ACA9, 0x00ACC3}, {0x00ACC5, 0x00ACDF},
    {0x00ACE1, 0x00ACFB}, {0x00ACFD, 0x00AD17}, {0x00AD19, 0x00AD33}, {0x00AD35, 0x00AD4F},
    {0x00AD51, 0x00AD6B}, {0x00AD6D, 0x00AD87}, {0x00AD89, 0x00ADA3}, {0x00ADA5, 0x00ADBF},
    {0x00ADC1, 0x00ADDB}, {0x00ADDD, 0x00ADF7}, {0x00ADF9, 0x00AE13}, {0x00AE15, 0x00AE2F},
    {0x00AE31, 0x00AE4B}, {0x00AE4D, 0x00AE67}, {0x00AE69, 0x00AE83}, {0x00AE85, 0x00AE9F},
    {0x00AEA1, 0x00AEBB}, {0x00AEBD, 0x00AED7}, {0x00AED9, 0x00AEF3}, {0x00AEF5, 0x00AF0F},
    {0x00AF11, 0x00AF2B}, {0x00AF2D, 0x00AF47}, {0x00AF49, 0x00AF63}, {0x00AF65, 0x00AF7F},
    {0x00AF81, 0x00AF9B}, {0x00AF9D, 0x00AFB7}, {0x00AFB9, 0x00AFD3}, {0x00AFD5, 0x00AFEF},
    {0x00AFF1, 0x00B00B}, {0x00B00D, 0x00B027}, {0x00B029, 0x00B043}, {0x00B045, 0x00B05F},
    {0x00B061, 0x00B07B}, {0x00B07D, 0x00B097}, {0x00B099, 0x00B0B3}, {0x00B0B5, 0x00B0CF},
    {0x00B0D1, 0x00B0EB}, {0x00B0ED, 0x00B107}, {0x00B109, 0x00B123}, {0x00B125, 0x00B13F},
    {0x00B141, 0x00B15B}, {0x00B15D, 0x00B177}, {0x00B179, 0x00B193}, {0x00B195, 0x00B1AF},
    {0x00B1B1, 0x00B1CB}, {0x00B1CD, 0x00B1E7}, {0x00B1E9, 0x00B203}, {0x00B205, 0x00B21F},
    {0x00B221, 0x00B23B}, {0x00B23D, 0x00B257}, {0x00B259, 0x00B273}, {0x00B275, 0x00B28F},
    {0x00B291, 0x00B2AB}, {0x00B2AD, 0x00B2C7}, {0x00B2C9, 0x00B2E3}, {0x00B2E5, 0x00B2FF},
    {0x00B301, 0x00B31B}, {0x00B31D, 0x00B337}, {0x00B339, 0x00B353}, {0x00B355, 0x00B36F},
    {0x00B371, 0x00B38B}, {0x00B38D, 0x00B3A7}, {0x00B3A9, 0x00B3C3}, {0x00B3C5, 0x00B3DF},
    {0x00B3E1, 0x00B3FB}, {0x00B3FD, 0x00B417}, {0x00B419, 0x00B433}, {0x00B435, 0x00B44F},
    {0x00B451, 0x00B46B}, {0x00B46D, 0x00B487}, {0x00B489, 0x00B4A3}, {0x00B4A5, 0x00B4BF},
    {0x00B4C1, 0x00B4DB}, {0x00B4DD, 0x00B4F7}, {0x00B4F9, 0x00B513}, {0x00B515, 0x00B52F},
    {0x00B531, 0x00B54B}, {0x00B54D, 0x00B567}, {0x00B569, 0x00B583}, {0x00B585, 0x00B59F},
    {0x00B5A1, 0x00B5BB}, {0x00B5BD, 0x00B5D7}, {0x00B5D9, 0x00B5F3}, {0x00B5F5, 0x00B60F},
    {0x00B611, 0x00B62B}, {0x00B62D, 0x00B647}, {0x00B649, 0x00B663}, {0x00B665, 0x00B67F},
    {0x00B681, 0x00B69B}, {0x00B69D, 0x00B6B7}, {0x00B6B9, 0x00B6D3}, {0x00B6D5, 0x00B6EF},
    {0x00B6F1, 0x00B70B}, {0x00B70D, 0x00B727}, {0x00B729, 0x00B743}, {0x00B745, 0x00B75F},
    {0x00B761, 0x00B77B}, {0x00B77D, 0x00B797}, {0x00B799, 0x00B7B3}, {0x00B7B5, 0x00B7CF},
    {0x00B7D1, 0x00B7EB}, {0x00B7ED, 0x00B807}, {0x00B809, 0x00B823}, {0x00B825, 0x00B83F},
    {0x00B841, 0x00B85B}, {0x00B85D, 0x00B877}, {0x00B879, 0x00B893}, {0x00B895, 0x00B8AF},
    {0x00B8B1, 0x00B8CB}, {0x00B8CD, 0x00B8E7}, {0x00B8E9, 0x00B903}, {0x00B905, 0x00B91F},
    {0x00B921, 0x00B93B}, {0x00B93D, 0x00B957}, {0x00B959, 0x00B973}, {0x00B975, 0x00B98F},
    {0x00B991, 0x00B9AB}, {0x00B9AD, 0x00B9C7}, {0x00B9C9, 0x00B9E3}, {0x00B9E5, 0x00B9FF},
    {0x00BA01, 0x00BA1B}, {0x00BA1D, 0x00BA37}, {0x00BA39, 0x00BA53}, {0x00BA55, 0x00BA6F},
    {0x00BA71, 0x00BA8B}, {0x00BA8D, 0x00BAA7}, {0x00BAA9, 0x00BAC3}, {0x00BAC5, 0x00BADF},
    {0x00BAE1, 0x00BAFB}, {0x00BAFD, 0x00BB17}, {0x00BB19, 0x00BB33}, {0x00BB35, 0x00BB4F},
    {0x00BB51, 0x00BB6B}, {0x00BB6D, 0x00BB87}, {0x00BB89, 0x00BBA3}, {0x00BBA5, 0x00BBBF},
    {0x00BBC1, 0x00BBDB}, {0x00BBDD, 0x00BBF7}, {0x00BBF9, 0x00BC13}, {0x00BC15, 0x00BC2F},
    {0x00BC31, 0x00BC4B}, {0x00BC4D, 0x00BC67}, {0x00BC69, 0x00BC83}, {0x00BC85, 0x00BC9F},
    {0x00BCA1, 0x00BCBB}, {0x00BCBD, 0x00BCD7}, {0x00BCD9, 0x00BCF3}, {0x00BCF5, 0x00BD0F},
    {0x00BD11, 0x00BD2B}, {0x00BD2D, 0x00BD47}, {0x00BD49, 0x00BD63}, {0x00BD65, 0x00BD7F},
    {0x00BD81, 0x00BD9B}, {0x00BD9D, 0x00BDB7}, {0x00BDB9, 0x00BDD3}, {0x00BDD5, 0x00BDEF},
    {0x00BDF1, 0x00BE0B}, {0x00BE0D, 0x00BE27}, {0x00BE29, 0x00BE43}, {0x00BE45, 0x00BE5F},
    {0x00BE61, 0x00BE7B}, {0x00BE7D, 0x00BE97}, {0x00BE99, 0x00BEB3}, {0x00BEB5, 0x00BECF},
    {0x00BED1, 0x00BEEB}, {0x00BEED, 0x00BF07}, {0x00BF09, 0x00BF23}, {0x00BF25, 0x00BF3F},
    {0x00BF41, 0x00BF5B}, {0x00BF5D, 0x00BF77}, {0x00BF79, 0x00BF93}, {0x00BF95, 0x00BFAF},
    {0x00BFB1, 0x00BFCB}, {0x00BFCD, 0x00BFE7}, {0x00BFE9, 0x00C003}, {0x00C005, 0x00C01F},
    {0x00C021, 0x00C03B}, {0x00C03D, 0x00C057}, {0x00C059, 0x00C073}, {0x00C075, 0x00C08F},
    {0x00C091, 0x00C0AB}, {0x00C0AD, 0x00C0C7}, {0x00C0C9, 0x00C0E3}, {0x00C0E5, 0x00C0FF},
    {0x00C101, 0x00C11B}, {0x00C11D, 0x00C137}, {0x00C139, 0x00C153}, {0x00C155, 0x00C16F},
    {0x00C171, 0x00C18B}, {0x00C18D, 0x00C1A7}, {0x00C1A9, 0x00C1C3}, {0x00C1C5, 0x00C1DF},
    {0x00C1E1, 0x00C1FB}, {0x00C1FD, 0x00C217}, {0x00C219, 0x00C233}, {0x00C235, 0x00C24F},
    {0x00C251, 0x00C26B}, {0x00C26D, 0x00C287}, {0x00C289, 0x00C2A3}, {0x00C2A5, 0x00C2BF},
    {0x00C2C1, 0x00C2DB}, {0x00C2DD, 0x00C2F7}, {0x00C2F9, 0x00C313}, {0x00C315, 0x00C32F},
    {0x00C331, 0x00C34B}, {0x00C34D, 0x00C367}, {0x00C369, 0x00C383}, {0x00C385, 0x00C39F},
    {0x00C3A1, 0x00C3BB}, {0x00C3BD, 0x00C3D7}, {0x00C3D9, 0x00C3F3}, {0x00C3F5, 0x00C40F},
    {0x00C411, 0x00C42B}, {0x00C42D, 0x00C447}, {0x00C449, 0x00C463}, {0x00C465, 0x00C47F},
    {0x00C481, 0x00C49B}, {0x00C49D, 0x00C4B7}, {0x00C4B9, 0x00C4D3}, {0x00C4D5, 0x00C4EF},
    {0x00C4F1, 0x00C50B}, {0x00C50D, 0x00C527}, {0x00C529, 0x00C543}, {0x00C545, 0x00C55F},
    {0x00C561, 0x00C57B}, {0x00C57D, 0x00C597}, {0x00C599, 0x00C5B3}, {0x00C5B5, 0x00C5CF},
    {0x00C5D1, 0x00C5EB}, {0x00C5ED, 0x00C607}, {0x00C609, 0x00C623}, {0x00C625, 0x00C63F},
    {0x00C641, 0x00C65B}, {0x00C65D, 0x00C677}, {0x00C679, 0x00C693}, {0x00C695, 0x00C6AF},
    {0x00C6B1, 0x00C6CB}, {0x00C6CD, 0x00C6E7}, {0x00C6E9, 0x00C703}, {0x00C705, 0x00C71F},
    {0x00C721, 0x00C73B}, {0x00C73D, 0x00C757}, {0x00C759, 0x00C773}, {0x00C775, 0x00C78F},
    {0x00C791, 0x00C7AB}, {0x00C7AD, 0x00C7C7}, {0x00C7C9, 0x00C7E3}, {0x00C7E5, 0x00C7FF},
    {0x00C801, 0x00C81B}, {0x00C81D, 0x00C837}, {0x00C839, 0x00C853}, {0x00C855, 0x00C86F},
    {0x00C871, 0x00C88B}, {0x00C88D, 0x00C8A7}, {0x00C8A9, 0x00C8C3}, {0x00C8C5, 0x00C8DF},
    {0x00C8E1, 0x00C8FB}, {0x00C8FD, 0x00C917}, {0x00C919, 0x00C933}, {0x00C935, 0x00C94F},
    {0x00C951, 0x00C96B}, {0x00C96D, 0x00C987}, {0x00C989, 0x00C9A3}, {0x00C9A5, 0x00C9BF},
    {0x00C9C1, 0x00C9DB}, {0x00C9DD, 0x00C9F7}, {0x00C9F9, 0x00CA13}, {0x00CA15, 0x00CA2F},
    {0x00CA31, 0x00CA4B}, {0x00CA4D, 0x00CA67}, {0x00CA69, 0x00CA83}, {0x00CA85, 0x00CA9F},
    {0x00CAA1, 0x00CABB}, {0x00CABD, 0x00CAD7}, {0x00CAD9, 0x00CAF3}, {0x00CAF5, 0x00CB0F},
    {0x00CB11, 0x00CB2B}, {0x00CB2D, 0x00CB47}, {0x00CB49, 0x00CB63}, {0x00CB65, 0x00CB7F},
    {0x00CB81, 0x00CB9B}, {0x00CB9D, 0x00CBB7}, {0x00CBB9, 0x00CBD3}, {0x00CBD5, 0x00CBEF},
    {0x00CBF1, 0x00CC0B}, {0x00CC0D, 0x00CC27}, {0x00CC29, 0x00CC43}, {0x00CC45, 0x00CC5F},
    {0x00CC61, 0x00CC7B}, {0x00CC7D, 0x00CC97}, {0x00CC99, 0x00CCB3}, {0x00CCB5, 0x00CCCF},
    {0x00CCD1, 0x00CCEB}, {0x00CCED, 0x00CD07}, {0x00CD09, 0x00CD23}, {0x00CD25, 0x00CD3F},
    {0x00CD41, 0x00CD5B}, {0x00CD5D, 0x00CD77}, {0x00CD79, 0x00CD93}, {0x00CD95, 0x00CDAF},
    {0x00CDB1, 0x00CDCB}, {0x00CDCD, 0x00CDE7}, {0x00CDE9, 0x00CE03}, {0x00CE05, 0x00CE1F},
    {0x00CE21, 0x00CE3B}, {0x00CE3D, 0x00CE57}, {0x00CE59, 0x00CE73}, {0x00CE75, 0x00CE8F},
    {0x00CE91, 0x00CEAB}, {0x00CEAD, 0x00CEC7}, {0x00CEC9, 0x00CEE3}, {0x00CEE5, 0x00CEFF},
    {0x00CF01, 0x00CF1B}, {0x00CF1D, 0x00CF37}, {0x00CF39, 0x00CF53}, {0x00CF55, 0x00CF6F},
    {0x00CF71, 0x00CF8B}, {0x00CF8D, 0x00CFA7}, {0x00CFA9, 0x00CFC3}, {0x00CFC5, 0x00CFDF},
    {0x00CFE1, 0x00CFFB}, {0x00CFFD, 0x00D017}, {0x00D019, 0x00D033}, {0x00D035, 0x00D04F},
    {0x00D051, 0x00D06B}, {0x00D06D, 0x00D087}, {0x00D089, 0x00D0A3}, {0x00D0A5, 0x00D0BF},
    {0x00D0C1, 0x00D0DB}, {0x00D0DD, 0x00D0F7}, {0x00D0F9, 0x00D113}, {0x00D115, 0x00D12F},
    {0x00D131, 0x00D14B}, {0x00D14D, 0x00D167}, {0x00D169, 0x00D183}, {0x00D185, 0x00D19F},
    {0x00D1A1, 0x00D1BB}, {0x00D1BD, 0x00D1D7}, {0x00D1D9, 0x00D1F3}, {0x00D1F5, 0x00D20F},
    {0x00D211, 0x00D22B}, {0x00D22D, 0x00D247}, {0x00D249, 0x00D263}, {0x00D265, 0x00D27F},
    {0x00D281, 0x00D29B}, {0x00D29D, 0x00D2B7}, {0x00D2B9, 0x00D2D3}, {0x00D2D5, 0x00D2EF},
    {0x00D2F1, 0x00D30B}, {0x00D30D, 0x00D327}, {0x00D329, 0x00D343}, {0x00D345, 0x00D35F},
    {0x00D361, 0x00D37B}, {0x00D37D, 0x00D397}, {0x00D399, 0x00D3B3}, {0x00D3B5, 0x00D3CF},
    {0x00D3D1, 0x00D3EB}, {0x00D3ED, 0x00D407}, {0x00D409, 0x00D423}, {0x00D425, 0x00D43F},
    {0x00D441, 0x00D45B}, {0x00D45D, 0x00D477}, {0x00D479, 0x00D493}, {0x00D495, 0x00D4AF},
    {0x00D4B1, 0x00D4CB}, {0x00D4CD, 0x00D4E7}, {0x00D4E9, 0x00D503}, {0x00D505, 0x00D51F},
    {0x00D521, 0x00D53B}, {0x00D53D, 0x00D557}, {0x00D559, 0x00D573}, {0x00D575, 0x00D58F},
    {0x00D591, 0x00D5AB}, {0x00D5AD, 0x00D5C7}, {0x00D5C9, 0x00D5E3}, {0x00D5E5, 0x00D5FF},
    {0x00D601, 0x00D61B}, {0x00D61D, 0x00D637}, {0x00D639, 0x00D653}, {0x00D655, 0x00D66F},
    {0x00D671, 0x00D68B}, {0x00D68D, 0x00D6A7}, {0x00D6A9, 0x00D6C3}, {0x00D6C5, 0x00D6DF},
    {0x00D6E1, 0x00D6FB}, {0x00D6FD, 0x00D717}, {0x00D719, 0x00D733}, {0x00D735, 0x00D74F},
    {0x00D751, 0x00D76B}, {0x00D76D, 0x00D787}, {0x00D789, 0x00D7A3}, {0x000600, 0x000605},
    {0x0006DD, 0x0006DD}, {0x00070F, 0x00070F}, {0x000890, 0x000891}, {0x0008E2, 0x0008E2},
    {0x000D4E, 0x000D4E}, {0x0110BD, 0x0110BD}, {0x0110CD, 0x0110CD}, {0x0111C2, 0x0111C3},
    {0x0113D1, 0x0113D1}, {0x01193F, 0x01193F}, {0x011941, 0x011941}, {0x011A3A, 0x011A3A},
    {0x011A84, 0x011A89}, {0x011D46, 0x011D46}, {0x011F02, 0x011F02}, {0x000903, 0x000903},
    {0x00093B, 0x00093B}, {0x00093E, 0x000940}, {0x000949, 0x00094C}, {0x00094E, 0x00094F},
    {0x000982, 0x000983}, {0x0009BF, 0x0009C0}, {0x0009C7, 0x0009C8}, {0x0009CB, 0x0009CC},
    {0x000A03, 0x000A03}, {0x000A3E, 0x000A40}, {0x000A83, 0x000A83}, {0x000ABE, 0x000AC0},
    {0x000AC9, 0x000AC9}, {0x000ACB, 0x000ACC}, {0x000B02, 0x000B03}, {0x000B40, 0x000B40},
    {0x000B47, 0x000B48}, {0x000B4B, 0x000B4C}, {0x000BBF, 0x000BBF}, {0x000BC1, 0x000BC2},
    {0x000BC6, 0x000BC8}, {0x000BCA, 0x000BCC}, {0x000C01, 0x000C03}, {0x000C41, 0x000C44},
    {0x000C82, 0x000C83}, {0x000CBE, 0x000CBE}, {0x000CC1, 0x000CC1}, {0x000CC3, 0x000CC4},
    {0x000CF3, 0x000CF3}, {0x000D02, 0x000D03}, {0x000D3F, 0x000D40}, {0x000D46, 0x000D48},
    {0x000D4A, 0x000D4C}, {0x000D82, 0x000D83}, {0x000DD0, 0x000DD1}, {0x000DD8, 0x000DDE},
    {0x000DF2, 0x000DF3}, {0x000E33, 0x000E33}, {0x000EB3, 0x000EB3}, {0x000F3E, 0x000F3F},
    {0x000F7F, 0x000F7F}, {0x001031, 0x001031}, {0x00103B, 0x00103C}, {0x001056, 0x001057},
    {0x001084, 0x001084}, {0x0017B6, 0x0017B6}, {0x0017BE, 0x0017C5}, {0x0017C7, 0x0017C8},
    {0x001923, 0x001926}, {0x001929, 0x00192B}, {0x001930, 0x001931}, {0x001933, 0x001938},
    {0x001A19, 0x001A1A}, {0x001A55, 0x001A55}, {0x001A57, 0x001A57}, {0x001A6D, 0x001A72},
    {0x001B04, 0x001B04}, {0x001B3E, 0x001B41}, {0x001B82, 0x001B82}, {0x001BA1, 0x001BA1},
    {0x001BA6, 0x001BA7}, {0x001BE7, 0x001BE7}, {0x001BEA, 0x001BEC}, {0x001BEE, 0x001BEE},
    {0x001C24, 0x001C2B}, {0x001C34, 0x001C35}, {0x001CE1, 0x001CE1}, {0x001CF7, 0x001CF7},
    {0x00A823, 0x00A824}, {0x00A827, 0x00A827}, {0x00A880, 0x00A881}, {0x00A8B4, 0x00A8C3},
    {0x00A952, 0x00A952}, {0x00A983, 0x00A983}, {0x00A9B4, 0x00A9B5}, {0x00A9BA, 0x00A9BB},
    {0x00A9BE, 0x00A9BF}, {0x00AA2F, 0x00AA30}, {0x00AA33, 0x00AA34}, {0x00AA4D, 0x00AA4D},
    {0x00AAEB, 0x00AAEB}, {0x00AAEE, 0x00AAEF}, {0x00AAF5, 0x00AAF5}, {0x00ABE3, 0x00ABE4},
    {0x00ABE6, 0x00ABE7}, {0x00ABE9, 0x00ABEA}, {0x00ABEC, 0x00ABEC}, {0x011000, 0x011000},
    {0x011002, 0x011002}, {0x011082, 0x011082}, {0x0110B0, 0x0110B2}, {0x0110B7, 0x0110B8},
    {0x01112C, 0x01112C}, {0x011145, 0x011146}, {0x011182, 0x011182}, {0x0111B3, 0x0111B5},
    {0x0111BF, 0x0111BF}, {0x0111CE, 0x0111CE}, {0x01122C, 0x01122E}, {0x011232, 0x011233},
    {0x0112E0, 0x0112E2}, {0x011302, 0x011303}, {0x01133F, 0x01133F}, {0x011341, 0x011344},
    {0x011347, 0x011348}, {0x01134B, 0x01134C}, {0x011362, 0x011363}, {0x0113B9, 0x0113BA},
    {0x0113CA, 0x0113CA}, {0x0113CC, 0x0113CD}, {0x011435, 0x011437}, {0x011440, 0x011441},
    {0x011445, 0x011445}, {0x0114B1, 0x0114B2}, {0x0114B9, 0x0114B9}, {0x0114BB, 0x0114BC},
    {0x0114BE, 0x0114BE}, {0x0114C1, 0x0114C1}, {0x0115B0, 0x0115B1}, {0x0115B8, 0x0115BB},
    {0x0115BE, 0x0115BE}, {0x011630, 0x011632}, {0x01163B, 0x01163C}, {0x01163E, 0x01163E},
    {0x0116AC, 0x0116AC}, {0x0116AE, 0x0116AF}, {0x01171E, 0x01171E}, {0x011726, 0x011726},
    {0x01182C, 0x01182E}, {0x011838, 0x011838}, {0x011931, 0x011935}, {0x011937, 0x011938},
    {0x011940, 0x011940}, {0x011942, 0x011942}, {0x0119D1, 0x0119D3}, {0x0119DC, 0x0119DF},
    {0x0119E4, 0x0119E4}, {0x011A39, 0x011A39}, {0x011A57, 0x011A58}, {0x011A97, 0x011A97},
    {0x011C2F, 0x011C2F}, {0x011C3E, 0x011C3E}, {0x011CA9, 0x011CA9}, {0x011CB1, 0x011CB1},
    {0x011CB4, 0x011CB4}, {0x011D8A, 0x011D8E}, {0x011D93, 0x011D94}, {0x011D96, 0x011D96},
    {0x011EF5, 0x011EF6}, {0x011F03, 0x011F03}, {0x011F34, 0x011F35}, {0x011F3E, 0x011F3F},
    {0x01612A, 0x01612C}, {0x016F51, 0x016F87}, {0x0011A8, 0x0011FF}, {0x00D7CB, 0x00D7FB},
    {0x001160, 0x0011A7}, {0x00D7B0, 0x00D7C6}, {0x016D63, 0x016D63}, {0x016D67, 0x016D6A},
    {0x00061F, 0x00061F}, {0x000640, 0x000640}, {0x00204F, 0x00204F}, {0x002E41, 0x002E41},
    {0x01E900, 0x01E94B}, {0x01E950, 0x01E959}, {0x01E95E, 0x01E95F}, {0x000304, 0x000304},
    {0x000331, 0x000331}, {0x00035E, 0x00035E}, {0x010530, 0x010563}, {0x01056F, 0x01056F},
    {0x000600, 0x000604}, {0x000606, 0x0006DC}, {0x0006DE, 0x0006FF}, {0x000750, 0x00077F},
    {0x000870, 0x00088E}, {0x000890, 0x000891}, {0x000897, 0x0008E1}, {0x0008E3, 0x0008FF},
    {0x00204F, 0x00204F}, {0x002E41, 0x002E41}, {0x00FB50, 0x00FBC2}, {0x00FBD3, 0x00FD8F},
    {0x00FD92, 0x00FDC7}, {0x00FDCF, 0x00FDCF}, {0x00FDF0, 0x00FDFF}, {0x00FE70, 0x00FE74},
    {0x00FE76, 0x00FEFC}, {0x0102E0, 0x0102FB}, {0x010E60, 0x010E7E}, {0x010EC2, 0x010EC4},
    {0x010EFC, 0x010EFF}, {0x01EE00, 0x01EE03}, {0x01EE05, 0x01EE1F}, {0x01EE21, 0x01EE22},
    {0x01EE24, 0x01EE24}, {0x01EE27, 0x01EE27}, {0x01EE29, 0x01EE32}, {0x01EE34, 0x01EE37},
    {0x01EE39, 0x01EE39}, {0x01EE3B, 0x01EE3B}, {0x01EE42, 0x01EE42}, {0x01EE47, 0x01EE47},
    {0x01EE49, 0x01EE49}, {0x01EE4B, 0x01EE4B}, {0x01EE4D, 0x01EE4F}, {0x01EE51, 0x01EE52},
    {0x01EE54, 0x01EE54}, {0x01EE57, 0x01EE57}, {0x01EE59, 0x01EE59}, {0x01EE5B, 0x01EE5B},
    {0x01EE5D, 0x01EE5D}, {0x01EE5F, 0x01EE5F}, {0x01EE61, 0x01EE62}, {0x01EE64, 0x01EE64},
    {0x01EE67, 0x01EE6A}, {0x01EE6C, 0x01EE72}, {0x01EE74, 0x01EE77}, {0x01EE79, 0x01EE7C},
    {0x01EE7E, 0x01EE7E}, {0x01EE80, 0x01EE89}, {0x01EE8B, 0x01EE9B}, {0x01EEA1, 0x01EEA3},
    {0x01EEA5, 0x01EEA9}, {0x01EEAB, 0x01EEBB}, {0x01EEF0, 0x01EEF1}, {0x000308, 0x000308},
    {0x000531, 0x000556}, {0x000559, 0x00058A}, {0x00058D, 0x00058F}, {0x00FB13, 0x00FB17},
    {0x0000B7, 0x0000B7}, {0x002E30, 0x002E31}, {0x010B00, 0x010B35}, {0x010B39, 0x010B3F},
    {0x0002BC, 0x0002BC}, {0x000951, 0x000952}, {0x000964, 0x000965}, {0x000980, 0x000983},
    {0x000985, 0x00098C}, {0x00098F, 0x000990}, {0x000993, 0x0009A8}, {0x0009AA, 0x0009B0},
    {0x0009B2, 0x0009B2}, {0x0009B6, 0x0009B9}, {0x0009BC, 0x0009C4}, {0x0009C7, 0x0009C8},
    {0x0009CB, 0x0009CE}, {0x0009D7, 0x0009D7}, {0x0009DC, 0x0009DD}, {0x0009DF, 0x0009E3},
    {0x0009E6, 0x0009FE}, {0x001CD0, 0x001CD0}, {0x001CD2, 0x001CD2}, {0x001CD5, 0x001CD6},
    {0x001CD8, 0x001CD8}, {0x001CE1, 0x001CE1}, {0x001CEA, 0x001CEA}, {0x001CED, 0x001CED},
    {0x001CF2, 0x001CF2}, {0x001CF5, 0x001CF7}, {0x00A8F1, 0x00A8F1}, {0x0002C7, 0x0002C7},
    {0x0002C9, 0x0002CB}, {0x0002D9, 0x0002D9}, {0x0002EA, 0x0002EB}, {0x003001, 0x003003},
    {0x003008, 0x003011}, {0x003013, 0x00301F}, {0x00302A, 0x00302D}, {0x003030, 0x003030},
    {0x003037, 0x003037}, {0x0030FB, 0x0030FB}, {0x003105, 0x00312F}, {0x0031A0, 0x0031BF},
    {0x00FE45, 0x00FE46}, {0x00FF61, 0x00FF65}, {0x001A00, 0x001A1B}, {0x001A1E, 0x001A1F},
    {0x00A9CF, 0x00A9CF}, {0x001735, 0x001736}, {0x001740, 0x001753}, {0x0009E6, 0x0009EF},
    {0x001040, 0x001049}, {0x011100, 0x011134}, {0x011136, 0x011147}, {0x0000B7, 0x0000B7},
    {0x00205A, 0x00205A}, {0x00205D, 0x00205D}, {0x002E31, 0x002E31}, {0x0102A0, 0x0102D0},
    {0x000300, 0x000302}, {0x000304, 0x000304}, {0x00030B, 0x00030C}, {0x000323, 0x000324},
    {0x000330, 0x000331}, {0x0013A0, 0x0013F5}, {0x0013F8, 0x0013FD}, {0x00AB70, 0x00ABBF},
    {0x000000, 0x000040}, {0x00005B, 0x000060}, {0x00007B, 0x0000A9}, {0x0000AB, 0x0000B6},
    {0x0000B8, 0x0000B9}, {0x0000BB, 0x0000BF}, {0x0000D7, 0x0000D7}, {0x0000F7, 0x0000F7},
    {0x0002B9, 0x0002BB}, {0x0002BD, 0x0002C6}, {0x0002C8, 0x0002C8}, {0x0002CC, 0x0002CC},
    {0x0002CE, 0x0002D6}, {0x0002D8, 0x0002D8}, {0x0002DA, 0x0002DF}, {0x0002E5, 0x0002E9},
    {0x0002EC, 0x0002FF}, {0x00037E, 0x00037E}, {0x000385, 0x000385}, {0x000387, 0x000387},
    {0x000605, 0x000605}, {0x0006DD, 0x0006DD}, {0x0008E2, 0x0008E2}, {0x000E3F, 0x000E3F},
    {0x000FD5, 0x000FD8}, {0x002000, 0x00200B}, {0x00200E, 0x00202E}, {0x002030, 0x00204E},
    {0x002050, 0x002059}, {0x00205B, 0x00205C}, {0x00205E, 0x002064}, {0x002066, 0x002070},
    {0x002074, 0x00207E}, {0x002080, 0x00208E}, {0x0020A0, 0x0020C0}, {0x002100, 0x002125},
    {0x002127, 0x002129}, {0x00212C, 0x002131}, {0x002133, 0x00214D}, {0x00214F, 0x00215F},
    {0x002189, 0x00218B}, {0x002190, 0x002429}, {0x002440, 0x00244A}, {0x002460, 0x0027FF},
    {0x002900, 0x002B73}, {0x002B76, 0x002B95}, {0x002B97, 0x002BFF}, {0x002E00, 0x002E16},
    {0x002E18, 0x002E2F}, {0x002E32, 0x002E3B}, {0x002E3D, 0x002E40}, {0x002E42, 0x002E42},
    {0x002E44, 0x002E5D}, {0x003000, 0x003000}, {0x003004, 0x003004}, {0x003012, 0x003012},
    {0x003020, 0x003020}, {0x003036, 0x003036}, {0x003248, 0x00325F}, {0x00327F, 0x00327F},
    {0x0032B1, 0x0032BF}, {0x0032CC, 0x0032CF}, {0x003371, 0x00337A}, {0x003380, 0x0033DF},
    {0x0033FF, 0x0033FF}, {0x004DC0, 0x004DFF}, {0x00A708, 0x00A721}, {0x00A788, 0x00A78A},
    {0x00AB5B, 0x00AB5B}, {0x00AB6A, 0x00AB6B}, {0x00FE10, 0x00FE19}, {0x00FE30, 0x00FE44},
    {0x00FE47, 0x00FE52}, {0x00FE54, 0x00FE66}, {0x00FE68, 0x00FE6B}, {0x00FEFF, 0x00FEFF},
    {0x00FF01, 0x00FF20}, {0x00FF3B, 0x00FF40}, {0x00FF5B, 0x00FF60}, {0x00FFE0, 0x00FFE6},
    {0x00FFE8, 0x00FFEE}, {0x00FFF9, 0x00FFFD}, {0x010190, 0x01019C}, {0x0101D0, 0x0101FC},
    {0x01CC00, 0x01CCF9}, {0x01CD00, 0x01CEB3}, {0x01CF50, 0x01CFC3}, {0x01D000, 0x01D0F5},
    {0x01D100, 0x01D126}, {0x01D129, 0x01D166}, {0x01D16A, 0x01D17A}, {0x01D183, 0x01D184},
    {0x01D18C, 0x01D1A9}, {0x01D1AE, 0x01D1EA}, {0x01D2C0, 0x01D2D3}, {0x01D2E0, 0x01D2F3},
    {0x01D300, 0x01D356}, {0x01D372, 0x01D378}, {0x01D400, 0x01D454}, {0x01D456, 0x01D49C},
    {0x01D49E, 0x01D49F}, {0x01D4A2, 0x01D4A2}, {0x01D4A5, 0x01D4A6}, {0x01D4A9, 0x01D4AC},
    {0x01D4AE, 0x01D4B9}, {0x01D4BB, 0x01D4BB}, {0x01D4BD, 0x01D4C3}, {0x01D4C5, 0x01D505},
    {0x01D507, 0x01D50A}, {0x01D50D, 0x01D514}, {0x01D516, 0x01D51C}, {0x01D51E, 0x01D539},
    {0x01D53B, 0x01D53E}, {0x01D540, 0x01D544}, {0x01D546, 0x01D546}, {0x01D54A, 0x01D550},
    {0x01D552, 0x01D6A5}, {0x01D6A8, 0x01D7CB}, {0x01D7CE, 0x01D7FF}, {0x01EC71, 0x01ECB4},
    {0x01ED01, 0x01ED3D}, {0x01F000, 0x01F02B}, {0x01F030, 0x01F093}, {0x01F0A0, 0x01F0AE},
    {0x01F0B1, 0x01F0BF}, {0x01F0C1, 0x01F0CF}, {0x01F0D1, 0x01F0F5}, {0x01F100, 0x01F1AD},
    {0x01F1E6, 0x01F1FF}, {0x01F201, 0x01F202}, {0x01F210, 0x01F23B}, {0x01F240, 0x01F248},
    {0x01F260, 0x01F265}, {0x01F300, 0x01F6D7}, {0x01F6DC, 0x01F6EC}, {0x01F6F0, 0x01F6FC},
    {0x01F700, 0x01F776}, {0x01F77B, 0x01F7D9}, {0x01F7E0, 0x01F7EB}, {0x01F7F0, 0x01F7F0},
    {0x01F800, 0x01F80B}, {0x01F810, 0x01F847}, {0x01F850, 0x01F859}, {0x01F860, 0x01F887},
    {0x01F890, 0x01F8AD}, {0x01F8B0, 0x01F8BB}, {0x01F8C0, 0x01F8C1}, {0x01F900, 0x01FA53},
    {0x01FA60, 0x01FA6D}, {0x01FA70, 0x01FA7C}, {0x01FA80, 0x01FA89}, {0x01FA8F, 0x01FAC6},
    {0x01FACE, 0x01FADC}, {0x01FADF, 0x01FAE9}, {0x01FAF0, 0x01FAF8}, {0x01FB00, 0x01FB92},
    {0x01FB94, 0x01FBF9}, {0x0E0001, 0x0E0001}, {0x0E0020, 0x0E007F}, {0x0000B7, 0x0000B7},
    {0x000300, 0x000300}, {0x000304, 0x000305}, {0x000307, 0x000307}, {0x000374, 0x000375},
    {0x0003E2, 0x0003EF}, {0x002C80, 0x002CF3}, {0x002CF9, 0x002CFF}, {0x002E17, 0x002E17},
    {0x0102E0, 0x0102FB}, {0x010100, 0x010101}, {0x012F90, 0x012FF2}, {0x010100, 0x010102},
    {0x010107, 0x010133}, {0x010137, 0x01013F}, {0x010800, 0x010805}, {0x010808, 0x010808},
    {0x01080A, 0x010835}, {0x010837, 0x010838}, {0x01083C, 0x01083C}, {0x01083F, 0x01083F},
    {0x0002BC, 0x0002BC}, {0x000300, 0x000302}, {0x000304, 0x000304}, {0x000306, 0x000306},
    {0x000308, 0x000308}, {0x00030B, 0x00030B}, {0x000311, 0x000311}, {0x000400, 0x00052F},
    {0x001C80, 0x001C8A}, {0x001D2B, 0x001D2B}, {0x001D78, 0x001D78}, {0x001DF8, 0x001DF8},
    {0x002DE0, 0x002DFF}, {0x002E43, 0x002E43}, {0x00A640, 0x00A69F}, {0x00FE2E, 0x00FE2F},
    {0x01E030, 0x01E06D}, {0x01E08F, 0x01E08F}, {0x0002BC, 0x0002BC}, {0x000900, 0x000952},
    {0x000955, 0x00097F}, {0x001CD0, 0x001CF6}, {0x001CF8, 0x001CF9}, {0x0020F0, 0x0020F0},
    {0x00A830, 0x00A839}, {0x00A8E0, 0x00A8FF}, {0x011B00, 0x011B09}, {0x000964, 0x00096F},
    {0x00A830, 0x00A839}, {0x011800, 0x01183B}, {0x0000B7, 0x0000B7}, {0x000307, 0x000308},
    {0x00030A, 0x00030A}, {0x000323, 0x000324}, {0x002E3C, 0x002E3C}, {0x01BC00, 0x01BC6A},
    {0x01BC70, 0x01BC7C}, {0x01BC80, 0x01BC88}, {0x01BC90, 0x01BC99}, {0x01BC9C, 0x01BCA3},
    {0x0000B7, 0x0000B7}, {0x000305, 0x000305}, {0x010500, 0x010527}, {0x00030E, 0x00030E},
    {0x001200, 0x001248}, {0x00124A, 0x00124D}, {0x001250, 0x001256}, {0x001258, 0x001258},
    {0x00125A, 0x00125D}, {0x001260, 0x001288}, {0x00128A, 0x00128D}, {0x001290, 0x0012B0},
    {0x0012B2, 0x0012B5}, {0x0012B8, 0x0012BE}, {0x0012C0, 0x0012C0}, {0x0012C2, 0x0012C5},
    {0x0012C8, 0x0012D6}, {0x0012D8, 0x001310}, {0x001312, 0x001315}, {0x001318, 0x00135A},
    {0x00135D, 0x00137C}, {0x001380, 0x001399}, {0x002D80, 0x002D96}, {0x002DA0, 0x002DA6},
    {0x002DA8, 0x002DAE}, {0x002DB0, 0x002DB6}, {0x002DB8, 0x002DBE}, {0x002DC0, 0x002DC6},
    {0x002DC8, 0x002DCE}, {0x002DD0, 0x002DD6}, {0x002DD8, 0x002DDE}, {0x00AB01, 0x00AB06},
    {0x00AB09, 0x00AB0E}, {0x00AB11, 0x00AB16}, {0x00AB20, 0x00AB26}, {0x00AB28, 0x00AB2E},
    {0x01E7E0, 0x01E7E6}, {0x01E7E8, 0x01E7EB}, {0x01E7ED, 0x01E7EE}, {0x01E7F0, 0x01E7FE},
    {0x00060C, 0x00060C}, {0x00061B, 0x00061B}, {0x00061F, 0x00061F}, {0x010D40, 0x010D65},
    {0x010D69, 0x010D85}, {0x010D8E, 0x010D8F}, {0x0000B7, 0x0000B7}, {0x000589, 0x000589},
    {0x0010A0, 0x0010C5}, {0x0010C7, 0x0010C7}, {0x0010CD, 0x0010CD}, {0x0010D0, 0x0010FF},
    {0x001C90, 0x001CBA}, {0x001CBD, 0x001CBF}, {0x00205A, 0x00205A}, {0x002D00, 0x002D25},
    {0x002D27, 0x002D27}, {0x002D2D, 0x002D2D}, {0x002E31, 0x002E31}, {0x0000B7, 0x0000B7},
    {0x000303, 0x000303}, {0x000305, 0x000305}, {0x000484, 0x000484}, {0x000487, 0x000487},
    {0x000589, 0x000589}, {0x0010FB, 0x0010FB}, {0x00205A, 0x00205A}, {0x002C00, 0x002C5F},
    {0x002E43, 0x002E43}, {0x00A66F, 0x00A66F}, {0x01E000, 0x01E006}, {0x01E008, 0x01E018},
    {0x01E01B, 0x01E021}, {0x01E023, 0x01E024}, {0x01E026, 0x01E02A}, {0x0000B7, 0x0000B7},
    {0x000964, 0x000965}, {0x011D60, 0x011D65}, {0x011D67, 0x011D68}, {0x011D6A, 0x011D8E},
    {0x011D90, 0x011D91}, {0x011D93, 0x011D98}, {0x011DA0, 0x011DA9}, {0x000964, 0x000965},
    {0x011D00, 0x011D06}, {0x011D08, 0x011D09}, {0x011D0B, 0x011D36}, {0x011D3A, 0x011D3A},
    {0x011D3C, 0x011D3D}, {0x011D3F, 0x011D47}, {0x011D50, 0x011D59}, {0x0000B7, 0x0000B7},
    {0x000304, 0x000305}, {0x000308, 0x000308}, {0x000331, 0x000331}, {0x010330, 0x01034A},
    {0x000951, 0x000952}, {0x000964, 0x000965}, {0x000BE6, 0x000BF3}, {0x001CD0, 0x001CD0},
    {0x001CD2, 0x001CD3}, {0x001CF2, 0x001CF4}, {0x001CF8, 0x001CF9}, {0x0020F0, 0x0020F0},
    {0x011300, 0x011303}, {0x011305, 0x01130C}, {0x01130F, 0x011310}, {0x011313, 0x011328},
    {0x01132A, 0x011330}, {0x011332, 0x011333}, {0x011335, 0x011339}, {0x01133B, 0x011344},
    {0x011347, 0x011348}, {0x01134B, 0x01134D}, {0x011350, 0x011350}, {0x011357, 0x011357},
    {0x01135D, 0x011363}, {0x011366, 0x01136C}, {0x011370, 0x011374}, {0x011FD0, 0x011FD1},
    {0x011FD3, 0x011FD3}, {0x0000B7, 0x0000B7}, {0x000300, 0x000301}, {0x000304, 0x000304},
    {0x000306, 0x000306}, {0x000308, 0x000308}, {0x000313, 0x000313}, {0x000342, 0x000342},
    {0x000345, 0x000345}, {0x000370, 0x000377}, {0x00037A, 0x00037D}, {0x00037F, 0x00037F},
    {0x000384, 0x000384}, {0x000386, 0x000386}, {0x000388, 0x00038A}, {0x00038C, 0x00038C},
    {0x00038E, 0x0003A1}, {0x0003A3, 0x0003E1}, {0x0003F0, 0x0003FF}, {0x001D26, 0x001D2A},
    {0x001D5D, 0x001D61}, {0x001D66, 0x001D6A}, {0x001DBF, 0x001DC1}, {0x001F00, 0x001F15},
    {0x001F18, 0x001F1D}, {0x001F20, 0x001F45}, {0x001F48, 0x001F4D}, {0x001F50, 0x001F57},
    {0x001F59, 0x001F59}, {0x001F5B, 0x001F5B}, {0x001F5D, 0x001F5D}, {0x001F5F, 0x001F7D},
    {0x001F80, 0x001FB4}, {0x001FB6, 0x001FC4}, {0x001FC6, 0x001FD3}, {0x001FD6, 0x001FDB},
    {0x001FDD, 0x001FEF}, {0x001FF2, 0x001FF4}, {0x001FF6, 0x001FFE}, {0x00205D, 0x00205D},
    {0x002126, 0x002126}, {0x00AB65, 0x00AB65}, {0x010140, 0x01018E}, {0x0101A0, 0x0101A0},
    {0x01D200, 0x01D245}, {0x000951, 0x000952}, {0x000964, 0x000965}, {0x000A81, 0x000A83},
    {0x000A85, 0x000A8D}, {0x000A8F, 0x000A91}, {0x000A93, 0x000AA8}, {0x000AAA, 0x000AB0},
    {0x000AB2, 0x000AB3}, {0x000AB5, 0x000AB9}, {0x000ABC, 0x000AC5}, {0x000AC7, 0x000AC9},
    {0x000ACB, 0x000ACD}, {0x000AD0, 0x000AD0}, {0x000AE0, 0x000AE3}, {0x000AE6, 0x000AF1},
    {0x000AF9, 0x000AFF}, {0x00A830, 0x00A839}, {0x000965, 0x000965}, {0x016100, 0x016139},
    {0x000951, 0x000952}, {0x000964, 0x000965}, {0x000A01, 0x000A03}, {0x000A05, 0x000A0A},
    {0x000A0F, 0x000A10}, {0x000A13, 0x000A28}, {0x000A2A, 0x000A30}, {0x000A32, 0x000A33},
    {0x000A35, 0x000A36}, {0x000A38, 0x000A39}, {0x000A3C, 0x000A3C}, {0x000A3E, 0x000A42},
    {0x000A47, 0x000A48}, {0x000A4B, 0x000A4D}, {0x000A51, 0x000A51}, {0x000A59, 0x000A5C},
    {0x000A5E, 0x000A5E}, {0x000A66, 0x000A76}, {0x00A830, 0x00A839}, {0x0000B7, 0x0000B7},
    {0x002E80, 0x002E99}, {0x002E9B, 0x002EF3}, {0x002F00, 0x002FD5}, {0x002FF0, 0x002FFF},
    {0x003001, 0x003003}, {0x003005, 0x003011}, {0x003013, 0x00301F}, {0x003021, 0x00302D},
    {0x003030, 0x003030}, {0x003037, 0x00303F}, {0x0030FB, 0x0030FB}, {0x003190, 0x00319F},
    {0x0031C0, 0x0031E5}, {0x0031EF, 0x0031EF}, {0x003220, 0x003247}, {0x003280, 0x0032B0},
    {0x0032C0, 0x0032CB}, {0x0032FF, 0x0032FF}, {0x003358, 0x003370}, {0x00337B, 0x00337F},
    {0x0033E0, 0x0033FE}, {0x003400, 0x004DBF}, {0x004E00, 0x009FFF}, {0x00A700, 0x00A707},
    {0x00F900, 0x00FA6D}, {0x00FA70, 0x00FAD9}, {0x00FE45, 0x00FE46}, {0x00FF61, 0x00FF65},
    {0x016FE2, 0x016FE3}, {0x016FF0, 0x016FF1}, {0x01D360, 0x01D371}, {0x01F250, 0x01F251},
    {0x020000, 0x02A6DF}, {0x02A700, 0x02B739}, {0x02B740, 0x02B81D}, {0x02B820, 0x02CEA1},
    {0x02CEB0, 0x02EBE0}, {0x02EBF0, 0x02EE5D}, {0x02F800, 0x02FA1D}, {0x030000, 0x03134A},
    {0x031350, 0x0323AF}, {0x001100, 0x0011FF}, {0x003001, 0x003003}, {0x003008, 0x003011},
    {0x003013, 0x00301F}, {0x00302E, 0x003030}, {0x003037, 0x003037}, {0x0030FB, 0x0030FB},
    {0x003131, 0x00318E}, {0x003200, 0x00321E}, {0x003260, 0x00327E}, {0x00A960, 0x00A97C},
    {0x00AC00, 0x00D7A3}, {0x00D7B0, 0x00D7C6}, {0x00D7CB, 0x00D7FB}, {0x00FE45, 0x00FE46},
    {0x00FF61, 0x00FF65}, {0x00FFA0, 0x00FFBE}, {0x00FFC2, 0x00FFC7}, {0x00FFCA, 0x00FFCF},
    {0x00FFD2, 0x00FFD7}, {0x00FFDA, 0x00FFDC}, {0x00060C, 0x00060C}, {0x00061B, 0x00061B},
    {0x00061F, 0x00061F}, {0x000640, 0x000640}, {0x0006D4, 0x0006D4}, {0x010D00, 0x010D27},
    {0x010D30, 0x010D39}, {0x001720, 0x001736}, {0x000307, 0x000308}, {0x000591, 0x0005C7},
    {0x0005D0, 0x0005EA}, {0x0005EF, 0x0005F4}, {0x00FB1D, 0x00FB36}, {0x00FB38, 0x00FB3C},
    {0x00FB3E, 0x00FB3E}, {0x00FB40, 0x00FB41}, {0x00FB43, 0x00FB44}, {0x00FB46, 0x00FB4F},
    {0x003001, 0x003003}, {0x003008, 0x003011}, {0x003013, 0x00301F}, {0x003030, 0x003035},
    {0x003037, 0x003037}, {0x00303C, 0x00303D}, {0x003041, 0x003096}, {0x003099, 0x0030A0},
    {0x0030FB, 0x0030FC}, {0x00FE45, 0x00FE46}, {0x00FF61, 0x00FF65}, {0x00FF70, 0x00FF70},
    {0x00FF9E, 0x00FF9F}, {0x01B001, 0x01B11F}, {0x01B132, 0x01B132}, {0x01B150, 0x01B152},
    {0x01F200, 0x01F200}, {0x00205A, 0x00205A}, {0x00205D, 0x00205D}, {0x002E31, 0x002E31},
    {0x002E41, 0x002E41}, {0x010C80, 0x010CB2}, {0x010CC0, 0x010CF2}, {0x010CFA, 0x010CFF},
    {0x00030F, 0x00030F}, {0x000312, 0x000312}, {0x000314, 0x00031F}, {0x000321, 0x000322},
    {0x000326, 0x00032C}, {0x00032F, 0x00032F}, {0x000332, 0x000341}, {0x000343, 0x000344},
    {0x000346, 0x000357}, {0x000359, 0x00035D}, {0x00035F, 0x000362}, {0x000953, 0x000954},
    {0x001AB0, 0x001ACE}, {0x001DC2, 0x001DF7}, {0x001DF9, 0x001DF9}, {0x001DFB, 0x001DFF},
    {0x00200C, 0x00200D}, {0x0020D0, 0x0020EF}, {0x00FE00, 0x00FE0F}, {0x00FE20, 0x00FE2D},
    {0x0101FD, 0x0101FD}, {0x01CF00, 0x01CF2D}, {0x01CF30, 0x01CF46}, {0x01D167, 0x01D169},
    {0x01D17B, 0x01D182}, {0x01D185, 0x01D18B}, {0x01D1AA, 0x01D1AD}, {0x0E0100, 0x0E01EF},
    {0x00A980, 0x00A9CD}, {0x00A9CF, 0x00A9D9}, {0x00A9DE, 0x00A9DF}, {0x000966, 0x00096F},
    {0x002E31, 0x002E31}, {0x00A830, 0x00A839}, {0x011080, 0x0110C2}, {0x0110CD, 0x0110CD},
    {0x00A900, 0x00A92F}, {0x000305, 0x000305}, {0x000323, 0x000323}, {0x003001, 0x003003},
    {0x003008, 0x003011}, {0x003013, 0x00301F}, {0x003030, 0x003035}, {0x003037, 0x003037},
    {0x00303C, 0x00303D}, {0x003099, 0x00309C}, {0x0030A0, 0x0030FF}, {0x0031F0, 0x0031FF},
    {0x0032D0, 0x0032FE}, {0x003300, 0x003357}, {0x00FE45, 0x00FE46}, {0x00FF61, 0x00FF9F},
    {0x01AFF0, 0x01AFF3}, {0x01AFF5, 0x01AFFB}, {0x01AFFD, 0x01AFFE}, {0x01B000, 0x01B000},
    {0x01B120, 0x01B122}, {0x01B155, 0x01B155}, {0x01B164, 0x01B167}, {0x000951, 0x000952},
    {0x000964, 0x000965}, {0x000C80, 0x000C8C}, {0x000C8E, 0x000C90}, {0x000C92, 0x000CA8},
    {0x000CAA, 0x000CB3}, {0x000CB5, 0x000CB9}, {0x000CBC, 0x000CC4}, {0x000CC6, 0x000CC8},
    {0x000CCA, 0x000CCD}, {0x000CD5, 0x000CD6}, {0x000CDD, 0x000CDE}, {0x000CE0, 0x000CE3},
    {0x000CE6, 0x000CEF}, {0x000CF1, 0x000CF3}, {0x001CD0, 0x001CD0}, {0x001CD2, 0x001CD3},
    {0x001CDA, 0x001CDA}, {0x001CF2, 0x001CF2}, {0x001CF4, 0x001CF4}, {0x00A830, 0x00A835},
    {0x000AE6, 0x000AEF}, {0x00A830, 0x00A839}, {0x011200, 0x011211}, {0x011213, 0x011241},
    {0x000964, 0x000965}, {0x00A830, 0x00A839}, {0x0112B0, 0x0112EA}, {0x0112F0, 0x0112F9},
    {0x000041, 0x00005A}, {0x000061, 0x00007A}, {0x0000AA, 0x0000AA}, {0x0000B7, 0x0000B7},
    {0x0000BA, 0x0000BA}, {0x0000C0, 0x0000D6}, {0x0000D8, 0x0000F6}, {0x0000F8, 0x0002B8},
    {0x0002BC, 0x0002BC}, {0x0002C7, 0x0002C7}, {0x0002C9, 0x0002CB}, {0x0002CD, 0x0002CD},
    {0x0002D7, 0x0002D7}, {0x0002D9, 0x0002D9}, {0x0002E0, 0x0002E4}, {0x000300, 0x00030E},
    {0x000310, 0x000311}, {0x000313, 0x000313}, {0x000320, 0x000320}, {0x000323, 0x000325},
    {0x00032D, 0x00032E}, {0x000330, 0x000331}, {0x000358, 0x000358}, {0x00035E, 0x00035E},
    {0x000363, 0x00036F}, {0x000485, 0x000486}, {0x000951, 0x000952}, {0x0010FB, 0x0010FB},
    {0x001D00, 0x001D25}, {0x001D2C, 0x001D5C}, {0x001D62, 0x001D65}, {0x001D6B, 0x001D77},
    {0x001D79, 0x001DBE}, {0x001DF8, 0x001DF8}, {0x001E00, 0x001EFF}, {0x00202F, 0x00202F},
    {0x002071, 0x002071}, {0x00207F, 0x00207F}, {0x002090, 0x00209C}, {0x0020F0, 0x0020F0},
    {0x00212A, 0x00212B}, {0x002132, 0x002132}, {0x00214E, 0x00214E}, {0x002160, 0x002188},
    {0x002C60, 0x002C7F}, {0x002E17, 0x002E17}, {0x00A700, 0x00A707}, {0x00A722, 0x00A787},
    {0x00A78B, 0x00A7CD}, {0x00A7D0, 0x00A7D1}, {0x00A7D3, 0x00A7D3}, {0x00A7D5, 0x00A7DC},
    {0x00A7F2, 0x00A7FF}, {0x00A92E, 0x00A92E}, {0x00AB30, 0x00AB5A}, {0x00AB5C, 0x00AB64},
    {0x00AB66, 0x00AB69}, {0x00FB00, 0x00FB06}, {0x00FF21, 0x00FF3A}, {0x00FF41, 0x00FF5A},
    {0x010780, 0x010785}, {0x010787, 0x0107B0}, {0x0107B2, 0x0107BA}, {0x01DF00, 0x01DF1E},
    {0x01DF25, 0x01DF2A}, {0x000965, 0x000965}, {0x001900, 0x00191E}, {0x001920, 0x00192B},
    {0x001930, 0x00193B}, {0x001940, 0x001940}, {0x001944, 0x00194F}, {0x010107, 0x010133},
    {0x010600, 0x010736}, {0x010740, 0x010755}, {0x010760, 0x010767}, {0x010000, 0x01000B},
    {0x01000D, 0x010026}, {0x010028, 0x01003A}, {0x01003C, 0x01003D}, {0x01003F, 0x01004D},
    {0x010050, 0x01005D}, {0x010080, 0x0100FA}, {0x010100, 0x010102}, {0x010107, 0x010133},
    {0x010137, 0x01013F}, {0x0002BC, 0x0002BC}, {0x0002CD, 0x0002CD}, {0x00300A, 0x00300B},
    {0x00A4D0, 0x00A4FF}, {0x011FB0, 0x011FB0}, {0x00205A, 0x00205A}, {0x010280, 0x01029C},
    {0x0000B7, 0x0000B7}, {0x002E31, 0x002E31}, {0x010920, 0x010939}, {0x01093F, 0x01093F},
    {0x0000B7, 0x0000B7}, {0x000964, 0x00096F}, {0x00A830, 0x00A839}, {0x011150, 0x011176},
    {0x000951, 0x000952}, {0x000964, 0x000965}, {0x000D00, 0x000D0C}, {0x000D0E, 0x000D10},
    {0x000D12, 0x000D44}, {0x000D46, 0x000D48}, {0x000D4A, 0x000D4F}, {0x000D54, 0x000D63},
    {0x000D66, 0x000D7F}, {0x001CDA, 0x001CDA}, {0x001CF2, 0x001CF2}, {0x00A830, 0x00A832},
    {0x000640, 0x000640}, {0x000840, 0x00085B}, {0x00085E, 0x00085E}, {0x000640, 0x000640},
    {0x010AC0, 0x010AE6}, {0x010AEB, 0x010AF6}, {0x00205D, 0x00205D}, {0x010980, 0x01099F},
    {0x00A830, 0x00A839}, {0x011600, 0x011644}, {0x011650, 0x011659}, {0x001800, 0x001819},
    {0x001820, 0x001878}, {0x001880, 0x0018AA}, {0x00202F, 0x00202F}, {0x003001, 0x003002},
    {0x003008, 0x00300B}, {0x011660, 0x01166C}, {0x000A66, 0x000A6F}, {0x011280, 0x011286},
    {0x011288, 0x011288}, {0x01128A, 0x01128D}, {0x01128F, 0x01129D}, {0x01129F, 0x0112A9},
    {0x001000, 0x00109F}, {0x00A92E, 0x00A92E}, {0x00A9E0, 0x00A9FE}, {0x00AA60, 0x00AA7F},
    {0x0116D0, 0x0116E3}, {0x000964, 0x000965}, {0x000CE6, 0x000CEF}, {0x001CE9, 0x001CE9},
    {0x001CF2, 0x001CF2}, {0x001CFA, 0x001CFA}, {0x00A830, 0x00A835}, {0x0119A0, 0x0119A7},
    {0x0119AA, 0x0119D7}, {0x0119DA, 0x0119E4}, {0x00060C, 0x00060C}, {0x00061B, 0x00061B},
    {0x00061F, 0x00061F}, {0x0007C0, 0x0007FA}, {0x0007FD, 0x0007FF}, {0x00FD3E, 0x00FD3F},
    {0x0000B7, 0x0000B7}, {0x000300, 0x000300}, {0x000306, 0x000308}, {0x000313, 0x000313},
    {0x000483, 0x000483}, {0x010350, 0x01037A}, {0x00205A, 0x00205A}, {0x002E30, 0x002E30},
    {0x010C00, 0x010C48}, {0x000640, 0x000640}, {0x010AF2, 0x010AF2}, {0x010F70, 0x010F89},
    {0x000964, 0x000965}, {0x01E5D0, 0x01E5FA}, {0x01E5FF, 0x01E5FF}, {0x000951, 0x000952},
    {0x000964, 0x000965}, {0x000B01, 0x000B03}, {0x000B05, 0x000B0C}, {0x000B0F, 0x000B10},
    {0x000B13, 0x000B28}, {0x000B2A, 0x000B30}, {0x000B32, 0x000B33}, {0x000B35, 0x000B39},
    {0x000B3C, 0x000B44}, {0x000B47, 0x000B48}, {0x000B4B, 0x000B4D}, {0x000B55, 0x000B57},
    {0x000B5C, 0x000B5D}, {0x000B5F, 0x000B63}, {0x000B66, 0x000B77}, {0x001CDA, 0x001CDA},
    {0x001CF2, 0x001CF2}, {0x000301, 0x000301}, {0x000304, 0x000304}, {0x00030B, 0x00030B},
    {0x000358, 0x000358}, {0x0104B0, 0x0104D3}, {0x0104D8, 0x0104FB}, {0x001802, 0x001803},
    {0x001805, 0x001805}, {0x00202F, 0x00202F}, {0x003002, 0x003002}, {0x00A840, 0x00A877},
    {0x000640, 0x000640}, {0x010B80, 0x010B91}, {0x010B99, 0x010B9C}, {0x010BA9, 0x010BAF},
    {0x0016A0, 0x0016F8}, {0x000800, 0x00082D}, {0x000830, 0x00083E}, {0x002E31, 0x002E31},
    {0x000951, 0x000951}, {0x001CD7, 0x001CD7}, {0x001CD9, 0x001CD9}, {0x001CDC, 0x001CDD},
    {0x001CE0, 0x001CE0}, {0x00A830, 0x00A835}, {0x00A838, 0x00A838}, {0x011180, 0x0111DF},
    {0x0000B7, 0x0000B7}, {0x010450, 0x01047F}, {0x000964, 0x000965}, {0x000D81, 0x000D83},
    {0x000D85, 0x000D96}, {0x000D9A, 0x000DB1}, {0x000DB3, 0x000DBB}, {0x000DBD, 0x000DBD},
    {0x000DC0, 0x000DC6}, {0x000DCA, 0x000DCA}, {0x000DCF, 0x000DD4}, {0x000DD6, 0x000DD6},
    {0x000DD8, 0x000DDF}, {0x000DE6, 0x000DEF}, {0x000DF2, 0x000DF4}, {0x001CF2, 0x001CF2},
    {0x0111E1, 0x0111F4}, {0x000640, 0x000640}, {0x010F30, 0x010F59}, {0x000300, 0x000301},
    {0x000303, 0x000303}, {0x00030D, 0x00030D}, {0x000310, 0x000310}, {0x00032D, 0x00032D},
    {0x000331, 0x000331}, {0x011BC0, 0x011BE1}, {0x011BF0, 0x011BF9}, {0x000964, 0x000965},
    {0x0009E6, 0x0009EF}, {0x00A800, 0x00A82C}, {0x000303, 0x000304}, {0x000307, 0x000308},
    {0x00030A, 0x00030A}, {0x000320, 0x000320}, {0x000323, 0x000325}, {0x00032D, 0x00032E},
    {0x000330, 0x000330}, {0x00060C, 0x00060C}, {0x00061B, 0x00061C}, {0x00061F, 0x00061F},
    {0x000640, 0x000640}, {0x00064B, 0x000655}, {0x000670, 0x000670}, {0x000700, 0x00070D},
    {0x00070F, 0x00074A}, {0x00074D, 0x00074F}, {0x000860, 0x00086A}, {0x001DF8, 0x001DF8},
    {0x001DFA, 0x001DFA}, {0x001700, 0x001715}, {0x00171F, 0x00171F}, {0x001735, 0x001736},
    {0x001735, 0x001736}, {0x001760, 0x00176C}, {0x00176E, 0x001770}, {0x001772, 0x001773},
    {0x000300, 0x000301}, {0x000307, 0x000308}, {0x00030C, 0x00030C}, {0x001040, 0x001049},
    {0x001950, 0x00196D}, {0x001970, 0x001974}, {0x000964, 0x000965}, {0x00A830, 0x00A839},
    {0x011680, 0x0116B9}, {0x0116C0, 0x0116C9}, {0x000951, 0x000952}, {0x000964, 0x000965},
    {0x000B82, 0x000B83}, {0x000B85, 0x000B8A}, {0x000B8E, 0x000B90}, {0x000B92, 0x000B95},
    {0x000B99, 0x000B9A}, {0x000B9C, 0x000B9C}, {0x000B9E, 0x000B9F}, {0x000BA3, 0x000BA4},
    {0x000BA8, 0x000BAA}, {0x000BAE, 0x000BB9}, {0x000BBE, 0x000BC2}, {0x000BC6, 0x000BC8},
    {0x000BCA, 0x000BCD}, {0x000BD0, 0x000BD0}, {0x000BD7, 0x000BD7}, {0x000BE6, 0x000BFA},
    {0x001CDA, 0x001CDA}, {0x00A8F3, 0x00A8F3}, {0x011301, 0x011301}, {0x011303, 0x011303},
    {0x01133B, 0x01133C}, {0x011FC0, 0x011FF1}, {0x011FFF, 0x011FFF}, {0x002FF0, 0x002FFF},
    {0x0031EF, 0x0031EF}, {0x016FE0, 0x016FE0}, {0x017000, 0x0187F7}, {0x018800, 0x018AFF},
    {0x018D00, 0x018D08}, {0x000951, 0x000952}, {0x000964, 0x000965}, {0x000C00, 0x000C0C},
    {0x000C0E, 0x000C10}, {0x000C12, 0x000C28}, {0x000C2A, 0x000C39}, {0x000C3C, 0x000C44},
    {0x000C46, 0x000C48}, {0x000C4A, 0x000C4D}, {0x000C55, 0x000C56}, {0x000C58, 0x000C5A},
    {0x000C5D, 0x000C5D}, {0x000C60, 0x000C63}, {0x000C66, 0x000C6F}, {0x000C77, 0x000C7F},
    {0x001CDA, 0x001CDA}, {0x001CF2, 0x001CF2}, {0x000302, 0x000302}, {0x000304, 0x000304},
    {0x000307, 0x000307}, {0x000309, 0x000309}, {0x002D30, 0x002D67}, {0x002D6F, 0x002D70},
    {0x002D7F, 0x002D7F}, {0x00060C, 0x00060C}, {0x00061B, 0x00061C}, {0x00061F, 0x00061F},
    {0x000660, 0x000669}, {0x000780, 0x0007B1}, {0x00FDF2, 0x00FDF2}, {0x00FDFD, 0x00FDFD},
    {0x0002BC, 0x0002BC}, {0x0002D7, 0x0002D7}, {0x000303, 0x000303}, {0x000331, 0x000331},
    {0x000E01, 0x000E3A}, {0x000E40, 0x000E5B}, {0x000F00, 0x000F47}, {0x000F49, 0x000F6C},
    {0x000F71, 0x000F97}, {0x000F99, 0x000FBC}, {0x000FBE, 0x000FCC}, {0x000FCE, 0x000FD4},
    {0x000FD9, 0x000FDA}, {0x003008, 0x00300B}, {0x000951, 0x000952}, {0x000964, 0x000965},
    {0x001CF2, 0x001CF2}, {0x00A830, 0x00A839}, {0x011480, 0x0114C7}, {0x0114D0, 0x0114D9},
    {0x000301, 0x000301}, {0x000304, 0x000304}, {0x000307, 0x000307}, {0x000311, 0x000311},
    {0x000313, 0x000313}, {0x00035E, 0x00035E}, {0x0105C0, 0x0105F3}, {0x0002BC, 0x0002BC},
    {0x01E290, 0x01E2AE}, {0x000CE6, 0x000CEF}, {0x001CF2, 0x001CF2}, {0x001CF4, 0x001CF4},
    {0x00A830, 0x00A835}, {0x00A8F1, 0x00A8F1}, {0x011380, 0x011389}, {0x01138B, 0x01138B},
    {0x01138E, 0x01138E}, {0x011390, 0x0113B5}, {0x0113B7, 0x0113C0}, {0x0113C2, 0x0113C2},
    {0x0113C5, 0x0113C5}, {0x0113C7, 0x0113CA}, {0x0113CC, 0x0113D5}, {0x0113D7, 0x0113D8},
    {0x0113E1, 0x0113E2}, {0x00060C, 0x00060C}, {0x00061B, 0x00061B}, {0x00061F, 0x00061F},
    {0x000660, 0x000669}, {0x010E80, 0x010EA9}, {0x010EAB, 0x010EAD}, {0x010EB0, 0x010EB1},
    {0x003001, 0x003002}, {0x003008, 0x003011}, {0x003014, 0x00301B}, {0x0030FB, 0x0030FB},
    {0x00A000, 0x00A48C}, {0x00A490, 0x00A4C6}, {0x00FF61, 0x00FF65}, {0x00002E, 0x00002E},
    {0x002024, 0x002024}, {0x00FE52, 0x00FE52}, {0x00FF0E, 0x00FF0E}, {0x000022, 0x000022},
    {0x000027, 0x000029}, {0x00005B, 0x00005B}, {0x00005D, 0x00005D}, {0x00007B, 0x00007B},
    {0x00007D, 0x00007D}, {0x0000AB, 0x0000AB}, {0x0000BB, 0x0000BB}, {0x000F3A, 0x000F3D},
    {0x00169B, 0x00169C}, {0x002018, 0x00201F}, {0x002039, 0x00203A}, {0x002045, 0x002046},
    {0x00207D, 0x00207E}, {0x00208D, 0x00208E}, {0x002308, 0x00230B}, {0x002329, 0x00232A},
    {0x00275B, 0x002760}, {0x002768, 0x002775}, {0x0027C5, 0x0027C6}, {0x0027E6, 0x0027EF},
    {0x002983, 0x002998}, {0x0029D8, 0x0029DB}, {0x0029FC, 0x0029FD}, {0x002E00, 0x002E0D},
    {0x002E1C, 0x002E1D}, {0x002E20, 0x002E29}, {0x002E42, 0x002E42}, {0x002E55, 0x002E5C},
    {0x003008, 0x003011}, {0x003014, 0x00301B}, {0x00301D, 0x00301F}, {0x00FD3E, 0x00FD3F},
    {0x00FE17, 0x00FE18}, {0x00FE35, 0x00FE44}, {0x00FE47, 0x00FE48}, {0x00FE59, 0x00FE5E},
    {0x00FF08, 0x00FF09}, {0x00FF3B, 0x00FF3B}, {0x00FF3D, 0x00FF3D}, {0x00FF5B, 0x00FF5B},
    {0x00FF5D, 0x00FF5D}, {0x00FF5F, 0x00FF60}, {0x00FF62, 0x00FF63}, {0x01F676, 0x01F678},
    {0x000300, 0x00036F}, {0x000483, 0x000489}, {0x000591, 0x0005BD}, {0x0005BF, 0x0005BF},
    {0x0005C1, 0x0005C2}, {0x0005C4, 0x0005C5}, {0x0005C7, 0x0005C7}, {0x000610, 0x00061A},
    {0x00064B, 0x00065F}, {0x000670, 0x000670}, {0x0006D6, 0x0006DC}, {0x0006DF, 0x0006E4},
    {0x0006E7, 0x0006E8}, {0x0006EA, 0x0006ED}, {0x000711, 0x000711}, {0x000730, 0x00074A},
    {0x0007A6, 0x0007B0}, {0x0007EB, 0x0007F3}, {0x0007FD, 0x0007FD}, {0x000816, 0x000819},
    {0x00081B, 0x000823}, {0x000825, 0x000827}, {0x000829, 0x00082D}, {0x000859, 0x00085B},
    {0x000897, 0x00089F}, {0x0008CA, 0x0008E1}, {0x0008E3, 0x000903}, {0x00093A, 0x00093C},
    {0x00093E, 0x00094F}, {0x000951, 0x000957}, {0x000962, 0x000963}, {0x000981, 0x000983},
    {0x0009BC, 0x0009BC}, {0x0009BE, 0x0009C4}, {0x0009C7, 0x0009C8}, {0x0009CB, 0x0009CD},
    {0x0009D7, 0x0009D7}, {0x0009E2, 0x0009E3}, {0x0009FE, 0x0009FE}, {0x000A01, 0x000A03},
    {0x000A3C, 0x000A3C}, {0x000A3E, 0x000A42}, {0x000A47, 0x000A48}, {0x000A4B, 0x000A4D},
    {0x000A51, 0x000A51}, {0x000A70, 0x000A71}, {0x000A75, 0x000A75}, {0x000A81, 0x000A83},
    {0x000ABC, 0x000ABC}, {0x000ABE, 0x000AC5}, {0x000AC7, 0x000AC9}, {0x000ACB, 0x000ACD},
    {0x000AE2, 0x000AE3}, {0x000AFA, 0x000AFF}, {0x000B01, 0x000B03}, {0x000B3C, 0x000B3C},
    {0x000B3E, 0x000B44}, {0x000B47, 0x000B48}, {0x000B4B, 0x000B4D}, {0x000B55, 0x000B57},
    {0x000B62, 0x000B63}, {0x000B82, 0x000B82}, {0x000BBE, 0x000BC2}, {0x000BC6, 0x000BC8},
    {0x000BCA, 0x000BCD}, {0x000BD7, 0x000BD7}, {0x000C00, 0x000C04}, {0x000C3C, 0x000C3C},
    {0x000C3E, 0x000C44}, {0x000C46, 0x000C48}, {0x000C4A, 0x000C4D}, {0x000C55, 0x000C56},
    {0x000C62, 0x000C63}, {0x000C81, 0x000C83}, {0x000CBC, 0x000CBC}, {0x000CBE, 0x000CC4},
    {0x000CC6, 0x000CC8}, {0x000CCA, 0x000CCD}, {0x000CD5, 0x000CD6}, {0x000CE2, 0x000CE3},
    {0x000CF3, 0x000CF3}, {0x000D00, 0x000D03}, {0x000D3B, 0x000D3C}, {0x000D3E, 0x000D44},
    {0x000D46, 0x000D48}, {0x000D4A, 0x000D4D}, {0x000D57, 0x000D57}, {0x000D62, 0x000D63},
    {0x000D81, 0x000D83}, {0x000DCA, 0x000DCA}, {0x000DCF, 0x000DD4}, {0x000DD6, 0x000DD6},
    {0x000DD8, 0x000DDF}, {0x000DF2, 0x000DF3}, {0x000E31, 0x000E31}, {0x000E34, 0x000E3A},
    {0x000E47, 0x000E4E}, {0x000EB1, 0x000EB1}, {0x000EB4, 0x000EBC}, {0x000EC8, 0x000ECE},
    {0x000F18, 0x000F19}, {0x000F35, 0x000F35}, {0x000F37, 0x000F37}, {0x000F39, 0x000F39},
    {0x000F3E, 0x000F3F}, {0x000F71, 0x000F84}, {0x000F86, 0x000F87}, {0x000F8D, 0x000F97},
    {0x000F99, 0x000FBC}, {0x000FC6, 0x000FC6}, {0x00102B, 0x00103E}, {0x001056, 0x001059},
    {0x00105E, 0x001060}, {0x001062, 0x001064}, {0x001067, 0x00106D}, {0x001071, 0x001074},
    {0x001082, 0x00108D}, {0x00108F, 0x00108F}, {0x00109A, 0x00109D}, {0x00135D, 0x00135F},
    {0x001712, 0x001715}, {0x001732, 0x001734}, {0x001752, 0x001753}, {0x001772, 0x001773},
    {0x0017B4, 0x0017D3}, {0x0017DD, 0x0017DD}, {0x00180B, 0x00180D}, {0x00180F, 0x00180F},
    {0x001885, 0x001886}, {0x0018A9, 0x0018A9}, {0x001920, 0x00192B}, {0x001930, 0x00193B},
    {0x001A17, 0x001A1B}, {0x001A55, 0x001A5E}, {0x001A60, 0x001A7C}, {0x001A7F, 0x001A7F},
    {0x001AB0, 0x001ACE}, {0x001B00, 0x001B04}, {0x001B34, 0x001B44}, {0x001B6B, 0x001B73},
    {0x001B80, 0x001B82}, {0x001BA1, 0x001BAD}, {0x001BE6, 0x001BF3}, {0x001C24, 0x001C37},
    {0x001CD0, 0x001CD2}, {0x001CD4, 0x001CE8}, {0x001CED, 0x001CED}, {0x001CF4, 0x001CF4},
    {0x001CF7, 0x001CF9}, {0x001DC0, 0x001DFF}, {0x00200C, 0x00200D}, {0x0020D0, 0x0020F0},
    {0x002CEF, 0x002CF1}, {0x002D7F, 0x002D7F}, {0x002DE0, 0x002DFF}, {0x00302A, 0x00302F},
    {0x003099, 0x00309A}, {0x00A66F, 0x00A672}, {0x00A674, 0x00A67D}, {0x00A69E, 0x00A69F},
    {0x00A6F0, 0x00A6F1}, {0x00A802, 0x00A802}, {0x00A806, 0x00A806}, {0x00A80B, 0x00A80B},
    {0x00A823, 0x00A827}, {0x00A82C, 0x00A82C}, {0x00A880, 0x00A881}, {0x00A8B4, 0x00A8C5},
    {0x00A8E0, 0x00A8F1}, {0x00A8FF, 0x00A8FF}, {0x00A926, 0x00A92D}, {0x00A947, 0x00A953},
    {0x00A980, 0x00A983}, {0x00A9B3, 0x00A9C0}, {0x00A9E5, 0x00A9E5}, {0x00AA29, 0x00AA36},
    {0x00AA43, 0x00AA43}, {0x00AA4C, 0x00AA4D}, {0x00AA7B, 0x00AA7D}, {0x00AAB0, 0x00AAB0},
    {0x00AAB2, 0x00AAB4}, {0x00AAB7, 0x00AAB8}, {0x00AABE, 0x00AABF}, {0x00AAC1, 0x00AAC1},
    {0x00AAEB, 0x00AAEF}, {0x00AAF5, 0x00AAF6}, {0x00ABE3, 0x00ABEA}, {0x00ABEC, 0x00ABED},
    {0x00FB1E, 0x00FB1E}, {0x00FE00, 0x00FE0F}, {0x00FE20, 0x00FE2F}, {0x00FF9E, 0x00FF9F},
    {0x0101FD, 0x0101FD}, {0x0102E0, 0x0102E0}, {0x010376, 0x01037A}, {0x010A01, 0x010A03},
    {0x010A05, 0x010A06}, {0x010A0C, 0x010A0F}, {0x010A38, 0x010A3A}, {0x010A3F, 0x010A3F},
    {0x010AE5, 0x010AE6}, {0x010D24, 0x010D27}, {0x010D69, 0x010D6D}, {0x010EAB, 0x010EAC},
    {0x010EFC, 0x010EFF}, {0x010F46, 0x010F50}, {0x010F82, 0x010F85}, {0x011000, 0x011002},
    {0x011038, 0x011046}, {0x011070, 0x011070}, {0x011073, 0x011074}, {0x01107F, 0x011082},
    {0x0110B0, 0x0110BA}, {0x0110C2, 0x0110C2}, {0x011100, 0x011102}, {0x011127, 0x011134},
    {0x011145, 0x011146}, {0x011173, 0x011173}, {0x011180, 0x011182}, {0x0111B3, 0x0111C0},
    {0x0111C9, 0x0111CC}, {0x0111CE, 0x0111CF}, {0x01122C, 0x011237}, {0x01123E, 0x01123E},
    {0x011241, 0x011241}, {0x0112DF, 0x0112EA}, {0x011300, 0x011303}, {0x01133B, 0x01133C},
    {0x01133E, 0x011344}, {0x011347, 0x011348}, {0x01134B, 0x01134D}, {0x011357, 0x011357},
    {0x011362, 0x011363}, {0x011366, 0x01136C}, {0x011370, 0x011374}, {0x0113B8, 0x0113C0},
    {0x0113C2, 0x0113C2}, {0x0113C5, 0x0113C5}, {0x0113C7, 0x0113CA}, {0x0113CC, 0x0113D0},
    {0x0113D2, 0x0113D2}, {0x0113E1, 0x0113E2}, {0x011435, 0x011446}, {0x01145E, 0x01145E},
    {0x0114B0, 0x0114C3}, {0x0115AF, 0x0115B5}, {0x0115B8, 0x0115C0}, {0x0115DC, 0x0115DD},
    {0x011630, 0x011640}, {0x0116AB, 0x0116B7}, {0x01171D, 0x01172B}, {0x01182C, 0x01183A},
    {0x011930, 0x011935}, {0x011937, 0x011938}, {0x01193B, 0x01193E}, {0x011940, 0x011940},
    {0x011942, 0x011943}, {0x0119D1, 0x0119D7}, {0x0119DA, 0x0119E0}, {0x0119E4, 0x0119E4},
    {0x011A01, 0x011A0A}, {0x011A33, 0x011A39}, {0x011A3B, 0x011A3E}, {0x011A47, 0x011A47},
    {0x011A51, 0x011A5B}, {0x011A8A, 0x011A99}, {0x011C2F, 0x011C36}, {0x011C38, 0x011C3F},
    {0x011C92, 0x011CA7}, {0x011CA9, 0x011CB6}, {0x011D31, 0x011D36}, {0x011D3A, 0x011D3A},
    {0x011D3C, 0x011D3D}, {0x011D3F, 0x011D45}, {0x011D47, 0x011D47}, {0x011D8A, 0x011D8E},
    {0x011D90, 0x011D91}, {0x011D93, 0x011D97}, {0x011EF3, 0x011EF6}, {0x011F00, 0x011F01},
    {0x011F03, 0x011F03}, {0x011F34, 0x011F3A}, {0x011F3E, 0x011F42}, {0x011F5A, 0x011F5A},
    {0x013440, 0x013440}, {0x013447, 0x013455}, {0x01611E, 0x01612F}, {0x016AF0, 0x016AF4},
    {0x016B30, 0x016B36}, {0x016F4F, 0x016F4F}, {0x016F51, 0x016F87}, {0x016F8F, 0x016F92},
    {0x016FE4, 0x016FE4}, {0x016FF0, 0x016FF1}, {0x01BC9D, 0x01BC9E}, {0x01CF00, 0x01CF2D},
    {0x01CF30, 0x01CF46}, {0x01D165, 0x01D169}, {0x01D16D, 0x01D172}, {0x01D17B, 0x01D182},
    {0x01D185, 0x01D18B}, {0x01D1AA, 0x01D1AD}, {0x01D242, 0x01D244}, {0x01DA00, 0x01DA36},
    {0x01DA3B, 0x01DA6C}, {0x01DA75, 0x01DA75}, {0x01DA84, 0x01DA84}, {0x01DA9B, 0x01DA9F},
    {0x01DAA1, 0x01DAAF}, {0x01E000, 0x01E006}, {0x01E008, 0x01E018}, {0x01E01B, 0x01E021},
    {0x01E023, 0x01E024}, {0x01E026, 0x01E02A}, {0x01E08F, 0x01E08F}, {0x01E130, 0x01E136},
    {0x01E2AE, 0x01E2AE}, {0x01E2EC, 0x01E2EF}, {0x01E4EC, 0x01E4EF}, {0x01E5EE, 0x01E5EF},
    {0x01E8D0, 0x01E8D6}, {0x01E944, 0x01E94A}, {0x0E0020, 0x0E007F}, {0x0E0100, 0x0E01EF},
    {0x0000AD, 0x0000AD}, {0x00061C, 0x00061C}, {0x00070F, 0x00070F}, {0x00180E, 0x00180E},
    {0x00200B, 0x00200B}, {0x00200E, 0x00200F}, {0x00202A, 0x00202E}, {0x002060, 0x002064},
    {0x002066, 0x00206F}, {0x00FEFF, 0x00FEFF}, {0x00FFF9, 0x00FFFB}, {0x013430, 0x01343F},
    {0x01BCA0, 0x01BCA3}, {0x01D173, 0x01D17A}, {0x0E0001, 0x0E0001}, {0x0001BB, 0x0001BB},
    {0x0001C0, 0x0001C3}, {0x000294, 0x000294}, {0x0002B9, 0x0002BF}, {0x0002C6, 0x0002D1},
    {0x0002EC, 0x0002EC}, {0x0002EE, 0x0002EE}, {0x000374, 0x000374}, {0x000559, 0x000559},
    {0x0005D0, 0x0005EA}, {0x0005EF, 0x0005F3}, {0x000620, 0x00064A}, {0x00066E, 0x00066F},
    {0x000671, 0x0006D3}, {0x0006D5, 0x0006D5}, {0x0006E5, 0x0006E6}, {0x0006EE, 0x0006EF},
    {0x0006FA, 0x0006FC}, {0x0006FF, 0x0006FF}, {0x000710, 0x000710}, {0x000712, 0x00072F},
    {0x00074D, 0x0007A5}, {0x0007B1, 0x0007B1}, {0x0007CA, 0x0007EA}, {0x0007F4, 0x0007F5},
    {0x0007FA, 0x0007FA}, {0x000800, 0x000815}, {0x00081A, 0x00081A}, {0x000824, 0x000824},
    {0x000828, 0x000828}, {0x000840, 0x000858}, {0x000860, 0x00086A}, {0x000870, 0x000887},
    {0x000889, 0x00088E}, {0x0008A0, 0x0008C9}, {0x000904, 0x000939}, {0x00093D, 0x00093D},
    {0x000950, 0x000950}, {0x000958, 0x000961}, {0x000971, 0x000980}, {0x000985, 0x00098C},
    {0x00098F, 0x000990}, {0x000993, 0x0009A8}, {0x0009AA, 0x0009B0}, {0x0009B2, 0x0009B2},
    {0x0009B6, 0x0009B9}, {0x0009BD, 0x0009BD}, {0x0009CE, 0x0009CE}, {0x0009DC, 0x0009DD},
    {0x0009DF, 0x0009E1}, {0x0009F0, 0x0009F1}, {0x0009FC, 0x0009FC}, {0x000A05, 0x000A0A},
    {0x000A0F, 0x000A10}, {0x000A13, 0x000A28}, {0x000A2A, 0x000A30}, {0x000A32, 0x000A33},
    {0x000A35, 0x000A36}, {0x000A38, 0x000A39}, {0x000A59, 0x000A5C}, {0x000A5E, 0x000A5E},
    {0x000A72, 0x000A74}, {0x000A85, 0x000A8D}, {0x000A8F, 0x000A91}, {0x000A93, 0x000AA8},
    {0x000AAA, 0x000AB0}, {0x000AB2, 0x000AB3}, {0x000AB5, 0x000AB9}, {0x000ABD, 0x000ABD},
    {0x000AD0, 0x000AD0}, {0x000AE0, 0x000AE1}, {0x000AF9, 0x000AF9}, {0x000B05, 0x000B0C},
    {0x000B0F, 0x000B10}, {0x000B13, 0x000B28}, {0x000B2A, 0x000B30}, {0x000B32, 0x000B33},
    {0x000B35, 0x000B39}, {0x000B3D, 0x000B3D}, {0x000B5C, 0x000B5D}, {0x000B5F, 0x000B61},
    {0x000B71, 0x000B71}, {0x000B83, 0x000B83}, {0x000B85, 0x000B8A}, {0x000B8E, 0x000B90},
    {0x000B92, 0x000B95}, {0x000B99, 0x000B9A}, {0x000B9C, 0x000B9C}, {0x000B9E, 0x000B9F},
    {0x000BA3, 0x000BA4}, {0x000BA8, 0x000BAA}, {0x000BAE, 0x000BB9}, {0x000BD0, 0x000BD0},
    {0x000C05, 0x000C0C}, {0x000C0E, 0x000C10}, {0x000C12, 0x000C28}, {0x000C2A, 0x000C39},
    {0x000C3D, 0x000C3D}, {0x000C58, 0x000C5A}, {0x000C5D, 0x000C5D}, {0x000C60, 0x000C61},
    {0x000C80, 0x000C80}, {0x000C85, 0x000C8C}, {0x000C8E, 0x000C90}, {0x000C92, 0x000CA8},
    {0x000CAA, 0x000CB3}, {0x000CB5, 0x000CB9}, {0x000CBD, 0x000CBD}, {0x000CDD, 0x000CDE},
    {0x000CE0, 0x000CE1}, {0x000CF1, 0x000CF2}, {0x000D04, 0x000D0C}, {0x000D0E, 0x000D10},
    {0x000D12, 0x000D3A}, {0x000D3D, 0x000D3D}, {0x000D4E, 0x000D4E}, {0x000D54, 0x000D56},
    {0x000D5F, 0x000D61}, {0x000D7A, 0x000D7F}, {0x000D85, 0x000D96}, {0x000D9A, 0x000DB1},
    {0x000DB3, 0x000DBB}, {0x000DBD, 0x000DBD}, {0x000DC0, 0x000DC6}, {0x000E01, 0x000E30},
    {0x000E32, 0x000E33}, {0x000E40, 0x000E46}, {0x000E81, 0x000E82}, {0x000E84, 0x000E84},
    {0x000E86, 0x000E8A}, {0x000E8C, 0x000EA3}, {0x000EA5, 0x000EA5}, {0x000EA7, 0x000EB0},
    {0x000EB2, 0x000EB3}, {0x000EBD, 0x000EBD}, {0x000EC0, 0x000EC4}, {0x000EC6, 0x000EC6},
    {0x000EDC, 0x000EDF}, {0x000F00, 0x000F00}, {0x000F40, 0x000F47}, {0x000F49, 0x000F6C},
    {0x000F88, 0x000F8C}, {0x001000, 0x00102A}, {0x00103F, 0x00103F}, {0x001050, 0x001055},
    {0x00105A, 0x00105D}, {0x001061, 0x001061}, {0x001065, 0x001066}, {0x00106E, 0x001070},
    {0x001075, 0x001081}, {0x00108E, 0x00108E}, {0x0010D0, 0x0010FA}, {0x0010FD, 0x001248},
    {0x00124A, 0x00124D}, {0x001250, 0x001256}, {0x001258, 0x001258}, {0x00125A, 0x00125D},
    {0x001260, 0x001288}, {0x00128A, 0x00128D}, {0x001290, 0x0012B0}, {0x0012B2, 0x0012B5},
    {0x0012B8, 0x0012BE}, {0x0012C0, 0x0012C0}, {0x0012C2, 0x0012C5}, {0x0012C8, 0x0012D6},
    {0x0012D8, 0x001310}, {0x001312, 0x001315}, {0x001318, 0x00135A}, {0x001380, 0x00138F},
    {0x001401, 0x00166C}, {0x00166F, 0x00167F}, {0x001681, 0x00169A}, {0x0016A0, 0x0016EA},
    {0x0016EE, 0x0016F8}, {0x001700, 0x001711}, {0x00171F, 0x001731}, {0x001740, 0x001751},
    {0x001760, 0x00176C}, {0x00176E, 0x001770}, {0x001780, 0x0017B3}, {0x0017D7, 0x0017D7},
    {0x0017DC, 0x0017DC}, {0x001820, 0x001878}, {0x001880, 0x001884}, {0x001887, 0x0018A8},
    {0x0018AA, 0x0018AA}, {0x0018B0, 0x0018F5}, {0x001900, 0x00191E}, {0x001950, 0x00196D},
    {0x001970, 0x001974}, {0x001980, 0x0019AB}, {0x0019B0, 0x0019C9}, {0x001A00, 0x001A16},
    {0x001A20, 0x001A54}, {0x001AA7, 0x001AA7}, {0x001B05, 0x001B33}, {0x001B45, 0x001B4C},
    {0x001B83, 0x001BA0}, {0x001BAE, 0x001BAF}, {0x001BBA, 0x001BE5}, {0x001C00, 0x001C23},
    {0x001C4D, 0x001C4F}, {0x001C5A, 0x001C7D}, {0x001C90, 0x001CBA}, {0x001CBD, 0x001CBF},
    {0x001CE9, 0x001CEC}, {0x001CEE, 0x001CF3}, {0x001CF5, 0x001CF6}, {0x001CFA, 0x001CFA},
    {0x002135, 0x002138}, {0x002180, 0x002182}, {0x002185, 0x002188}, {0x002D30, 0x002D67},
    {0x002D6F, 0x002D6F}, {0x002D80, 0x002D96}, {0x002DA0, 0x002DA6}, {0x002DA8, 0x002DAE},
    {0x002DB0, 0x002DB6}, {0x002DB8, 0x002DBE}, {0x002DC0, 0x002DC6}, {0x002DC8, 0x002DCE},
    {0x002DD0, 0x002DD6}, {0x002DD8, 0x002DDE}, {0x002E2F, 0x002E2F}, {0x003005, 0x003007},
    {0x003021, 0x003029}, {0x003031, 0x003035}, {0x003038, 0x00303C}, {0x003041, 0x003096},
    {0x00309D, 0x00309F}, {0x0030A1, 0x0030FA}, {0x0030FC, 0x0030FF}, {0x003105, 0x00312F},
    {0x003131, 0x00318E}, {0x0031A0, 0x0031BF}, {0x0031F0, 0x0031FF}, {0x003400, 0x004DBF},
    {0x004E00, 0x00A48C}, {0x00A4D0, 0x00A4FD}, {0x00A500, 0x00A60C}, {0x00A610, 0x00A61F},
    {0x00A62A, 0x00A62B}, {0x00A66E, 0x00A66E}, {0x00A67F, 0x00A67F}, {0x00A6A0, 0x00A6EF},
    {0x00A717, 0x00A71F}, {0x00A788, 0x00A788}, {0x00A78F, 0x00A78F}, {0x00A7F7, 0x00A7F7},
    {0x00A7FB, 0x00A801}, {0x00A803, 0x00A805}, {0x00A807, 0x00A80A}, {0x00A80C, 0x00A822},
    {0x00A840, 0x00A873}, {0x00A882, 0x00A8B3}, {0x00A8F2, 0x00A8F7}, {0x00A8FB, 0x00A8FB},
    {0x00A8FD, 0x00A8FE}, {0x00A90A, 0x00A925}, {0x00A930, 0x00A946}, {0x00A960, 0x00A97C},
    {0x00A984, 0x00A9B2}, {0x00A9CF, 0x00A9CF}, {0x00A9E0, 0x00A9E4}, {0x00A9E6, 0x00A9EF},
    {0x00A9FA, 0x00A9FE}, {0x00AA00, 0x00AA28}, {0x00AA40, 0x00AA42}, {0x00AA44, 0x00AA4B},
    {0x00AA60, 0x00AA76}, {0x00AA7A, 0x00AA7A}, {0x00AA7E, 0x00AAAF}, {0x00AAB1, 0x00AAB1},
    {0x00AAB5, 0x00AAB6}, {0x00AAB9, 0x00AABD}, {0x00AAC0, 0x00AAC0}, {0x00AAC2, 0x00AAC2},
    {0x00AADB, 0x00AADD}, {0x00AAE0, 0x00AAEA}, {0x00AAF2, 0x00AAF4}, {0x00AB01, 0x00AB06},
    {0x00AB09, 0x00AB0E}, {0x00AB11, 0x00AB16}, {0x00AB20, 0x00AB26}, {0x00AB28, 0x00AB2E},
    {0x00ABC0, 0x00ABE2}, {0x00AC00, 0x00D7A3}, {0x00D7B0, 0x00D7C6}, {0x00D7CB, 0x00D7FB},
    {0x00F900, 0x00FA6D}, {0x00FA70, 0x00FAD9}, {0x00FB1D, 0x00FB1D}, {0x00FB1F, 0x00FB28},
    {0x00FB2A, 0x00FB36}, {0x00FB38, 0x00FB3C}, {0x00FB3E, 0x00FB3E}, {0x00FB40, 0x00FB41},
    {0x00FB43, 0x00FB44}, {0x00FB46, 0x00FBB1}, {0x00FBD3, 0x00FD3D}, {0x00FD50, 0x00FD8F},
    {0x00FD92, 0x00FDC7}, {0x00FDF0, 0x00FDFB}, {0x00FE70, 0x00FE74}, {0x00FE76, 0x00FEFC},
    {0x00FF66, 0x00FF9D}, {0x00FFA0, 0x00FFBE}, {0x00FFC2, 0x00FFC7}, {0x00FFCA, 0x00FFCF},
    {0x00FFD2, 0x00FFD7}, {0x00FFDA, 0x00FFDC}, {0x010000, 0x01000B}, {0x01000D, 0x010026},
    {0x010028, 0x01003A}, {0x01003C, 0x01003D}, {0x01003F, 0x01004D}, {0x010050, 0x01005D},
    {0x010080, 0x0100FA}, {0x010140, 0x010174}, {0x010280, 0x01029C}, {0x0102A0, 0x0102D0},
    {0x010300, 0x01031F}, {0x01032D, 0x01034A}, {0x010350, 0x010375}, {0x010380, 0x01039D},
    {0x0103A0, 0x0103C3}, {0x0103C8, 0x0103CF}, {0x0103D1, 0x0103D5}, {0x010450, 0x01049D},
    {0x010500, 0x010527}, {0x010530, 0x010563}, {0x0105C0, 0x0105F3}, {0x010600, 0x010736},
    {0x010740, 0x010755}, {0x010760, 0x010767}, {0x010781, 0x010782}, {0x010800, 0x010805},
    {0x010808, 0x010808}, {0x01080A, 0x010835}, {0x010837, 0x010838}, {0x01083C, 0x01083C},
    {0x01083F, 0x010855}, {0x010860, 0x010876}, {0x010880, 0x01089E}, {0x0108E0, 0x0108F2},
    {0x0108F4, 0x0108F5}, {0x010900, 0x010915}, {0x010920, 0x010939}, {0x010980, 0x0109B7},
    {0x0109BE, 0x0109BF}, {0x010A00, 0x010A00}, {0x010A10, 0x010A13}, {0x010A15, 0x010A17},
    {0x010A19, 0x010A35}, {0x010A60, 0x010A7C}, {0x010A80, 0x010A9C}, {0x010AC0, 0x010AC7},
    {0x010AC9, 0x010AE4}, {0x010B00, 0x010B35}, {0x010B40, 0x010B55}, {0x010B60, 0x010B72},
    {0x010B80, 0x010B91}, {0x010C00, 0x010C48}, {0x010D00, 0x010D23}, {0x010D4A, 0x010D4F},
    {0x010D6F, 0x010D6F}, {0x010E80, 0x010EA9}, {0x010EB0, 0x010EB1}, {0x010EC2, 0x010EC4},
    {0x010F00, 0x010F1C}, {0x010F27, 0x010F27}, {0x010F30, 0x010F45}, {0x010F70, 0x010F81},
    {0x010FB0, 0x010FC4}, {0x010FE0, 0x010FF6}, {0x011003, 0x011037}, {0x011071, 0x011072},
    {0x011075, 0x011075}, {0x011083, 0x0110AF}, {0x0110D0, 0x0110E8}, {0x011103, 0x011126},
    {0x011144, 0x011144}, {0x011147, 0x011147}, {0x011150, 0x011172}, {0x011176, 0x011176},
    {0x011183, 0x0111B2}, {0x0111C1, 0x0111C4}, {0x0111DA, 0x0111DA}, {0x0111DC, 0x0111DC},
    {0x011200, 0x011211}, {0x011213, 0x01122B}, {0x01123F, 0x011240}, {0x011280, 0x011286},
    {0x011288, 0x011288}, {0x01128A, 0x01128D}, {0x01128F, 0x01129D}, {0x01129F, 0x0112A8},
    {0x0112B0, 0x0112DE}, {0x011305, 0x01130C}, {0x01130F, 0x011310}, {0x011313, 0x011328},
    {0x01132A, 0x011330}, {0x011332, 0x011333}, {0x011335, 0x011339}, {0x01133D, 0x01133D},
    {0x011350, 0x011350}, {0x01135D, 0x011361}, {0x011380, 0x011389}, {0x01138B, 0x01138B},
    {0x01138E, 0x01138E}, {0x011390, 0x0113B5}, {0x0113B7, 0x0113B7}, {0x0113D1, 0x0113D1},
    {0x0113D3, 0x0113D3}, {0x011400, 0x011434}, {0x011447, 0x01144A}, {0x01145F, 0x011461},
    {0x011480, 0x0114AF}, {0x0114C4, 0x0114C5}, {0x0114C7, 0x0114C7}, {0x011580, 0x0115AE},
    {0x0115D8, 0x0115DB}, {0x011600, 0x01162F}, {0x011644, 0x011644}, {0x011680, 0x0116AA},
    {0x0116B8, 0x0116B8}, {0x011700, 0x01171A}, {0x011740, 0x011746}, {0x011800, 0x01182B},
    {0x0118FF, 0x011906}, {0x011909, 0x011909}, {0x01190C, 0x011913}, {0x011915, 0x011916},
    {0x011918, 0x01192F}, {0x01193F, 0x01193F}, {0x011941, 0x011941}, {0x0119A0, 0x0119A7},
    {0x0119AA, 0x0119D0}, {0x0119E1, 0x0119E1}, {0x0119E3, 0x0119E3}, {0x011A00, 0x011A00},
    {0x011A0B, 0x011A32}, {0x011A3A, 0x011A3A}, {0x011A50, 0x011A50}, {0x011A5C, 0x011A89},
    {0x011A9D, 0x011A9D}, {0x011AB0, 0x011AF8}, {0x011BC0, 0x011BE0}, {0x011C00, 0x011C08},
    {0x011C0A, 0x011C2E}, {0x011C40, 0x011C40}, {0x011C72, 0x011C8F}, {0x011D00, 0x011D06},
    {0x011D08, 0x011D09}, {0x011D0B, 0x011D30}, {0x011D46, 0x011D46}, {0x011D60, 0x011D65},
    {0x011D67, 0x011D68}, {0x011D6A, 0x011D89}, {0x011D98, 0x011D98}, {0x011EE0, 0x011EF2},
    {0x011F02, 0x011F02}, {0x011F04, 0x011F10}, {0x011F12, 0x011F33}, {0x011FB0, 0x011FB0},
    {0x012000, 0x012399}, {0x012400, 0x01246E}, {0x012480, 0x012543}, {0x012F90, 0x012FF0},
    {0x013000, 0x01342F}, {0x013441, 0x013446}, {0x013460, 0x0143FA}, {0x014400, 0x014646},
    {0x016100, 0x01611D}, {0x016800, 0x016A38}, {0x016A40, 0x016A5E}, {0x016A70, 0x016ABE},
    {0x016AD0, 0x016AED}, {0x016B00, 0x016B2F}, {0x016B40, 0x016B43}, {0x016B63, 0x016B77},
    {0x016B7D, 0x016B8F}, {0x016D40, 0x016D6C}, {0x016F00, 0x016F4A}, {0x016F50, 0x016F50},
    {0x016F93, 0x016F9F}, {0x016FE0, 0x016FE1}, {0x016FE3, 0x016FE3}, {0x017000, 0x0187F7},
    {0x018800, 0x018CD5}, {0x018CFF, 0x018D08}, {0x01AFF0, 0x01AFF3}, {0x01AFF5, 0x01AFFB},
    {0x01AFFD, 0x01AFFE}, {0x01B000, 0x01B122}, {0x01B132, 0x01B132}, {0x01B150, 0x01B152},
    {0x01B155, 0x01B155}, {0x01B164, 0x01B167}, {0x01B170, 0x01B2FB}, {0x01BC00, 0x01BC6A},
    {0x01BC70, 0x01BC7C}, {0x01BC80, 0x01BC88}, {0x01BC90, 0x01BC99}, {0x01DF0A, 0x01DF0A},
    {0x01E100, 0x01E12C}, {0x01E137, 0x01E13D}, {0x01E14E, 0x01E14E}, {0x01E290, 0x01E2AD},
    {0x01E2C0, 0x01E2EB}, {0x01E4D0, 0x01E4EB}, {0x01E5D0, 0x01E5ED}, {0x01E5F0, 0x01E5F0},
    {0x01E7E0, 0x01E7E6}, {0x01E7E8, 0x01E7EB}, {0x01E7ED, 0x01E7EE}, {0x01E7F0, 0x01E7FE},
    {0x01E800, 0x01E8C4}, {0x01E94B, 0x01E94B}, {0x01EE00, 0x01EE03}, {0x01EE05, 0x01EE1F},
    {0x01EE21, 0x01EE22}, {0x01EE24, 0x01EE24}, {0x01EE27, 0x01EE27}, {0x01EE29, 0x01EE32},
    {0x01EE34, 0x01EE37}, {0x01EE39, 0x01EE39}, {0x01EE3B, 0x01EE3B}, {0x01EE42, 0x01EE42},
    {0x01EE47, 0x01EE47}, {0x01EE49, 0x01EE49}, {0x01EE4B, 0x01EE4B}, {0x01EE4D, 0x01EE4F},
    {0x01EE51, 0x01EE52}, {0x01EE54, 0x01EE54}, {0x01EE57, 0x01EE57}, {0x01EE59, 0x01EE59},
    {0x01EE5B, 0x01EE5B}, {0x01EE5D, 0x01EE5D}, {0x01EE5F, 0x01EE5F}, {0x01EE61, 0x01EE62},
    {0x01EE64, 0x01EE64}, {0x01EE67, 0x01EE6A}, {0x01EE6C, 0x01EE72}, {0x01EE74, 0x01EE77},
    {0x01EE79, 0x01EE7C}, {0x01EE7E, 0x01EE7E}, {0x01EE80, 0x01EE89}, {0x01EE8B, 0x01EE9B},
    {0x01EEA1, 0x01EEA3}, {0x01EEA5, 0x01EEA9}, {0x01EEAB, 0x01EEBB}, {0x020000, 0x02A6DF},
    {0x02A700, 0x02B739}, {0x02B740, 0x02B81D}, {0x02B820, 0x02CEA1}, {0x02CEB0, 0x02EBE0},
    {0x02EBF0, 0x02EE5D}, {0x02F800, 0x02FA1D}, {0x030000, 0x03134A}, {0x031350, 0x0323AF},
    {0x000061, 0x00007A}, {0x0000AA, 0x0000AA}, {0x0000B5, 0x0000B5}, {0x0000BA, 0x0000BA},
    {0x0000DF, 0x0000F6}, {0x0000F8, 0x0000FF}, {0x000101, 0x000101}, {0x000103, 0x000103},
    {0x000105, 0x000105}, {0x000107, 0x000107}, {0x000109, 0x000109}, {0x00010B, 0x00010B},
    {0x00010D, 0x00010D}, {0x00010F, 0x00010F}, {0x000111, 0x000111}, {0x000113, 0x000113},
    {0x000115, 0x000115}, {0x000117, 0x000117}, {0x000119, 0x000119}, {0x00011B, 0x00011B},
    {0x00011D, 0x00011D}, {0x00011F, 0x00011F}, {0x000121, 0x000121}, {0x000123, 0x000123},
    {0x000125, 0x000125}, {0x000127, 0x000127}, {0x000129, 0x000129}, {0x00012B, 0x00012B},
    {0x00012D, 0x00012D}, {0x00012F, 0x00012F}, {0x000131, 0x000131}, {0x000133, 0x000133},
    {0x000135, 0x000135}, {0x000137, 0x000138}, {0x00013A, 0x00013A}, {0x00013C, 0x00013C},
    {0x00013E, 0x00013E}, {0x000140, 0x000140}, {0x000142, 0x000142}, {0x000144, 0x000144},
    {0x000146, 0x000146}, {0x000148, 0x000149}, {0x00014B, 0x00014B}, {0x00014D, 0x00014D},
    {0x00014F, 0x00014F}, {0x000151, 0x000151}, {0x000153, 0x000153}, {0x000155, 0x000155},
    {0x000157, 0x000157}, {0x000159, 0x000159}, {0x00015B, 0x00015B}, {0x00015D, 0x00015D},
    {0x00015F, 0x00015F}, {0x000161, 0x000161}, {0x000163, 0x000163}, {0x000165, 0x000165},
    {0x000167, 0x000167}, {0x000169, 0x000169}, {0x00016B, 0x00016B}, {0x00016D, 0x00016D},
    {0x00016F, 0x00016F}, {0x000171, 0x000171}, {0x000173, 0x000173}, {0x000175, 0x000175},
    {0x000177, 0x000177}, {0x00017A, 0x00017A}, {0x00017C, 0x00017C}, {0x00017E, 0x000180},
    {0x000183, 0x000183}, {0x000185, 0x000185}, {0x000188, 0x000188}, {0x00018C, 0x00018D},
    {0x000192, 0x000192}, {0x000195, 0x000195}, {0x000199, 0x00019B}, {0x00019E, 0x00019E},
    {0x0001A1, 0x0001A1}, {0x0001A3, 0x0001A3}, {0x0001A5, 0x0001A5}, {0x0001A8, 0x0001A8},
    {0x0001AA, 0x0001AB}, {0x0001AD, 0x0001AD}, {0x0001B0, 0x0001B0}, {0x0001B4, 0x0001B4},
    {0x0001B6, 0x0001B6}, {0x0001B9, 0x0001BA}, {0x0001BD, 0x0001BF}, {0x0001C6, 0x0001C6},
    {0x0001C9, 0x0001C9}, {0x0001CC, 0x0001CC}, {0x0001CE, 0x0001CE}, {0x0001D0, 0x0001D0},
    {0x0001D2, 0x0001D2}, {0x0001D4, 0x0001D4}, {0x0001D6, 0x0001D6}, {0x0001D8, 0x0001D8},
    {0x0001DA, 0x0001DA}, {0x0001DC, 0x0001DD}, {0x0001DF, 0x0001DF}, {0x0001E1, 0x0001E1},
    {0x0001E3, 0x0001E3}, {0x0001E5, 0x0001E5}, {0x0001E7, 0x0001E7}, {0x0001E9, 0x0001E9},
    {0x0001EB, 0x0001EB}, {0x0001ED, 0x0001ED}, {0x0001EF, 0x0001F0}, {0x0001F3, 0x0001F3},
    {0x0001F5, 0x0001F5}, {0x0001F9, 0x0001F9}, {0x0001FB, 0x0001FB}, {0x0001FD, 0x0001FD},
    {0x0001FF, 0x0001FF}, {0x000201, 0x000201}, {0x000203, 0x000203}, {0x000205, 0x000205},
    {0x000207, 0x000207}, {0x000209, 0x000209}, {0x00020B, 0x00020B}, {0x00020D, 0x00020D},
    {0x00020F, 0x00020F}, {0x000211, 0x000211}, {0x000213, 0x000213}, {0x000215, 0x000215},
    {0x000217, 0x000217}, {0x000219, 0x000219}, {0x00021B, 0x00021B}, {0x00021D, 0x00021D},
    {0x00021F, 0x00021F}, {0x000221, 0x000221}, {0x000223, 0x000223}, {0x000225, 0x000225},
    {0x000227, 0x000227}, {0x000229, 0x000229}, {0x00022B, 0x00022B}, {0x00022D, 0x00022D},
    {0x00022F, 0x00022F}, {0x000231, 0x000231}, {0x000233, 0x000239}, {0x00023C, 0x00023C},
    {0x00023F, 0x000240}, {0x000242, 0x000242}, {0x000247, 0x000247}, {0x000249, 0x000249},
    {0x00024B, 0x00024B}, {0x00024D, 0x00024D}, {0x00024F, 0x000293}, {0x000295, 0x0002B8},
    {0x0002C0, 0x0002C1}, {0x0002E0, 0x0002E4}, {0x000371, 0x000371}, {0x000373, 0x000373},
    {0x000377, 0x000377}, {0x00037A, 0x00037D}, {0x000390, 0x000390}, {0x0003AC, 0x0003CE},
    {0x0003D0, 0x0003D1}, {0x0003D5, 0x0003D7}, {0x0003D9, 0x0003D9}, {0x0003DB, 0x0003DB},
    {0x0003DD, 0x0003DD}, {0x0003DF, 0x0003DF}, {0x0003E1, 0x0003E1}, {0x0003E3, 0x0003E3},
    {0x0003E5, 0x0003E5}, {0x0003E7, 0x0003E7}, {0x0003E9, 0x0003E9}, {0x0003EB, 0x0003EB},
    {0x0003ED, 0x0003ED}, {0x0003EF, 0x0003F3}, {0x0003F5, 0x0003F5}, {0x0003F8, 0x0003F8},
    {0x0003FB, 0x0003FC}, {0x000430, 0x00045F}, {0x000461, 0x000461}, {0x000463, 0x000463},
    {0x000465, 0x000465}, {0x000467, 0x000467}, {0x000469, 0x000469}, {0x00046B, 0x00046B},
    {0x00046D, 0x00046D}, {0x00046F, 0x00046F}, {0x000471, 0x000471}, {0x000473, 0x000473},
    {0x000475, 0x000475}, {0x000477, 0x000477}, {0x000479, 0x000479}, {0x00047B, 0x00047B},
    {0x00047D, 0x00047D}, {0x00047F, 0x00047F}, {0x000481, 0x000481}, {0x00048B, 0x00048B},
    {0x00048D, 0x00048D}, {0x00048F, 0x00048F}, {0x000491, 0x000491}, {0x000493, 0x000493},
    {0x000495, 0x000495}, {0x000497, 0x000497}, {0x000499, 0x000499}, {0x00049B, 0x00049B},
    {0x00049D, 0x00049D}, {0x00049F, 0x00049F}, {0x0004A1, 0x0004A1}, {0x0004A3, 0x0004A3},
    {0x0004A5, 0x0004A5}, {0x0004A7, 0x0004A7}, {0x0004A9, 0x0004A9}, {0x0004AB, 0x0004AB},
    {0x0004AD, 0x0004AD}, {0x0004AF, 0x0004AF}, {0x0004B1, 0x0004B1}, {0x0004B3, 0x0004B3},
    {0x0004B5, 0x0004B5}, {0x0004B7, 0x0004B7}, {0x0004B9, 0x0004B9}, {0x0004BB, 0x0004BB},
    {0x0004BD, 0x0004BD}, {0x0004BF, 0x0004BF}, {0x0004C2, 0x0004C2}, {0x0004C4, 0x0004C4},
    {0x0004C6, 0x0004C6}, {0x0004C8, 0x0004C8}, {0x0004CA, 0x0004CA}, {0x0004CC, 0x0004CC},
    {0x0004CE, 0x0004CF}, {0x0004D1, 0x0004D1}, {0x0004D3, 0x0004D3}, {0x0004D5, 0x0004D5},
    {0x0004D7, 0x0004D7}, {0x0004D9, 0x0004D9}, {0x0004DB, 0x0004DB}, {0x0004DD, 0x0004DD},
    {0x0004DF, 0x0004DF}, {0x0004E1, 0x0004E1}, {0x0004E3, 0x0004E3}, {0x0004E5, 0x0004E5},
    {0x0004E7, 0x0004E7}, {0x0004E9, 0x0004E9}, {0x0004EB, 0x0004EB}, {0x0004ED, 0x0004ED},
    {0x0004EF, 0x0004EF}, {0x0004F1, 0x0004F1}, {0x0004F3, 0x0004F3}, {0x0004F5, 0x0004F5},
    {0x0004F7, 0x0004F7}, {0x0004F9, 0x0004F9}, {0x0004FB, 0x0004FB}, {0x0004FD, 0x0004FD},
    {0x0004FF, 0x0004FF}, {0x000501, 0x000501}, {0x000503, 0x000503}, {0x000505, 0x000505},
    {0x000507, 0x000507}, {0x000509, 0x000509}, {0x00050B, 0x00050B}, {0x00050D, 0x00050D},
    {0x00050F, 0x00050F}, {0x000511, 0x000511}, {0x000513, 0x000513}, {0x000515, 0x000515},
    {0x000517, 0x000517}, {0x000519, 0x000519}, {0x00051B, 0x00051B}, {0x00051D, 0x00051D},
    {0x00051F, 0x00051F}, {0x000521, 0x000521}, {0x000523, 0x000523}, {0x000525, 0x000525},
    {0x000527, 0x000527}, {0x000529, 0x000529}, {0x00052B, 0x00052B}, {0x00052D, 0x00052D},
    {0x00052F, 0x00052F}, {0x000560, 0x000588}, {0x0010FC, 0x0010FC}, {0x0013F8, 0x0013FD},
    {0x001C80, 0x001C88}, {0x001C8A, 0x001C8A}, {0x001D00, 0x001DBF}, {0x001E01, 0x001E01},
    {0x001E03, 0x001E03}, {0x001E05, 0x001E05}, {0x001E07, 0x001E07}, {0x001E09, 0x001E09},
    {0x001E0B, 0x001E0B}, {0x001E0D, 0x001E0D}, {0x001E0F, 0x001E0F}, {0x001E11, 0x001E11},
    {0x001E13, 0x001E13}, {0x001E15, 0x001E15}, {0x001E17, 0x001E17}, {0x001E19, 0x001E19},
    {0x001E1B, 0x001E1B}, {0x001E1D, 0x001E1D}, {0x001E1F, 0x001E1F}, {0x001E21, 0x001E21},
    {0x001E23, 0x001E23}, {0x001E25, 0x001E25}, {0x001E27, 0x001E27}, {0x001E29, 0x001E29},
    {0x001E2B, 0x001E2B}, {0x001E2D, 0x001E2D}, {0x001E2F, 0x001E2F}, {0x001E31, 0x001E31},
    {0x001E33, 0x001E33}, {0x001E35, 0x001E35}, {0x001E37, 0x001E37}, {0x001E39, 0x001E39},
    {0x001E3B, 0x001E3B}, {0x001E3D, 0x001E3D}, {0x001E3F, 0x001E3F}, {0x001E41, 0x001E41},
    {0x001E43, 0x001E43}, {0x001E45, 0x001E45}, {0x001E47, 0x001E47}, {0x001E49, 0x001E49},
    {0x001E4B, 0x001E4B}, {0x001E4D, 0x001E4D}, {0x001E4F, 0x001E4F}, {0x001E51, 0x001E51},
    {0x001E53, 0x001E53}, {0x001E55, 0x001E55}, {0x001E57, 0x001E57}, {0x001E59, 0x001E59},
    {0x001E5B, 0x001E5B}, {0x001E5D, 0x001E5D}, {0x001E5F, 0x001E5F}, {0x001E61, 0x001E61},
    {0x001E63, 0x001E63}, {0x001E65, 0x001E65}, {0x001E67, 0x001E67}, {0x001E69, 0x001E69},
    {0x001E6B, 0x001E6B}, {0x001E6D, 0x001E6D}, {0x001E6F, 0x001E6F}, {0x001E71, 0x001E71},
    {0x001E73, 0x001E73}, {0x001E75, 0x001E75}, {0x001E77, 0x001E77}, {0x001E79, 0x001E79},
    {0x001E7B, 0x001E7B}, {0x001E7D, 0x001E7D}, {0x001E7F, 0x001E7F}, {0x001E81, 0x001E81},
    {0x001E83, 0x001E83}, {0x001E85, 0x001E85}, {0x001E87, 0x001E87}, {0x001E89, 0x001E89},
    {0x001E8B, 0x001E8B}, {0x001E8D, 0x001E8D}, {0x001E8F, 0x001E8F}, {0x001E91, 0x001E91},
    {0x001E93, 0x001E93}, {0x001E95, 0x001E9D}, {0x001E9F, 0x001E9F}, {0x001EA1, 0x001EA1},
    {0x001EA3, 0x001EA3}, {0x001EA5, 0x001EA5}, {0x001EA7, 0x001EA7}, {0x001EA9, 0x001EA9},
    {0x001EAB, 0x001EAB}, {0x001EAD, 0x001EAD}, {0x001EAF, 0x001EAF}, {0x001EB1, 0x001EB1},
    {0x001EB3, 0x001EB3}, {0x001EB5, 0x001EB5}, {0x001EB7, 0x001EB7}, {0x001EB9, 0x001EB9},
    {0x001EBB, 0x001EBB}, {0x001EBD, 0x001EBD}, {0x001EBF, 0x001EBF}, {0x001EC1, 0x001EC1},
    {0x001EC3, 0x001EC3}, {0x001EC5, 0x001EC5}, {0x001EC7, 0x001EC7}, {0x001EC9, 0x001EC9},
    {0x001ECB, 0x001ECB}, {0x001ECD, 0x001ECD}, {0x001ECF, 0x001ECF}, {0x001ED1, 0x001ED1},
    {0x001ED3, 0x001ED3}, {0x001ED5, 0x001ED5}, {0x001ED7, 0x001ED7}, {0x001ED9, 0x001ED9},
    {0x001EDB, 0x001EDB}, {0x001EDD, 0x001EDD}, {0x001EDF, 0x001EDF}, {0x001EE1, 0x001EE1},
    {0x001EE3, 0x001EE3}, {0x001EE5, 0x001EE5}, {0x001EE7, 0x001EE7}, {0x001EE9, 0x001EE9},
    {0x001EEB, 0x001EEB}, {0x001EED, 0x001EED}, {0x001EEF, 0x001EEF}, {0x001EF1, 0x001EF1},
    {0x001EF3, 0x001EF3}, {0x001EF5, 0x001EF5}, {0x001EF7, 0x001EF7}, {0x001EF9, 0x001EF9},
    {0x001EFB, 0x001EFB}, {0x001EFD, 0x001EFD}, {0x001EFF, 0x001F07}, {0x001F10, 0x001F15},
    {0x001F20, 0x001F27}, {0x001F30, 0x001F37}, {0x001F40, 0x001F45}, {0x001F50, 0x001F57},
    {0x001F60, 0x001F67}, {0x001F70, 0x001F7D}, {0x001F80, 0x001F87}, {0x001F90, 0x001F97},
    {0x001FA0, 0x001FA7}, {0x001FB0, 0x001FB4}, {0x001FB6, 0x001FB7}, {0x001FBE, 0x001FBE},
    {0x001FC2, 0x001FC4}, {0x001FC6, 0x001FC7}, {0x001FD0, 0x001FD3}, {0x001FD6, 0x001FD7},
    {0x001FE0, 0x001FE7}, {0x001FF2, 0x001FF4}, {0x001FF6, 0x001FF7}, {0x002071, 0x002071},
    {0x00207F, 0x00207F}, {0x002090, 0x00209C}, {0x00210A, 0x00210A}, {0x00210E, 0x00210F},
    {0x002113, 0x002113}, {0x00212F, 0x00212F}, {0x002134, 0x002134}, {0x002139, 0x002139},
    {0x00213C, 0x00213D}, {0x002146, 0x002149}, {0x00214E, 0x00214E}, {0x002170, 0x00217F},
    {0x002184, 0x002184}, {0x0024D0, 0x0024E9}, {0x002C30, 0x002C5F}, {0x002C61, 0x002C61},
    {0x002C65, 0x002C66}, {0x002C68, 0x002C68}, {0x002C6A, 0x002C6A}, {0x002C6C, 0x002C6C},
    {0x002C71, 0x002C71}, {0x002C73, 0x002C74}, {0x002C76, 0x002C7D}, {0x002C81, 0x002C81},
    {0x002C83, 0x002C83}, {0x002C85, 0x002C85}, {0x002C87, 0x002C87}, {0x002C89, 0x002C89},
    {0x002C8B, 0x002C8B}, {0x002C8D, 0x002C8D}, {0x002C8F, 0x002C8F}, {0x002C91, 0x002C91},
    {0x002C93, 0x002C93}, {0x002C95, 0x002C95}, {0x002C97, 0x002C97}, {0x002C99, 0x002C99},
    {0x002C9B, 0x002C9B}, {0x002C9D, 0x002C9D}, {0x002C9F, 0x002C9F}, {0x002CA1, 0x002CA1},
    {0x002CA3, 0x002CA3}, {0x002CA5, 0x002CA5}, {0x002CA7, 0x002CA7}, {0x002CA9, 0x002CA9},
    {0x002CAB, 0x002CAB}, {0x002CAD, 0x002CAD}, {0x002CAF, 0x002CAF}, {0x002CB1, 0x002CB1},
    {0x002CB3, 0x002CB3}, {0x002CB5, 0x002CB5}, {0x002CB7, 0x002CB7}, {0x002CB9, 0x002CB9},
    {0x002CBB, 0x002CBB}, {0x002CBD, 0x002CBD}, {0x002CBF, 0x002CBF}, {0x002CC1, 0x002CC1},
    {0x002CC3, 0x002CC3}, {0x002CC5, 0x002CC5}, {0x002CC7, 0x002CC7}, {0x002CC9, 0x002CC9},
    {0x002CCB, 0x002CCB}, {0x002CCD, 0x002CCD}, {0x002CCF, 0x002CCF}, {0x002CD1, 0x002CD1},
    {0x002CD3, 0x002CD3}, {0x002CD5, 0x002CD5}, {0x002CD7, 0x002CD7}, {0x002CD9, 0x002CD9},
    {0x002CDB, 0x002CDB}, {0x002CDD, 0x002CDD}, {0x002CDF, 0x002CDF}, {0x002CE1, 0x002CE1},
    {0x002CE3, 0x002CE4}, {0x002CEC, 0x002CEC}, {0x002CEE, 0x002CEE}, {0x002CF3, 0x002CF3},
    {0x002D00, 0x002D25}, {0x002D27, 0x002D27}, {0x002D2D, 0x002D2D}, {0x00A641, 0x00A641},
    {0x00A643, 0x00A643}, {0x00A645, 0x00A645}, {0x00A647, 0x00A647}, {0x00A649, 0x00A649},
    {0x00A64B, 0x00A64B}, {0x00A64D, 0x00A64D}, {0x00A64F, 0x00A64F}, {0x00A651, 0x00A651},
    {0x00A653, 0x00A653}, {0x00A655, 0x00A655}, {0x00A657, 0x00A657}, {0x00A659, 0x00A659},
    {0x00A65B, 0x00A65B}, {0x00A65D, 0x00A65D}, {0x00A65F, 0x00A65F}, {0x00A661, 0x00A661},
    {0x00A663, 0x00A663}, {0x00A665, 0x00A665}, {0x00A667, 0x00A667}, {0x00A669, 0x00A669},
    {0x00A66B, 0x00A66B}, {0x00A66D, 0x00A66D}, {0x00A681, 0x00A681}, {0x00A683, 0x00A683},
    {0x00A685, 0x00A685}, {0x00A687, 0x00A687}, {0x00A689, 0x00A689}, {0x00A68B, 0x00A68B},
    {0x00A68D, 0x00A68D}, {0x00A68F, 0x00A68F}, {0x00A691, 0x00A691}, {0x00A693, 0x00A693},
    {0x00A695, 0x00A695}, {0x00A697, 0x00A697}, {0x00A699, 0x00A699}, {0x00A69B, 0x00A69D},
    {0x00A723, 0x00A723}, {0x00A725, 0x00A725}, {0x00A727, 0x00A727}, {0x00A729, 0x00A729},
    {0x00A72B, 0x00A72B}, {0x00A72D, 0x00A72D}, {0x00A72F, 0x00A731}, {0x00A733, 0x00A733},
    {0x00A735, 0x00A735}, {0x00A737, 0x00A737}, {0x00A739, 0x00A739}, {0x00A73B, 0x00A73B},
    {0x00A73D, 0x00A73D}, {0x00A73F, 0x00A73F}, {0x00A741, 0x00A741}, {0x00A743, 0x00A743},
    {0x00A745, 0x00A745}, {0x00A747, 0x00A747}, {0x00A749, 0x00A749}, {0x00A74B, 0x00A74B},
    {0x00A74D, 0x00A74D}, {0x00A74F, 0x00A74F}, {0x00A751, 0x00A751}, {0x00A753, 0x00A753},
    {0x00A755, 0x00A755}, {0x00A757, 0x00A757}, {0x00A759, 0x00A759}, {0x00A75B, 0x00A75B},
    {0x00A75D, 0x00A75D}, {0x00A75F, 0x00A75F}, {0x00A761, 0x00A761}, {0x00A763, 0x00A763},
    {0x00A765, 0x00A765}, {0x00A767, 0x00A767}, {0x00A769, 0x00A769}, {0x00A76B, 0x00A76B},
    {0x00A76D, 0x00A76D}, {0x00A76F, 0x00A778}, {0x00A77A, 0x00A77A}, {0x00A77C, 0x00A77C},
    {0x00A77F, 0x00A77F}, {0x00A781, 0x00A781}, {0x00A783, 0x00A783}, {0x00A785, 0x00A785},
    {0x00A787, 0x00A787}, {0x00A78C, 0x00A78C}, {0x00A78E, 0x00A78E}, {0x00A791, 0x00A791},
    {0x00A793, 0x00A795}, {0x00A797, 0x00A797}, {0x00A799, 0x00A799}, {0x00A79B, 0x00A79B},
    {0x00A79D, 0x00A79D}, {0x00A79F, 0x00A79F}, {0x00A7A1, 0x00A7A1}, {0x00A7A3, 0x00A7A3},
    {0x00A7A5, 0x00A7A5}, {0x00A7A7, 0x00A7A7}, {0x00A7A9, 0x00A7A9}, {0x00A7AF, 0x00A7AF},
    {0x00A7B5, 0x00A7B5}, {0x00A7B7, 0x00A7B7}, {0x00A7B9, 0x00A7B9}, {0x00A7BB, 0x00A7BB},
    {0x00A7BD, 0x00A7BD}, {0x00A7BF, 0x00A7BF}, {0x00A7C1, 0x00A7C1}, {0x00A7C3, 0x00A7C3},
    {0x00A7C8, 0x00A7C8}, {0x00A7CA, 0x00A7CA}, {0x00A7CD, 0x00A7CD}, {0x00A7D1, 0x00A7D1},
    {0x00A7D3, 0x00A7D3}, {0x00A7D5, 0x00A7D5}, {0x00A7D7, 0x00A7D7}, {0x00A7D9, 0x00A7D9},
    {0x00A7DB, 0x00A7DB}, {0x00A7F2, 0x00A7F4}, {0x00A7F6, 0x00A7F6}, {0x00A7F8, 0x00A7FA},
    {0x00AB30, 0x00AB5A}, {0x00AB5C, 0x00AB69}, {0x00AB70, 0x00ABBF}, {0x00FB00, 0x00FB06},
    {0x00FB13, 0x00FB17}, {0x00FF41, 0x00FF5A}, {0x010428, 0x01044F}, {0x0104D8, 0x0104FB},
    {0x010597, 0x0105A1}, {0x0105A3, 0x0105B1}, {0x0105B3, 0x0105B9}, {0x0105BB, 0x0105BC},
    {0x010780, 0x010780}, {0x010783, 0x010785}, {0x010787, 0x0107B0}, {0x0107B2, 0x0107BA},
    {0x010CC0, 0x010CF2}, {0x010D70, 0x010D85}, {0x0118C0, 0x0118DF}, {0x016E60, 0x016E7F},
    {0x01D41A, 0x01D433}, {0x01D44E, 0x01D454}, {0x01D456, 0x01D467}, {0x01D482, 0x01D49B},
    {0x01D4B6, 0x01D4B9}, {0x01D4BB, 0x01D4BB}, {0x01D4BD, 0x01D4C3}, {0x01D4C5, 0x01D4CF},
    {0x01D4EA, 0x01D503}, {0x01D51E, 0x01D537}, {0x01D552, 0x01D56B}, {0x01D586, 0x01D59F},
    {0x01D5BA, 0x01D5D3}, {0x01D5EE, 0x01D607}, {0x01D622, 0x01D63B}, {0x01D656, 0x01D66F},
    {0x01D68A, 0x01D6A5}, {0x01D6C2, 0x01D6DA}, {0x01D6DC, 0x01D6E1}, {0x01D6FC, 0x01D714},
    {0x01D716, 0x01D71B}, {0x01D736, 0x01D74E}, {0x01D750, 0x01D755}, {0x01D770, 0x01D788},
    {0x01D78A, 0x01D78F}, {0x01D7AA, 0x01D7C2}, {0x01D7C4, 0x01D7C9}, {0x01D7CB, 0x01D7CB},
    {0x01DF00, 0x01DF09}, {0x01DF0B, 0x01DF1E}, {0x01DF25, 0x01DF2A}, {0x01E030, 0x01E06D},
    {0x01E922, 0x01E943}, {0x000030, 0x000039}, {0x000600, 0x000605}, {0x000660, 0x000669},
    {0x00066B, 0x00066C}, {0x0006DD, 0x0006DD}, {0x0006F0, 0x0006F9}, {0x0007C0, 0x0007C9},
    {0x000890, 0x000891}, {0x0008E2, 0x0008E2}, {0x000966, 0x00096F}, {0x0009E6, 0x0009EF},
    {0x000A66, 0x000A6F}, {0x000AE6, 0x000AEF}, {0x000B66, 0x000B6F}, {0x000BE6, 0x000BEF},
    {0x000C66, 0x000C6F}, {0x000CE6, 0x000CEF}, {0x000D66, 0x000D6F}, {0x000DE6, 0x000DEF},
    {0x000E50, 0x000E59}, {0x000ED0, 0x000ED9}, {0x000F20, 0x000F29}, {0x001040, 0x001049},
    {0x001090, 0x001099}, {0x0017E0, 0x0017E9}, {0x001810, 0x001819}, {0x001946, 0x00194F},
    {0x0019D0, 0x0019DA}, {0x001A80, 0x001A89}, {0x001A90, 0x001A99}, {0x001B50, 0x001B59},
    {0x001BB0, 0x001BB9}, {0x001C40, 0x001C49}, {0x001C50, 0x001C59}, {0x00A620, 0x00A629},
    {0x00A8D0, 0x00A8D9}, {0x00A900, 0x00A909}, {0x00A9D0, 0x00A9D9}, {0x00A9F0, 0x00A9F9},
    {0x00AA50, 0x00AA59}, {0x00ABF0, 0x00ABF9}, {0x00FF10, 0x00FF19}, {0x0104A0, 0x0104A9},
    {0x010D30, 0x010D39}, {0x010D40, 0x010D49}, {0x011066, 0x01106F}, {0x0110BD, 0x0110BD},
    {0x0110CD, 0x0110CD}, {0x0110F0, 0x0110F9}, {0x011136, 0x01113F}, {0x0111D0, 0x0111D9},
    {0x0112F0, 0x0112F9}, {0x011450, 0x011459}, {0x0114D0, 0x0114D9}, {0x011650, 0x011659},
    {0x0116C0, 0x0116C9}, {0x0116D0, 0x0116E3}, {0x011730, 0x011739}, {0x0118E0, 0x0118E9},
    {0x011950, 0x011959}, {0x011BF0, 0x011BF9}, {0x011C50, 0x011C59}, {0x011D50, 0x011D59},
    {0x011DA0, 0x011DA9}, {0x011F50, 0x011F59}, {0x016130, 0x016139}, {0x016A60, 0x016A69},
    {0x016AC0, 0x016AC9}, {0x016B50, 0x016B59}, {0x016D70, 0x016D79}, {0x01CCF0, 0x01CCF9},
    {0x01D7CE, 0x01D7FF}, {0x01E140, 0x01E149}, {0x01E2F0, 0x01E2F9}, {0x01E4F0, 0x01E4F9},
    {0x01E5F1, 0x01E5FA}, {0x01E950, 0x01E959}, {0x01FBF0, 0x01FBF9}, {0x00002C, 0x00002D},
    {0x00003A, 0x00003B}, {0x00037E, 0x00037E}, {0x00055D, 0x00055D}, {0x00060C, 0x00060D},
    {0x0007F8, 0x0007F8}, {0x001802, 0x001802}, {0x001808, 0x001808}, {0x002013, 0x002014},
    {0x003001, 0x003001}, {0x00FE10, 0x00FE11}, {0x00FE13, 0x00FE14}, {0x00FE31, 0x00FE32},
    {0x00FE50, 0x00FE51}, {0x00FE54, 0x00FE55}, {0x00FE58, 0x00FE58}, {0x00FE63, 0x00FE63},
    {0x00FF0C, 0x00FF0D}, {0x00FF1A, 0x00FF1B}, {0x00FF64, 0x00FF64}, {0x000085, 0x000085},
    {0x002028, 0x002029}, {0x000009, 0x000009}, {0x00000B, 0x00000C}, {0x000020, 0x000020},
    {0x0000A0, 0x0000A0}, {0x001680, 0x001680}, {0x002000, 0x00200A}, {0x00202F, 0x00202F},
    {0x00205F, 0x00205F}, {0x003000, 0x003000}, {0x000021, 0x000021}, {0x00003F, 0x00003F},
    {0x000589, 0x000589}, {0x00061D, 0x00061F}, {0x0006D4, 0x0006D4}, {0x000700, 0x000702},
    {0x0007F9, 0x0007F9}, {0x000837, 0x000837}, {0x000839, 0x000839}, {0x00083D, 0x00083E},
    {0x000964, 0x000965}, {0x00104A, 0x00104B}, {0x001362, 0x001362}, {0x001367, 0x001368},
    {0x00166E, 0x00166E}, {0x001735, 0x001736}, {0x0017D4, 0x0017D5}, {0x001803, 0x001803},
    {0x001809, 0x001809}, {0x001944, 0x001945}, {0x001AA8, 0x001AAB}, {0x001B4E, 0x001B4F},
    {0x001B5A, 0x001B5B}, {0x001B5E, 0x001B5F}, {0x001B7D, 0x001B7F}, {0x001C3B, 0x001C3C},
    {0x001C7E, 0x001C7F}, {0x00203C, 0x00203D}, {0x002047, 0x002049}, {0x002CF9, 0x002CFB},
    {0x002E2E, 0x002E2E}, {0x002E3C, 0x002E3C}, {0x002E53, 0x002E54}, {0x003002, 0x003002},
    {0x00A4FF, 0x00A4FF}, {0x00A60E, 0x00A60F}, {0x00A6F3, 0x00A6F3}, {0x00A6F7, 0x00A6F7},
    {0x00A876, 0x00A877}, {0x00A8CE, 0x00A8CF}, {0x00A92F, 0x00A92F}, {0x00A9C8, 0x00A9C9},
    {0x00AA5D, 0x00AA5F}, {0x00AAF0, 0x00AAF1}, {0x00ABEB, 0x00ABEB}, {0x00FE12, 0x00FE12},
    {0x00FE15, 0x00FE16}, {0x00FE56, 0x00FE57}, {0x00FF01, 0x00FF01}, {0x00FF1F, 0x00FF1F},
    {0x00FF61, 0x00FF61}, {0x010A56, 0x010A57}, {0x010F55, 0x010F59}, {0x010F86, 0x010F89},
    {0x011047, 0x011048}, {0x0110BE, 0x0110C1}, {0x011141, 0x011143}, {0x0111C5, 0x0111C6},
    {0x0111CD, 0x0111CD}, {0x0111DE, 0x0111DF}, {0x011238, 0x011239}, {0x01123B, 0x01123C},
    {0x0112A9, 0x0112A9}, {0x0113D4, 0x0113D5}, {0x01144B, 0x01144C}, {0x0115C2, 0x0115C3},
    {0x0115C9, 0x0115D7}, {0x011641, 0x011642}, {0x01173C, 0x01173E}, {0x011944, 0x011944},
    {0x011946, 0x011946}, {0x011A42, 0x011A43}, {0x011A9B, 0x011A9C}, {0x011C41, 0x011C42},
    {0x011EF7, 0x011EF8}, {0x011F43, 0x011F44}, {0x016A6E, 0x016A6F}, {0x016AF5, 0x016AF5},
    {0x016B37, 0x016B38}, {0x016B44, 0x016B44}, {0x016D6E, 0x016D6F}, {0x016E98, 0x016E98},
    {0x01BC9F, 0x01BC9F}, {0x01DA88, 0x01DA88}, {0x000041, 0x00005A}, {0x0000C0, 0x0000D6},
    {0x0000D8, 0x0000DE}, {0x000100, 0x000100}, {0x000102, 0x000102}, {0x000104, 0x000104},
    {0x000106, 0x000106}, {0x000108, 0x000108}, {0x00010A, 0x00010A}, {0x00010C, 0x00010C},
    {0x00010E, 0x00010E}, {0x000110, 0x000110}, {0x000112, 0x000112}, {0x000114, 0x000114},
    {0x000116, 0x000116}, {0x000118, 0x000118}, {0x00011A, 0x00011A}, {0x00011C, 0x00011C},
    {0x00011E, 0x00011E}, {0x000120, 0x000120}, {0x000122, 0x000122}, {0x000124, 0x000124},
    {0x000126, 0x000126}, {0x000128, 0x000128}, {0x00012A, 0x00012A}, {0x00012C, 0x00012C},
    {0x00012E, 0x00012E}, {0x000130, 0x000130}, {0x000132, 0x000132}, {0x000134, 0x000134},
    {0x000136, 0x000136}, {0x000139, 0x000139}, {0x00013B, 0x00013B}, {0x00013D, 0x00013D},
    {0x00013F, 0x00013F}, {0x000141, 0x000141}, {0x000143, 0x000143}, {0x000145, 0x000145},
    {0x000147, 0x000147}, {0x00014A, 0x00014A}, {0x00014C, 0x00014C}, {0x00014E, 0x00014E},
    {0x000150, 0x000150}, {0x000152, 0x000152}, {0x000154, 0x000154}, {0x000156, 0x000156},
    {0x000158, 0x000158}, {0x00015A, 0x00015A}, {0x00015C, 0x00015C}, {0x00015E, 0x00015E},
    {0x000160, 0x000160}, {0x000162, 0x000162}, {0x000164, 0x000164}, {0x000166, 0x000166},
    {0x000168, 0x000168}, {0x00016A, 0x00016A}, {0x00016C, 0x00016C}, {0x00016E, 0x00016E},
    {0x000170, 0x000170}, {0x000172, 0x000172}, {0x000174, 0x000174}, {0x000176, 0x000176},
    {0x000178, 0x000179}, {0x00017B, 0x00017B}, {0x00017D, 0x00017D}, {0x000181, 0x000182},
    {0x000184, 0x000184}, {0x000186, 0x000187}, {0x000189, 0x00018B}, {0x00018E, 0x000191},
    {0x000193, 0x000194}, {0x000196, 0x000198}, {0x00019C, 0x00019D}, {0x00019F, 0x0001A0},
    {0x0001A2, 0x0001A2}, {0x0001A4, 0x0001A4}, {0x0001A6, 0x0001A7}, {0x0001A9, 0x0001A9},
    {0x0001AC, 0x0001AC}, {0x0001AE, 0x0001AF}, {0x0001B1, 0x0001B3}, {0x0001B5, 0x0001B5},
    {0x0001B7, 0x0001B8}, {0x0001BC, 0x0001BC}, {0x0001C4, 0x0001C5}, {0x0001C7, 0x0001C8},
    {0x0001CA, 0x0001CB}, {0x0001CD, 0x0001CD}, {0x0001CF, 0x0001CF}, {0x0001D1, 0x0001D1},
    {0x0001D3, 0x0001D3}, {0x0001D5, 0x0001D5}, {0x0001D7, 0x0001D7}, {0x0001D9, 0x0001D9},
    {0x0001DB, 0x0001DB}, {0x0001DE, 0x0001DE}, {0x0001E0, 0x0001E0}, {0x0001E2, 0x0001E2},
    {0x0001E4, 0x0001E4}, {0x0001E6, 0x0001E6}, {0x0001E8, 0x0001E8}, {0x0001EA, 0x0001EA},
    {0x0001EC, 0x0001EC}, {0x0001EE, 0x0001EE}, {0x0001F1, 0x0001F2}, {0x0001F4, 0x0001F4},
    {0x0001F6, 0x0001F8}, {0x0001FA, 0x0001FA}, {0x0001FC, 0x0001FC}, {0x0001FE, 0x0001FE},
    {0x000200, 0x000200}, {0x000202, 0x000202}, {0x000204, 0x000204}, {0x000206, 0x000206},
    {0x000208, 0x000208}, {0x00020A, 0x00020A}, {0x00020C, 0x00020C}, {0x00020E, 0x00020E},
    {0x000210, 0x000210}, {0x000212, 0x000212}, {0x000214, 0x000214}, {0x000216, 0x000216},
    {0x000218, 0x000218}, {0x00021A, 0x00021A}, {0x00021C, 0x00021C}, {0x00021E, 0x00021E},
    {0x000220, 0x000220}, {0x000222, 0x000222}, {0x000224, 0x000224}, {0x000226, 0x000226},
    {0x000228, 0x000228}, {0x00022A, 0x00022A}, {0x00022C, 0x00022C}, {0x00022E, 0x00022E},
    {0x000230, 0x000230}, {0x000232, 0x000232}, {0x00023A, 0x00023B}, {0x00023D, 0x00023E},
    {0x000241, 0x000241}, {0x000243, 0x000246}, {0x000248, 0x000248}, {0x00024A, 0x00024A},
    {0x00024C, 0x00024C}, {0x00024E, 0x00024E}, {0x000370, 0x000370}, {0x000372, 0x000372},
    {0x000376, 0x000376}, {0x00037F, 0x00037F}, {0x000386, 0x000386}, {0x000388, 0x00038A},
    {0x00038C, 0x00038C}, {0x00038E, 0x00038F}, {0x000391, 0x0003A1}, {0x0003A3, 0x0003AB},
    {0x0003CF, 0x0003CF}, {0x0003D2, 0x0003D4}, {0x0003D8, 0x0003D8}, {0x0003DA, 0x0003DA},
    {0x0003DC, 0x0003DC}, {0x0003DE, 0x0003DE}, {0x0003E0, 0x0003E0}, {0x0003E2, 0x0003E2},
    {0x0003E4, 0x0003E4}, {0x0003E6, 0x0003E6}, {0x0003E8, 0x0003E8}, {0x0003EA, 0x0003EA},
    {0x0003EC, 0x0003EC}, {0x0003EE, 0x0003EE}, {0x0003F4, 0x0003F4}, {0x0003F7, 0x0003F7},
    {0x0003F9, 0x0003FA}, {0x0003FD, 0x00042F}, {0x000460, 0x000460}, {0x000462, 0x000462},
    {0x000464, 0x000464}, {0x000466, 0x000466}, {0x000468, 0x000468}, {0x00046A, 0x00046A},
    {0x00046C, 0x00046C}, {0x00046E, 0x00046E}, {0x000470, 0x000470}, {0x000472, 0x000472},
    {0x000474, 0x000474}, {0x000476, 0x000476}, {0x000478, 0x000478}, {0x00047A, 0x00047A},
    {0x00047C, 0x00047C}, {0x00047E, 0x00047E}, {0x000480, 0x000480}, {0x00048A, 0x00048A},
    {0x00048C, 0x00048C}, {0x00048E, 0x00048E}, {0x000490, 0x000490}, {0x000492, 0x000492},
    {0x000494, 0x000494}, {0x000496, 0x000496}, {0x000498, 0x000498}, {0x00049A, 0x00049A},
    {0x00049C, 0x00049C}, {0x00049E, 0x00049E}, {0x0004A0, 0x0004A0}, {0x0004A2, 0x0004A2},
    {0x0004A4, 0x0004A4}, {0x0004A6, 0x0004A6}, {0x0004A8, 0x0004A8}, {0x0004AA, 0x0004AA},
    {0x0004AC, 0x0004AC}, {0x0004AE, 0x0004AE}, {0x0004B0, 0x0004B0}, {0x0004B2, 0x0004B2},
    {0x0004B4, 0x0004B4}, {0x0004B6, 0x0004B6}, {0x0004B8, 0x0004B8}, {0x0004BA, 0x0004BA},
    {0x0004BC, 0x0004BC}, {0x0004BE, 0x0004BE}, {0x0004C0, 0x0004C1}, {0x0004C3, 0x0004C3},
    {0x0004C5, 0x0004C5}, {0x0004C7, 0x0004C7}, {0x0004C9, 0x0004C9}, {0x0004CB, 0x0004CB},
    {0x0004CD, 0x0004CD}, {0x0004D0, 0x0004D0}, {0x0004D2, 0x0004D2}, {0x0004D4, 0x0004D4},
    {0x0004D6, 0x0004D6}, {0x0004D8, 0x0004D8}, {0x0004DA, 0x0004DA}, {0x0004DC, 0x0004DC},
    {0x0004DE, 0x0004DE}, {0x0004E0, 0x0004E0}, {0x0004E2, 0x0004E2}, {0x0004E4, 0x0004E4},
    {0x0004E6, 0x0004E6}, {0x0004E8, 0x0004E8}, {0x0004EA, 0x0004EA}, {0x0004EC, 0x0004EC},
    {0x0004EE, 0x0004EE}, {0x0004F0, 0x0004F0}, {0x0004F2, 0x0004F2}, {0x0004F4, 0x0004F4},
    {0x0004F6, 0x0004F6}, {0x0004F8, 0x0004F8}, {0x0004FA, 0x0004FA}, {0x0004FC, 0x0004FC},
    {0x0004FE, 0x0004FE}, {0x000500, 0x000500}, {0x000502, 0x000502}, {0x000504, 0x000504},
    {0x000506, 0x000506}, {0x000508, 0x000508}, {0x00050A, 0x00050A}, {0x00050C, 0x00050C},
    {0x00050E, 0x00050E}, {0x000510, 0x000510}, {0x000512, 0x000512}, {0x000514, 0x000514},
    {0x000516, 0x000516}, {0x000518, 0x000518}, {0x00051A, 0x00051A}, {0x00051C, 0x00051C},
    {0x00051E, 0x00051E}, {0x000520, 0x000520}, {0x000522, 0x000522}, {0x000524, 0x000524},
    {0x000526, 0x000526}, {0x000528, 0x000528}, {0x00052A, 0x00052A}, {0x00052C, 0x00052C},
    {0x00052E, 0x00052E}, {0x000531, 0x000556}, {0x0010A0, 0x0010C5}, {0x0010C7, 0x0010C7},
    {0x0010CD, 0x0010CD}, {0x0013A0, 0x0013F5}, {0x001C89, 0x001C89}, {0x001E00, 0x001E00},
    {0x001E02, 0x001E02}, {0x001E04, 0x001E04}, {0x001E06, 0x001E06}, {0x001E08, 0x001E08},
    {0x001E0A, 0x001E0A}, {0x001E0C, 0x001E0C}, {0x001E0E, 0x001E0E}, {0x001E10, 0x001E10},
    {0x001E12, 0x001E12}, {0x001E14, 0x001E14}, {0x001E16, 0x001E16}, {0x001E18, 0x001E18},
    {0x001E1A, 0x001E1A}, {0x001E1C, 0x001E1C}, {0x001E1E, 0x001E1E}, {0x001E20, 0x001E20},
    {0x001E22, 0x001E22}, {0x001E24, 0x001E24}, {0x001E26, 0x001E26}, {0x001E28, 0x001E28},
    {0x001E2A, 0x001E2A}, {0x001E2C, 0x001E2C}, {0x001E2E, 0x001E2E}, {0x001E30, 0x001E30},
    {0x001E32, 0x001E32}, {0x001E34, 0x001E34}, {0x001E36, 0x001E36}, {0x001E38, 0x001E38},
    {0x001E3A, 0x001E3A}, {0x001E3C, 0x001E3C}, {0x001E3E, 0x001E3E}, {0x001E40, 0x001E40},
    {0x001E42, 0x001E42}, {0x001E44, 0x001E44}, {0x001E46, 0x001E46}, {0x001E48, 0x001E48},
    {0x001E4A, 0x001E4A}, {0x001E4C, 0x001E4C}, {0x001E4E, 0x001E4E}, {0x001E50, 0x001E50},
    {0x001E52, 0x001E52}, {0x001E54, 0x001E54}, {0x001E56, 0x001E56}, {0x001E58, 0x001E58},
    {0x001E5A, 0x001E5A}, {0x001E5C, 0x001E5C}, {0x001E5E, 0x001E5E}, {0x001E60, 0x001E60},
    {0x001E62, 0x001E62}, {0x001E64, 0x001E64}, {0x001E66, 0x001E66}, {0x001E68, 0x001E68},
    {0x001E6A, 0x001E6A}, {0x001E6C, 0x001E6C}, {0x001E6E, 0x001E6E}, {0x001E70, 0x001E70},
    {0x001E72, 0x001E72}, {0x001E74, 0x001E74}, {0x001E76, 0x001E76}, {0x001E78, 0x001E78},
    {0x001E7A, 0x001E7A}, {0x001E7C, 0x001E7C}, {0x001E7E, 0x001E7E}, {0x001E80, 0x001E80},
    {0x001E82, 0x001E82}, {0x001E84, 0x001E84}, {0x001E86, 0x001E86}, {0x001E88, 0x001E88},
    {0x001E8A, 0x001E8A}, {0x001E8C, 0x001E8C}, {0x001E8E, 0x001E8E}, {0x001E90, 0x001E90},
    {0x001E92, 0x001E92}, {0x001E94, 0x001E94}, {0x001E9E, 0x001E9E}, {0x001EA0, 0x001EA0},
    {0x001EA2, 0x001EA2}, {0x001EA4, 0x001EA4}, {0x001EA6, 0x001EA6}, {0x001EA8, 0x001EA8},
    {0x001EAA, 0x001EAA}, {0x001EAC, 0x001EAC}, {0x001EAE, 0x001EAE}, {0x001EB0, 0x001EB0},
    {0x001EB2, 0x001EB2}, {0x001EB4, 0x001EB4}, {0x001EB6, 0x001EB6}, {0x001EB8, 0x001EB8},
    {0x001EBA, 0x001EBA}, {0x001EBC, 0x001EBC}, {0x001EBE, 0x001EBE}, {0x001EC0, 0x001EC0},
    {0x001EC2, 0x001EC2}, {0x001EC4, 0x001EC4}, {0x001EC6, 0x001EC6}, {0x001EC8, 0x001EC8},
    {0x001ECA, 0x001ECA}, {0x001ECC, 0x001ECC}, {0x001ECE, 0x001ECE}, {0x001ED0, 0x001ED0},
    {0x001ED2, 0x001ED2}, {0x001ED4, 0x001ED4}, {0x001ED6, 0x001ED6}, {0x001ED8, 0x001ED8},
    {0x001EDA, 0x001EDA}, {0x001EDC, 0x001EDC}, {0x001EDE, 0x001EDE}, {0x001EE0, 0x001EE0},
    {0x001EE2, 0x001EE2}, {0x001EE4, 0x001EE4}, {0x001EE6, 0x001EE6}, {0x001EE8, 0x001EE8},
    {0x001EEA, 0x001EEA}, {0x001EEC, 0x001EEC}, {0x001EEE, 0x001EEE}, {0x001EF0, 0x001EF0},
    {0x001EF2, 0x001EF2}, {0x001EF4, 0x001EF4}, {0x001EF6, 0x001EF6}, {0x001EF8, 0x001EF8},
    {0x001EFA, 0x001EFA}, {0x001EFC, 0x001EFC}, {0x001EFE, 0x001EFE}, {0x001F08, 0x001F0F},
    {0x001F18, 0x001F1D}, {0x001F28, 0x001F2F}, {0x001F38, 0x001F3F}, {0x001F48, 0x001F4D},
    {0x001F59, 0x001F59}, {0x001F5B, 0x001F5B}, {0x001F5D, 0x001F5D}, {0x001F5F, 0x001F5F},
    {0x001F68, 0x001F6F}, {0x001F88, 0x001F8F}, {0x001F98, 0x001F9F}, {0x001FA8, 0x001FAF},
    {0x001FB8, 0x001FBC}, {0x001FC8, 0x001FCC}, {0x001FD8, 0x001FDB}, {0x001FE8, 0x001FEC},
    {0x001FF8, 0x001FFC}, {0x002102, 0x002102}, {0x002107, 0x002107}, {0x00210B, 0x00210D},
    {0x002110, 0x002112}, {0x002115, 0x002115}, {0x002119, 0x00211D}, {0x002124, 0x002124},
    {0x002126, 0x002126}, {0x002128, 0x002128}, {0x00212A, 0x00212D}, {0x002130, 0x002133},
    {0x00213E, 0x00213F}, {0x002145, 0x002145}, {0x002160, 0x00216F}, {0x002183, 0x002183},
    {0x0024B6, 0x0024CF}, {0x002C00, 0x002C2F}, {0x002C60, 0x002C60}, {0x002C62, 0x002C64},
    {0x002C67, 0x002C67}, {0x002C69, 0x002C69}, {0x002C6B, 0x002C6B}, {0x002C6D, 0x002C70},
    {0x002C72, 0x002C72}, {0x002C75, 0x002C75}, {0x002C7E, 0x002C80}, {0x002C82, 0x002C82},
    {0x002C84, 0x002C84}, {0x002C86, 0x002C86}, {0x002C88, 0x002C88}, {0x002C8A, 0x002C8A},
    {0x002C8C, 0x002C8C}, {0x002C8E, 0x002C8E}, {0x002C90, 0x002C90}, {0x002C92, 0x002C92},
    {0x002C94, 0x002C94}, {0x002C96, 0x002C96}, {0x002C98, 0x002C98}, {0x002C9A, 0x002C9A},
    {0x002C9C, 0x002C9C}, {0x002C9E, 0x002C9E}, {0x002CA0, 0x002CA0}, {0x002CA2, 0x002CA2},
    {0x002CA4, 0x002CA4}, {0x002CA6, 0x002CA6}, {0x002CA8, 0x002CA8}, {0x002CAA, 0x002CAA},
    {0x002CAC, 0x002CAC}, {0x002CAE, 0x002CAE}, {0x002CB0, 0x002CB0}, {0x002CB2, 0x002CB2},
    {0x002CB4, 0x002CB4}, {0x002CB6, 0x002CB6}, {0x002CB8, 0x002CB8}, {0x002CBA, 0x002CBA},
    {0x002CBC, 0x002CBC}, {0x002CBE, 0x002CBE}, {0x002CC0, 0x002CC0}, {0x002CC2, 0x002CC2},
    {0x002CC4, 0x002CC4}, {0x002CC6, 0x002CC6}, {0x002CC8, 0x002CC8}, {0x002CCA, 0x002CCA},
    {0x002CCC, 0x002CCC}, {0x002CCE, 0x002CCE}, {0x002CD0, 0x002CD0}, {0x002CD2, 0x002CD2},
    {0x002CD4, 0x002CD4}, {0x002CD6, 0x002CD6}, {0x002CD8, 0x002CD8}, {0x002CDA, 0x002CDA},
    {0x002CDC, 0x002CDC}, {0x002CDE, 0x002CDE}, {0x002CE0, 0x002CE0}, {0x002CE2, 0x002CE2},
    {0x002CEB, 0x002CEB}, {0x002CED, 0x002CED}, {0x002CF2, 0x002CF2}, {0x00A640, 0x00A640},
    {0x00A642, 0x00A642}, {0x00A644, 0x00A644}, {0x00A646, 0x00A646}, {0x00A648, 0x00A648},
    {0x00A64A, 0x00A64A}, {0x00A64C, 0x00A64C}, {0x00A64E, 0x00A64E}, {0x00A650, 0x00A650},
    {0x00A652, 0x00A652}, {0x00A654, 0x00A654}, {0x00A656, 0x00A656}, {0x00A658, 0x00A658},
    {0x00A65A, 0x00A65A}, {0x00A65C, 0x00A65C}, {0x00A65E, 0x00A65E}, {0x00A660, 0x00A660},
    {0x00A662, 0x00A662}, {0x00A664, 0x00A664}, {0x00A666, 0x00A666}, {0x00A668, 0x00A668},
    {0x00A66A, 0x00A66A}, {0x00A66C, 0x00A66C}, {0x00A680, 0x00A680}, {0x00A682, 0x00A682},
    {0x00A684, 0x00A684}, {0x00A686, 0x00A686}, {0x00A688, 0x00A688}, {0x00A68A, 0x00A68A},
    {0x00A68C, 0x00A68C}, {0x00A68E, 0x00A68E}, {0x00A690, 0x00A690}, {0x00A692, 0x00A692},
    {0x00A694, 0x00A694}, {0x00A696, 0x00A696}, {0x00A698, 0x00A698}, {0x00A69A, 0x00A69A},
    {0x00A722, 0x00A722}, {0x00A724, 0x00A724}, {0x00A726, 0x00A726}, {0x00A728, 0x00A728},
    {0x00A72A, 0x00A72A}, {0x00A72C, 0x00A72C}, {0x00A72E, 0x00A72E}, {0x00A732, 0x00A732},
    {0x00A734, 0x00A734}, {0x00A736, 0x00A736}, {0x00A738, 0x00A738}, {0x00A73A, 0x00A73A},
    {0x00A73C, 0x00A73C}, {0x00A73E, 0x00A73E}, {0x00A740, 0x00A740}, {0x00A742, 0x00A742},
    {0x00A744, 0x00A744}, {0x00A746, 0x00A746}, {0x00A748, 0x00A748}, {0x00A74A, 0x00A74A},
    {0x00A74C, 0x00A74C}, {0x00A74E, 0x00A74E}, {0x00A750, 0x00A750}, {0x00A752, 0x00A752},
    {0x00A754, 0x00A754}, {0x00A756, 0x00A756}, {0x00A758, 0x00A758}, {0x00A75A, 0x00A75A},
    {0x00A75C, 0x00A75C}, {0x00A75E, 0x00A75E}, {0x00A760, 0x00A760}, {0x00A762, 0x00A762},
    {0x00A764, 0x00A764}, {0x00A766, 0x00A766}, {0x00A768, 0x00A768}, {0x00A76A, 0x00A76A},
    {0x00A76C, 0x00A76C}, {0x00A76E, 0x00A76E}, {0x00A779, 0x00A779}, {0x00A77B, 0x00A77B},
    {0x00A77D, 0x00A77E}, {0x00A780, 0x00A780}, {0x00A782, 0x00A782}, {0x00A784, 0x00A784},
    {0x00A786, 0x00A786}, {0x00A78B, 0x00A78B}, {0x00A78D, 0x00A78D}, {0x00A790, 0x00A790},
    {0x00A792, 0x00A792}, {0x00A796, 0x00A796}, {0x00A798, 0x00A798}, {0x00A79A, 0x00A79A},
    {0x00A79C, 0x00A79C}, {0x00A79E, 0x00A79E}, {0x00A7A0, 0x00A7A0}, {0x00A7A2, 0x00A7A2},
    {0x00A7A4, 0x00A7A4}, {0x00A7A6, 0x00A7A6}, {0x00A7A8, 0x00A7A8}, {0x00A7AA, 0x00A7AE},
    {0x00A7B0, 0x00A7B4}, {0x00A7B6, 0x00A7B6}, {0x00A7B8, 0x00A7B8}, {0x00A7BA, 0x00A7BA},
    {0x00A7BC, 0x00A7BC}, {0x00A7BE, 0x00A7BE}, {0x00A7C0, 0x00A7C0}, {0x00A7C2, 0x00A7C2},
    {0x00A7C4, 0x00A7C7}, {0x00A7C9, 0x00A7C9}, {0x00A7CB, 0x00A7CC}, {0x00A7D0, 0x00A7D0},
    {0x00A7D6, 0x00A7D6}, {0x00A7D8, 0x00A7D8}, {0x00A7DA, 0x00A7DA}, {0x00A7DC, 0x00A7DC},
    {0x00A7F5, 0x00A7F5}, {0x00FF21, 0x00FF3A}, {0x010400, 0x010427}, {0x0104B0, 0x0104D3},
    {0x010570, 0x01057A}, {0x01057C, 0x01058A}, {0x01058C, 0x010592}, {0x010594, 0x010595},
    {0x010C80, 0x010CB2}, {0x010D50, 0x010D65}, {0x0118A0, 0x0118BF}, {0x016E40, 0x016E5F},
    {0x01D400, 0x01D419}, {0x01D434, 0x01D44D}, {0x01D468, 0x01D481}, {0x01D49C, 0x01D49C},
    {0x01D49E, 0x01D49F}, {0x01D4A2, 0x01D4A2}, {0x01D4A5, 0x01D4A6}, {0x01D4A9, 0x01D4AC},
    {0x01D4AE, 0x01D4B5}, {0x01D4D0, 0x01D4E9}, {0x01D504, 0x01D505}, {0x01D507, 0x01D50A},
    {0x01D50D, 0x01D514}, {0x01D516, 0x01D51C}, {0x01D538, 0x01D539}, {0x01D53B, 0x01D53E},
    {0x01D540, 0x01D544}, {0x01D546, 0x01D546}, {0x01D54A, 0x01D550}, {0x01D56C, 0x01D585},
    {0x01D5A0, 0x01D5B9}, {0x01D5D4, 0x01D5ED}, {0x01D608, 0x01D621}, {0x01D63C, 0x01D655},
    {0x01D670, 0x01D689}, {0x01D6A8, 0x01D6C0}, {0x01D6E2, 0x01D6FA}, {0x01D71C, 0x01D734},
    {0x01D756, 0x01D76E}, {0x01D790, 0x01D7A8}, {0x01D7CA, 0x01D7CA}, {0x01E900, 0x01E921},
    {0x01F130, 0x01F149}, {0x01F150, 0x01F169}, {0x01F170, 0x01F189}, {0x000041, 0x00005A},
    {0x000061, 0x00007A}, {0x0000AA, 0x0000AA}, {0x0000B5, 0x0000B5}, {0x0000BA, 0x0000BA},
    {0x0000C0, 0x0000D6}, {0x0000D8, 0x0000F6}, {0x0000F8, 0x0002D7}, {0x0002DE, 0x0002FF},
    {0x000370, 0x000374}, {0x000376, 0x000377}, {0x00037A, 0x00037D}, {0x00037F, 0x00037F},
    {0x000386, 0x000386}, {0x000388, 0x00038A}, {0x00038C, 0x00038C}, {0x00038E, 0x0003A1},
    {0x0003A3, 0x0003F5}, {0x0003F7, 0x000481}, {0x00048A, 0x00052F}, {0x000531, 0x000556},
    {0x000559, 0x00055C}, {0x00055E, 0x00055E}, {0x000560, 0x000588}, {0x00058A, 0x00058A},
    {0x0005F3, 0x0005F3}, {0x000620, 0x00064A}, {0x00066E, 0x00066F}, {0x000671, 0x0006D3},
    {0x0006D5, 0x0006D5}, {0x0006E5, 0x0006E6}, {0x0006EE, 0x0006EF}, {0x0006FA, 0x0006FC},
    {0x0006FF, 0x0006FF}, {0x00070F, 0x000710}, {0x000712, 0x00072F}, {0x00074D, 0x0007A5},
    {0x0007B1, 0x0007B1}, {0x0007CA, 0x0007EA}, {0x0007F4, 0x0007F5}, {0x0007FA, 0x0007FA},
    {0x000800, 0x000815}, {0x00081A, 0x00081A}, {0x000824, 0x000824}, {0x000828, 0x000828},
    {0x000840, 0x000858}, {0x000860, 0x00086A}, {0x000870, 0x000887}, {0x000889, 0x00088E},
    {0x0008A0, 0x0008C9}, {0x000904, 0x000939}, {0x00093D, 0x00093D}, {0x000950, 0x000950},
    {0x000958, 0x000961}, {0x000971, 0x000980}, {0x000985, 0x00098C}, {0x00098F, 0x000990},
    {0x000993, 0x0009A8}, {0x0009AA, 0x0009B0}, {0x0009B2, 0x0009B2}, {0x0009B6, 0x0009B9},
    {0x0009BD, 0x0009BD}, {0x0009CE, 0x0009CE}, {0x0009DC, 0x0009DD}, {0x0009DF, 0x0009E1},
    {0x0009F0, 0x0009F1}, {0x0009FC, 0x0009FC}, {0x000A05, 0x000A0A}, {0x000A0F, 0x000A10},
    {0x000A13, 0x000A28}, {0x000A2A, 0x000A30}, {0x000A32, 0x000A33}, {0x000A35, 0x000A36},
    {0x000A38, 0x000A39}, {0x000A59, 0x000A5C}, {0x000A5E, 0x000A5E}, {0x000A72, 0x000A74},
    {0x000A85, 0x000A8D}, {0x000A8F, 0x000A91}, {0x000A93, 0x000AA8}, {0x000AAA, 0x000AB0},
    {0x000AB2, 0x000AB3}, {0x000AB5, 0x000AB9}, {0x000ABD, 0x000ABD}, {0x000AD0, 0x000AD0},
    {0x000AE0, 0x000AE1}, {0x000AF9, 0x000AF9}, {0x000B05, 0x000B0C}, {0x000B0F, 0x000B10},
    {0x000B13, 0x000B28}, {0x000B2A, 0x000B30}, {0x000B32, 0x000B33}, {0x000B35, 0x000B39},
    {0x000B3D, 0x000B3D}, {0x000B5C, 0x000B5D}, {0x000B5F, 0x000B61}, {0x000B71, 0x000B71},
    {0x000B83, 0x000B83}, {0x000B85, 0x000B8A}, {0x000B8E, 0x000B90}, {0x000B92, 0x000B95},
    {0x000B99, 0x000B9A}, {0x000B9C, 0x000B9C}, {0x000B9E, 0x000B9F}, {0x000BA3, 0x000BA4},
    {0x000BA8, 0x000BAA}, {0x000BAE, 0x000BB9}, {0x000BD0, 0x000BD0}, {0x000C05, 0x000C0C},
    {0x000C0E, 0x000C10}, {0x000C12, 0x000C28}, {0x000C2A, 0x000C39}, {0x000C3D, 0x000C3D},
    {0x000C58, 0x000C5A}, {0x000C5D, 0x000C5D}, {0x000C60, 0x000C61}, {0x000C80, 0x000C80},
    {0x000C85, 0x000C8C}, {0x000C8E, 0x000C90}, {0x000C92, 0x000CA8}, {0x000CAA, 0x000CB3},
    {0x000CB5, 0x000CB9}, {0x000CBD, 0x000CBD}, {0x000CDD, 0x000CDE}, {0x000CE0, 0x000CE1},
    {0x000CF1, 0x000CF2}, {0x000D04, 0x000D0C}, {0x000D0E, 0x000D10}, {0x000D12, 0x000D3A},
    {0x000D3D, 0x000D3D}, {0x000D4E, 0x000D4E}, {0x000D54, 0x000D56}, {0x000D5F, 0x000D61},
    {0x000D7A, 0x000D7F}, {0x000D85, 0x000D96}, {0x000D9A, 0x000DB1}, {0x000DB3, 0x000DBB},
    {0x000DBD, 0x000DBD}, {0x000DC0, 0x000DC6}, {0x000F00, 0x000F00}, {0x000F40, 0x000F47},
    {0x000F49, 0x000F6C}, {0x000F88, 0x000F8C}, {0x0010A0, 0x0010C5}, {0x0010C7, 0x0010C7},
    {0x0010CD, 0x0010CD}, {0x0010D0, 0x0010FA}, {0x0010FC, 0x001248}, {0x00124A, 0x00124D},
    {0x001250, 0x001256}, {0x001258, 0x001258}, {0x00125A, 0x00125D}, {0x001260, 0x001288},
    {0x00128A, 0x00128D}, {0x001290, 0x0012B0}, {0x0012B2, 0x0012B5}, {0x0012B8, 0x0012BE},
    {0x0012C0, 0x0012C0}, {0x0012C2, 0x0012C5}, {0x0012C8, 0x0012D6}, {0x0012D8, 0x001310},
    {0x001312, 0x001315}, {0x001318, 0x00135A}, {0x001380, 0x00138F}, {0x0013A0, 0x0013F5},
    {0x0013F8, 0x0013FD}, {0x001401, 0x00166C}, {0x00166F, 0x00167F}, {0x001681, 0x00169A},
    {0x0016A0, 0x0016EA}, {0x0016EE, 0x0016F8}, {0x001700, 0x001711}, {0x00171F, 0x001731},
    {0x001740, 0x001751}, {0x001760, 0x00176C}, {0x00176E, 0x001770}, {0x001820, 0x001878},
    {0x001880, 0x001884}, {0x001887, 0x0018A8}, {0x0018AA, 0x0018AA}, {0x0018B0, 0x0018F5},
    {0x001900, 0x00191E}, {0x001A00, 0x001A16}, {0x001B05, 0x001B33}, {0x001B45, 0x001B4C},
    {0x001B83, 0x001BA0}, {0x001BAE, 0x001BAF}, {0x001BBA, 0x001BE5}, {0x001C00, 0x001C23},
    {0x001C4D, 0x001C4F}, {0x001C5A, 0x001C7D}, {0x001C80, 0x001C8A}, {0x001C90, 0x001CBA},
    {0x001CBD, 0x001CBF}, {0x001CE9, 0x001CEC}, {0x001CEE, 0x001CF3}, {0x001CF5, 0x001CF6},
    {0x001CFA, 0x001CFA}, {0x001D00, 0x001DBF}, {0x001E00, 0x001F15}, {0x001F18, 0x001F1D},
    {0x001F20, 0x001F45}, {0x001F48, 0x001F4D}, {0x001F50, 0x001F57}, {0x001F59, 0x001F59},
    {0x001F5B, 0x001F5B}, {0x001F5D, 0x001F5D}, {0x001F5F, 0x001F7D}, {0x001F80, 0x001FB4},
    {0x001FB6, 0x001FBC}, {0x001FBE, 0x001FBE}, {0x001FC2, 0x001FC4}, {0x001FC6, 0x001FCC},
    {0x001FD0, 0x001FD3}, {0x001FD6, 0x001FDB}, {0x001FE0, 0x001FEC}, {0x001FF2, 0x001FF4},
    {0x001FF6, 0x001FFC}, {0x002071, 0x002071}, {0x00207F, 0x00207F}, {0x002090, 0x00209C},
    {0x002102, 0x002102}, {0x002107, 0x002107}, {0x00210A, 0x002113}, {0x002115, 0x002115},
    {0x002119, 0x00211D}, {0x002124, 0x002124}, {0x002126, 0x002126}, {0x002128, 0x002128},
    {0x00212A, 0x00212D}, {0x00212F, 0x002139}, {0x00213C, 0x00213F}, {0x002145, 0x002149},
    {0x00214E, 0x00214E}, {0x002160, 0x002188}, {0x0024B6, 0x0024E9}, {0x002C00, 0x002CE4},
    {0x002CEB, 0x002CEE}, {0x002CF2, 0x002CF3}, {0x002D00, 0x002D25}, {0x002D27, 0x002D27},
    {0x002D2D, 0x002D2D}, {0x002D30, 0x002D67}, {0x002D6F, 0x002D6F}, {0x002D80, 0x002D96},
    {0x002DA0, 0x002DA6}, {0x002DA8, 0x002DAE}, {0x002DB0, 0x002DB6}, {0x002DB8, 0x002DBE},
    {0x002DC0, 0x002DC6}, {0x002DC8, 0x002DCE}, {0x002DD0, 0x002DD6}, {0x002DD8, 0x002DDE},
    {0x002E2F, 0x002E2F}, {0x003005, 0x003005}, {0x00303B, 0x00303C}, {0x003105, 0x00312F},
    {0x003131, 0x00318E}, {0x0031A0, 0x0031BF}, {0x00A000, 0x00A48C}, {0x00A4D0, 0x00A4FD},
    {0x00A500, 0x00A60C}, {0x00A610, 0x00A61F}, {0x00A62A, 0x00A62B}, {0x00A640, 0x00A66E},
    {0x00A67F, 0x00A69D}, {0x00A6A0, 0x00A6EF}, {0x00A708, 0x00A7CD}, {0x00A7D0, 0x00A7D1},
    {0x00A7D3, 0x00A7D3}, {0x00A7D5, 0x00A7DC}, {0x00A7F2, 0x00A801}, {0x00A803, 0x00A805},
    {0x00A807, 0x00A80A}, {0x00A80C, 0x00A822}, {0x00A840, 0x00A873}, {0x00A882, 0x00A8B3},
    {0x00A8F2, 0x00A8F7}, {0x00A8FB, 0x00A8FB}, {0x00A8FD, 0x00A8FE}, {0x00A90A, 0x00A925},
    {0x00A930, 0x00A946}, {0x00A960, 0x00A97C}, {0x00A984, 0x00A9B2}, {0x00A9CF, 0x00A9CF},
    {0x00AA00, 0x00AA28}, {0x00AA40, 0x00AA42}, {0x00AA44, 0x00AA4B}, {0x00AAE0, 0x00AAEA},
    {0x00AAF2, 0x00AAF4}, {0x00AB01, 0x00AB06}, {0x00AB09, 0x00AB0E}, {0x00AB11, 0x00AB16},
    {0x00AB20, 0x00AB26}, {0x00AB28, 0x00AB2E}, {0x00AB30, 0x00AB69}, {0x00AB70, 0x00ABE2},
    {0x00AC00, 0x00D7A3}, {0x00D7B0, 0x00D7C6}, {0x00D7CB, 0x00D7FB}, {0x00FB00, 0x00FB06},
    {0x00FB13, 0x00FB17}, {0x00FB50, 0x00FBB1}, {0x00FBD3, 0x00FD3D}, {0x00FD50, 0x00FD8F},
    {0x00FD92, 0x00FDC7}, {0x00FDF0, 0x00FDFB}, {0x00FE70, 0x00FE74}, {0x00FE76, 0x00FEFC},
    {0x00FF21, 0x00FF3A}, {0x00FF41, 0x00FF5A}, {0x00FFA0, 0x00FFBE}, {0x00FFC2, 0x00FFC7},
    {0x00FFCA, 0x00FFCF}, {0x00FFD2, 0x00FFD7}, {0x00FFDA, 0x00FFDC}, {0x010000, 0x01000B},
    {0x01000D, 0x010026}, {0x010028, 0x01003A}, {0x01003C, 0x01003D}, {0x01003F, 0x01004D},
    {0x010050, 0x01005D}, {0x010080, 0x0100FA}, {0x010140, 0x010174}, {0x010280, 0x01029C},
    {0x0102A0, 0x0102D0}, {0x010300, 0x01031F}, {0x01032D, 0x01034A}, {0x010350, 0x010375},
    {0x010380, 0x01039D}, {0x0103A0, 0x0103C3}, {0x0103C8, 0x0103CF}, {0x0103D1, 0x0103D5},
    {0x010400, 0x01049D}, {0x0104B0, 0x0104D3}, {0x0104D8, 0x0104FB}, {0x010500, 0x010527},
    {0x010530, 0x010563}, {0x010570, 0x01057A}, {0x01057C, 0x01058A}, {0x01058C, 0x010592},
    {0x010594, 0x010595}, {0x010597, 0x0105A1}, {0x0105A3, 0x0105B1}, {0x0105B3, 0x0105B9},
    {0x0105BB, 0x0105BC}, {0x0105C0, 0x0105F3}, {0x010600, 0x010736}, {0x010740, 0x010755},
    {0x010760, 0x010767}, {0x010780, 0x010785}, {0x010787, 0x0107B0}, {0x0107B2, 0x0107BA},
    {0x010800, 0x010805}, {0x010808, 0x010808}, {0x01080A, 0x010835}, {0x010837, 0x010838},
    {0x01083C, 0x01083C}, {0x01083F, 0x010855}, {0x010860, 0x010876}, {0x010880, 0x01089E},
    {0x0108E0, 0x0108F2}, {0x0108F4, 0x0108F5}, {0x010900, 0x010915}, {0x010920, 0x010939},
    {0x010980, 0x0109B7}, {0x0109BE, 0x0109BF}, {0x010A00, 0x010A00}, {0x010A10, 0x010A13},
    {0x010A15, 0x010A17}, {0x010A19, 0x010A35}, {0x010A60, 0x010A7C}, {0x010A80, 0x010A9C},
    {0x010AC0, 0x010AC7}, {0x010AC9, 0x010AE4}, {0x010B00, 0x010B35}, {0x010B40, 0x010B55},
    {0x010B60, 0x010B72}, {0x010B80, 0x010B91}, {0x010C00, 0x010C48}, {0x010C80, 0x010CB2},
    {0x010CC0, 0x010CF2}, {0x010D00, 0x010D23}, {0x010D4A, 0x010D65}, {0x010D6F, 0x010D85},
    {0x010E80, 0x010EA9}, {0x010EB0, 0x010EB1}, {0x010EC2, 0x010EC4}, {0x010F00, 0x010F1C},
    {0x010F27, 0x010F27}, {0x010F30, 0x010F45}, {0x010F70, 0x010F81}, {0x010FB0, 0x010FC4},
    {0x010FE0, 0x010FF6}, {0x011003, 0x011037}, {0x011071, 0x011072}, {0x011075, 0x011075},
    {0x011083, 0x0110AF}, {0x0110D0, 0x0110E8}, {0x011103, 0x011126}, {0x011144, 0x011144},
    {0x011147, 0x011147}, {0x011150, 0x011172}, {0x011176, 0x011176}, {0x011183, 0x0111B2},
    {0x0111C1, 0x0111C4}, {0x0111DA, 0x0111DA}, {0x0111DC, 0x0111DC}, {0x011200, 0x011211},
    {0x011213, 0x01122B}, {0x01123F, 0x011240}, {0x011280, 0x011286}, {0x011288, 0x011288},
    {0x01128A, 0x01128D}, {0x01128F, 0x01129D}, {0x01129F, 0x0112A8}, {0x0112B0, 0x0112DE},
    {0x011305, 0x01130C}, {0x01130F, 0x011310}, {0x011313, 0x011328}, {0x01132A, 0x011330},
    {0x011332, 0x011333}, {0x011335, 0x011339}, {0x01133D, 0x01133D}, {0x011350, 0x011350},
    {0x01135D, 0x011361}, {0x011380, 0x011389}, {0x01138B, 0x01138B}, {0x01138E, 0x01138E},
    {0x011390, 0x0113B5}, {0x0113B7, 0x0113B7}, {0x0113D1, 0x0113D1}, {0x0113D3, 0x0113D3},
    {0x011400, 0x011434}, {0x011447, 0x01144A}, {0x01145F, 0x011461}, {0x011480, 0x0114AF},
    {0x0114C4, 0x0114C5}, {0x0114C7, 0x0114C7}, {0x011580, 0x0115AE}, {0x0115D8, 0x0115DB},
    {0x011600, 0x01162F}, {0x011644, 0x011644}, {0x011680, 0x0116AA}, {0x0116B8, 0x0116B8},
    {0x011800, 0x01182B}, {0x0118A0, 0x0118DF}, {0x0118FF, 0x011906}, {0x011909, 0x011909},
    {0x01190C, 0x011913}, {0x011915, 0x011916}, {0x011918, 0x01192F}, {0x01193F, 0x01193F},
    {0x011941, 0x011941}, {0x0119A0, 0x0119A7}, {0x0119AA, 0x0119D0}, {0x0119E1, 0x0119E1},
    {0x0119E3, 0x0119E3}, {0x011A00, 0x011A00}, {0x011A0B, 0x011A32}, {0x011A3A, 0x011A3A},
    {0x011A50, 0x011A50}, {0x011A5C, 0x011A89}, {0x011A9D, 0x011A9D}, {0x011AB0, 0x011AF8},
    {0x011BC0, 0x011BE0}, {0x011C00, 0x011C08}, {0x011C0A, 0x011C2E}, {0x011C40, 0x011C40},
    {0x011C72, 0x011C8F}, {0x011D00, 0x011D06}, {0x011D08, 0x011D09}, {0x011D0B, 0x011D30},
    {0x011D46, 0x011D46}, {0x011D60, 0x011D65}, {0x011D67, 0x011D68}, {0x011D6A, 0x011D89},
    {0x011D98, 0x011D98}, {0x011EE0, 0x011EF2}, {0x011F02, 0x011F02}, {0x011F04, 0x011F10},
    {0x011F12, 0x011F33}, {0x011FB0, 0x011FB0}, {0x012000, 0x012399}, {0x012400, 0x01246E},
    {0x012480, 0x012543}, {0x012F90, 0x012FF0}, {0x013000, 0x01342F}, {0x013441, 0x013446},
    {0x013460, 0x0143FA}, {0x014400, 0x014646}, {0x016100, 0x01611D}, {0x016800, 0x016A38},
    {0x016A40, 0x016A5E}, {0x016A70, 0x016ABE}, {0x016AD0, 0x016AED}, {0x016B00, 0x016B2F},
    {0x016B40, 0x016B43}, {0x016B63, 0x016B77}, {0x016B7D, 0x016B8F}, {0x016D40, 0x016D6C},
    {0x016E40, 0x016E7F}, {0x016F00, 0x016F4A}, {0x016F50, 0x016F50}, {0x016F93, 0x016F9F},
    {0x016FE0, 0x016FE1}, {0x016FE3, 0x016FE3}, {0x01BC00, 0x01BC6A}, {0x01BC70, 0x01BC7C},
    {0x01BC80, 0x01BC88}, {0x01BC90, 0x01BC99}, {0x01D400, 0x01D454}, {0x01D456, 0x01D49C},
    {0x01D49E, 0x01D49F}, {0x01D4A2, 0x01D4A2}, {0x01D4A5, 0x01D4A6}, {0x01D4A9, 0x01D4AC},
    {0x01D4AE, 0x01D4B9}, {0x01D4BB, 0x01D4BB}, {0x01D4BD, 0x01D4C3}, {0x01D4C5, 0x01D505},
    {0x01D507, 0x01D50A}, {0x01D50D, 0x01D514}, {0x01D516, 0x01D51C}, {0x01D51E, 0x01D539},
    {0x01D53B, 0x01D53E}, {0x01D540, 0x01D544}, {0x01D546, 0x01D546}, {0x01D54A, 0x01D550},
    {0x01D552, 0x01D6A5}, {0x01D6A8, 0x01D6C0}, {0x01D6C2, 0x01D6DA}, {0x01D6DC, 0x01D6FA},
    {0x01D6FC, 0x01D714}, {0x01D716, 0x01D734}, {0x01D736, 0x01D74E}, {0x01D750, 0x01D76E},
    {0x01D770, 0x01D788}, {0x01D78A, 0x01D7A8}, {0x01D7AA, 0x01D7C2}, {0x01D7C4, 0x01D7CB},
    {0x01DF00, 0x01DF1E}, {0x01DF25, 0x01DF2A}, {0x01E030, 0x01E06D}, {0x01E100, 0x01E12C},
    {0x01E137, 0x01E13D}, {0x01E14E, 0x01E14E}, {0x01E290, 0x01E2AD}, {0x01E2C0, 0x01E2EB},
    {0x01E4D0, 0x01E4EB}, {0x01E5D0, 0x01E5ED}, {0x01E5F0, 0x01E5F0}, {0x01E7E0, 0x01E7E6},
    {0x01E7E8, 0x01E7EB}, {0x01E7ED, 0x01E7EE}, {0x01E7F0, 0x01E7FE}, {0x01E800, 0x01E8C4},
    {0x01E900, 0x01E943}, {0x01E94B, 0x01E94B}, {0x01EE00, 0x01EE03}, {0x01EE05, 0x01EE1F},
    {0x01EE21, 0x01EE22}, {0x01EE24, 0x01EE24}, {0x01EE27, 0x01EE27}, {0x01EE29, 0x01EE32},
    {0x01EE34, 0x01EE37}, {0x01EE39, 0x01EE39}, {0x01EE3B, 0x01EE3B}, {0x01EE42, 0x01EE42},
    {0x01EE47, 0x01EE47}, {0x01EE49, 0x01EE49}, {0x01EE4B, 0x01EE4B}, {0x01EE4D, 0x01EE4F},
    {0x01EE51, 0x01EE52}, {0x01EE54, 0x01EE54}, {0x01EE57, 0x01EE57}, {0x01EE59, 0x01EE59},
    {0x01EE5B, 0x01EE5B}, {0x01EE5D, 0x01EE5D}, {0x01EE5F, 0x01EE5F}, {0x01EE61, 0x01EE62},
    {0x01EE64, 0x01EE64}, {0x01EE67, 0x01EE6A}, {0x01EE6C, 0x01EE72}, {0x01EE74, 0x01EE77},
    {0x01EE79, 0x01EE7C}, {0x01EE7E, 0x01EE7E}, {0x01EE80, 0x01EE89}, {0x01EE8B, 0x01EE9B},
    {0x01EEA1, 0x01EEA3}, {0x01EEA5, 0x01EEA9}, {0x01EEAB, 0x01EEBB}, {0x01F130, 0x01F149},
    {0x01F150, 0x01F169}, {0x01F170, 0x01F189}, {0x00005F, 0x00005F}, {0x00202F, 0x00202F},
    {0x00203F, 0x002040}, {0x002054, 0x002054}, {0x00FE33, 0x00FE34}, {0x00FE4D, 0x00FE4F},
    {0x00FF3F, 0x00FF3F}, {0x000300, 0x00036F}, {0x000483, 0x000489}, {0x000591, 0x0005BD},
    {0x0005BF, 0x0005BF}, {0x0005C1, 0x0005C2}, {0x0005C4, 0x0005C5}, {0x0005C7, 0x0005C7},
    {0x000610, 0x00061A}, {0x00064B, 0x00065F}, {0x000670, 0x000670}, {0x0006D6, 0x0006DC},
    {0x0006DF, 0x0006E4}, {0x0006E7, 0x0006E8}, {0x0006EA, 0x0006ED}, {0x000711, 0x000711},
    {0x000730, 0x00074A}, {0x0007A6, 0x0007B0}, {0x0007EB, 0x0007F3}, {0x0007FD, 0x0007FD},
    {0x000816, 0x000819}, {0x00081B, 0x000823}, {0x000825, 0x000827}, {0x000829, 0x00082D},
    {0x000859, 0x00085B}, {0x000897, 0x00089F}, {0x0008CA, 0x0008E1}, {0x0008E3, 0x000903},
    {0x00093A, 0x00093C}, {0x00093E, 0x00094F}, {0x000951, 0x000957}, {0x000962, 0x000963},
    {0x000981, 0x000983}, {0x0009BC, 0x0009BC}, {0x0009BE, 0x0009C4}, {0x0009C7, 0x0009C8},
    {0x0009CB, 0x0009CD}, {0x0009D7, 0x0009D7}, {0x0009E2, 0x0009E3}, {0x0009FE, 0x0009FE},
    {0x000A01, 0x000A03}, {0x000A3C, 0x000A3C}, {0x000A3E, 0x000A42}, {0x000A47, 0x000A48},
    {0x000A4B, 0x000A4D}, {0x000A51, 0x000A51}, {0x000A70, 0x000A71}, {0x000A75, 0x000A75},
    {0x000A81, 0x000A83}, {0x000ABC, 0x000ABC}, {0x000ABE, 0x000AC5}, {0x000AC7, 0x000AC9},
    {0x000ACB, 0x000ACD}, {0x000AE2, 0x000AE3}, {0x000AFA, 0x000AFF}, {0x000B01, 0x000B03},
    {0x000B3C, 0x000B3C}, {0x000B3E, 0x000B44}, {0x000B47, 0x000B48}, {0x000B4B, 0x000B4D},
    {0x000B55, 0x000B57}, {0x000B62, 0x000B63}, {0x000B82, 0x000B82}, {0x000BBE, 0x000BC2},
    {0x000BC6, 0x000BC8}, {0x000BCA, 0x000BCD}, {0x000BD7, 0x000BD7}, {0x000C00, 0x000C04},
    {0x000C3C, 0x000C3C}, {0x000C3E, 0x000C44}, {0x000C46, 0x000C48}, {0x000C4A, 0x000C4D},
    {0x000C55, 0x000C56}, {0x000C62, 0x000C63}, {0x000C81, 0x000C83}, {0x000CBC, 0x000CBC},
    {0x000CBE, 0x000CC4}, {0x000CC6, 0x000CC8}, {0x000CCA, 0x000CCD}, {0x000CD5, 0x000CD6},
    {0x000CE2, 0x000CE3}, {0x000CF3, 0x000CF3}, {0x000D00, 0x000D03}, {0x000D3B, 0x000D3C},
    {0x000D3E, 0x000D44}, {0x000D46, 0x000D48}, {0x000D4A, 0x000D4D}, {0x000D57, 0x000D57},
    {0x000D62, 0x000D63}, {0x000D81, 0x000D83}, {0x000DCA, 0x000DCA}, {0x000DCF, 0x000DD4},
    {0x000DD6, 0x000DD6}, {0x000DD8, 0x000DDF}, {0x000DF2, 0x000DF3}, {0x000E31, 0x000E31},
    {0x000E34, 0x000E3A}, {0x000E47, 0x000E4E}, {0x000EB1, 0x000EB1}, {0x000EB4, 0x000EBC},
    {0x000EC8, 0x000ECE}, {0x000F18, 0x000F19}, {0x000F35, 0x000F35}, {0x000F37, 0x000F37},
    {0x000F39, 0x000F39}, {0x000F3E, 0x000F3F}, {0x000F71, 0x000F84}, {0x000F86, 0x000F87},
    {0x000F8D, 0x000F97}, {0x000F99, 0x000FBC}, {0x000FC6, 0x000FC6}, {0x00102B, 0x00103E},
    {0x001056, 0x001059}, {0x00105E, 0x001060}, {0x001062, 0x001064}, {0x001067, 0x00106D},
    {0x001071, 0x001074}, {0x001082, 0x00108D}, {0x00108F, 0x00108F}, {0x00109A, 0x00109D},
    {0x00135D, 0x00135F}, {0x001712, 0x001715}, {0x001732, 0x001734}, {0x001752, 0x001753},
    {0x001772, 0x001773}, {0x0017B4, 0x0017D3}, {0x0017DD, 0x0017DD}, {0x00180B, 0x00180D},
    {0x00180F, 0x00180F}, {0x001885, 0x001886}, {0x0018A9, 0x0018A9}, {0x001920, 0x00192B},
    {0x001930, 0x00193B}, {0x001A17, 0x001A1B}, {0x001A55, 0x001A5E}, {0x001A60, 0x001A7C},
    {0x001A7F, 0x001A7F}, {0x001AB0, 0x001ACE}, {0x001B00, 0x001B04}, {0x001B34, 0x001B44},
    {0x001B6B, 0x001B73}, {0x001B80, 0x001B82}, {0x001BA1, 0x001BAD}, {0x001BE6, 0x001BF3},
    {0x001C24, 0x001C37}, {0x001CD0, 0x001CD2}, {0x001CD4, 0x001CE8}, {0x001CED, 0x001CED},
    {0x001CF4, 0x001CF4}, {0x001CF7, 0x001CF9}, {0x001DC0, 0x001DFF}, {0x00200C, 0x00200C},
    {0x0020D0, 0x0020F0}, {0x002CEF, 0x002CF1}, {0x002D7F, 0x002D7F}, {0x002DE0, 0x002DFF},
    {0x00302A, 0x00302F}, {0x003099, 0x00309A}, {0x00A66F, 0x00A672}, {0x00A674, 0x00A67D},
    {0x00A69E, 0x00A69F}, {0x00A6F0, 0x00A6F1}, {0x00A802, 0x00A802}, {0x00A806, 0x00A806},
    {0x00A80B, 0x00A80B}, {0x00A823, 0x00A827}, {0x00A82C, 0x00A82C}, {0x00A880, 0x00A881},
    {0x00A8B4, 0x00A8C5}, {0x00A8E0, 0x00A8F1}, {0x00A8FF, 0x00A8FF}, {0x00A926, 0x00A92D},
    {0x00A947, 0x00A953}, {0x00A980, 0x00A983}, {0x00A9B3, 0x00A9C0}, {0x00A9E5, 0x00A9E5},
    {0x00AA29, 0x00AA36}, {0x00AA43, 0x00AA43}, {0x00AA4C, 0x00AA4D}, {0x00AA7B, 0x00AA7D},
    {0x00AAB0, 0x00AAB0}, {0x00AAB2, 0x00AAB4}, {0x00AAB7, 0x00AAB8}, {0x00AABE, 0x00AABF},
    {0x00AAC1, 0x00AAC1}, {0x00AAEB, 0x00AAEF}, {0x00AAF5, 0x00AAF6}, {0x00ABE3, 0x00ABEA},
    {0x00ABEC, 0x00ABED}, {0x00FB1E, 0x00FB1E}, {0x00FE00, 0x00FE0F}, {0x00FE20, 0x00FE2F},
    {0x00FF9E, 0x00FF9F}, {0x0101FD, 0x0101FD}, {0x0102E0, 0x0102E0}, {0x010376, 0x01037A},
    {0x010A01, 0x010A03}, {0x010A05, 0x010A06}, {0x010A0C, 0x010A0F}, {0x010A38, 0x010A3A},
    {0x010A3F, 0x010A3F}, {0x010AE5, 0x010AE6}, {0x010D24, 0x010D27}, {0x010D69, 0x010D6D},
    {0x010EAB, 0x010EAC}, {0x010EFC, 0x010EFF}, {0x010F46, 0x010F50}, {0x010F82, 0x010F85},
    {0x011000, 0x011002}, {0x011038, 0x011046}, {0x011070, 0x011070}, {0x011073, 0x011074},
    {0x01107F, 0x011082}, {0x0110B0, 0x0110BA}, {0x0110C2, 0x0110C2}, {0x011100, 0x011102},
    {0x011127, 0x011134}, {0x011145, 0x011146}, {0x011173, 0x011173}, {0x011180, 0x011182},
    {0x0111B3, 0x0111C0}, {0x0111C9, 0x0111CC}, {0x0111CE, 0x0111CF}, {0x01122C, 0x011237},
    {0x01123E, 0x01123E}, {0x011241, 0x011241}, {0x0112DF, 0x0112EA}, {0x011300, 0x011303},
    {0x01133B, 0x01133C}, {0x01133E, 0x011344}, {0x011347, 0x011348}, {0x01134B, 0x01134D},
    {0x011357, 0x011357}, {0x011362, 0x011363}, {0x011366, 0x01136C}, {0x011370, 0x011374},
    {0x0113B8, 0x0113C0}, {0x0113C2, 0x0113C2}, {0x0113C5, 0x0113C5}, {0x0113C7, 0x0113CA},
    {0x0113CC, 0x0113D0}, {0x0113D2, 0x0113D2}, {0x0113E1, 0x0113E2}, {0x011435, 0x011446},
    {0x01145E, 0x01145E}, {0x0114B0, 0x0114C3}, {0x0115AF, 0x0115B5}, {0x0115B8, 0x0115C0},
    {0x0115DC, 0x0115DD}, {0x011630, 0x011640}, {0x0116AB, 0x0116B7}, {0x01171D, 0x01172B},
    {0x01182C, 0x01183A}, {0x011930, 0x011935}, {0x011937, 0x011938}, {0x01193B, 0x01193E},
    {0x011940, 0x011940}, {0x011942, 0x011943}, {0x0119D1, 0x0119D7}, {0x0119DA, 0x0119E0},
    {0x0119E4, 0x0119E4}, {0x011A01, 0x011A0A}, {0x011A33, 0x011A39}, {0x011A3B, 0x011A3E},
    {0x011A47, 0x011A47}, {0x011A51, 0x011A5B}, {0x011A8A, 0x011A99}, {0x011C2F, 0x011C36},
    {0x011C38, 0x011C3F}, {0x011C92, 0x011CA7}, {0x011CA9, 0x011CB6}, {0x011D31, 0x011D36},
    {0x011D3A, 0x011D3A}, {0x011D3C, 0x011D3D}, {0x011D3F, 0x011D45}, {0x011D47, 0x011D47},
    {0x011D8A, 0x011D8E}, {0x011D90, 0x011D91}, {0x011D93, 0x011D97}, {0x011EF3, 0x011EF6},
    {0x011F00, 0x011F01}, {0x011F03, 0x011F03}, {0x011F34, 0x011F3A}, {0x011F3E, 0x011F42},
    {0x011F5A, 0x011F5A}, {0x013440, 0x013440}, {0x013447, 0x013455}, {0x01611E, 0x01612F},
    {0x016AF0, 0x016AF4}, {0x016B30, 0x016B36}, {0x016F4F, 0x016F4F}, {0x016F51, 0x016F87},
    {0x016F8F, 0x016F92}, {0x016FE4, 0x016FE4}, {0x016FF0, 0x016FF1}, {0x01BC9D, 0x01BC9E},
    {0x01CF00, 0x01CF2D}, {0x01CF30, 0x01CF46}, {0x01D165, 0x01D169}, {0x01D16D, 0x01D172},
    {0x01D17B, 0x01D182}, {0x01D185, 0x01D18B}, {0x01D1AA, 0x01D1AD}, {0x01D242, 0x01D244},
    {0x01DA00, 0x01DA36}, {0x01DA3B, 0x01DA6C}, {0x01DA75, 0x01DA75}, {0x01DA84, 0x01DA84},
    {0x01DA9B, 0x01DA9F}, {0x01DAA1, 0x01DAAF}, {0x01E000, 0x01E006}, {0x01E008, 0x01E018},
    {0x01E01B, 0x01E021}, {0x01E023, 0x01E024}, {0x01E026, 0x01E02A}, {0x01E08F, 0x01E08F},
    {0x01E130, 0x01E136}, {0x01E2AE, 0x01E2AE}, {0x01E2EC, 0x01E2EF}, {0x01E4EC, 0x01E4EF},
    {0x01E5EE, 0x01E5EF}, {0x01E8D0, 0x01E8D6}, {0x01E944, 0x01E94A}, {0x01F3FB, 0x01F3FF},
    {0x0E0020, 0x0E007F}, {0x0E0100, 0x0E01EF}, {0x0000AD, 0x0000AD}, {0x00061C, 0x00061C},
    {0x00180E, 0x00180E}, {0x00200E, 0x00200F}, {0x00202A, 0x00202E}, {0x002060, 0x002064},
    {0x002066, 0x00206F}, {0x00FEFF, 0x00FEFF}, {0x00FFF9, 0x00FFFB}, {0x013430, 0x01343F},
    {0x01BCA0, 0x01BCA3}, {0x01D173, 0x01D17A}, {0x0E0001, 0x0E0001}, {0x0005D0, 0x0005EA},
    {0x0005EF, 0x0005F2}, {0x00FB1D, 0x00FB1D}, {0x00FB1F, 0x00FB28}, {0x00FB2A, 0x00FB36},
    {0x00FB38, 0x00FB3C}, {0x00FB3E, 0x00FB3E}, {0x00FB40, 0x00FB41}, {0x00FB43, 0x00FB44},
    {0x00FB46, 0x00FB4F}, {0x003031, 0x003035}, {0x00309B, 0x00309C}, {0x0030A0, 0x0030FA},
    {0x0030FC, 0x0030FF}, {0x0031F0, 0x0031FF}, {0x0032D0, 0x0032FE}, {0x003300, 0x003357},
    {0x00FF66, 0x00FF9D}, {0x01AFF0, 0x01AFF3}, {0x01AFF5, 0x01AFFB}, {0x01AFFD, 0x01AFFE},
    {0x01B000, 0x01B000}, {0x01B120, 0x01B122}, {0x01B155, 0x01B155}, {0x01B164, 0x01B167},
    {0x00002E, 0x00002E}, {0x002018, 0x002019}, {0x002024, 0x002024}, {0x00FE52, 0x00FE52},
    {0x00FF07, 0x00FF07}, {0x00FF0E, 0x00FF0E}, {0x00003A, 0x00003A}, {0x0000B7, 0x0000B7},
    {0x000387, 0x000387}, {0x00055F, 0x00055F}, {0x0005F4, 0x0005F4}, {0x002027, 0x002027},
    {0x00FE13, 0x00FE13}, {0x00FE55, 0x00FE55}, {0x00FF1A, 0x00FF1A}, {0x00002C, 0x00002C},
    {0x00003B, 0x00003B}, {0x00037E, 0x00037E}, {0x000589, 0x000589}, {0x00060C, 0x00060D},
    {0x00066C, 0x00066C}, {0x0007F8, 0x0007F8}, {0x002044, 0x002044}, {0x00FE50, 0x00FE50},
    {0x00FE54, 0x00FE54}, {0x00FF0C, 0x00FF0C}, {0x00FF1B, 0x00FF1B}, {0x00000B, 0x00000C},
    {0x000085, 0x000085}, {0x002028, 0x002029}, {0x000030, 0x000039}, {0x000600, 0x000605},
    {0x000660, 0x000669}, {0x00066B, 0x00066B}, {0x0006DD, 0x0006DD}, {0x0006F0, 0x0006F9},
    {0x0007C0, 0x0007C9}, {0x000890, 0x000891}, {0x0008E2, 0x0008E2}, {0x000966, 0x00096F},
    {0x0009E6, 0x0009EF}, {0x000A66, 0x000A6F}, {0x000AE6, 0x000AEF}, {0x000B66, 0x000B6F},
    {0x000BE6, 0x000BEF}, {0x000C66, 0x000C6F}, {0x000CE6, 0x000CEF}, {0x000D66, 0x000D6F},
    {0x000DE6, 0x000DEF}, {0x000E50, 0x000E59}, {0x000ED0, 0x000ED9}, {0x000F20, 0x000F29},
    {0x001040, 0x001049}, {0x001090, 0x001099}, {0x0017E0, 0x0017E9}, {0x001810, 0x001819},
    {0x001946, 0x00194F}, {0x0019D0, 0x0019DA}, {0x001A80, 0x001A89}, {0x001A90, 0x001A99},
    {0x001B50, 0x001B59}, {0x001BB0, 0x001BB9}, {0x001C40, 0x001C49}, {0x001C50, 0x001C59},
    {0x00A620, 0x00A629}, {0x00A8D0, 0x00A8D9}, {0x00A900, 0x00A909}, {0x00A9D0, 0x00A9D9},
    {0x00A9F0, 0x00A9F9}, {0x00AA50, 0x00AA59}, {0x00ABF0, 0x00ABF9}, {0x00FF10, 0x00FF19},
    {0x0104A0, 0x0104A9}, {0x010D30, 0x010D39}, {0x010D40, 0x010D49}, {0x011066, 0x01106F},
    {0x0110BD, 0x0110BD}, {0x0110CD, 0x0110CD}, {0x0110F0, 0x0110F9}, {0x011136, 0x01113F},
    {0x0111D0, 0x0111D9}, {0x0112F0, 0x0112F9}, {0x011450, 0x011459}, {0x0114D0, 0x0114D9},
    {0x011650, 0x011659}, {0x0116C0, 0x0116C9}, {0x0116D0, 0x0116E3}, {0x011730, 0x011739},
    {0x0118E0, 0x0118E9}, {0x011950, 0x011959}, {0x011BF0, 0x011BF9}, {0x011C50, 0x011C59},
    {0x011D50, 0x011D59}, {0x011DA0, 0x011DA9}, {0x011F50, 0x011F59}, {0x016130, 0x016139},
    {0x016A60, 0x016A69}, {0x016AC0, 0x016AC9}, {0x016B50, 0x016B59}, {0x016D70, 0x016D79},
    {0x01CCF0, 0x01CCF9}, {0x01D7CE, 0x01D7FF}, {0x01E140, 0x01E149}, {0x01E2F0, 0x01E2F9},
    {0x01E4F0, 0x01E4F9}, {0x01E5F1, 0x01E5FA}, {0x01E950, 0x01E959}, {0x01FBF0, 0x01FBF9},
    {0x000020, 0x000020}, {0x001680, 0x001680}, {0x002000, 0x002006}, {0x002008, 0x00200A},
    {0x00205F, 0x00205F}, {0x003000, 0x003000},
};

constexpr PropertyClass kClasses[] = {
    {0, 3}, {3, 757}, {760, 4}, {764, 114}, {878, 159}, {1037, 452},
    {1489, 21}, {1510, 626}, {2136, 131}, {2267, 614}, {2881, 629}, {3510, 630},
    {4140, 24}, {4164, 17}, {4181, 8}, {4189, 214}, {4403, 40}, {4443, 10},
    {4453, 1}, {4454, 150}, {4604, 80}, {4684, 41}, {4725, 78}, {4803, 894},
    {5697, 375}, {6072, 58}, {6130, 6}, {6136, 10}, {6146, 793}, {6939, 18},
    {6957, 13}, {6970, 21}, {6991, 677}, {7668, 3}, {7671, 1}, {7672, 1},
    {7673, 1}, {7674, 145}, {7819, 7}, {7826, 675}, {8501, 139}, {8640, 9},
    {8649, 18}, {8667, 250}, {8917, 11}, {8928, 49}, {8977, 7}, {8984, 4},
    {8988, 28}, {9016, 134}, {9150, 5}, {9155, 28}, {9183, 5}, {9188, 7},
    {9195, 13}, {9208, 3}, {9211, 1}, {9212, 21}, {9233, 34}, {9267, 88},
    {9355, 10}, {9365, 116}, {9481, 17}, {9498, 656}, {10154, 4}, {10158, 800},
    {10958, 684}, {11642, 736}, {12378, 2}, {12380, 76}, {12456, 731}, {13187, 3},
    {13190, 321}, {13511, 6}, {13517, 20}, {13537, 71}, {13608, 5}, {13613, 10},
    {13623, 11}, {13634, 677}, {14311, 12}, {14323, 662}, {14985, 75}, {15060, 528},
    {15588, 10}, {15598, 651}, {16249, 65}, {16314, 190}, {16504, 357}, {16861, 31},
    {16892, 144}, {17036, 72}, {17108, 79}, {17187, 193}, {17380, 187}, {17567, 198},
    {17765, 236}, {18001, 8}, {18009, 7}, {18016, 1}, {18017, 731}, {18748, 1},
    {18749, 3}, {18752, 2}, {18754, 3}, {18757, 1}, {18758, 59}, {18817, 4},
    {18821, 2}, {18823, 2}, {18825, 2}, {18827, 2}, {18829, 2}, {18831, 2},
    {18833, 14}, {18847, 4}, {18851, 3}, {18854, 3}, {18857, 1}, {18858, 2},
    {18860, 1}, {18861, 2}, {18863, 3}, {18866, 1}, {18867, 4}, {18871, 3},
    {18874, 1}, {18875, 174}, {19049, 3}, {19052, 1}, {19053, 6}, {19059, 4},
    {19063, 10}, {19073, 1}, {19074, 5}, {19079, 8}, {19087, 1}, {19088, 5},
    {19093, 2}, {19095, 1}, {19096, 1}, {19097, 36}, {19133, 3}, {19136, 10},
    {19146, 6}, {19152, 6}, {19158, 7}, {19165, 1}, {19166, 15}, {19181, 36},
    {19217, 14}, {19231, 1}, {19232, 16}, {19248, 22}, {19270, 14}, {19284, 2},
    {19286, 1}, {19287, 3}, {19290, 9}, {19299, 6}, {19305, 5}, {19310, 4},
    {19314, 3}, {19317, 29}, {19346, 2}, {19348, 2}, {19350, 2}, {19352, 3},
    {19355, 2}, {19357, 2}, {19359, 14}, {19373, 13}, {19386, 3}, {19389, 8},
    {19397, 3}, {19400, 4}, {19404, 2}, {19406, 2}, {19408, 1}, {19409, 5},
    {19414, 11}, {19425, 39}, {19464, 3}, {19467, 5}, {19472, 3}, {19475, 7},
    {19482, 2}, {19484, 1}, {19485, 2}, {19487, 1}, {19488, 1}, {19489, 7},
    {19496, 2}, {19498, 2}, {19500, 3}, {19503, 1}, {19504, 3}, {19507, 2},
    {19509, 3}, {19512, 1}, {19513, 3}, {19516, 2}, {19518, 6}, {19524, 3},
    {19527, 5}, {19532, 4}, {19536, 2}, {19538, 1}, {19539, 3}, {19542, 1},
    {19543, 2}, {19545, 4}, {19549, 2}, {19551, 2}, {19553, 1}, {19554, 1},
    {19555, 1}, {19556, 2}, {19558, 1}, {19559, 1}, {19560, 1}, {19561, 1},
    {19562, 2}, {19564, 14}, {19578, 2}, {19580, 2}, {19582, 1}, {19583, 1},
    {19584, 1}, {19585, 3}, {19588, 2}, {19590, 2}, {19592, 2}, {19594, 2},
    {19596, 2}, {19598, 3}, {19601, 1}, {19602, 1}, {19603, 2}, {19605, 13},
    {19618, 1}, {19619, 2}, {19621, 1}, {19622, 2}, {19624, 2}, {19626, 1},
    {19627, 4}, {19631, 2}, {19633, 3}, {19636, 2}, {19638, 2}, {19640, 2},
    {19642, 18}, {19660, 4}, {19664, 2}, {19666, 13}, {19679, 3}, {19682, 1},
    {19683, 2}, {19685, 7}, {19692, 2}, {19694, 1}, {19695, 1}, {19696, 11},
    {19707, 2}, {19709, 1}, {19710, 8}, {19718, 2}, {19720, 2}, {19722, 3},
    {19725, 2}, {19727, 1}, {19728, 288}, {20016, 659}, {20675, 668}, {21343, 677},
    {22020, 676}, {22696, 686}, {23382, 706}, {24088, 715}, {24803, 715}, {25518, 739},
    {26257, 312}, {26569, 312}, {26881, 369}, {27250, 402}, {27652, 397}, {28049, 412},
    {28461, 430}, {28891, 440}, {29331, 455}, {29786, 495}, {30281, 511}, {30792, 549},
    {31341, 549}, {31890, 549}, {32439, 610}, {33049, 623}, {33672, 648}, {34320, 19},
    {34339, 376}, {34715, 2}, {34717, 399}, {35116, 399}, {35515, 16}, {35531, 155},
    {35686, 2}, {35688, 4}, {35692, 7}, {35699, 5}, {35704, 55}, {35759, 5},
    {35764, 4}, {35768, 27}, {35795, 15}, {35810, 3}, {35813, 2}, {35815, 4},
    {35819, 5}, {35824, 8}, {35832, 159}, {35991, 10}, {36001, 2}, {36003, 9},
    {36012, 18}, {36030, 9}, {36039, 3}, {36042, 10}, {36052, 3}, {36055, 37},
    {36092, 6}, {36098, 13}, {36111, 16}, {36127, 8}, {36135, 8}, {36143, 5},
    {36148, 25}, {36173, 44}, {36217, 17}, {36234, 2}, {36236, 19}, {36255, 42},
    {36297, 21}, {36318, 7}, {36325, 1}, {36326, 10}, {36336, 17}, {36353, 7},
    {36360, 28}, {36388, 3}, {36391, 5}, {36396, 1}, {36397, 22}, {36419, 21},
    {36440, 4}, {36444, 4}, {36448, 65}, {36513, 6}, {36519, 4}, {36523, 10},
    {36533, 5}, {36538, 2}, {36540, 4}, {36544, 4}, {36548, 12}, {36560, 3},
    {36563, 3}, {36566, 2}, {36568, 3}, {36571, 7}, {36578, 6}, {36584, 5},
    {36589, 9}, {36598, 6}, {36604, 6}, {36610, 3}, {36613, 3}, {36616, 3},
    {36619, 18}, {36637, 6}, {36643, 5}, {36648, 4}, {36652, 1}, {36653, 3},
    {36656, 8}, {36664, 2}, {36666, 15}, {36681, 2}, {36683, 8}, {36691, 3},
    {36694, 19}, {36713, 3}, {36716, 4}, {36720, 6}, {36726, 4}, {36730, 25},
    {36755, 6}, {36761, 17}, {36778, 7}, {36785, 7}, {36792, 6}, {36798, 8},
    {36806, 6}, {36812, 7}, {36819, 2}, {36821, 16}, {36837, 7}, {36844, 7},
    {36851, 4}, {36855, 45}, {36900, 324}, {37224, 15}, {37239, 561}, {37800, 673},
    {38473, 78}, {38551, 20}, {38571, 2}, {38573, 9}, {38582, 84}, {38666, 657},
    {39323, 595}, {39918, 7}, {39925, 325}, {40250, 13}, {40263, 10}, {40273, 15},
    {40288, 6}, {40294, 9}, {40303, 12}, {40315, 3}, {40318, 78}, {40396, 6},
};

constexpr BareAlias kBareAliases[] = {
    {"adlam", 102},
    {"adlm", 102},
    {"aghb", 103},
    {"ahex", 0},
    {"ahom", 104},
    {"alpha", 1},
    {"alphabetic", 1},
    {"anatolianhieroglyphs", 105},
    {"any", 99},
    {"arab", 106},
    {"arabic", 106},
    {"armenian", 107},
    {"armi", 108},
    {"armn", 107},
    {"ascii", 101},
    {"asciihexdigit", 0},
    {"assigned", 100},
    {"avestan", 109},
    {"avst", 109},
    {"bali", 110},
    {"balinese", 110},
    {"bamu", 111},
    {"bamum", 111},
    {"bass", 112},
    {"bassavah", 112},
    {"batak", 113},
    {"batk", 113},
    {"beng", 114},
    {"bengali", 114},
    {"bhaiksuki", 115},
    {"bhks", 115},
    {"bidic", 2},
    {"bidicontrol", 2},
    {"bidim", 3},
    {"bidimirrored", 3},
    {"bopo", 116},
    {"bopomofo", 116},
    {"brah", 117},
    {"brahmi", 117},
    {"brai", 118},
    {"braille", 118},
    {"bugi", 119},
    {"buginese", 119},
    {"buhd", 120},
    {"buhid", 120},
    {"c", 67},
    {"cakm", 121},
    {"canadianaboriginal", 122},
    {"cans", 122},
    {"cari", 123},
    {"carian", 123},
    {"cased", 4},
    {"casedletter", 37},
    {"caseignorable", 5},
    {"caucasianalbanian", 103},
    {"cc", 68},
    {"cf", 6},
    {"chakma", 121},
    {"cham", 124},
    {"changeswhencasefolded", 7},
    {"changeswhencasemapped", 8},
    {"changeswhenlowercased", 9},
    {"changeswhentitlecased", 10},
    {"changeswhenuppercased", 11},
    {"cher", 125},
    {"cherokee", 125},
    {"chorasmian", 126},
    {"chrs", 126},
    {"ci", 5},
    {"closepunctuation", 69},
    {"cn", 70},
    {"cntrl", 68},
    {"co", 71},
    {"combiningmark", 72},
    {"common", 127},
    {"connectorpunctuation", 73},
    {"control", 68},
    {"copt", 128},
    {"coptic", 128},
    {"cpmn", 129},
    {"cprt", 130},
    {"cuneiform", 131},
    {"currencysymbol", 57},
    {"cwcf", 7},
    {"cwcm", 8},
    {"cwl", 9},
    {"cwt", 10},
    {"cwu", 11},
    {"cypriot", 130},
    {"cyprominoan", 129},
    {"cyrillic", 132},
    {"cyrl", 132},
    {"dash", 12},
    {"dashpunctuation", 74},
    {"decimalnumber", 75},
    {"defaultignorablecodepoint", 13},
    {"dep", 14},
    {"deprecated", 14},
    {"deseret", 133},
    {"deva", 134},
    {"devanagari", 134},
    {"di", 13},
    {"dia", 15},
    {"diacritic", 15},
    {"diak", 135},
    {"digit", 75},
    {"divesakuru", 135},
    {"dogr", 136},
    {"dogra", 136},
    {"dsrt", 133},
    {"dupl", 137},
    {"duployan", 137},
    {"ebase", 16},
    {"ecomp", 17},
    {"egyp", 138},
    {"egyptianhieroglyphs", 138},
    {"elba", 139},
    {"elbasan", 139},
    {"elym", 140},
    {"elymaic", 140},
    {"emod", 18},
    {"emoji", 19},
    {"emojicomponent", 17},
    {"emojimodifier", 18},
    {"emojimodifierbase", 16},
    {"emojipresentation", 20},
    {"enclosingmark", 76},
    {"epres", 20},
    {"ethi", 141},
    {"ethiopic", 141},
    {"ext", 21},
    {"extendedpictographic", 22},
    {"extender", 21},
    {"extpict", 22},
    {"finalpunctuation", 77},
    {"format", 6},
    {"gara", 142},
    {"garay", 142},
    {"geor", 143},
    {"georgian", 143},
    {"glag", 144},
    {"glagolitic", 144},
    {"gong", 145},
    {"gonm", 146},
    {"goth", 147},
    {"gothic", 147},
    {"gran", 148},
    {"grantha", 148},
    {"graphemebase", 23},
    {"graphemeextend", 24},
    {"graphemelink", 25},
    {"grbase", 23},
    {"greek", 149},
    {"grek", 149},
    {"grext", 24},
    {"grlink", 25},
    {"gujarati", 150},
    {"gujr", 150},
    {"gukh", 151},
    {"gunjalagondi", 145},
    {"gurmukhi", 152},
    {"guru", 152},
    {"gurungkhema", 151},
    {"han", 153},
    {"hang", 154},
    {"hangul", 154},
    {"hani", 153},
    {"hanifirohingya", 155},
    {"hano", 156},
    {"hanunoo", 156},
    {"hatr", 157},
    {"hatran", 157},
    {"hebr", 158},
    {"hebrew", 158},
    {"hex", 26},
    {"hexdigit", 26},
    {"hira", 159},
    {"hiragana", 159},
    {"hluw", 105},
    {"hmng", 160},
    {"hmnp", 161},
    {"hung", 162},
    {"hyphen", 27},
    {"idc", 28},
    {"idcompatmathcontinue", 29},
    {"idcompatmathstart", 30},
    {"idcontinue", 28},
    {"ideo", 31},
    {"ideographic", 31},
    {"ids", 32},
    {"idsb", 33},
    {"idsbinaryoperator", 33},
    {"idst", 34},
    {"idstart", 32},
    {"idstrinaryoperator", 34},
    {"idsu", 35},
    {"idsunaryoperator", 35},
    {"imperialaramaic", 108},
    {"inherited", 163},
    {"initialpunctuation", 78},
    {"inscriptionalpahlavi", 164},
    {"inscriptionalparthian", 165},
    {"ital", 166},
    {"java", 167},
    {"javanese", 167},
    {"joinc", 36},
    {"joincontrol", 36},
    {"kaithi", 168},
    {"kali", 169},
    {"kana", 170},
    {"kannada", 171},
    {"katakana", 170},
    {"kawi", 172},
    {"kayahli", 169},
    {"khar", 173},
    {"kharoshthi", 173},
    {"khitansmallscript", 174},
    {"khmer", 175},
    {"khmr", 175},
    {"khoj", 176},
    {"khojki", 176},
    {"khudawadi", 177},
    {"kiratrai", 178},
    {"kits", 174},
    {"knda", 171},
    {"krai", 178},
    {"kthi", 168},
    {"l", 79},
    {"lana", 179},
    {"lao", 180},
    {"laoo", 180},
    {"latin", 181},
    {"latn", 181},
    {"lc", 37},
    {"lepc", 182},
    {"lepcha", 182},
    {"letter", 79},
    {"letternumber", 80},
    {"limb", 183},
    {"limbu", 183},
    {"lina", 184},
    {"linb", 185},
    {"lineara", 184},
    {"linearb", 185},
    {"lisu", 186},
    {"ll", 81},
    {"lm", 82},
    {"lo", 83},
    {"loe", 38},
    {"logicalorderexception", 38},
    {"lower", 39},
    {"lowercase", 39},
    {"lowercaseletter", 81},
    {"lt", 84},
    {"lu", 85},
    {"lyci", 187},
    {"lycian", 187},
    {"lydi", 188},
    {"lydian", 188},
    {"m", 72},
    {"mahajani", 189},
    {"mahj", 189},
    {"maka", 190},
    {"makasar", 190},
    {"malayalam", 191},
    {"mand", 192},
    {"mandaic", 192},
    {"mani", 193},
    {"manichaean", 193},
    {"marc", 194},
    {"marchen", 194},
    {"mark", 72},
    {"masaramgondi", 146},
    {"math", 40},
    {"mathsymbol", 86},
    {"mc", 87},
    {"mcm", 41},
    {"me", 76},
    {"medefaidrin", 195},
    {"medf", 195},
    {"meeteimayek", 196},
    {"mend", 197},
    {"mendekikakui", 197},
    {"merc", 198},
    {"mero", 199},
    {"meroiticcursive", 198},
    {"meroitichieroglyphs", 199},
    {"miao", 200},
    {"mlym", 191},
    {"mn", 88},
    {"modi", 201},
    {"modifiercombiningmark", 41},
    {"modifierletter", 82},
    {"modifiersymbol", 89},
    {"mong", 202},
    {"mongolian", 202},
    {"mro", 203},
    {"mroo", 203},
    {"mtei", 196},
    {"mult", 204},
    {"multani", 204},
    {"myanmar", 205},
    {"mymr", 205},
    {"n", 90},
    {"nabataean", 206},
    {"nagm", 207},
    {"nagmundari", 207},
    {"nand", 208},
    {"nandinagari", 208},
    {"narb", 209},
    {"nbat", 206},
    {"nchar", 42},
    {"nd", 75},
    {"newa", 210},
    {"newtailue", 211},
    {"nko", 212},
    {"nkoo", 212},
    {"nl", 80},
    {"no", 91},
    {"noncharactercodepoint", 42},
    {"nonspacingmark", 88},
    {"nshu", 213},
    {"number", 90},
    {"nushu", 213},
    {"nyiakengpuachuehmong", 161},
    {"oalpha", 43},
    {"odi", 44},
    {"ogam", 214},
    {"ogham", 214},
    {"ogrext", 45},
    {"oidc", 46},
    {"oids", 47},
    {"olchiki", 215},
    {"olck", 215},
    {"oldhungarian", 162},
    {"olditalic", 166},
    {"oldnortharabian", 209},
    {"oldpermic", 216},
    {"oldpersian", 217},
    {"oldsogdian", 218},
    {"oldsoutharabian", 219},
    {"oldturkic", 220},
    {"olduyghur", 221},
    {"olonal", 222},
    {"olower", 48},
    {"omath", 49},
    {"onao", 222},
    {"openpunctuation", 92},
    {"oriya", 223},
    {"orkh", 220},
    {"orya", 223},
    {"osage", 224},
    {"osge", 224},
    {"osma", 225},
    {"osmanya", 225},
    {"other", 67},
    {"otheralphabetic", 43},
    {"otherdefaultignorablecodepoint", 44},
    {"othergraphemeextend", 45},
    {"otheridcontinue", 46},
    {"otheridstart", 47},
    {"otherletter", 83},
    {"otherlowercase", 48},
    {"othermath", 49},
    {"othernumber", 91},
    {"otherpunctuation", 93},
    {"othersymbol", 94},
    {"otheruppercase", 50},
    {"ougr", 221},
    {"oupper", 50},
    {"p", 95},
    {"pahawhhmong", 160},
    {"palm", 226},
    {"palmyrene", 226},
    {"patsyn", 51},
    {"patternsyntax", 51},
    {"patternwhitespace", 52},
    {"patws", 52},
    {"pauc", 227},
    {"paucinhau", 227},
    {"pc", 73},
    {"pcm", 53},
    {"pd", 74},
    {"pe", 69},
    {"perm", 216},
    {"pf", 77},
    {"phag", 228},
    {"phagspa", 228},
    {"phli", 164},
    {"phlp", 229},
    {"phnx", 230},
    {"phoenician", 230},
    {"pi", 78},
    {"plrd", 200},
    {"po", 93},
    {"prependedconcatenationmark", 53},
    {"privateuse", 71},
    {"prti", 165},
    {"ps", 92},
    {"psalterpahlavi", 229},
    {"punct", 95},
    {"punctuation", 95},
    {"qaac", 128},
    {"qaai", 163},
    {"qmark", 54},
    {"quotationmark", 54},
    {"radical", 55},
    {"regionalindicator", 56},
    {"rejang", 231},
    {"ri", 56},
    {"rjng", 231},
    {"rohg", 155},
    {"runic", 232},
    {"runr", 232},
    {"s", 96},
    {"samaritan", 233},
    {"samr", 233},
    {"sarb", 219},
    {"saur", 234},
    {"saurashtra", 234},
    {"sc", 57},
    {"sd", 58},
    {"sentenceterminal", 59},
    {"separator", 97},
    {"sgnw", 235},
    {"sharada", 236},
    {"shavian", 237},
    {"shaw", 237},
    {"shrd", 236},
    {"sidd", 238},
    {"siddham", 238},
    {"signwriting", 235},
    {"sind", 177},
    {"sinh", 239},
    {"sinhala", 239},
    {"sk", 89},
    {"sm", 86},
    {"so", 94},
    {"softdotted", 58},
    {"sogd", 240},
    {"sogdian", 240},
    {"sogo", 218},
    {"sora", 241},
    {"sorasompeng", 241},
    {"soyo", 242},
    {"soyombo", 242},
    {"space", 60},
    {"spaceseparator", 98},
    {"spacingmark", 87},
    {"sterm", 59},
    {"sund", 243},
    {"sundanese", 243},
    {"sunu", 244},
    {"sunuwar", 244},
    {"sylo", 245},
    {"sylotinagri", 245},
    {"symbol", 96},
    {"syrc", 246},
    {"syriac", 246},
    {"tagalog", 247},
    {"tagb", 248},
    {"tagbanwa", 248},
    {"taile", 249},
    {"taitham", 179},
    {"taiviet", 250},
    {"takr", 251},
    {"takri", 251},
    {"tale", 249},
    {"talu", 211},
    {"tamil", 252},
    {"taml", 252},
    {"tang", 253},
    {"tangsa", 254},
    {"tangut", 253},
    {"tavt", 250},
    {"telu", 255},
    {"telugu", 255},
    {"term", 61},
    {"terminalpunctuation", 61},
    {"tfng", 256},
    {"tglg", 247},
    {"thaa", 257},
    {"thaana", 257},
    {"thai", 258},
    {"tibetan", 259},
    {"tibt", 259},
    {"tifinagh", 256},
    {"tirh", 260},
    {"tirhuta", 260},
    {"titlecaseletter", 84},
    {"tnsa", 254},
    {"todhri", 261},
    {"todr", 261},
    {"toto", 262},
    {"tulutigalari", 263},
    {"tutg", 263},
    {"ugar", 264},
    {"ugaritic", 264},
    {"uideo", 62},
    {"unassigned", 70},
    {"unifiedideograph", 62},
    {"upper", 63},
    {"uppercase", 63},
    {"uppercaseletter", 85},
    {"vai", 265},
    {"vaii", 265},
    {"variationselector", 64},
    {"vith", 266},
    {"vithkuqi", 266},
    {"vs", 64},
    {"wancho", 267},
    {"wara", 268},
    {"warangciti", 268},
    {"wcho", 267},
    {"whitespace", 60},
    {"wspace", 60},
    {"xidc", 65},
    {"xidcontinue", 65},
    {"xids", 66},
    {"xidstart", 66},
    {"xpeo", 217},
    {"xsux", 131},
    {"yezi", 269},
    {"yezidi", 269},
    {"yi", 270},
    {"yiii", 270},
    {"z", 97},
    {"zanabazarsquare", 271},
    {"zanb", 271},
    {"zinh", 163},
    {"zs", 98},
    {"zyyy", 127},
};

constexpr PropertyAlias kPropertyAliases[] = {
    {"age", 0},
    {"gc", 1},
    {"gcb", 2},
    {"generalcategory", 1},
    {"graphemeclusterbreak", 2},
    {"sb", 5},
    {"sc", 3},
    {"script", 3},
    {"scriptextensions", 4},
    {"scx", 4},
    {"sentencebreak", 5},
    {"wb", 6},
    {"wordbreak", 6},
};

constexpr ValueAlias kValueAliases[] = {
    {"1.1", 272, 0},
    {"10.0", 273, 0},
    {"11.0", 274, 0},
    {"12.0", 275, 0},
    {"12.1", 276, 0},
    {"13.0", 277, 0},
    {"14.0", 278, 0},
    {"15.0", 279, 0},
    {"15.1", 280, 0},
    {"16.0", 281, 0},
    {"2.0", 282, 0},
    {"2.1", 283, 0},
    {"3.0", 284, 0},
    {"3.1", 285, 0},
    {"3.2", 286, 0},
    {"4.0", 287, 0},
    {"4.1", 288, 0},
    {"5.0", 289, 0},
    {"5.1", 290, 0},
    {"5.2", 291, 0},
    {"6.0", 292, 0},
    {"6.1", 293, 0},
    {"6.2", 294, 0},
    {"6.3", 295, 0},
    {"7.0", 296, 0},
    {"8.0", 297, 0},
    {"9.0", 298, 0},
    {"v100", 273, 0},
    {"v11", 272, 0},
    {"v110", 274, 0},
    {"v120", 275, 0},
    {"v121", 276, 0},
    {"v130", 277, 0},
    {"v140", 278, 0},
    {"v150", 279, 0},
    {"v151", 280, 0},
    {"v160", 281, 0},
    {"v20", 282, 0},
    {"v21", 283, 0},
    {"v30", 284, 0},
    {"v31", 285, 0},
    {"v32", 286, 0},
    {"v40", 287, 0},
    {"v41", 288, 0},
    {"v50", 289, 0},
    {"v51", 290, 0},
    {"v52", 291, 0},
    {"v60", 292, 0},
    {"v61", 293, 0},
    {"v62", 294, 0},
    {"v63", 295, 0},
    {"v70", 296, 0},
    {"v80", 297, 0},
    {"v90", 298, 0},
    {"any", 99, 1},
    {"ascii", 101, 1},
    {"assigned", 100, 1},
    {"c", 67, 1},
    {"casedletter", 37, 1},
    {"cc", 68, 1},
    {"cf", 6, 1},
    {"closepunctuation", 69, 1},
    {"cn", 70, 1},
    {"cntrl", 68, 1},
    {"co", 71, 1},
    {"combiningmark", 72, 1},
    {"connectorpunctuation", 73, 1},
    {"control", 68, 1},
    {"currencysymbol", 57, 1},
    {"dashpunctuation", 74, 1},
    {"decimalnumber", 75, 1},
    {"digit", 75, 1},
    {"enclosingmark", 76, 1},
    {"finalpunctuation", 77, 1},
    {"format", 6, 1},
    {"initialpunctuation", 78, 1},
    {"l", 79, 1},
    {"lc", 37, 1},
    {"letter", 79, 1},
    {"letternumber", 80, 1},
    {"ll", 81, 1},
    {"lm", 82, 1},
    {"lo", 83, 1},
    {"lowercaseletter", 81, 1},
    {"lt", 84, 1},
    {"lu", 85, 1},
    {"m", 72, 1},
    {"mark", 72, 1},
    {"mathsymbol", 86, 1},
    {"mc", 87, 1},
    {"me", 76, 1},
    {"mn", 88, 1},
    {"modifierletter", 82, 1},
    {"modifiersymbol", 89, 1},
    {"n", 90, 1},
    {"nd", 75, 1},
    {"nl", 80, 1},
    {"no", 91, 1},
    {"nonspacingmark", 88, 1},
    {"number", 90, 1},
    {"openpunctuation", 92, 1},
    {"other", 67, 1},
    {"otherletter", 83, 1},
    {"othernumber", 91, 1},
    {"otherpunctuation", 93, 1},
    {"othersymbol", 94, 1},
    {"p", 95, 1},
    {"pc", 73, 1},
    {"pd", 74, 1},
    {"pe", 69, 1},
    {"pf", 77, 1},
    {"pi", 78, 1},
    {"po", 93, 1},
    {"privateuse", 71, 1},
    {"ps", 92, 1},
    {"punct", 95, 1},
    {"punctuation", 95, 1},
    {"s", 96, 1},
    {"sc", 57, 1},
    {"separator", 97, 1},
    {"sk", 89, 1},
    {"sm", 86, 1},
    {"so", 94, 1},
    {"spaceseparator", 98, 1},
    {"spacingmark", 87, 1},
    {"symbol", 96, 1},
    {"titlecaseletter", 84, 1},
    {"unassigned", 70, 1},
    {"uppercaseletter", 85, 1},
    {"z", 97, 1},
    {"zs", 98, 1},
    {"cn", 299, 2},
    {"control", 299, 2},
    {"ex", 300, 2},
    {"extend", 300, 2},
    {"l", 301, 2},
    {"lv", 302, 2},
    {"lvt", 303, 2},
    {"pp", 304, 2},
    {"prepend", 304, 2},
    {"regionalindicator", 56, 2},
    {"ri", 56, 2},
    {"sm", 305, 2},
    {"spacingmark", 305, 2},
    {"t", 306, 2},
    {"v", 307, 2},
    {"adlam", 102, 3},
    {"adlm", 102, 3},
    {"aghb", 103, 3},
    {"ahom", 104, 3},
    {"anatolianhieroglyphs", 105, 3},
    {"arab", 106, 3},
    {"arabic", 106, 3},
    {"armenian", 107, 3},
    {"armi", 108, 3},
    {"armn", 107, 3},
    {"avestan", 109, 3},
    {"avst", 109, 3},
    {"bali", 110, 3},
    {"balinese", 110, 3},
    {"bamu", 111, 3},
    {"bamum", 111, 3},
    {"bass", 112, 3},
    {"bassavah", 112, 3},
    {"batak", 113, 3},
    {"batk", 113, 3},
    {"beng", 114, 3},
    {"bengali", 114, 3},
    {"bhaiksuki", 115, 3},
    {"bhks", 115, 3},
    {"bopo", 116, 3},
    {"bopomofo", 116, 3},
    {"brah", 117, 3},
    {"brahmi", 117, 3},
    {"brai", 118, 3},
    {"braille", 118, 3},
    {"bugi", 119, 3},
    {"buginese", 119, 3},
    {"buhd", 120, 3},
    {"buhid", 120, 3},
    {"cakm", 121, 3},
    {"canadianaboriginal", 122, 3},
    {"cans", 122, 3},
    {"cari", 123, 3},
    {"carian", 123, 3},
    {"caucasianalbanian", 103, 3},
    {"chakma", 121, 3},
    {"cham", 124, 3},
    {"cher", 125, 3},
    {"cherokee", 125, 3},
    {"chorasmian", 126, 3},
    {"chrs", 126, 3},
    {"common", 127, 3},
    {"copt", 128, 3},
    {"coptic", 128, 3},
    {"cpmn", 129, 3},
    {"cprt", 130, 3},
    {"cuneiform", 131, 3},
    {"cypriot", 130, 3},
    {"cyprominoan", 129, 3},
    {"cyrillic", 132, 3},
    {"cyrl", 132, 3},
    {"deseret", 133, 3},
    {"deva", 134, 3},
    {"devanagari", 134, 3},
    {"diak", 135, 3},
    {"divesakuru", 135, 3},
    {"dogr", 136, 3},
    {"dogra", 136, 3},
    {"dsrt", 133, 3},
    {"dupl", 137, 3},
    {"duployan", 137, 3},
    {"egyp", 138, 3},
    {"egyptianhieroglyphs", 138, 3},
    {"elba", 139, 3},
    {"elbasan", 139, 3},
    {"elym", 140, 3},
    {"elymaic", 140, 3},
    {"ethi", 141, 3},
    {"ethiopic", 141, 3},
    {"gara", 142, 3},
    {"garay", 142, 3},
    {"geor", 143, 3},
    {"georgian", 143, 3},
    {"glag", 144, 3},
    {"glagolitic", 144, 3},
    {"gong", 145, 3},
    {"gonm", 146, 3},
    {"goth", 147, 3},
    {"gothic", 147, 3},
    {"gran", 148, 3},
    {"grantha", 148, 3},
    {"greek", 149, 3},
    {"grek", 149, 3},
    {"gujarati", 150, 3},
    {"gujr", 150, 3},
    {"gukh", 151, 3},
    {"gunjalagondi", 145, 3},
    {"gurmukhi", 152, 3},
    {"guru", 152, 3},
    {"gurungkhema", 151, 3},
    {"han", 153, 3},
    {"hang", 154, 3},
    {"hangul", 154, 3},
    {"hani", 153, 3},
    {"hanifirohingya", 155, 3},
    {"hano", 156, 3},
    {"hanunoo", 156, 3},
    {"hatr", 157, 3},
    {"hatran", 157, 3},
    {"hebr", 158, 3},
    {"hebrew", 158, 3},
    {"hira", 159, 3},
    {"hiragana", 159, 3},
    {"hluw", 105, 3},
    {"hmng", 160, 3},
    {"hmnp", 161, 3},
    {"hung", 162, 3},
    {"imperialaramaic", 108, 3},
    {"inherited", 163, 3},
    {"inscriptionalpahlavi", 164, 3},
    {"inscriptionalparthian", 165, 3},
    {"ital", 166, 3},
    {"java", 167, 3},
    {"javanese", 167, 3},
    {"kaithi", 168, 3},
    {"kali", 169, 3},
    {"kana", 170, 3},
    {"kannada", 171, 3},
    {"katakana", 170, 3},
    {"kawi", 172, 3},
    {"kayahli", 169, 3},
    {"khar", 173, 3},
    {"kharoshthi", 173, 3},
    {"khitansmallscript", 174, 3},
    {"khmer", 175, 3},
    {"khmr", 175, 3},
    {"khoj", 176, 3},
    {"khojki", 176, 3},
    {"khudawadi", 177, 3},
    {"kiratrai", 178, 3},
    {"kits", 174, 3},
    {"knda", 171, 3},
    {"krai", 178, 3},
    {"kthi", 168, 3},
    {"lana", 179, 3},
    {"lao", 180, 3},
    {"laoo", 180, 3},
    {"latin", 181, 3},
    {"latn", 181, 3},
    {"lepc", 182, 3},
    {"lepcha", 182, 3},
    {"limb", 183, 3},
    {"limbu", 183, 3},
    {"lina", 184, 3},
    {"linb", 185, 3},
    {"lineara", 184, 3},
    {"linearb", 185, 3},
    {"lisu", 186, 3},
    {"lyci", 187, 3},
    {"lycian", 187, 3},
    {"lydi", 188, 3},
    {"lydian", 188, 3},
    {"mahajani", 189, 3},
    {"mahj", 189, 3},
    {"maka", 190, 3},
    {"makasar", 190, 3},
    {"malayalam", 191, 3},
    {"mand", 192, 3},
    {"mandaic", 192, 3},
    {"mani", 193, 3},
    {"manichaean", 193, 3},
    {"marc", 194, 3},
    {"marchen", 194, 3},
    {"masaramgondi", 146, 3},
    {"medefaidrin", 195, 3},
    {"medf", 195, 3},
    {"meeteimayek", 196, 3},
    {"mend", 197, 3},
    {"mendekikakui", 197, 3},
    {"merc", 198, 3},
    {"mero", 199, 3},
    {"meroiticcursive", 198, 3},
    {"meroitichieroglyphs", 199, 3},
    {"miao", 200, 3},
    {"mlym", 191, 3},
    {"modi", 201, 3},
    {"mong", 202, 3},
    {"mongolian", 202, 3},
    {"mro", 203, 3},
    {"mroo", 203, 3},
    {"mtei", 196, 3},
    {"mult", 204, 3},
    {"multani", 204, 3},
    {"myanmar", 205, 3},
    {"mymr", 205, 3},
    {"nabataean", 206, 3},
    {"nagm", 207, 3},
    {"nagmundari", 207, 3},
    {"nand", 208, 3},
    {"nandinagari", 208, 3},
    {"narb", 209, 3},
    {"nbat", 206, 3},
    {"newa", 210, 3},
    {"newtailue", 211, 3},
    {"nko", 212, 3},
    {"nkoo", 212, 3},
    {"nshu", 213, 3},
    {"nushu", 213, 3},
    {"nyiakengpuachuehmong", 161, 3},
    {"ogam", 214, 3},
    {"ogham", 214, 3},
    {"olchiki", 215, 3},
    {"olck", 215, 3},
    {"oldhungarian", 162, 3},
    {"olditalic", 166, 3},
    {"oldnortharabian", 209, 3},
    {"oldpermic", 216, 3},
    {"oldpersian", 217, 3},
    {"oldsogdian", 218, 3},
    {"oldsoutharabian", 219, 3},
    {"oldturkic", 220, 3},
    {"olduyghur", 221, 3},
    {"olonal", 222, 3},
    {"onao", 222, 3},
    {"oriya", 223, 3},
    {"orkh", 220, 3},
    {"orya", 223, 3},
    {"osage", 224, 3},
    {"osge", 224, 3},
    {"osma", 225, 3},
    {"osmanya", 225, 3},
    {"ougr", 221, 3},
    {"pahawhhmong", 160, 3},
    {"palm", 226, 3},
    {"palmyrene", 226, 3},
    {"pauc", 227, 3},
    {"paucinhau", 227, 3},
    {"perm", 216, 3},
    {"phag", 228, 3},
    {"phagspa", 228, 3},
    {"phli", 164, 3},
    {"phlp", 229, 3},
    {"phnx", 230, 3},
    {"phoenician", 230, 3},
    {"plrd", 200, 3},
    {"prti", 165, 3},
    {"psalterpahlavi", 229, 3},
    {"qaac", 128, 3},
    {"qaai", 163, 3},
    {"rejang", 231, 3},
    {"rjng", 231, 3},
    {"rohg", 155, 3},
    {"runic", 232, 3},
    {"runr", 232, 3},
    {"samaritan", 233, 3},
    {"samr", 233, 3},
    {"sarb", 219, 3},
    {"saur", 234, 3},
    {"saurashtra", 234, 3},
    {"sgnw", 235, 3},
    {"sharada", 236, 3},
    {"shavian", 237, 3},
    {"shaw", 237, 3},
    {"shrd", 236, 3},
    {"sidd", 238, 3},
    {"siddham", 238, 3},
    {"signwriting", 235, 3},
    {"sind", 177, 3},
    {"sinh", 239, 3},
    {"sinhala", 239, 3},
    {"sogd", 240, 3},
    {"sogdian", 240, 3},
    {"sogo", 218, 3},
    {"sora", 241, 3},
    {"sorasompeng", 241, 3},
    {"soyo", 242, 3},
    {"soyombo", 242, 3},
    {"sund", 243, 3},
    {"sundanese", 243, 3},
    {"sunu", 244, 3},
    {"sunuwar", 244, 3},
    {"sylo", 245, 3},
    {"sylotinagri", 245, 3},
    {"syrc", 246, 3},
    {"syriac", 246, 3},
    {"tagalog", 247, 3},
    {"tagb", 248, 3},
    {"tagbanwa", 248, 3},
    {"taile", 249, 3},
    {"taitham", 179, 3},
    {"taiviet", 250, 3},
    {"takr", 251, 3},
    {"takri", 251, 3},
    {"tale", 249, 3},
    {"talu", 211, 3},
    {"tamil", 252, 3},
    {"taml", 252, 3},
    {"tang", 253, 3},
    {"tangsa", 254, 3},
    {"tangut", 253, 3},
    {"tavt", 250, 3},
    {"telu", 255, 3},
    {"telugu", 255, 3},
    {"tfng", 256, 3},
    {"tglg", 247, 3},
    {"thaa", 257, 3},
    {"thaana", 257, 3},
    {"thai", 258, 3},
    {"tibetan", 259, 3},
    {"tibt", 259, 3},
    {"tifinagh", 256, 3},
    {"tirh", 260, 3},
    {"tirhuta", 260, 3},
    {"tnsa", 254, 3},
    {"todhri", 261, 3},
    {"todr", 261, 3},
    {"toto", 262, 3},
    {"tulutigalari", 263, 3},
    {"tutg", 263, 3},
    {"ugar", 264, 3},
    {"ugaritic", 264, 3},
    {"vai", 265, 3},
    {"vaii", 265, 3},
    {"vith", 266, 3},
    {"vithkuqi", 266, 3},
    {"wancho", 267, 3},
    {"wara", 268, 3},
    {"warangciti", 268, 3},
    {"wcho", 267, 3},
    {"xpeo", 217, 3},
    {"xsux", 131, 3},
    {"yezi", 269, 3},
    {"yezidi", 269, 3},
    {"yi", 270, 3},
    {"yiii", 270, 3},
    {"zanabazarsquare", 271, 3},
    {"zanb", 271, 3},
    {"zinh", 163, 3},
    {"zyyy", 127, 3},
    {"adlam", 308, 4},
    {"adlm", 308, 4},
    {"aghb", 309, 4},
    {"ahom", 104, 4},
    {"anatolianhieroglyphs", 105, 4},
    {"arab", 310, 4},
    {"arabic", 310, 4},
    {"armenian", 311, 4},
    {"armi", 108, 4},
    {"armn", 311, 4},
    {"avestan", 312, 4},
    {"avst", 312, 4},
    {"bali", 110, 4},
    {"balinese", 110, 4},
    {"bamu", 111, 4},
    {"bamum", 111, 4},
    {"bass", 112, 4},
    {"bassavah", 112, 4},
    {"batak", 113, 4},
    {"batk", 113, 4},
    {"beng", 313, 4},
    {"bengali", 313, 4},
    {"bhaiksuki", 115, 4},
    {"bhks", 115, 4},
    {"bopo", 314, 4},
    {"bopomofo", 314, 4},
    {"brah", 117, 4},
    {"brahmi", 117, 4},
    {"brai", 118, 4},
    {"braille", 118, 4},
    {"bugi", 315, 4},
    {"buginese", 315, 4},
    {"buhd", 316, 4},
    {"buhid", 316, 4},
    {"cakm", 317, 4},
    {"canadianaboriginal", 122, 4},
    {"cans", 122, 4},
    {"cari", 318, 4},
    {"carian", 318, 4},
    {"caucasianalbanian", 309, 4},
    {"chakma", 317, 4},
    {"cham", 124, 4},
    {"cher", 319, 4},
    {"cherokee", 319, 4},
    {"chorasmian", 126, 4},
    {"chrs", 126, 4},
    {"common", 320, 4},
    {"copt", 321, 4},
    {"coptic", 321, 4},
    {"cpmn", 322, 4},
    {"cprt", 323, 4},
    {"cuneiform", 131, 4},
    {"cypriot", 323, 4},
    {"cyprominoan", 322, 4},
    {"cyrillic", 324, 4},
    {"cyrl", 324, 4},
    {"deseret", 133, 4},
    {"deva", 325, 4},
    {"devanagari", 325, 4},
    {"diak", 135, 4},
    {"divesakuru", 135, 4},
    {"dogr", 326, 4},
    {"dogra", 326, 4},
    {"dsrt", 133, 4},
    {"dupl", 327, 4},
    {"duployan", 327, 4},
    {"egyp", 138, 4},
    {"egyptianhieroglyphs", 138, 4},
    {"elba", 328, 4},
    {"elbasan", 328, 4},
    {"elym", 140, 4},
    {"elymaic", 140, 4},
    {"ethi", 329, 4},
    {"ethiopic", 329, 4},
    {"gara", 330, 4},
    {"garay", 330, 4},
    {"geor", 331, 4},
    {"georgian", 331, 4},
    {"glag", 332, 4},
    {"glagolitic", 332, 4},
    {"gong", 333, 4},
    {"gonm", 334, 4},
    {"goth", 335, 4},
    {"gothic", 335, 4},
    {"gran", 336, 4},
    {"grantha", 336, 4},
    {"greek", 337, 4},
    {"grek", 337, 4},
    {"gujarati", 338, 4},
    {"gujr", 338, 4},
    {"gukh", 339, 4},
    {"gunjalagondi", 333, 4},
    {"gurmukhi", 340, 4},
    {"guru", 340, 4},
    {"gurungkhema", 339, 4},
    {"han", 341, 4},
    {"hang", 342, 4},
    {"hangul", 342, 4},
    {"hani", 341, 4},
    {"hanifirohingya", 343, 4},
    {"hano", 344, 4},
    {"hanunoo", 344, 4},
    {"hatr", 157, 4},
    {"hatran", 157, 4},
    {"hebr", 345, 4},
    {"hebrew", 345, 4},
    {"hira", 346, 4},
    {"hiragana", 346, 4},
    {"hluw", 105, 4},
    {"hmng", 160, 4},
    {"hmnp", 161, 4},
    {"hung", 347, 4},
    {"imperialaramaic", 108, 4},
    {"inherited", 348, 4},
    {"inscriptionalpahlavi", 164, 4},
    {"inscriptionalparthian", 165, 4},
    {"ital", 166, 4},
    {"java", 349, 4},
    {"javanese", 349, 4},
    {"kaithi", 350, 4},
    {"kali", 351, 4},
    {"kana", 352, 4},
    {"kannada", 353, 4},
    {"katakana", 352, 4},
    {"kawi", 172, 4},
    {"kayahli", 351, 4},
    {"khar", 173, 4},
    {"kharoshthi", 173, 4},
    {"khitansmallscript", 174, 4},
    {"khmer", 175, 4},
    {"khmr", 175, 4},
    {"khoj", 354, 4},
    {"khojki", 354, 4},
    {"khudawadi", 355, 4},
    {"kiratrai", 178, 4},
    {"kits", 174, 4},
    {"knda", 353, 4},
    {"krai", 178, 4},
    {"kthi", 350, 4},
    {"lana", 179, 4},
    {"lao", 180, 4},
    {"laoo", 180, 4},
    {"latin", 356, 4},
    {"latn", 356, 4},
    {"lepc", 182, 4},
    {"lepcha", 182, 4},
    {"limb", 357, 4},
    {"limbu", 357, 4},
    {"lina", 358, 4},
    {"linb", 359, 4},
    {"lineara", 358, 4},
    {"linearb", 359, 4},
    {"lisu", 360, 4},
    {"lyci", 361, 4},
    {"lycian", 361, 4},
    {"lydi", 362, 4},
    {"lydian", 362, 4},
    {"mahajani", 363, 4},
    {"mahj", 363, 4},
    {"maka", 190, 4},
    {"makasar", 190, 4},
    {"malayalam", 364, 4},
    {"mand", 365, 4},
    {"mandaic", 365, 4},
    {"mani", 366, 4},
    {"manichaean", 366, 4},
    {"marc", 194, 4},
    {"marchen", 194, 4},
    {"masaramgondi", 334, 4},
    {"medefaidrin", 195, 4},
    {"medf", 195, 4},
    {"meeteimayek", 196, 4},
    {"mend", 197, 4},
    {"mendekikakui", 197, 4},
    {"merc", 198, 4},
    {"mero", 367, 4},
    {"meroiticcursive", 198, 4},
    {"meroitichieroglyphs", 367, 4},
    {"miao", 200, 4},
    {"mlym", 364, 4},
    {"modi", 368, 4},
    {"mong", 369, 4},
    {"mongolian", 369, 4},
    {"mro", 203, 4},
    {"mroo", 203, 4},
    {"mtei", 196, 4},
    {"mult", 370, 4},
    {"multani", 370, 4},
    {"myanmar", 371, 4},
    {"mymr", 371, 4},
    {"nabataean", 206, 4},
    {"nagm", 207, 4},
    {"nagmundari", 207, 4},
    {"nand", 372, 4},
    {"nandinagari", 372, 4},
    {"narb", 209, 4},
    {"nbat", 206, 4},
    {"newa", 210, 4},
    {"newtailue", 211, 4},
    {"nko", 373, 4},
    {"nkoo", 373, 4},
    {"nshu", 213, 4},
    {"nushu", 213, 4},
    {"nyiakengpuachuehmong", 161, 4},
    {"ogam", 214, 4},
    {"ogham", 214, 4},
    {"olchiki", 215, 4},
    {"olck", 215, 4},
    {"oldhungarian", 347, 4},
    {"olditalic", 166, 4},
    {"oldnortharabian", 209, 4},
    {"oldpermic", 374, 4},
    {"oldpersian", 217, 4},
    {"oldsogdian", 218, 4},
    {"oldsoutharabian", 219, 4},
    {"oldturkic", 375, 4},
    {"olduyghur", 376, 4},
    {"olonal", 377, 4},
    {"onao", 377, 4},
    {"oriya", 378, 4},
    {"orkh", 375, 4},
    {"orya", 378, 4},
    {"osage", 379, 4},
    {"osge", 379, 4},
    {"osma", 225, 4},
    {"osmanya", 225, 4},
    {"ougr", 376, 4},
    {"pahawhhmong", 160, 4},
    {"palm", 226, 4},
    {"palmyrene", 226, 4},
    {"pauc", 227, 4},
    {"paucinhau", 227, 4},
    {"perm", 374, 4},
    {"phag", 380, 4},
    {"phagspa", 380, 4},
    {"phli", 164, 4},
    {"phlp", 381, 4},
    {"phnx", 230, 4},
    {"phoenician", 230, 4},
    {"plrd", 200, 4},
    {"prti", 165, 4},
    {"psalterpahlavi", 381, 4},
    {"qaac", 321, 4},
    {"qaai", 348, 4},
    {"rejang", 231, 4},
    {"rjng", 231, 4},
    {"rohg", 343, 4},
    {"runic", 382, 4},
    {"runr", 382, 4},
    {"samaritan", 383, 4},
    {"samr", 383, 4},
    {"sarb", 219, 4},
    {"saur", 234, 4},
    {"saurashtra", 234, 4},
    {"sgnw", 235, 4},
    {"sharada", 384, 4},
    {"shavian", 385, 4},
    {"shaw", 385, 4},
    {"shrd", 384, 4},
    {"sidd", 238, 4},
    {"siddham", 238, 4},
    {"signwriting", 235, 4},
    {"sind", 355, 4},
    {"sinh", 386, 4},
    {"sinhala", 386, 4},
    {"sogd", 387, 4},
    {"sogdian", 387, 4},
    {"sogo", 218, 4},
    {"sora", 241, 4},
    {"sorasompeng", 241, 4},
    {"soyo", 242, 4},
    {"soyombo", 242, 4},
    {"sund", 243, 4},
    {"sundanese", 243, 4},
    {"sunu", 388, 4},
    {"sunuwar", 388, 4},
    {"sylo", 389, 4},
    {"sylotinagri", 389, 4},
    {"syrc", 390, 4},
    {"syriac", 390, 4},
    {"tagalog", 391, 4},
    {"tagb", 392, 4},
    {"tagbanwa", 392, 4},
    {"taile", 393, 4},
    {"taitham", 179, 4},
    {"taiviet", 250, 4},
    {"takr", 394, 4},
    {"takri", 394, 4},
    {"tale", 393, 4},
    {"talu", 211, 4},
    {"tamil", 395, 4},
    {"taml", 395, 4},
    {"tang", 396, 4},
    {"tangsa", 254, 4},
    {"tangut", 396, 4},
    {"tavt", 250, 4},
    {"telu", 397, 4},
    {"telugu", 397, 4},
    {"tfng", 398, 4},
    {"tglg", 391, 4},
    {"thaa", 399, 4},
    {"thaana", 399, 4},
    {"thai", 400, 4},
    {"tibetan", 401, 4},
    {"tibt", 401, 4},
    {"tifinagh", 398, 4},
    {"tirh", 402, 4},
    {"tirhuta", 402, 4},
    {"tnsa", 254, 4},
    {"todhri", 403, 4},
    {"todr", 403, 4},
    {"toto", 404, 4},
    {"tulutigalari", 405, 4},
    {"tutg", 405, 4},
    {"ugar", 264, 4},
    {"ugaritic", 264, 4},
    {"vai", 265, 4},
    {"vaii", 265, 4},
    {"vith", 266, 4},
    {"vithkuqi", 266, 4},
    {"wancho", 267, 4},
    {"wara", 268, 4},
    {"warangciti", 268, 4},
    {"wcho", 267, 4},
    {"xpeo", 217, 4},
    {"xsux", 131, 4},
    {"yezi", 406, 4},
    {"yezidi", 406, 4},
    {"yi", 407, 4},
    {"yiii", 407, 4},
    {"zanabazarsquare", 271, 4},
    {"zanb", 271, 4},
    {"zinh", 348, 4},
    {"zyyy", 320, 4},
    {"at", 408, 5},
    {"aterm", 408, 5},
    {"cl", 409, 5},
    {"close", 409, 5},
    {"ex", 410, 5},
    {"extend", 410, 5},
    {"fo", 411, 5},
    {"format", 411, 5},
    {"le", 412, 5},
    {"lo", 413, 5},
    {"lower", 413, 5},
    {"nu", 414, 5},
    {"numeric", 414, 5},
    {"oletter", 412, 5},
    {"sc", 415, 5},
    {"scontinue", 415, 5},
    {"se", 416, 5},
    {"sep", 416, 5},
    {"sp", 417, 5},
    {"st", 418, 5},
    {"sterm", 418, 5},
    {"up", 419, 5},
    {"upper", 419, 5},
    {"aletter", 420, 6},
    {"ex", 421, 6},
    {"extend", 422, 6},
    {"extendnumlet", 421, 6},
    {"fo", 423, 6},
    {"format", 423, 6},
    {"hebrewletter", 424, 6},
    {"hl", 424, 6},
    {"ka", 425, 6},
    {"katakana", 425, 6},
    {"le", 420, 6},
    {"mb", 426, 6},
    {"midletter", 427, 6},
    {"midnum", 428, 6},
    {"midnumlet", 426, 6},
    {"ml", 427, 6},
    {"mn", 428, 6},
    {"newline", 429, 6},
    {"nl", 429, 6},
    {"nu", 430, 6},
    {"numeric", 430, 6},
    {"regionalindicator", 56, 6},
    {"ri", 56, 6},
    {"wsegspace", 431, 6},
};
// clang-format on

std::string Normalize(std::string_view value) {
  bool starts_with_is = value.size() >= 2 && (value[0] == 'i' || value[0] == 'I') &&
                        (value[1] == 's' || value[1] == 'S');
  size_t start = starts_with_is ? 2 : 0;
  std::string result;
  result.reserve(value.size());
  for (size_t index = start; index < value.size(); ++index) {
    unsigned char character = static_cast<unsigned char>(value[index]);
    if (character == ' ' || character == '_' || character == '-' || character > 0x7F) {
      continue;
    }
    if ('A' <= character && character <= 'Z') {
      character += 'a' - 'A';
    }
    result.push_back(static_cast<char>(character));
  }
  if (starts_with_is && result == "c") {
    return "isc";
  }
  return result;
}

template <typename Entry>
const Entry* FindByName(const Entry* begin, const Entry* end, const std::string& name) {
  auto found = std::lower_bound(begin, end, name, [](const Entry& entry, const std::string& key) {
    return std::string_view(entry.name) < key;
  });
  return found != end && name == found->name ? found : nullptr;
}

bool ReturnClass(size_t class_id, const UnicodeRegexPropertyRange** ranges, size_t* range_count) {
  const auto& descriptor = kClasses[class_id];
  *ranges = kRanges + descriptor.offset;
  *range_count = descriptor.count;
  return true;
}

}  // namespace

bool LookupUnicodeRegexProperty(
    std::string_view query, const UnicodeRegexPropertyRange** ranges, size_t* range_count
) {
  size_t separator = query.find_first_of("=:");
  if (separator == std::string_view::npos) {
    std::string name = Normalize(query);
    const auto* found = FindByName(std::begin(kBareAliases), std::end(kBareAliases), name);
    return found != nullptr && ReturnClass(found->class_id, ranges, range_count);
  }

  std::string property_name = Normalize(query.substr(0, separator));
  const auto* property =
      FindByName(std::begin(kPropertyAliases), std::end(kPropertyAliases), property_name);
  if (property == nullptr) {
    return false;
  }
  std::string value_name = Normalize(query.substr(separator + 1));
  auto begin = std::lower_bound(
      std::begin(kValueAliases),
      std::end(kValueAliases),
      property->property_id,
      [](const ValueAlias& entry, uint8_t id) { return entry.property_id < id; }
  );
  auto end = std::upper_bound(
      begin,
      std::end(kValueAliases),
      property->property_id,
      [](uint8_t id, const ValueAlias& entry) { return id < entry.property_id; }
  );
  const auto* found = FindByName(begin, end, value_name);
  return found != nullptr && ReturnClass(found->class_id, ranges, range_count);
}

}  // namespace xgrammar
